n = 9
Winning player: Player 1
========================================

Path 1 (7 moves):
  (1, 1, 1, 1, 1, 1, 1, 1, 1)
  (1, 1, 1, 2, 0, 1, 1, 1, 1)
  (0, 2, 1, 2, 0, 1, 1, 1, 1)
  (0, 2, 1, 2, 0, 2, 0, 1, 1)
  (0, 0, 1, 4, 0, 2, 0, 1, 1)
  (0, 0, 0, 5, 0, 2, 0, 1, 1)
  (0, 0, 0, 0, 0, 2, 0, 1, 6)
  (0, 0, 0, 0, 0, 0, 0, 3, 6)

Path 2 (7 moves):
  (1, 1, 1, 1, 1, 1, 1, 1, 1)
  (1, 1, 1, 2, 0, 1, 1, 1, 1)
  (0, 2, 1, 2, 0, 1, 1, 1, 1)
  (0, 2, 1, 2, 0, 2, 0, 1, 1)
  (0, 0, 1, 4, 0, 2, 0, 1, 1)
  (0, 0, 0, 5, 0, 2, 0, 1, 1)
  (0, 0, 0, 0, 0, 2, 0, 1, 6)
  (0, 0, 0, 0, 0, 2, 0, 0, 7)

Path 3 (7 moves):
  (1, 1, 1, 1, 1, 1, 1, 1, 1)
  (1, 1, 1, 2, 0, 1, 1, 1, 1)
  (0, 2, 1, 2, 0, 1, 1, 1, 1)
  (0, 2, 1, 2, 0, 2, 0, 1, 1)
  (0, 0, 1, 4, 0, 2, 0, 1, 1)
  (0, 0, 0, 5, 0, 2, 0, 1, 1)
  (0, 0, 0, 7, 0, 0, 0, 1, 1)
  (0, 0, 0, 7, 0, 0, 0, 0, 2)

Path 4 (7 moves):
  (1, 1, 1, 1, 1, 1, 1, 1, 1)
  (1, 1, 1, 2, 0, 1, 1, 1, 1)
  (0, 2, 1, 2, 0, 1, 1, 1, 1)
  (0, 2, 1, 2, 0, 2, 0, 1, 1)
  (0, 0, 1, 4, 0, 2, 0, 1, 1)
  (0, 0, 0, 5, 0, 2, 0, 1, 1)
  (0, 0, 0, 7, 0, 0, 0, 1, 1)
  (0, 0, 0, 7, 0, 0, 0, 2, 0)

Path 5 (7 moves):
  (1, 1, 1, 1, 1, 1, 1, 1, 1)
  (1, 1, 1, 2, 0, 1, 1, 1, 1)
  (0, 2, 1, 2, 0, 1, 1, 1, 1)
  (0, 2, 1, 2, 0, 2, 0, 1, 1)
  (0, 0, 1, 4, 0, 2, 0, 1, 1)
  (0, 0, 0, 5, 0, 2, 0, 1, 1)
  (0, 0, 0, 5, 0, 0, 0, 3, 1)
  (0, 0, 0, 0, 0, 0, 0, 3, 6)

Path 6 (7 moves):
  (1, 1, 1, 1, 1, 1, 1, 1, 1)
  (1, 1, 1, 2, 0, 1, 1, 1, 1)
  (0, 2, 1, 2, 0, 1, 1, 1, 1)
  (0, 2, 1, 2, 0, 2, 0, 1, 1)
  (0, 0, 1, 4, 0, 2, 0, 1, 1)
  (0, 0, 0, 5, 0, 2, 0, 1, 1)
  (0, 0, 0, 5, 0, 2, 0, 0, 2)
  (0, 0, 0, 0, 0, 2, 0, 0, 7)

Path 7 (7 moves):
  (1, 1, 1, 1, 1, 1, 1, 1, 1)
  (1, 1, 1, 2, 0, 1, 1, 1, 1)
  (0, 2, 1, 2, 0, 1, 1, 1, 1)
  (0, 2, 1, 2, 0, 2, 0, 1, 1)
  (0, 0, 1, 4, 0, 2, 0, 1, 1)
  (0, 0, 0, 5, 0, 2, 0, 1, 1)
  (0, 0, 0, 5, 0, 2, 0, 0, 2)
  (0, 0, 0, 7, 0, 0, 0, 0, 2)

Path 8 (7 moves):
  (1, 1, 1, 1, 1, 1, 1, 1, 1)
  (1, 1, 1, 2, 0, 1, 1, 1, 1)
  (0, 2, 1, 2, 0, 1, 1, 1, 1)
  (0, 2, 1, 2, 0, 2, 0, 1, 1)
  (0, 0, 1, 4, 0, 2, 0, 1, 1)
  (0, 0, 0, 5, 0, 2, 0, 1, 1)
  (0, 0, 0, 5, 0, 2, 0, 2, 0)
  (0, 0, 0, 7, 0, 0, 0, 2, 0)

Path 9 (7 moves):
  (1, 1, 1, 1, 1, 1, 1, 1, 1)
  (1, 1, 1, 2, 0, 1, 1, 1, 1)
  (0, 2, 1, 2, 0, 1, 1, 1, 1)
  (0, 2, 1, 2, 0, 2, 0, 1, 1)
  (0, 0, 1, 4, 0, 2, 0, 1, 1)
  (0, 0, 0, 5, 0, 2, 0, 1, 1)
  (0, 0, 0, 5, 0, 2, 0, 2, 0)
  (0, 0, 0, 5, 0, 4, 0, 0, 0)

Path 10 (7 moves):
  (1, 1, 1, 1, 1, 1, 1, 1, 1)
  (1, 1, 1, 2, 0, 1, 1, 1, 1)
  (0, 2, 1, 2, 0, 1, 1, 1, 1)
  (0, 2, 1, 2, 0, 2, 0, 1, 1)
  (0, 0, 1, 4, 0, 2, 0, 1, 1)
  (0, 0, 1, 0, 0, 2, 0, 5, 1)
  (0, 0, 1, 0, 0, 0, 0, 7, 1)
  (0, 0, 1, 0, 0, 0, 0, 8, 0)

Path 11 (7 moves):
  (1, 1, 1, 1, 1, 1, 1, 1, 1)
  (1, 1, 1, 2, 0, 1, 1, 1, 1)
  (0, 2, 1, 2, 0, 1, 1, 1, 1)
  (0, 2, 1, 2, 0, 2, 0, 1, 1)
  (0, 0, 1, 4, 0, 2, 0, 1, 1)
  (0, 0, 1, 0, 0, 2, 0, 5, 1)
  (0, 0, 6, 0, 0, 2, 0, 0, 1)
  (0, 0, 0, 0, 0, 2, 0, 0, 7)

Path 12 (7 moves):
  (1, 1, 1, 1, 1, 1, 1, 1, 1)
  (1, 1, 1, 2, 0, 1, 1, 1, 1)
  (0, 2, 1, 2, 0, 1, 1, 1, 1)
  (0, 2, 1, 2, 0, 2, 0, 1, 1)
  (0, 0, 1, 4, 0, 2, 0, 1, 1)
  (0, 0, 1, 0, 0, 2, 0, 5, 1)
  (0, 0, 1, 0, 0, 2, 0, 6, 0)
  (0, 0, 1, 0, 0, 0, 0, 8, 0)

Path 13 (7 moves):
  (1, 1, 1, 1, 1, 1, 1, 1, 1)
  (1, 1, 1, 2, 0, 1, 1, 1, 1)
  (0, 2, 1, 2, 0, 1, 1, 1, 1)
  (0, 2, 1, 2, 0, 2, 0, 1, 1)
  (0, 0, 1, 4, 0, 2, 0, 1, 1)
  (0, 0, 1, 6, 0, 0, 0, 1, 1)
  (0, 0, 0, 7, 0, 0, 0, 1, 1)
  (0, 0, 0, 7, 0, 0, 0, 0, 2)

Path 14 (7 moves):
  (1, 1, 1, 1, 1, 1, 1, 1, 1)
  (1, 1, 1, 2, 0, 1, 1, 1, 1)
  (0, 2, 1, 2, 0, 1, 1, 1, 1)
  (0, 2, 1, 2, 0, 2, 0, 1, 1)
  (0, 0, 1, 4, 0, 2, 0, 1, 1)
  (0, 0, 1, 6, 0, 0, 0, 1, 1)
  (0, 0, 0, 7, 0, 0, 0, 1, 1)
  (0, 0, 0, 7, 0, 0, 0, 2, 0)

Path 15 (7 moves):
  (1, 1, 1, 1, 1, 1, 1, 1, 1)
  (1, 1, 1, 2, 0, 1, 1, 1, 1)
  (0, 2, 1, 2, 0, 1, 1, 1, 1)
  (0, 2, 1, 2, 0, 2, 0, 1, 1)
  (0, 0, 1, 4, 0, 2, 0, 1, 1)
  (0, 0, 1, 6, 0, 0, 0, 1, 1)
  (0, 0, 1, 6, 0, 0, 0, 0, 2)
  (0, 0, 0, 7, 0, 0, 0, 0, 2)

Path 16 (7 moves):
  (1, 1, 1, 1, 1, 1, 1, 1, 1)
  (1, 1, 1, 2, 0, 1, 1, 1, 1)
  (0, 2, 1, 2, 0, 1, 1, 1, 1)
  (0, 2, 1, 2, 0, 2, 0, 1, 1)
  (0, 0, 1, 4, 0, 2, 0, 1, 1)
  (0, 0, 1, 6, 0, 0, 0, 1, 1)
  (0, 0, 1, 6, 0, 0, 0, 2, 0)
  (0, 0, 0, 7, 0, 0, 0, 2, 0)

Path 17 (7 moves):
  (1, 1, 1, 1, 1, 1, 1, 1, 1)
  (1, 1, 1, 2, 0, 1, 1, 1, 1)
  (0, 2, 1, 2, 0, 1, 1, 1, 1)
  (0, 2, 1, 2, 0, 2, 0, 1, 1)
  (0, 0, 1, 4, 0, 2, 0, 1, 1)
  (0, 0, 1, 4, 0, 0, 0, 3, 1)
  (0, 0, 0, 5, 0, 0, 0, 3, 1)
  (0, 0, 0, 0, 0, 0, 0, 3, 6)

Path 18 (7 moves):
  (1, 1, 1, 1, 1, 1, 1, 1, 1)
  (1, 1, 1, 2, 0, 1, 1, 1, 1)
  (0, 2, 1, 2, 0, 1, 1, 1, 1)
  (0, 2, 1, 2, 0, 2, 0, 1, 1)
  (0, 0, 1, 4, 0, 2, 0, 1, 1)
  (0, 0, 1, 4, 0, 0, 0, 3, 1)
  (0, 0, 1, 0, 0, 0, 0, 7, 1)
  (0, 0, 1, 0, 0, 0, 0, 8, 0)

Path 19 (7 moves):
  (1, 1, 1, 1, 1, 1, 1, 1, 1)
  (1, 1, 1, 2, 0, 1, 1, 1, 1)
  (0, 2, 1, 2, 0, 1, 1, 1, 1)
  (0, 2, 1, 2, 0, 2, 0, 1, 1)
  (0, 0, 1, 4, 0, 2, 0, 1, 1)
  (0, 0, 1, 4, 0, 0, 0, 3, 1)
  (0, 0, 1, 4, 0, 0, 0, 4, 0)
  (0, 0, 1, 0, 0, 0, 0, 8, 0)

Path 20 (7 moves):
  (1, 1, 1, 1, 1, 1, 1, 1, 1)
  (1, 1, 1, 2, 0, 1, 1, 1, 1)
  (0, 2, 1, 2, 0, 1, 1, 1, 1)
  (0, 2, 1, 2, 0, 2, 0, 1, 1)
  (0, 0, 1, 4, 0, 2, 0, 1, 1)
  (0, 0, 1, 4, 0, 2, 0, 0, 2)
  (0, 0, 0, 5, 0, 2, 0, 0, 2)
  (0, 0, 0, 0, 0, 2, 0, 0, 7)

Path 21 (7 moves):
  (1, 1, 1, 1, 1, 1, 1, 1, 1)
  (1, 1, 1, 2, 0, 1, 1, 1, 1)
  (0, 2, 1, 2, 0, 1, 1, 1, 1)
  (0, 2, 1, 2, 0, 2, 0, 1, 1)
  (0, 0, 1, 4, 0, 2, 0, 1, 1)
  (0, 0, 1, 4, 0, 2, 0, 0, 2)
  (0, 0, 0, 5, 0, 2, 0, 0, 2)
  (0, 0, 0, 7, 0, 0, 0, 0, 2)

Path 22 (7 moves):
  (1, 1, 1, 1, 1, 1, 1, 1, 1)
  (1, 1, 1, 2, 0, 1, 1, 1, 1)
  (0, 2, 1, 2, 0, 1, 1, 1, 1)
  (0, 2, 1, 2, 0, 2, 0, 1, 1)
  (0, 0, 1, 4, 0, 2, 0, 1, 1)
  (0, 0, 1, 4, 0, 2, 0, 0, 2)
  (0, 0, 1, 6, 0, 0, 0, 0, 2)
  (0, 0, 0, 7, 0, 0, 0, 0, 2)

Path 23 (7 moves):
  (1, 1, 1, 1, 1, 1, 1, 1, 1)
  (1, 1, 1, 2, 0, 1, 1, 1, 1)
  (0, 2, 1, 2, 0, 1, 1, 1, 1)
  (0, 2, 1, 2, 0, 2, 0, 1, 1)
  (0, 0, 1, 4, 0, 2, 0, 1, 1)
  (0, 0, 1, 4, 0, 2, 0, 2, 0)
  (0, 0, 0, 5, 0, 2, 0, 2, 0)
  (0, 0, 0, 7, 0, 0, 0, 2, 0)

Path 24 (7 moves):
  (1, 1, 1, 1, 1, 1, 1, 1, 1)
  (1, 1, 1, 2, 0, 1, 1, 1, 1)
  (0, 2, 1, 2, 0, 1, 1, 1, 1)
  (0, 2, 1, 2, 0, 2, 0, 1, 1)
  (0, 0, 1, 4, 0, 2, 0, 1, 1)
  (0, 0, 1, 4, 0, 2, 0, 2, 0)
  (0, 0, 0, 5, 0, 2, 0, 2, 0)
  (0, 0, 0, 5, 0, 4, 0, 0, 0)

Path 25 (7 moves):
  (1, 1, 1, 1, 1, 1, 1, 1, 1)
  (1, 1, 1, 2, 0, 1, 1, 1, 1)
  (0, 2, 1, 2, 0, 1, 1, 1, 1)
  (0, 2, 1, 2, 0, 2, 0, 1, 1)
  (0, 0, 1, 4, 0, 2, 0, 1, 1)
  (0, 0, 1, 4, 0, 2, 0, 2, 0)
  (0, 0, 1, 0, 0, 2, 0, 6, 0)
  (0, 0, 1, 0, 0, 0, 0, 8, 0)

Path 26 (7 moves):
  (1, 1, 1, 1, 1, 1, 1, 1, 1)
  (1, 1, 1, 2, 0, 1, 1, 1, 1)
  (0, 2, 1, 2, 0, 1, 1, 1, 1)
  (0, 2, 1, 2, 0, 2, 0, 1, 1)
  (0, 0, 1, 4, 0, 2, 0, 1, 1)
  (0, 0, 1, 4, 0, 2, 0, 2, 0)
  (0, 0, 1, 6, 0, 0, 0, 2, 0)
  (0, 0, 0, 7, 0, 0, 0, 2, 0)

Path 27 (7 moves):
  (1, 1, 1, 1, 1, 1, 1, 1, 1)
  (1, 1, 1, 2, 0, 1, 1, 1, 1)
  (0, 2, 1, 2, 0, 1, 1, 1, 1)
  (0, 2, 1, 2, 0, 2, 0, 1, 1)
  (0, 0, 1, 4, 0, 2, 0, 1, 1)
  (0, 0, 1, 4, 0, 2, 0, 2, 0)
  (0, 0, 1, 4, 0, 0, 0, 4, 0)
  (0, 0, 1, 0, 0, 0, 0, 8, 0)

Path 28 (7 moves):
  (1, 1, 1, 1, 1, 1, 1, 1, 1)
  (1, 1, 1, 2, 0, 1, 1, 1, 1)
  (0, 2, 1, 2, 0, 1, 1, 1, 1)
  (0, 2, 1, 2, 0, 2, 0, 1, 1)
  (0, 0, 1, 4, 0, 2, 0, 1, 1)
  (0, 0, 1, 4, 0, 2, 0, 2, 0)
  (0, 0, 1, 4, 0, 4, 0, 0, 0)
  (0, 0, 0, 5, 0, 4, 0, 0, 0)

Path 29 (7 moves):
  (1, 1, 1, 1, 1, 1, 1, 1, 1)
  (1, 1, 1, 2, 0, 1, 1, 1, 1)
  (0, 2, 1, 2, 0, 1, 1, 1, 1)
  (0, 2, 1, 2, 0, 2, 0, 1, 1)
  (0, 3, 0, 2, 0, 2, 0, 1, 1)
  (0, 3, 0, 2, 0, 0, 0, 3, 1)
  (0, 5, 0, 0, 0, 0, 0, 3, 1)
  (0, 5, 0, 0, 0, 0, 0, 4, 0)

Path 30 (7 moves):
  (1, 1, 1, 1, 1, 1, 1, 1, 1)
  (1, 1, 1, 2, 0, 1, 1, 1, 1)
  (0, 2, 1, 2, 0, 1, 1, 1, 1)
  (0, 2, 1, 2, 0, 2, 0, 1, 1)
  (0, 3, 0, 2, 0, 2, 0, 1, 1)
  (0, 3, 0, 2, 0, 0, 0, 3, 1)
  (0, 3, 0, 2, 0, 0, 0, 4, 0)
  (0, 5, 0, 0, 0, 0, 0, 4, 0)

Path 31 (7 moves):
  (1, 1, 1, 1, 1, 1, 1, 1, 1)
  (1, 1, 1, 2, 0, 1, 1, 1, 1)
  (0, 2, 1, 2, 0, 1, 1, 1, 1)
  (0, 2, 1, 2, 0, 2, 0, 1, 1)
  (0, 3, 0, 2, 0, 2, 0, 1, 1)
  (0, 3, 0, 2, 0, 0, 0, 3, 1)
  (0, 3, 0, 2, 0, 0, 0, 4, 0)
  (0, 3, 0, 6, 0, 0, 0, 0, 0)

Path 32 (7 moves):
  (1, 1, 1, 1, 1, 1, 1, 1, 1)
  (1, 1, 1, 2, 0, 1, 1, 1, 1)
  (0, 2, 1, 2, 0, 1, 1, 1, 1)
  (0, 2, 1, 2, 0, 2, 0, 1, 1)
  (0, 2, 0, 3, 0, 2, 0, 1, 1)
  (0, 0, 0, 5, 0, 2, 0, 1, 1)
  (0, 0, 0, 0, 0, 2, 0, 1, 6)
  (0, 0, 0, 0, 0, 0, 0, 3, 6)

Path 33 (7 moves):
  (1, 1, 1, 1, 1, 1, 1, 1, 1)
  (1, 1, 1, 2, 0, 1, 1, 1, 1)
  (0, 2, 1, 2, 0, 1, 1, 1, 1)
  (0, 2, 1, 2, 0, 2, 0, 1, 1)
  (0, 2, 0, 3, 0, 2, 0, 1, 1)
  (0, 0, 0, 5, 0, 2, 0, 1, 1)
  (0, 0, 0, 0, 0, 2, 0, 1, 6)
  (0, 0, 0, 0, 0, 2, 0, 0, 7)

Path 34 (7 moves):
  (1, 1, 1, 1, 1, 1, 1, 1, 1)
  (1, 1, 1, 2, 0, 1, 1, 1, 1)
  (0, 2, 1, 2, 0, 1, 1, 1, 1)
  (0, 2, 1, 2, 0, 2, 0, 1, 1)
  (0, 2, 0, 3, 0, 2, 0, 1, 1)
  (0, 0, 0, 5, 0, 2, 0, 1, 1)
  (0, 0, 0, 7, 0, 0, 0, 1, 1)
  (0, 0, 0, 7, 0, 0, 0, 0, 2)

Path 35 (7 moves):
  (1, 1, 1, 1, 1, 1, 1, 1, 1)
  (1, 1, 1, 2, 0, 1, 1, 1, 1)
  (0, 2, 1, 2, 0, 1, 1, 1, 1)
  (0, 2, 1, 2, 0, 2, 0, 1, 1)
  (0, 2, 0, 3, 0, 2, 0, 1, 1)
  (0, 0, 0, 5, 0, 2, 0, 1, 1)
  (0, 0, 0, 7, 0, 0, 0, 1, 1)
  (0, 0, 0, 7, 0, 0, 0, 2, 0)

Path 36 (7 moves):
  (1, 1, 1, 1, 1, 1, 1, 1, 1)
  (1, 1, 1, 2, 0, 1, 1, 1, 1)
  (0, 2, 1, 2, 0, 1, 1, 1, 1)
  (0, 2, 1, 2, 0, 2, 0, 1, 1)
  (0, 2, 0, 3, 0, 2, 0, 1, 1)
  (0, 0, 0, 5, 0, 2, 0, 1, 1)
  (0, 0, 0, 5, 0, 0, 0, 3, 1)
  (0, 0, 0, 0, 0, 0, 0, 3, 6)

Path 37 (7 moves):
  (1, 1, 1, 1, 1, 1, 1, 1, 1)
  (1, 1, 1, 2, 0, 1, 1, 1, 1)
  (0, 2, 1, 2, 0, 1, 1, 1, 1)
  (0, 2, 1, 2, 0, 2, 0, 1, 1)
  (0, 2, 0, 3, 0, 2, 0, 1, 1)
  (0, 0, 0, 5, 0, 2, 0, 1, 1)
  (0, 0, 0, 5, 0, 2, 0, 0, 2)
  (0, 0, 0, 0, 0, 2, 0, 0, 7)

Path 38 (7 moves):
  (1, 1, 1, 1, 1, 1, 1, 1, 1)
  (1, 1, 1, 2, 0, 1, 1, 1, 1)
  (0, 2, 1, 2, 0, 1, 1, 1, 1)
  (0, 2, 1, 2, 0, 2, 0, 1, 1)
  (0, 2, 0, 3, 0, 2, 0, 1, 1)
  (0, 0, 0, 5, 0, 2, 0, 1, 1)
  (0, 0, 0, 5, 0, 2, 0, 0, 2)
  (0, 0, 0, 7, 0, 0, 0, 0, 2)

Path 39 (7 moves):
  (1, 1, 1, 1, 1, 1, 1, 1, 1)
  (1, 1, 1, 2, 0, 1, 1, 1, 1)
  (0, 2, 1, 2, 0, 1, 1, 1, 1)
  (0, 2, 1, 2, 0, 2, 0, 1, 1)
  (0, 2, 0, 3, 0, 2, 0, 1, 1)
  (0, 0, 0, 5, 0, 2, 0, 1, 1)
  (0, 0, 0, 5, 0, 2, 0, 2, 0)
  (0, 0, 0, 7, 0, 0, 0, 2, 0)

Path 40 (7 moves):
  (1, 1, 1, 1, 1, 1, 1, 1, 1)
  (1, 1, 1, 2, 0, 1, 1, 1, 1)
  (0, 2, 1, 2, 0, 1, 1, 1, 1)
  (0, 2, 1, 2, 0, 2, 0, 1, 1)
  (0, 2, 0, 3, 0, 2, 0, 1, 1)
  (0, 0, 0, 5, 0, 2, 0, 1, 1)
  (0, 0, 0, 5, 0, 2, 0, 2, 0)
  (0, 0, 0, 5, 0, 4, 0, 0, 0)

Path 41 (7 moves):
  (1, 1, 1, 1, 1, 1, 1, 1, 1)
  (1, 1, 1, 2, 0, 1, 1, 1, 1)
  (0, 2, 1, 2, 0, 1, 1, 1, 1)
  (0, 2, 1, 2, 0, 2, 0, 1, 1)
  (0, 2, 0, 3, 0, 2, 0, 1, 1)
  (0, 2, 0, 3, 0, 2, 0, 0, 2)
  (0, 0, 0, 5, 0, 2, 0, 0, 2)
  (0, 0, 0, 0, 0, 2, 0, 0, 7)

Path 42 (7 moves):
  (1, 1, 1, 1, 1, 1, 1, 1, 1)
  (1, 1, 1, 2, 0, 1, 1, 1, 1)
  (0, 2, 1, 2, 0, 1, 1, 1, 1)
  (0, 2, 1, 2, 0, 2, 0, 1, 1)
  (0, 2, 0, 3, 0, 2, 0, 1, 1)
  (0, 2, 0, 3, 0, 2, 0, 0, 2)
  (0, 0, 0, 5, 0, 2, 0, 0, 2)
  (0, 0, 0, 7, 0, 0, 0, 0, 2)

Path 43 (7 moves):
  (1, 1, 1, 1, 1, 1, 1, 1, 1)
  (1, 1, 1, 2, 0, 1, 1, 1, 1)
  (0, 2, 1, 2, 0, 1, 1, 1, 1)
  (0, 2, 1, 2, 0, 2, 0, 1, 1)
  (0, 2, 0, 3, 0, 2, 0, 1, 1)
  (0, 2, 0, 3, 0, 2, 0, 0, 2)
  (0, 2, 0, 5, 0, 0, 0, 0, 2)
  (0, 0, 0, 7, 0, 0, 0, 0, 2)

Path 44 (7 moves):
  (1, 1, 1, 1, 1, 1, 1, 1, 1)
  (1, 1, 1, 2, 0, 1, 1, 1, 1)
  (0, 2, 1, 2, 0, 1, 1, 1, 1)
  (0, 2, 1, 2, 0, 2, 0, 1, 1)
  (0, 4, 1, 0, 0, 2, 0, 1, 1)
  (0, 4, 1, 0, 0, 0, 0, 3, 1)
  (0, 5, 0, 0, 0, 0, 0, 3, 1)
  (0, 5, 0, 0, 0, 0, 0, 4, 0)

Path 45 (7 moves):
  (1, 1, 1, 1, 1, 1, 1, 1, 1)
  (1, 1, 1, 2, 0, 1, 1, 1, 1)
  (0, 2, 1, 2, 0, 1, 1, 1, 1)
  (0, 2, 1, 2, 0, 2, 0, 1, 1)
  (0, 4, 1, 0, 0, 2, 0, 1, 1)
  (0, 4, 1, 0, 0, 0, 0, 3, 1)
  (0, 4, 1, 0, 0, 0, 0, 4, 0)
  (0, 5, 0, 0, 0, 0, 0, 4, 0)

Path 46 (7 moves):
  (1, 1, 1, 1, 1, 1, 1, 1, 1)
  (1, 1, 1, 2, 0, 1, 1, 1, 1)
  (0, 2, 1, 2, 0, 1, 1, 1, 1)
  (0, 2, 1, 2, 0, 2, 0, 1, 1)
  (0, 4, 1, 0, 0, 2, 0, 1, 1)
  (0, 4, 1, 0, 0, 2, 0, 2, 0)
  (0, 0, 1, 0, 0, 6, 0, 2, 0)
  (0, 0, 1, 0, 0, 8, 0, 0, 0)

Path 47 (7 moves):
  (1, 1, 1, 1, 1, 1, 1, 1, 1)
  (1, 1, 1, 2, 0, 1, 1, 1, 1)
  (0, 2, 1, 2, 0, 1, 1, 1, 1)
  (0, 2, 1, 2, 0, 2, 0, 1, 1)
  (0, 4, 1, 0, 0, 2, 0, 1, 1)
  (0, 4, 1, 0, 0, 2, 0, 2, 0)
  (0, 5, 0, 0, 0, 2, 0, 2, 0)
  (0, 5, 0, 0, 0, 0, 0, 4, 0)

Path 48 (7 moves):
  (1, 1, 1, 1, 1, 1, 1, 1, 1)
  (1, 1, 1, 2, 0, 1, 1, 1, 1)
  (0, 2, 1, 2, 0, 1, 1, 1, 1)
  (0, 2, 1, 2, 0, 2, 0, 1, 1)
  (0, 4, 1, 0, 0, 2, 0, 1, 1)
  (0, 4, 1, 0, 0, 2, 0, 2, 0)
  (0, 4, 1, 0, 0, 0, 0, 4, 0)
  (0, 5, 0, 0, 0, 0, 0, 4, 0)

Path 49 (7 moves):
  (1, 1, 1, 1, 1, 1, 1, 1, 1)
  (1, 1, 1, 2, 0, 1, 1, 1, 1)
  (0, 2, 1, 2, 0, 1, 1, 1, 1)
  (0, 2, 1, 2, 0, 2, 0, 1, 1)
  (0, 4, 1, 0, 0, 2, 0, 1, 1)
  (0, 4, 1, 0, 0, 2, 0, 2, 0)
  (0, 4, 1, 0, 0, 4, 0, 0, 0)
  (0, 0, 1, 0, 0, 8, 0, 0, 0)

Path 50 (7 moves):
  (1, 1, 1, 1, 1, 1, 1, 1, 1)
  (1, 1, 1, 2, 0, 1, 1, 1, 1)
  (0, 2, 1, 2, 0, 1, 1, 1, 1)
  (0, 2, 1, 2, 0, 2, 0, 1, 1)
  (0, 2, 1, 0, 0, 4, 0, 1, 1)
  (0, 2, 1, 0, 0, 4, 0, 2, 0)
  (0, 3, 0, 0, 0, 4, 0, 2, 0)
  (0, 7, 0, 0, 0, 0, 0, 2, 0)

Path 51 (7 moves):
  (1, 1, 1, 1, 1, 1, 1, 1, 1)
  (1, 1, 1, 2, 0, 1, 1, 1, 1)
  (0, 2, 1, 2, 0, 1, 1, 1, 1)
  (0, 2, 1, 2, 0, 2, 0, 1, 1)
  (0, 2, 1, 0, 0, 4, 0, 1, 1)
  (0, 2, 1, 0, 0, 4, 0, 2, 0)
  (0, 3, 0, 0, 0, 4, 0, 2, 0)
  (0, 3, 0, 0, 0, 6, 0, 0, 0)

Path 52 (7 moves):
  (1, 1, 1, 1, 1, 1, 1, 1, 1)
  (1, 1, 1, 2, 0, 1, 1, 1, 1)
  (0, 2, 1, 2, 0, 1, 1, 1, 1)
  (0, 2, 1, 2, 0, 2, 0, 1, 1)
  (0, 2, 1, 0, 0, 4, 0, 1, 1)
  (0, 2, 1, 0, 0, 4, 0, 2, 0)
  (0, 6, 1, 0, 0, 0, 0, 2, 0)
  (0, 0, 1, 0, 0, 0, 0, 8, 0)

Path 53 (7 moves):
  (1, 1, 1, 1, 1, 1, 1, 1, 1)
  (1, 1, 1, 2, 0, 1, 1, 1, 1)
  (0, 2, 1, 2, 0, 1, 1, 1, 1)
  (0, 2, 1, 2, 0, 2, 0, 1, 1)
  (0, 2, 1, 0, 0, 4, 0, 1, 1)
  (0, 2, 1, 0, 0, 4, 0, 2, 0)
  (0, 6, 1, 0, 0, 0, 0, 2, 0)
  (0, 7, 0, 0, 0, 0, 0, 2, 0)

Path 54 (7 moves):
  (1, 1, 1, 1, 1, 1, 1, 1, 1)
  (1, 1, 1, 2, 0, 1, 1, 1, 1)
  (0, 2, 1, 2, 0, 1, 1, 1, 1)
  (0, 2, 1, 2, 0, 2, 0, 1, 1)
  (0, 2, 1, 0, 0, 4, 0, 1, 1)
  (0, 2, 1, 0, 0, 4, 0, 2, 0)
  (0, 2, 1, 0, 0, 6, 0, 0, 0)
  (0, 3, 0, 0, 0, 6, 0, 0, 0)

Path 55 (7 moves):
  (1, 1, 1, 1, 1, 1, 1, 1, 1)
  (1, 1, 1, 2, 0, 1, 1, 1, 1)
  (0, 2, 1, 2, 0, 1, 1, 1, 1)
  (0, 2, 1, 2, 0, 2, 0, 1, 1)
  (0, 2, 1, 4, 0, 0, 0, 1, 1)
  (0, 0, 1, 6, 0, 0, 0, 1, 1)
  (0, 0, 0, 7, 0, 0, 0, 1, 1)
  (0, 0, 0, 7, 0, 0, 0, 0, 2)

Path 56 (7 moves):
  (1, 1, 1, 1, 1, 1, 1, 1, 1)
  (1, 1, 1, 2, 0, 1, 1, 1, 1)
  (0, 2, 1, 2, 0, 1, 1, 1, 1)
  (0, 2, 1, 2, 0, 2, 0, 1, 1)
  (0, 2, 1, 4, 0, 0, 0, 1, 1)
  (0, 0, 1, 6, 0, 0, 0, 1, 1)
  (0, 0, 0, 7, 0, 0, 0, 1, 1)
  (0, 0, 0, 7, 0, 0, 0, 2, 0)

Path 57 (7 moves):
  (1, 1, 1, 1, 1, 1, 1, 1, 1)
  (1, 1, 1, 2, 0, 1, 1, 1, 1)
  (0, 2, 1, 2, 0, 1, 1, 1, 1)
  (0, 2, 1, 2, 0, 2, 0, 1, 1)
  (0, 2, 1, 4, 0, 0, 0, 1, 1)
  (0, 0, 1, 6, 0, 0, 0, 1, 1)
  (0, 0, 1, 6, 0, 0, 0, 0, 2)
  (0, 0, 0, 7, 0, 0, 0, 0, 2)

Path 58 (7 moves):
  (1, 1, 1, 1, 1, 1, 1, 1, 1)
  (1, 1, 1, 2, 0, 1, 1, 1, 1)
  (0, 2, 1, 2, 0, 1, 1, 1, 1)
  (0, 2, 1, 2, 0, 2, 0, 1, 1)
  (0, 2, 1, 4, 0, 0, 0, 1, 1)
  (0, 0, 1, 6, 0, 0, 0, 1, 1)
  (0, 0, 1, 6, 0, 0, 0, 2, 0)
  (0, 0, 0, 7, 0, 0, 0, 2, 0)

Path 59 (7 moves):
  (1, 1, 1, 1, 1, 1, 1, 1, 1)
  (1, 1, 1, 2, 0, 1, 1, 1, 1)
  (0, 2, 1, 2, 0, 1, 1, 1, 1)
  (0, 2, 1, 2, 0, 2, 0, 1, 1)
  (0, 2, 1, 2, 0, 0, 0, 3, 1)
  (0, 0, 1, 4, 0, 0, 0, 3, 1)
  (0, 0, 0, 5, 0, 0, 0, 3, 1)
  (0, 0, 0, 0, 0, 0, 0, 3, 6)

Path 60 (7 moves):
  (1, 1, 1, 1, 1, 1, 1, 1, 1)
  (1, 1, 1, 2, 0, 1, 1, 1, 1)
  (0, 2, 1, 2, 0, 1, 1, 1, 1)
  (0, 2, 1, 2, 0, 2, 0, 1, 1)
  (0, 2, 1, 2, 0, 0, 0, 3, 1)
  (0, 0, 1, 4, 0, 0, 0, 3, 1)
  (0, 0, 1, 0, 0, 0, 0, 7, 1)
  (0, 0, 1, 0, 0, 0, 0, 8, 0)

Path 61 (7 moves):
  (1, 1, 1, 1, 1, 1, 1, 1, 1)
  (1, 1, 1, 2, 0, 1, 1, 1, 1)
  (0, 2, 1, 2, 0, 1, 1, 1, 1)
  (0, 2, 1, 2, 0, 2, 0, 1, 1)
  (0, 2, 1, 2, 0, 0, 0, 3, 1)
  (0, 0, 1, 4, 0, 0, 0, 3, 1)
  (0, 0, 1, 4, 0, 0, 0, 4, 0)
  (0, 0, 1, 0, 0, 0, 0, 8, 0)

Path 62 (7 moves):
  (1, 1, 1, 1, 1, 1, 1, 1, 1)
  (1, 1, 1, 2, 0, 1, 1, 1, 1)
  (0, 2, 1, 2, 0, 1, 1, 1, 1)
  (0, 2, 1, 2, 0, 2, 0, 1, 1)
  (0, 2, 1, 2, 0, 0, 0, 3, 1)
  (0, 3, 0, 2, 0, 0, 0, 3, 1)
  (0, 5, 0, 0, 0, 0, 0, 3, 1)
  (0, 5, 0, 0, 0, 0, 0, 4, 0)

Path 63 (7 moves):
  (1, 1, 1, 1, 1, 1, 1, 1, 1)
  (1, 1, 1, 2, 0, 1, 1, 1, 1)
  (0, 2, 1, 2, 0, 1, 1, 1, 1)
  (0, 2, 1, 2, 0, 2, 0, 1, 1)
  (0, 2, 1, 2, 0, 0, 0, 3, 1)
  (0, 3, 0, 2, 0, 0, 0, 3, 1)
  (0, 3, 0, 2, 0, 0, 0, 4, 0)
  (0, 5, 0, 0, 0, 0, 0, 4, 0)

Path 64 (7 moves):
  (1, 1, 1, 1, 1, 1, 1, 1, 1)
  (1, 1, 1, 2, 0, 1, 1, 1, 1)
  (0, 2, 1, 2, 0, 1, 1, 1, 1)
  (0, 2, 1, 2, 0, 2, 0, 1, 1)
  (0, 2, 1, 2, 0, 0, 0, 3, 1)
  (0, 3, 0, 2, 0, 0, 0, 3, 1)
  (0, 3, 0, 2, 0, 0, 0, 4, 0)
  (0, 3, 0, 6, 0, 0, 0, 0, 0)

Path 65 (7 moves):
  (1, 1, 1, 1, 1, 1, 1, 1, 1)
  (1, 1, 1, 2, 0, 1, 1, 1, 1)
  (0, 2, 1, 2, 0, 1, 1, 1, 1)
  (0, 2, 1, 2, 0, 2, 0, 1, 1)
  (0, 2, 1, 2, 0, 0, 0, 3, 1)
  (0, 4, 1, 0, 0, 0, 0, 3, 1)
  (0, 5, 0, 0, 0, 0, 0, 3, 1)
  (0, 5, 0, 0, 0, 0, 0, 4, 0)

Path 66 (7 moves):
  (1, 1, 1, 1, 1, 1, 1, 1, 1)
  (1, 1, 1, 2, 0, 1, 1, 1, 1)
  (0, 2, 1, 2, 0, 1, 1, 1, 1)
  (0, 2, 1, 2, 0, 2, 0, 1, 1)
  (0, 2, 1, 2, 0, 0, 0, 3, 1)
  (0, 4, 1, 0, 0, 0, 0, 3, 1)
  (0, 4, 1, 0, 0, 0, 0, 4, 0)
  (0, 5, 0, 0, 0, 0, 0, 4, 0)

Path 67 (7 moves):
  (1, 1, 1, 1, 1, 1, 1, 1, 1)
  (1, 1, 1, 2, 0, 1, 1, 1, 1)
  (0, 2, 1, 2, 0, 1, 1, 1, 1)
  (0, 2, 1, 2, 0, 2, 0, 1, 1)
  (0, 2, 1, 2, 0, 2, 0, 0, 2)
  (0, 0, 1, 4, 0, 2, 0, 0, 2)
  (0, 0, 0, 5, 0, 2, 0, 0, 2)
  (0, 0, 0, 0, 0, 2, 0, 0, 7)

Path 68 (7 moves):
  (1, 1, 1, 1, 1, 1, 1, 1, 1)
  (1, 1, 1, 2, 0, 1, 1, 1, 1)
  (0, 2, 1, 2, 0, 1, 1, 1, 1)
  (0, 2, 1, 2, 0, 2, 0, 1, 1)
  (0, 2, 1, 2, 0, 2, 0, 0, 2)
  (0, 0, 1, 4, 0, 2, 0, 0, 2)
  (0, 0, 0, 5, 0, 2, 0, 0, 2)
  (0, 0, 0, 7, 0, 0, 0, 0, 2)

Path 69 (7 moves):
  (1, 1, 1, 1, 1, 1, 1, 1, 1)
  (1, 1, 1, 2, 0, 1, 1, 1, 1)
  (0, 2, 1, 2, 0, 1, 1, 1, 1)
  (0, 2, 1, 2, 0, 2, 0, 1, 1)
  (0, 2, 1, 2, 0, 2, 0, 0, 2)
  (0, 0, 1, 4, 0, 2, 0, 0, 2)
  (0, 0, 1, 6, 0, 0, 0, 0, 2)
  (0, 0, 0, 7, 0, 0, 0, 0, 2)

Path 70 (7 moves):
  (1, 1, 1, 1, 1, 1, 1, 1, 1)
  (1, 1, 1, 2, 0, 1, 1, 1, 1)
  (0, 2, 1, 2, 0, 1, 1, 1, 1)
  (0, 2, 1, 2, 0, 2, 0, 1, 1)
  (0, 2, 1, 2, 0, 2, 0, 0, 2)
  (0, 2, 0, 3, 0, 2, 0, 0, 2)
  (0, 0, 0, 5, 0, 2, 0, 0, 2)
  (0, 0, 0, 0, 0, 2, 0, 0, 7)

Path 71 (7 moves):
  (1, 1, 1, 1, 1, 1, 1, 1, 1)
  (1, 1, 1, 2, 0, 1, 1, 1, 1)
  (0, 2, 1, 2, 0, 1, 1, 1, 1)
  (0, 2, 1, 2, 0, 2, 0, 1, 1)
  (0, 2, 1, 2, 0, 2, 0, 0, 2)
  (0, 2, 0, 3, 0, 2, 0, 0, 2)
  (0, 0, 0, 5, 0, 2, 0, 0, 2)
  (0, 0, 0, 7, 0, 0, 0, 0, 2)

Path 72 (7 moves):
  (1, 1, 1, 1, 1, 1, 1, 1, 1)
  (1, 1, 1, 2, 0, 1, 1, 1, 1)
  (0, 2, 1, 2, 0, 1, 1, 1, 1)
  (0, 2, 1, 2, 0, 2, 0, 1, 1)
  (0, 2, 1, 2, 0, 2, 0, 0, 2)
  (0, 2, 0, 3, 0, 2, 0, 0, 2)
  (0, 2, 0, 5, 0, 0, 0, 0, 2)
  (0, 0, 0, 7, 0, 0, 0, 0, 2)

Path 73 (7 moves):
  (1, 1, 1, 1, 1, 1, 1, 1, 1)
  (1, 1, 1, 2, 0, 1, 1, 1, 1)
  (0, 2, 1, 2, 0, 1, 1, 1, 1)
  (0, 2, 1, 2, 0, 2, 0, 1, 1)
  (0, 2, 1, 2, 0, 2, 0, 2, 0)
  (0, 0, 1, 4, 0, 2, 0, 2, 0)
  (0, 0, 0, 5, 0, 2, 0, 2, 0)
  (0, 0, 0, 7, 0, 0, 0, 2, 0)

Path 74 (7 moves):
  (1, 1, 1, 1, 1, 1, 1, 1, 1)
  (1, 1, 1, 2, 0, 1, 1, 1, 1)
  (0, 2, 1, 2, 0, 1, 1, 1, 1)
  (0, 2, 1, 2, 0, 2, 0, 1, 1)
  (0, 2, 1, 2, 0, 2, 0, 2, 0)
  (0, 0, 1, 4, 0, 2, 0, 2, 0)
  (0, 0, 0, 5, 0, 2, 0, 2, 0)
  (0, 0, 0, 5, 0, 4, 0, 0, 0)

Path 75 (7 moves):
  (1, 1, 1, 1, 1, 1, 1, 1, 1)
  (1, 1, 1, 2, 0, 1, 1, 1, 1)
  (0, 2, 1, 2, 0, 1, 1, 1, 1)
  (0, 2, 1, 2, 0, 2, 0, 1, 1)
  (0, 2, 1, 2, 0, 2, 0, 2, 0)
  (0, 0, 1, 4, 0, 2, 0, 2, 0)
  (0, 0, 1, 0, 0, 2, 0, 6, 0)
  (0, 0, 1, 0, 0, 0, 0, 8, 0)

Path 76 (7 moves):
  (1, 1, 1, 1, 1, 1, 1, 1, 1)
  (1, 1, 1, 2, 0, 1, 1, 1, 1)
  (0, 2, 1, 2, 0, 1, 1, 1, 1)
  (0, 2, 1, 2, 0, 2, 0, 1, 1)
  (0, 2, 1, 2, 0, 2, 0, 2, 0)
  (0, 0, 1, 4, 0, 2, 0, 2, 0)
  (0, 0, 1, 6, 0, 0, 0, 2, 0)
  (0, 0, 0, 7, 0, 0, 0, 2, 0)

Path 77 (7 moves):
  (1, 1, 1, 1, 1, 1, 1, 1, 1)
  (1, 1, 1, 2, 0, 1, 1, 1, 1)
  (0, 2, 1, 2, 0, 1, 1, 1, 1)
  (0, 2, 1, 2, 0, 2, 0, 1, 1)
  (0, 2, 1, 2, 0, 2, 0, 2, 0)
  (0, 0, 1, 4, 0, 2, 0, 2, 0)
  (0, 0, 1, 4, 0, 0, 0, 4, 0)
  (0, 0, 1, 0, 0, 0, 0, 8, 0)

Path 78 (7 moves):
  (1, 1, 1, 1, 1, 1, 1, 1, 1)
  (1, 1, 1, 2, 0, 1, 1, 1, 1)
  (0, 2, 1, 2, 0, 1, 1, 1, 1)
  (0, 2, 1, 2, 0, 2, 0, 1, 1)
  (0, 2, 1, 2, 0, 2, 0, 2, 0)
  (0, 0, 1, 4, 0, 2, 0, 2, 0)
  (0, 0, 1, 4, 0, 4, 0, 0, 0)
  (0, 0, 0, 5, 0, 4, 0, 0, 0)

Path 79 (7 moves):
  (1, 1, 1, 1, 1, 1, 1, 1, 1)
  (1, 1, 1, 2, 0, 1, 1, 1, 1)
  (0, 2, 1, 2, 0, 1, 1, 1, 1)
  (0, 2, 1, 2, 0, 2, 0, 1, 1)
  (0, 2, 1, 2, 0, 2, 0, 2, 0)
  (0, 4, 1, 0, 0, 2, 0, 2, 0)
  (0, 0, 1, 0, 0, 6, 0, 2, 0)
  (0, 0, 1, 0, 0, 8, 0, 0, 0)

Path 80 (7 moves):
  (1, 1, 1, 1, 1, 1, 1, 1, 1)
  (1, 1, 1, 2, 0, 1, 1, 1, 1)
  (0, 2, 1, 2, 0, 1, 1, 1, 1)
  (0, 2, 1, 2, 0, 2, 0, 1, 1)
  (0, 2, 1, 2, 0, 2, 0, 2, 0)
  (0, 4, 1, 0, 0, 2, 0, 2, 0)
  (0, 5, 0, 0, 0, 2, 0, 2, 0)
  (0, 5, 0, 0, 0, 0, 0, 4, 0)

Path 81 (7 moves):
  (1, 1, 1, 1, 1, 1, 1, 1, 1)
  (1, 1, 1, 2, 0, 1, 1, 1, 1)
  (0, 2, 1, 2, 0, 1, 1, 1, 1)
  (0, 2, 1, 2, 0, 2, 0, 1, 1)
  (0, 2, 1, 2, 0, 2, 0, 2, 0)
  (0, 4, 1, 0, 0, 2, 0, 2, 0)
  (0, 4, 1, 0, 0, 0, 0, 4, 0)
  (0, 5, 0, 0, 0, 0, 0, 4, 0)

Path 82 (7 moves):
  (1, 1, 1, 1, 1, 1, 1, 1, 1)
  (1, 1, 1, 2, 0, 1, 1, 1, 1)
  (0, 2, 1, 2, 0, 1, 1, 1, 1)
  (0, 2, 1, 2, 0, 2, 0, 1, 1)
  (0, 2, 1, 2, 0, 2, 0, 2, 0)
  (0, 4, 1, 0, 0, 2, 0, 2, 0)
  (0, 4, 1, 0, 0, 4, 0, 0, 0)
  (0, 0, 1, 0, 0, 8, 0, 0, 0)

Path 83 (7 moves):
  (1, 1, 1, 1, 1, 1, 1, 1, 1)
  (1, 1, 1, 2, 0, 1, 1, 1, 1)
  (0, 2, 1, 2, 0, 1, 1, 1, 1)
  (0, 2, 1, 2, 0, 2, 0, 1, 1)
  (0, 2, 1, 2, 0, 2, 0, 2, 0)
  (0, 2, 1, 0, 0, 4, 0, 2, 0)
  (0, 3, 0, 0, 0, 4, 0, 2, 0)
  (0, 7, 0, 0, 0, 0, 0, 2, 0)

Path 84 (7 moves):
  (1, 1, 1, 1, 1, 1, 1, 1, 1)
  (1, 1, 1, 2, 0, 1, 1, 1, 1)
  (0, 2, 1, 2, 0, 1, 1, 1, 1)
  (0, 2, 1, 2, 0, 2, 0, 1, 1)
  (0, 2, 1, 2, 0, 2, 0, 2, 0)
  (0, 2, 1, 0, 0, 4, 0, 2, 0)
  (0, 3, 0, 0, 0, 4, 0, 2, 0)
  (0, 3, 0, 0, 0, 6, 0, 0, 0)

Path 85 (7 moves):
  (1, 1, 1, 1, 1, 1, 1, 1, 1)
  (1, 1, 1, 2, 0, 1, 1, 1, 1)
  (0, 2, 1, 2, 0, 1, 1, 1, 1)
  (0, 2, 1, 2, 0, 2, 0, 1, 1)
  (0, 2, 1, 2, 0, 2, 0, 2, 0)
  (0, 2, 1, 0, 0, 4, 0, 2, 0)
  (0, 6, 1, 0, 0, 0, 0, 2, 0)
  (0, 0, 1, 0, 0, 0, 0, 8, 0)

Path 86 (7 moves):
  (1, 1, 1, 1, 1, 1, 1, 1, 1)
  (1, 1, 1, 2, 0, 1, 1, 1, 1)
  (0, 2, 1, 2, 0, 1, 1, 1, 1)
  (0, 2, 1, 2, 0, 2, 0, 1, 1)
  (0, 2, 1, 2, 0, 2, 0, 2, 0)
  (0, 2, 1, 0, 0, 4, 0, 2, 0)
  (0, 6, 1, 0, 0, 0, 0, 2, 0)
  (0, 7, 0, 0, 0, 0, 0, 2, 0)

Path 87 (7 moves):
  (1, 1, 1, 1, 1, 1, 1, 1, 1)
  (1, 1, 1, 2, 0, 1, 1, 1, 1)
  (0, 2, 1, 2, 0, 1, 1, 1, 1)
  (0, 2, 1, 2, 0, 2, 0, 1, 1)
  (0, 2, 1, 2, 0, 2, 0, 2, 0)
  (0, 2, 1, 0, 0, 4, 0, 2, 0)
  (0, 2, 1, 0, 0, 6, 0, 0, 0)
  (0, 3, 0, 0, 0, 6, 0, 0, 0)

Path 88 (7 moves):
  (1, 1, 1, 1, 1, 1, 1, 1, 1)
  (1, 1, 1, 2, 0, 1, 1, 1, 1)
  (0, 2, 1, 2, 0, 1, 1, 1, 1)
  (0, 2, 1, 2, 0, 2, 0, 1, 1)
  (0, 2, 1, 2, 0, 2, 0, 2, 0)
  (0, 2, 1, 2, 0, 4, 0, 0, 0)
  (0, 0, 1, 4, 0, 4, 0, 0, 0)
  (0, 0, 0, 5, 0, 4, 0, 0, 0)

Path 89 (7 moves):
  (1, 1, 1, 1, 1, 1, 1, 1, 1)
  (1, 1, 1, 2, 0, 1, 1, 1, 1)
  (0, 2, 1, 2, 0, 1, 1, 1, 1)
  (0, 2, 1, 2, 0, 2, 0, 1, 1)
  (0, 2, 1, 2, 0, 2, 0, 2, 0)
  (0, 2, 1, 2, 0, 4, 0, 0, 0)
  (0, 3, 0, 2, 0, 4, 0, 0, 0)
  (0, 3, 0, 0, 0, 6, 0, 0, 0)

Path 90 (7 moves):
  (1, 1, 1, 1, 1, 1, 1, 1, 1)
  (1, 1, 1, 2, 0, 1, 1, 1, 1)
  (0, 2, 1, 2, 0, 1, 1, 1, 1)
  (0, 2, 1, 2, 0, 2, 0, 1, 1)
  (0, 2, 1, 2, 0, 2, 0, 2, 0)
  (0, 2, 1, 2, 0, 4, 0, 0, 0)
  (0, 2, 0, 3, 0, 4, 0, 0, 0)
  (0, 0, 0, 5, 0, 4, 0, 0, 0)

Path 91 (7 moves):
  (1, 1, 1, 1, 1, 1, 1, 1, 1)
  (1, 1, 1, 2, 0, 1, 1, 1, 1)
  (0, 2, 1, 2, 0, 1, 1, 1, 1)
  (0, 2, 1, 2, 0, 2, 0, 1, 1)
  (0, 2, 1, 2, 0, 2, 0, 2, 0)
  (0, 2, 1, 2, 0, 4, 0, 0, 0)
  (0, 2, 0, 3, 0, 4, 0, 0, 0)
  (0, 6, 0, 3, 0, 0, 0, 0, 0)

Path 92 (7 moves):
  (1, 1, 1, 1, 1, 1, 1, 1, 1)
  (1, 1, 1, 2, 0, 1, 1, 1, 1)
  (0, 2, 1, 2, 0, 1, 1, 1, 1)
  (0, 2, 1, 2, 0, 2, 0, 1, 1)
  (0, 2, 1, 2, 0, 2, 0, 2, 0)
  (0, 2, 1, 2, 0, 4, 0, 0, 0)
  (0, 4, 1, 0, 0, 4, 0, 0, 0)
  (0, 0, 1, 0, 0, 8, 0, 0, 0)

Path 93 (7 moves):
  (1, 1, 1, 1, 1, 1, 1, 1, 1)
  (1, 1, 1, 2, 0, 1, 1, 1, 1)
  (0, 2, 1, 2, 0, 1, 1, 1, 1)
  (0, 2, 1, 2, 0, 2, 0, 1, 1)
  (0, 2, 1, 2, 0, 2, 0, 2, 0)
  (0, 2, 1, 2, 0, 4, 0, 0, 0)
  (0, 2, 1, 0, 0, 6, 0, 0, 0)
  (0, 3, 0, 0, 0, 6, 0, 0, 0)

Path 94 (7 moves):
  (1, 1, 1, 1, 1, 1, 1, 1, 1)
  (1, 1, 1, 2, 0, 1, 1, 1, 1)
  (0, 2, 1, 2, 0, 1, 1, 1, 1)
  (0, 2, 1, 2, 0, 2, 0, 1, 1)
  (0, 2, 1, 2, 0, 2, 0, 2, 0)
  (0, 2, 1, 2, 0, 4, 0, 0, 0)
  (0, 6, 1, 2, 0, 0, 0, 0, 0)
  (0, 6, 0, 3, 0, 0, 0, 0, 0)

Path 95 (7 moves):
  (1, 1, 1, 1, 1, 1, 1, 1, 1)
  (1, 1, 1, 2, 0, 1, 1, 1, 1)
  (0, 2, 1, 2, 0, 1, 1, 1, 1)
  (0, 2, 1, 2, 0, 1, 2, 0, 1)
  (0, 0, 1, 4, 0, 1, 2, 0, 1)
  (0, 0, 0, 5, 0, 1, 2, 0, 1)
  (0, 0, 0, 0, 0, 1, 2, 0, 6)
  (0, 0, 0, 0, 0, 0, 3, 0, 6)

Path 96 (7 moves):
  (1, 1, 1, 1, 1, 1, 1, 1, 1)
  (1, 1, 1, 2, 0, 1, 1, 1, 1)
  (0, 2, 1, 2, 0, 1, 1, 1, 1)
  (0, 2, 1, 2, 0, 1, 2, 0, 1)
  (0, 0, 1, 4, 0, 1, 2, 0, 1)
  (0, 0, 0, 5, 0, 1, 2, 0, 1)
  (0, 0, 0, 0, 0, 1, 2, 0, 6)
  (0, 0, 0, 0, 0, 1, 0, 0, 8)

Path 97 (7 moves):
  (1, 1, 1, 1, 1, 1, 1, 1, 1)
  (1, 1, 1, 2, 0, 1, 1, 1, 1)
  (0, 2, 1, 2, 0, 1, 1, 1, 1)
  (0, 2, 1, 2, 0, 1, 2, 0, 1)
  (0, 0, 1, 4, 0, 1, 2, 0, 1)
  (0, 0, 0, 5, 0, 1, 2, 0, 1)
  (0, 0, 0, 5, 0, 0, 3, 0, 1)
  (0, 0, 0, 0, 0, 0, 3, 0, 6)

Path 98 (7 moves):
  (1, 1, 1, 1, 1, 1, 1, 1, 1)
  (1, 1, 1, 2, 0, 1, 1, 1, 1)
  (0, 2, 1, 2, 0, 1, 1, 1, 1)
  (0, 2, 1, 2, 0, 1, 2, 0, 1)
  (0, 0, 1, 4, 0, 1, 2, 0, 1)
  (0, 0, 0, 5, 0, 1, 2, 0, 1)
  (0, 0, 0, 5, 0, 0, 3, 0, 1)
  (0, 0, 0, 8, 0, 0, 0, 0, 1)

Path 99 (7 moves):
  (1, 1, 1, 1, 1, 1, 1, 1, 1)
  (1, 1, 1, 2, 0, 1, 1, 1, 1)
  (0, 2, 1, 2, 0, 1, 1, 1, 1)
  (0, 2, 1, 2, 0, 1, 2, 0, 1)
  (0, 0, 1, 4, 0, 1, 2, 0, 1)
  (0, 0, 0, 5, 0, 1, 2, 0, 1)
  (0, 0, 0, 5, 0, 1, 0, 0, 3)
  (0, 0, 0, 0, 0, 1, 0, 0, 8)

Path 100 (7 moves):
  (1, 1, 1, 1, 1, 1, 1, 1, 1)
  (1, 1, 1, 2, 0, 1, 1, 1, 1)
  (0, 2, 1, 2, 0, 1, 1, 1, 1)
  (0, 2, 1, 2, 0, 1, 2, 0, 1)
  (0, 0, 1, 4, 0, 1, 2, 0, 1)
  (0, 0, 0, 5, 0, 1, 2, 0, 1)
  (0, 0, 0, 5, 0, 1, 0, 0, 3)
  (0, 0, 0, 5, 0, 4, 0, 0, 0)

Path 101 (7 moves):
  (1, 1, 1, 1, 1, 1, 1, 1, 1)
  (1, 1, 1, 2, 0, 1, 1, 1, 1)
  (0, 2, 1, 2, 0, 1, 1, 1, 1)
  (0, 2, 1, 2, 0, 1, 2, 0, 1)
  (0, 0, 1, 4, 0, 1, 2, 0, 1)
  (0, 0, 1, 4, 0, 0, 3, 0, 1)
  (0, 0, 0, 5, 0, 0, 3, 0, 1)
  (0, 0, 0, 0, 0, 0, 3, 0, 6)

Path 102 (7 moves):
  (1, 1, 1, 1, 1, 1, 1, 1, 1)
  (1, 1, 1, 2, 0, 1, 1, 1, 1)
  (0, 2, 1, 2, 0, 1, 1, 1, 1)
  (0, 2, 1, 2, 0, 1, 2, 0, 1)
  (0, 0, 1, 4, 0, 1, 2, 0, 1)
  (0, 0, 1, 4, 0, 0, 3, 0, 1)
  (0, 0, 0, 5, 0, 0, 3, 0, 1)
  (0, 0, 0, 8, 0, 0, 0, 0, 1)

Path 103 (7 moves):
  (1, 1, 1, 1, 1, 1, 1, 1, 1)
  (1, 1, 1, 2, 0, 1, 1, 1, 1)
  (0, 2, 1, 2, 0, 1, 1, 1, 1)
  (0, 2, 1, 2, 0, 1, 2, 0, 1)
  (0, 0, 1, 4, 0, 1, 2, 0, 1)
  (0, 0, 1, 4, 0, 0, 3, 0, 1)
  (0, 0, 1, 7, 0, 0, 0, 0, 1)
  (0, 0, 0, 8, 0, 0, 0, 0, 1)

Path 104 (7 moves):
  (1, 1, 1, 1, 1, 1, 1, 1, 1)
  (1, 1, 1, 2, 0, 1, 1, 1, 1)
  (0, 2, 1, 2, 0, 1, 1, 1, 1)
  (0, 2, 1, 2, 0, 1, 2, 0, 1)
  (0, 0, 1, 4, 0, 1, 2, 0, 1)
  (0, 0, 1, 4, 0, 1, 0, 0, 3)
  (0, 0, 0, 5, 0, 1, 0, 0, 3)
  (0, 0, 0, 0, 0, 1, 0, 0, 8)

Path 105 (7 moves):
  (1, 1, 1, 1, 1, 1, 1, 1, 1)
  (1, 1, 1, 2, 0, 1, 1, 1, 1)
  (0, 2, 1, 2, 0, 1, 1, 1, 1)
  (0, 2, 1, 2, 0, 1, 2, 0, 1)
  (0, 0, 1, 4, 0, 1, 2, 0, 1)
  (0, 0, 1, 4, 0, 1, 0, 0, 3)
  (0, 0, 0, 5, 0, 1, 0, 0, 3)
  (0, 0, 0, 5, 0, 4, 0, 0, 0)

Path 106 (7 moves):
  (1, 1, 1, 1, 1, 1, 1, 1, 1)
  (1, 1, 1, 2, 0, 1, 1, 1, 1)
  (0, 2, 1, 2, 0, 1, 1, 1, 1)
  (0, 2, 1, 2, 0, 1, 2, 0, 1)
  (0, 0, 1, 4, 0, 1, 2, 0, 1)
  (0, 0, 1, 4, 0, 1, 0, 0, 3)
  (0, 0, 1, 4, 0, 4, 0, 0, 0)
  (0, 0, 0, 5, 0, 4, 0, 0, 0)

Path 107 (7 moves):
  (1, 1, 1, 1, 1, 1, 1, 1, 1)
  (1, 1, 1, 2, 0, 1, 1, 1, 1)
  (0, 2, 1, 2, 0, 1, 1, 1, 1)
  (0, 2, 1, 2, 0, 1, 2, 0, 1)
  (0, 3, 0, 2, 0, 1, 2, 0, 1)
  (0, 3, 0, 0, 0, 3, 2, 0, 1)
  (0, 3, 0, 0, 0, 0, 2, 0, 4)
  (0, 3, 0, 0, 0, 0, 0, 0, 6)

Path 108 (7 moves):
  (1, 1, 1, 1, 1, 1, 1, 1, 1)
  (1, 1, 1, 2, 0, 1, 1, 1, 1)
  (0, 2, 1, 2, 0, 1, 1, 1, 1)
  (0, 2, 1, 2, 0, 1, 2, 0, 1)
  (0, 3, 0, 2, 0, 1, 2, 0, 1)
  (0, 3, 0, 0, 0, 3, 2, 0, 1)
  (0, 3, 0, 0, 0, 3, 0, 0, 3)
  (0, 3, 0, 0, 0, 0, 0, 0, 6)

Path 109 (7 moves):
  (1, 1, 1, 1, 1, 1, 1, 1, 1)
  (1, 1, 1, 2, 0, 1, 1, 1, 1)
  (0, 2, 1, 2, 0, 1, 1, 1, 1)
  (0, 2, 1, 2, 0, 1, 2, 0, 1)
  (0, 3, 0, 2, 0, 1, 2, 0, 1)
  (0, 3, 0, 0, 0, 3, 2, 0, 1)
  (0, 3, 0, 0, 0, 3, 0, 0, 3)
  (0, 3, 0, 0, 0, 6, 0, 0, 0)

Path 110 (7 moves):
  (1, 1, 1, 1, 1, 1, 1, 1, 1)
  (1, 1, 1, 2, 0, 1, 1, 1, 1)
  (0, 2, 1, 2, 0, 1, 1, 1, 1)
  (0, 2, 1, 2, 0, 1, 2, 0, 1)
  (0, 3, 0, 2, 0, 1, 2, 0, 1)
  (0, 3, 0, 2, 0, 0, 3, 0, 1)
  (0, 5, 0, 0, 0, 0, 3, 0, 1)
  (0, 0, 0, 0, 0, 0, 8, 0, 1)

Path 111 (7 moves):
  (1, 1, 1, 1, 1, 1, 1, 1, 1)
  (1, 1, 1, 2, 0, 1, 1, 1, 1)
  (0, 2, 1, 2, 0, 1, 1, 1, 1)
  (0, 2, 1, 2, 0, 1, 2, 0, 1)
  (0, 3, 0, 2, 0, 1, 2, 0, 1)
  (0, 3, 0, 2, 0, 0, 3, 0, 1)
  (0, 3, 0, 5, 0, 0, 0, 0, 1)
  (0, 3, 0, 0, 0, 0, 0, 0, 6)

Path 112 (7 moves):
  (1, 1, 1, 1, 1, 1, 1, 1, 1)
  (1, 1, 1, 2, 0, 1, 1, 1, 1)
  (0, 2, 1, 2, 0, 1, 1, 1, 1)
  (0, 2, 1, 2, 0, 1, 2, 0, 1)
  (0, 2, 0, 3, 0, 1, 2, 0, 1)
  (0, 0, 0, 5, 0, 1, 2, 0, 1)
  (0, 0, 0, 0, 0, 1, 2, 0, 6)
  (0, 0, 0, 0, 0, 0, 3, 0, 6)

Path 113 (7 moves):
  (1, 1, 1, 1, 1, 1, 1, 1, 1)
  (1, 1, 1, 2, 0, 1, 1, 1, 1)
  (0, 2, 1, 2, 0, 1, 1, 1, 1)
  (0, 2, 1, 2, 0, 1, 2, 0, 1)
  (0, 2, 0, 3, 0, 1, 2, 0, 1)
  (0, 0, 0, 5, 0, 1, 2, 0, 1)
  (0, 0, 0, 0, 0, 1, 2, 0, 6)
  (0, 0, 0, 0, 0, 1, 0, 0, 8)

Path 114 (7 moves):
  (1, 1, 1, 1, 1, 1, 1, 1, 1)
  (1, 1, 1, 2, 0, 1, 1, 1, 1)
  (0, 2, 1, 2, 0, 1, 1, 1, 1)
  (0, 2, 1, 2, 0, 1, 2, 0, 1)
  (0, 2, 0, 3, 0, 1, 2, 0, 1)
  (0, 0, 0, 5, 0, 1, 2, 0, 1)
  (0, 0, 0, 5, 0, 0, 3, 0, 1)
  (0, 0, 0, 0, 0, 0, 3, 0, 6)

Path 115 (7 moves):
  (1, 1, 1, 1, 1, 1, 1, 1, 1)
  (1, 1, 1, 2, 0, 1, 1, 1, 1)
  (0, 2, 1, 2, 0, 1, 1, 1, 1)
  (0, 2, 1, 2, 0, 1, 2, 0, 1)
  (0, 2, 0, 3, 0, 1, 2, 0, 1)
  (0, 0, 0, 5, 0, 1, 2, 0, 1)
  (0, 0, 0, 5, 0, 0, 3, 0, 1)
  (0, 0, 0, 8, 0, 0, 0, 0, 1)

Path 116 (7 moves):
  (1, 1, 1, 1, 1, 1, 1, 1, 1)
  (1, 1, 1, 2, 0, 1, 1, 1, 1)
  (0, 2, 1, 2, 0, 1, 1, 1, 1)
  (0, 2, 1, 2, 0, 1, 2, 0, 1)
  (0, 2, 0, 3, 0, 1, 2, 0, 1)
  (0, 0, 0, 5, 0, 1, 2, 0, 1)
  (0, 0, 0, 5, 0, 1, 0, 0, 3)
  (0, 0, 0, 0, 0, 1, 0, 0, 8)

Path 117 (7 moves):
  (1, 1, 1, 1, 1, 1, 1, 1, 1)
  (1, 1, 1, 2, 0, 1, 1, 1, 1)
  (0, 2, 1, 2, 0, 1, 1, 1, 1)
  (0, 2, 1, 2, 0, 1, 2, 0, 1)
  (0, 2, 0, 3, 0, 1, 2, 0, 1)
  (0, 0, 0, 5, 0, 1, 2, 0, 1)
  (0, 0, 0, 5, 0, 1, 0, 0, 3)
  (0, 0, 0, 5, 0, 4, 0, 0, 0)

Path 118 (7 moves):
  (1, 1, 1, 1, 1, 1, 1, 1, 1)
  (1, 1, 1, 2, 0, 1, 1, 1, 1)
  (0, 2, 1, 2, 0, 1, 1, 1, 1)
  (0, 2, 1, 2, 0, 1, 2, 0, 1)
  (0, 2, 0, 3, 0, 1, 2, 0, 1)
  (0, 2, 0, 3, 0, 1, 0, 0, 3)
  (0, 0, 0, 5, 0, 1, 0, 0, 3)
  (0, 0, 0, 0, 0, 1, 0, 0, 8)

Path 119 (7 moves):
  (1, 1, 1, 1, 1, 1, 1, 1, 1)
  (1, 1, 1, 2, 0, 1, 1, 1, 1)
  (0, 2, 1, 2, 0, 1, 1, 1, 1)
  (0, 2, 1, 2, 0, 1, 2, 0, 1)
  (0, 2, 0, 3, 0, 1, 2, 0, 1)
  (0, 2, 0, 3, 0, 1, 0, 0, 3)
  (0, 0, 0, 5, 0, 1, 0, 0, 3)
  (0, 0, 0, 5, 0, 4, 0, 0, 0)

Path 120 (7 moves):
  (1, 1, 1, 1, 1, 1, 1, 1, 1)
  (1, 1, 1, 2, 0, 1, 1, 1, 1)
  (0, 2, 1, 2, 0, 1, 1, 1, 1)
  (0, 2, 1, 2, 0, 1, 2, 0, 1)
  (0, 2, 0, 3, 0, 1, 2, 0, 1)
  (0, 2, 0, 3, 0, 1, 0, 0, 3)
  (0, 2, 0, 3, 0, 4, 0, 0, 0)
  (0, 0, 0, 5, 0, 4, 0, 0, 0)

Path 121 (7 moves):
  (1, 1, 1, 1, 1, 1, 1, 1, 1)
  (1, 1, 1, 2, 0, 1, 1, 1, 1)
  (0, 2, 1, 2, 0, 1, 1, 1, 1)
  (0, 2, 1, 2, 0, 1, 2, 0, 1)
  (0, 2, 0, 3, 0, 1, 2, 0, 1)
  (0, 2, 0, 3, 0, 1, 0, 0, 3)
  (0, 2, 0, 3, 0, 4, 0, 0, 0)
  (0, 6, 0, 3, 0, 0, 0, 0, 0)

Path 122 (7 moves):
  (1, 1, 1, 1, 1, 1, 1, 1, 1)
  (1, 1, 1, 2, 0, 1, 1, 1, 1)
  (0, 2, 1, 2, 0, 1, 1, 1, 1)
  (0, 2, 1, 2, 0, 1, 2, 0, 1)
  (0, 4, 1, 0, 0, 1, 2, 0, 1)
  (0, 0, 1, 0, 0, 5, 2, 0, 1)
  (0, 0, 1, 0, 0, 5, 0, 0, 3)
  (0, 0, 1, 0, 0, 8, 0, 0, 0)

Path 123 (7 moves):
  (1, 1, 1, 1, 1, 1, 1, 1, 1)
  (1, 1, 1, 2, 0, 1, 1, 1, 1)
  (0, 2, 1, 2, 0, 1, 1, 1, 1)
  (0, 2, 1, 2, 0, 1, 2, 0, 1)
  (0, 4, 1, 0, 0, 1, 2, 0, 1)
  (0, 4, 1, 0, 0, 0, 3, 0, 1)
  (0, 5, 0, 0, 0, 0, 3, 0, 1)
  (0, 0, 0, 0, 0, 0, 8, 0, 1)

Path 124 (7 moves):
  (1, 1, 1, 1, 1, 1, 1, 1, 1)
  (1, 1, 1, 2, 0, 1, 1, 1, 1)
  (0, 2, 1, 2, 0, 1, 1, 1, 1)
  (0, 2, 1, 2, 0, 1, 2, 0, 1)
  (0, 2, 1, 0, 0, 3, 2, 0, 1)
  (0, 3, 0, 0, 0, 3, 2, 0, 1)
  (0, 3, 0, 0, 0, 0, 2, 0, 4)
  (0, 3, 0, 0, 0, 0, 0, 0, 6)

Path 125 (7 moves):
  (1, 1, 1, 1, 1, 1, 1, 1, 1)
  (1, 1, 1, 2, 0, 1, 1, 1, 1)
  (0, 2, 1, 2, 0, 1, 1, 1, 1)
  (0, 2, 1, 2, 0, 1, 2, 0, 1)
  (0, 2, 1, 0, 0, 3, 2, 0, 1)
  (0, 3, 0, 0, 0, 3, 2, 0, 1)
  (0, 3, 0, 0, 0, 3, 0, 0, 3)
  (0, 3, 0, 0, 0, 0, 0, 0, 6)

Path 126 (7 moves):
  (1, 1, 1, 1, 1, 1, 1, 1, 1)
  (1, 1, 1, 2, 0, 1, 1, 1, 1)
  (0, 2, 1, 2, 0, 1, 1, 1, 1)
  (0, 2, 1, 2, 0, 1, 2, 0, 1)
  (0, 2, 1, 0, 0, 3, 2, 0, 1)
  (0, 3, 0, 0, 0, 3, 2, 0, 1)
  (0, 3, 0, 0, 0, 3, 0, 0, 3)
  (0, 3, 0, 0, 0, 6, 0, 0, 0)

Path 127 (7 moves):
  (1, 1, 1, 1, 1, 1, 1, 1, 1)
  (1, 1, 1, 2, 0, 1, 1, 1, 1)
  (0, 2, 1, 2, 0, 1, 1, 1, 1)
  (0, 2, 1, 2, 0, 1, 2, 0, 1)
  (0, 2, 1, 0, 0, 3, 2, 0, 1)
  (0, 2, 1, 0, 0, 0, 2, 0, 4)
  (0, 3, 0, 0, 0, 0, 2, 0, 4)
  (0, 3, 0, 0, 0, 0, 0, 0, 6)

Path 128 (7 moves):
  (1, 1, 1, 1, 1, 1, 1, 1, 1)
  (1, 1, 1, 2, 0, 1, 1, 1, 1)
  (0, 2, 1, 2, 0, 1, 1, 1, 1)
  (0, 2, 1, 2, 0, 1, 2, 0, 1)
  (0, 2, 1, 0, 0, 3, 2, 0, 1)
  (0, 2, 1, 0, 0, 0, 2, 0, 4)
  (0, 2, 1, 0, 0, 0, 0, 0, 6)
  (0, 3, 0, 0, 0, 0, 0, 0, 6)

Path 129 (7 moves):
  (1, 1, 1, 1, 1, 1, 1, 1, 1)
  (1, 1, 1, 2, 0, 1, 1, 1, 1)
  (0, 2, 1, 2, 0, 1, 1, 1, 1)
  (0, 2, 1, 2, 0, 1, 2, 0, 1)
  (0, 2, 1, 0, 0, 3, 2, 0, 1)
  (0, 2, 1, 0, 0, 0, 2, 0, 4)
  (0, 2, 1, 0, 0, 0, 0, 0, 6)
  (0, 2, 7, 0, 0, 0, 0, 0, 0)

Path 130 (7 moves):
  (1, 1, 1, 1, 1, 1, 1, 1, 1)
  (1, 1, 1, 2, 0, 1, 1, 1, 1)
  (0, 2, 1, 2, 0, 1, 1, 1, 1)
  (0, 2, 1, 2, 0, 1, 2, 0, 1)
  (0, 2, 1, 2, 0, 0, 3, 0, 1)
  (0, 0, 1, 4, 0, 0, 3, 0, 1)
  (0, 0, 0, 5, 0, 0, 3, 0, 1)
  (0, 0, 0, 0, 0, 0, 3, 0, 6)

Path 131 (7 moves):
  (1, 1, 1, 1, 1, 1, 1, 1, 1)
  (1, 1, 1, 2, 0, 1, 1, 1, 1)
  (0, 2, 1, 2, 0, 1, 1, 1, 1)
  (0, 2, 1, 2, 0, 1, 2, 0, 1)
  (0, 2, 1, 2, 0, 0, 3, 0, 1)
  (0, 0, 1, 4, 0, 0, 3, 0, 1)
  (0, 0, 0, 5, 0, 0, 3, 0, 1)
  (0, 0, 0, 8, 0, 0, 0, 0, 1)

Path 132 (7 moves):
  (1, 1, 1, 1, 1, 1, 1, 1, 1)
  (1, 1, 1, 2, 0, 1, 1, 1, 1)
  (0, 2, 1, 2, 0, 1, 1, 1, 1)
  (0, 2, 1, 2, 0, 1, 2, 0, 1)
  (0, 2, 1, 2, 0, 0, 3, 0, 1)
  (0, 0, 1, 4, 0, 0, 3, 0, 1)
  (0, 0, 1, 7, 0, 0, 0, 0, 1)
  (0, 0, 0, 8, 0, 0, 0, 0, 1)

Path 133 (7 moves):
  (1, 1, 1, 1, 1, 1, 1, 1, 1)
  (1, 1, 1, 2, 0, 1, 1, 1, 1)
  (0, 2, 1, 2, 0, 1, 1, 1, 1)
  (0, 2, 1, 2, 0, 1, 2, 0, 1)
  (0, 2, 1, 2, 0, 0, 3, 0, 1)
  (0, 3, 0, 2, 0, 0, 3, 0, 1)
  (0, 5, 0, 0, 0, 0, 3, 0, 1)
  (0, 0, 0, 0, 0, 0, 8, 0, 1)

Path 134 (7 moves):
  (1, 1, 1, 1, 1, 1, 1, 1, 1)
  (1, 1, 1, 2, 0, 1, 1, 1, 1)
  (0, 2, 1, 2, 0, 1, 1, 1, 1)
  (0, 2, 1, 2, 0, 1, 2, 0, 1)
  (0, 2, 1, 2, 0, 0, 3, 0, 1)
  (0, 3, 0, 2, 0, 0, 3, 0, 1)
  (0, 3, 0, 5, 0, 0, 0, 0, 1)
  (0, 3, 0, 0, 0, 0, 0, 0, 6)

Path 135 (7 moves):
  (1, 1, 1, 1, 1, 1, 1, 1, 1)
  (1, 1, 1, 2, 0, 1, 1, 1, 1)
  (0, 2, 1, 2, 0, 1, 1, 1, 1)
  (0, 2, 1, 2, 0, 1, 2, 0, 1)
  (0, 2, 1, 2, 0, 0, 3, 0, 1)
  (0, 4, 1, 0, 0, 0, 3, 0, 1)
  (0, 5, 0, 0, 0, 0, 3, 0, 1)
  (0, 0, 0, 0, 0, 0, 8, 0, 1)

Path 136 (7 moves):
  (1, 1, 1, 1, 1, 1, 1, 1, 1)
  (1, 1, 1, 2, 0, 1, 1, 1, 1)
  (0, 2, 1, 2, 0, 1, 1, 1, 1)
  (0, 2, 1, 2, 0, 1, 2, 0, 1)
  (0, 2, 1, 2, 0, 0, 3, 0, 1)
  (0, 2, 1, 5, 0, 0, 0, 0, 1)
  (0, 0, 1, 7, 0, 0, 0, 0, 1)
  (0, 0, 0, 8, 0, 0, 0, 0, 1)

Path 137 (7 moves):
  (1, 1, 1, 1, 1, 1, 1, 1, 1)
  (1, 1, 1, 2, 0, 1, 1, 1, 1)
  (0, 2, 1, 2, 0, 1, 1, 1, 1)
  (0, 2, 1, 2, 0, 1, 2, 0, 1)
  (0, 2, 1, 2, 0, 0, 3, 0, 1)
  (0, 2, 1, 5, 0, 0, 0, 0, 1)
  (0, 3, 0, 5, 0, 0, 0, 0, 1)
  (0, 3, 0, 0, 0, 0, 0, 0, 6)

Path 138 (7 moves):
  (1, 1, 1, 1, 1, 1, 1, 1, 1)
  (1, 1, 1, 2, 0, 1, 1, 1, 1)
  (0, 2, 1, 2, 0, 1, 1, 1, 1)
  (0, 2, 1, 2, 0, 1, 2, 0, 1)
  (0, 2, 1, 2, 0, 0, 3, 0, 1)
  (0, 2, 1, 5, 0, 0, 0, 0, 1)
  (0, 2, 0, 6, 0, 0, 0, 0, 1)
  (0, 0, 0, 8, 0, 0, 0, 0, 1)

Path 139 (7 moves):
  (1, 1, 1, 1, 1, 1, 1, 1, 1)
  (1, 1, 1, 2, 0, 1, 1, 1, 1)
  (0, 2, 1, 2, 0, 1, 1, 1, 1)
  (0, 2, 1, 2, 0, 1, 2, 0, 1)
  (0, 2, 1, 2, 0, 0, 3, 0, 1)
  (0, 2, 1, 5, 0, 0, 0, 0, 1)
  (0, 2, 1, 0, 0, 0, 0, 0, 6)
  (0, 3, 0, 0, 0, 0, 0, 0, 6)

Path 140 (7 moves):
  (1, 1, 1, 1, 1, 1, 1, 1, 1)
  (1, 1, 1, 2, 0, 1, 1, 1, 1)
  (0, 2, 1, 2, 0, 1, 1, 1, 1)
  (0, 2, 1, 2, 0, 1, 2, 0, 1)
  (0, 2, 1, 2, 0, 0, 3, 0, 1)
  (0, 2, 1, 5, 0, 0, 0, 0, 1)
  (0, 2, 1, 0, 0, 0, 0, 0, 6)
  (0, 2, 7, 0, 0, 0, 0, 0, 0)

Path 141 (7 moves):
  (1, 1, 1, 1, 1, 1, 1, 1, 1)
  (1, 1, 1, 2, 0, 1, 1, 1, 1)
  (0, 2, 1, 2, 0, 1, 1, 1, 1)
  (0, 2, 1, 2, 0, 1, 2, 0, 1)
  (0, 2, 1, 2, 0, 1, 0, 0, 3)
  (0, 0, 1, 4, 0, 1, 0, 0, 3)
  (0, 0, 0, 5, 0, 1, 0, 0, 3)
  (0, 0, 0, 0, 0, 1, 0, 0, 8)

Path 142 (7 moves):
  (1, 1, 1, 1, 1, 1, 1, 1, 1)
  (1, 1, 1, 2, 0, 1, 1, 1, 1)
  (0, 2, 1, 2, 0, 1, 1, 1, 1)
  (0, 2, 1, 2, 0, 1, 2, 0, 1)
  (0, 2, 1, 2, 0, 1, 0, 0, 3)
  (0, 0, 1, 4, 0, 1, 0, 0, 3)
  (0, 0, 0, 5, 0, 1, 0, 0, 3)
  (0, 0, 0, 5, 0, 4, 0, 0, 0)

Path 143 (7 moves):
  (1, 1, 1, 1, 1, 1, 1, 1, 1)
  (1, 1, 1, 2, 0, 1, 1, 1, 1)
  (0, 2, 1, 2, 0, 1, 1, 1, 1)
  (0, 2, 1, 2, 0, 1, 2, 0, 1)
  (0, 2, 1, 2, 0, 1, 0, 0, 3)
  (0, 0, 1, 4, 0, 1, 0, 0, 3)
  (0, 0, 1, 4, 0, 4, 0, 0, 0)
  (0, 0, 0, 5, 0, 4, 0, 0, 0)

Path 144 (7 moves):
  (1, 1, 1, 1, 1, 1, 1, 1, 1)
  (1, 1, 1, 2, 0, 1, 1, 1, 1)
  (0, 2, 1, 2, 0, 1, 1, 1, 1)
  (0, 2, 1, 2, 0, 1, 2, 0, 1)
  (0, 2, 1, 2, 0, 1, 0, 0, 3)
  (0, 2, 0, 3, 0, 1, 0, 0, 3)
  (0, 0, 0, 5, 0, 1, 0, 0, 3)
  (0, 0, 0, 0, 0, 1, 0, 0, 8)

Path 145 (7 moves):
  (1, 1, 1, 1, 1, 1, 1, 1, 1)
  (1, 1, 1, 2, 0, 1, 1, 1, 1)
  (0, 2, 1, 2, 0, 1, 1, 1, 1)
  (0, 2, 1, 2, 0, 1, 2, 0, 1)
  (0, 2, 1, 2, 0, 1, 0, 0, 3)
  (0, 2, 0, 3, 0, 1, 0, 0, 3)
  (0, 0, 0, 5, 0, 1, 0, 0, 3)
  (0, 0, 0, 5, 0, 4, 0, 0, 0)

Path 146 (7 moves):
  (1, 1, 1, 1, 1, 1, 1, 1, 1)
  (1, 1, 1, 2, 0, 1, 1, 1, 1)
  (0, 2, 1, 2, 0, 1, 1, 1, 1)
  (0, 2, 1, 2, 0, 1, 2, 0, 1)
  (0, 2, 1, 2, 0, 1, 0, 0, 3)
  (0, 2, 0, 3, 0, 1, 0, 0, 3)
  (0, 2, 0, 3, 0, 4, 0, 0, 0)
  (0, 0, 0, 5, 0, 4, 0, 0, 0)

Path 147 (7 moves):
  (1, 1, 1, 1, 1, 1, 1, 1, 1)
  (1, 1, 1, 2, 0, 1, 1, 1, 1)
  (0, 2, 1, 2, 0, 1, 1, 1, 1)
  (0, 2, 1, 2, 0, 1, 2, 0, 1)
  (0, 2, 1, 2, 0, 1, 0, 0, 3)
  (0, 2, 0, 3, 0, 1, 0, 0, 3)
  (0, 2, 0, 3, 0, 4, 0, 0, 0)
  (0, 6, 0, 3, 0, 0, 0, 0, 0)

Path 148 (7 moves):
  (1, 1, 1, 1, 1, 1, 1, 1, 1)
  (1, 1, 1, 2, 0, 1, 1, 1, 1)
  (0, 2, 1, 2, 0, 1, 1, 1, 1)
  (0, 2, 1, 2, 0, 1, 2, 0, 1)
  (0, 2, 1, 2, 0, 1, 0, 0, 3)
  (0, 2, 1, 2, 0, 4, 0, 0, 0)
  (0, 0, 1, 4, 0, 4, 0, 0, 0)
  (0, 0, 0, 5, 0, 4, 0, 0, 0)

Path 149 (7 moves):
  (1, 1, 1, 1, 1, 1, 1, 1, 1)
  (1, 1, 1, 2, 0, 1, 1, 1, 1)
  (0, 2, 1, 2, 0, 1, 1, 1, 1)
  (0, 2, 1, 2, 0, 1, 2, 0, 1)
  (0, 2, 1, 2, 0, 1, 0, 0, 3)
  (0, 2, 1, 2, 0, 4, 0, 0, 0)
  (0, 3, 0, 2, 0, 4, 0, 0, 0)
  (0, 3, 0, 0, 0, 6, 0, 0, 0)

Path 150 (7 moves):
  (1, 1, 1, 1, 1, 1, 1, 1, 1)
  (1, 1, 1, 2, 0, 1, 1, 1, 1)
  (0, 2, 1, 2, 0, 1, 1, 1, 1)
  (0, 2, 1, 2, 0, 1, 2, 0, 1)
  (0, 2, 1, 2, 0, 1, 0, 0, 3)
  (0, 2, 1, 2, 0, 4, 0, 0, 0)
  (0, 2, 0, 3, 0, 4, 0, 0, 0)
  (0, 0, 0, 5, 0, 4, 0, 0, 0)

Path 151 (7 moves):
  (1, 1, 1, 1, 1, 1, 1, 1, 1)
  (1, 1, 1, 2, 0, 1, 1, 1, 1)
  (0, 2, 1, 2, 0, 1, 1, 1, 1)
  (0, 2, 1, 2, 0, 1, 2, 0, 1)
  (0, 2, 1, 2, 0, 1, 0, 0, 3)
  (0, 2, 1, 2, 0, 4, 0, 0, 0)
  (0, 2, 0, 3, 0, 4, 0, 0, 0)
  (0, 6, 0, 3, 0, 0, 0, 0, 0)

Path 152 (7 moves):
  (1, 1, 1, 1, 1, 1, 1, 1, 1)
  (1, 1, 1, 2, 0, 1, 1, 1, 1)
  (0, 2, 1, 2, 0, 1, 1, 1, 1)
  (0, 2, 1, 2, 0, 1, 2, 0, 1)
  (0, 2, 1, 2, 0, 1, 0, 0, 3)
  (0, 2, 1, 2, 0, 4, 0, 0, 0)
  (0, 4, 1, 0, 0, 4, 0, 0, 0)
  (0, 0, 1, 0, 0, 8, 0, 0, 0)

Path 153 (7 moves):
  (1, 1, 1, 1, 1, 1, 1, 1, 1)
  (1, 1, 1, 2, 0, 1, 1, 1, 1)
  (0, 2, 1, 2, 0, 1, 1, 1, 1)
  (0, 2, 1, 2, 0, 1, 2, 0, 1)
  (0, 2, 1, 2, 0, 1, 0, 0, 3)
  (0, 2, 1, 2, 0, 4, 0, 0, 0)
  (0, 2, 1, 0, 0, 6, 0, 0, 0)
  (0, 3, 0, 0, 0, 6, 0, 0, 0)

Path 154 (7 moves):
  (1, 1, 1, 1, 1, 1, 1, 1, 1)
  (1, 1, 1, 2, 0, 1, 1, 1, 1)
  (0, 2, 1, 2, 0, 1, 1, 1, 1)
  (0, 2, 1, 2, 0, 1, 2, 0, 1)
  (0, 2, 1, 2, 0, 1, 0, 0, 3)
  (0, 2, 1, 2, 0, 4, 0, 0, 0)
  (0, 6, 1, 2, 0, 0, 0, 0, 0)
  (0, 6, 0, 3, 0, 0, 0, 0, 0)

Path 155 (7 moves):
  (1, 1, 1, 1, 1, 1, 1, 1, 1)
  (1, 1, 1, 2, 0, 1, 1, 1, 1)
  (2, 0, 1, 2, 0, 1, 1, 1, 1)
  (2, 0, 1, 2, 0, 2, 0, 1, 1)
  (0, 0, 3, 2, 0, 2, 0, 1, 1)
  (0, 0, 3, 2, 0, 0, 0, 3, 1)
  (0, 0, 3, 2, 0, 0, 0, 4, 0)
  (0, 0, 3, 6, 0, 0, 0, 0, 0)

Path 156 (7 moves):
  (1, 1, 1, 1, 1, 1, 1, 1, 1)
  (1, 1, 1, 2, 0, 1, 1, 1, 1)
  (2, 0, 1, 2, 0, 1, 1, 1, 1)
  (2, 0, 1, 2, 0, 2, 0, 1, 1)
  (2, 0, 0, 3, 0, 2, 0, 1, 1)
  (5, 0, 0, 0, 0, 2, 0, 1, 1)
  (0, 0, 0, 0, 0, 7, 0, 1, 1)
  (0, 0, 0, 0, 0, 7, 0, 0, 2)

Path 157 (7 moves):
  (1, 1, 1, 1, 1, 1, 1, 1, 1)
  (1, 1, 1, 2, 0, 1, 1, 1, 1)
  (2, 0, 1, 2, 0, 1, 1, 1, 1)
  (2, 0, 1, 2, 0, 2, 0, 1, 1)
  (2, 0, 0, 3, 0, 2, 0, 1, 1)
  (5, 0, 0, 0, 0, 2, 0, 1, 1)
  (5, 0, 0, 0, 0, 0, 0, 3, 1)
  (5, 0, 0, 0, 0, 0, 0, 4, 0)

Path 158 (7 moves):
  (1, 1, 1, 1, 1, 1, 1, 1, 1)
  (1, 1, 1, 2, 0, 1, 1, 1, 1)
  (2, 0, 1, 2, 0, 1, 1, 1, 1)
  (2, 0, 1, 2, 0, 2, 0, 1, 1)
  (2, 0, 0, 3, 0, 2, 0, 1, 1)
  (5, 0, 0, 0, 0, 2, 0, 1, 1)
  (5, 0, 0, 0, 0, 2, 0, 0, 2)
  (0, 0, 0, 0, 0, 7, 0, 0, 2)

Path 159 (7 moves):
  (1, 1, 1, 1, 1, 1, 1, 1, 1)
  (1, 1, 1, 2, 0, 1, 1, 1, 1)
  (2, 0, 1, 2, 0, 1, 1, 1, 1)
  (2, 0, 1, 2, 0, 2, 0, 1, 1)
  (2, 0, 0, 3, 0, 2, 0, 1, 1)
  (5, 0, 0, 0, 0, 2, 0, 1, 1)
  (5, 0, 0, 0, 0, 2, 0, 2, 0)
  (5, 0, 0, 0, 0, 0, 0, 4, 0)

Path 160 (7 moves):
  (1, 1, 1, 1, 1, 1, 1, 1, 1)
  (1, 1, 1, 2, 0, 1, 1, 1, 1)
  (2, 0, 1, 2, 0, 1, 1, 1, 1)
  (2, 0, 1, 2, 0, 2, 0, 1, 1)
  (2, 0, 0, 3, 0, 2, 0, 1, 1)
  (2, 0, 0, 3, 0, 0, 0, 3, 1)
  (5, 0, 0, 0, 0, 0, 0, 3, 1)
  (5, 0, 0, 0, 0, 0, 0, 4, 0)

Path 161 (7 moves):
  (1, 1, 1, 1, 1, 1, 1, 1, 1)
  (1, 1, 1, 2, 0, 1, 1, 1, 1)
  (2, 0, 1, 2, 0, 1, 1, 1, 1)
  (2, 0, 1, 2, 0, 2, 0, 1, 1)
  (2, 0, 0, 3, 0, 2, 0, 1, 1)
  (2, 0, 0, 3, 0, 0, 0, 3, 1)
  (2, 0, 0, 3, 0, 0, 0, 4, 0)
  (5, 0, 0, 0, 0, 0, 0, 4, 0)

Path 162 (7 moves):
  (1, 1, 1, 1, 1, 1, 1, 1, 1)
  (1, 1, 1, 2, 0, 1, 1, 1, 1)
  (2, 0, 1, 2, 0, 1, 1, 1, 1)
  (2, 0, 1, 2, 0, 2, 0, 1, 1)
  (2, 0, 0, 3, 0, 2, 0, 1, 1)
  (2, 0, 0, 3, 0, 0, 0, 3, 1)
  (2, 0, 0, 3, 0, 0, 0, 4, 0)
  (2, 0, 0, 7, 0, 0, 0, 0, 0)

Path 163 (7 moves):
  (1, 1, 1, 1, 1, 1, 1, 1, 1)
  (1, 1, 1, 2, 0, 1, 1, 1, 1)
  (2, 0, 1, 2, 0, 1, 1, 1, 1)
  (2, 0, 1, 2, 0, 2, 0, 1, 1)
  (2, 0, 0, 3, 0, 2, 0, 1, 1)
  (2, 0, 0, 3, 0, 2, 0, 0, 2)
  (5, 0, 0, 0, 0, 2, 0, 0, 2)
  (0, 0, 0, 0, 0, 7, 0, 0, 2)

Path 164 (7 moves):
  (1, 1, 1, 1, 1, 1, 1, 1, 1)
  (1, 1, 1, 2, 0, 1, 1, 1, 1)
  (2, 0, 1, 2, 0, 1, 1, 1, 1)
  (2, 0, 1, 2, 0, 2, 0, 1, 1)
  (2, 0, 0, 3, 0, 2, 0, 1, 1)
  (2, 0, 0, 3, 0, 2, 0, 0, 2)
  (2, 0, 0, 5, 0, 0, 0, 0, 2)
  (2, 0, 0, 0, 0, 0, 0, 0, 7)

Path 165 (7 moves):
  (1, 1, 1, 1, 1, 1, 1, 1, 1)
  (1, 1, 1, 2, 0, 1, 1, 1, 1)
  (2, 0, 1, 2, 0, 1, 1, 1, 1)
  (2, 0, 1, 2, 0, 2, 0, 1, 1)
  (2, 0, 1, 0, 0, 4, 0, 1, 1)
  (2, 0, 1, 0, 0, 4, 0, 0, 2)
  (0, 0, 3, 0, 0, 4, 0, 0, 2)
  (0, 0, 0, 0, 0, 7, 0, 0, 2)

Path 166 (7 moves):
  (1, 1, 1, 1, 1, 1, 1, 1, 1)
  (1, 1, 1, 2, 0, 1, 1, 1, 1)
  (2, 0, 1, 2, 0, 1, 1, 1, 1)
  (2, 0, 1, 2, 0, 2, 0, 1, 1)
  (2, 0, 1, 4, 0, 0, 0, 1, 1)
  (2, 0, 1, 0, 0, 0, 0, 5, 1)
  (0, 0, 3, 0, 0, 0, 0, 5, 1)
  (0, 0, 8, 0, 0, 0, 0, 0, 1)

Path 167 (7 moves):
  (1, 1, 1, 1, 1, 1, 1, 1, 1)
  (1, 1, 1, 2, 0, 1, 1, 1, 1)
  (2, 0, 1, 2, 0, 1, 1, 1, 1)
  (2, 0, 1, 2, 0, 2, 0, 1, 1)
  (2, 0, 1, 4, 0, 0, 0, 1, 1)
  (2, 0, 1, 0, 0, 0, 0, 5, 1)
  (0, 0, 3, 0, 0, 0, 0, 5, 1)
  (0, 0, 3, 0, 0, 0, 0, 6, 0)

Path 168 (7 moves):
  (1, 1, 1, 1, 1, 1, 1, 1, 1)
  (1, 1, 1, 2, 0, 1, 1, 1, 1)
  (2, 0, 1, 2, 0, 1, 1, 1, 1)
  (2, 0, 1, 2, 0, 2, 0, 1, 1)
  (2, 0, 1, 4, 0, 0, 0, 1, 1)
  (2, 0, 1, 0, 0, 0, 0, 5, 1)
  (2, 0, 6, 0, 0, 0, 0, 0, 1)
  (0, 0, 8, 0, 0, 0, 0, 0, 1)

Path 169 (7 moves):
  (1, 1, 1, 1, 1, 1, 1, 1, 1)
  (1, 1, 1, 2, 0, 1, 1, 1, 1)
  (2, 0, 1, 2, 0, 1, 1, 1, 1)
  (2, 0, 1, 2, 0, 2, 0, 1, 1)
  (2, 0, 1, 4, 0, 0, 0, 1, 1)
  (2, 0, 1, 0, 0, 0, 0, 5, 1)
  (2, 0, 6, 0, 0, 0, 0, 0, 1)
  (2, 0, 0, 0, 0, 0, 0, 0, 7)

Path 170 (7 moves):
  (1, 1, 1, 1, 1, 1, 1, 1, 1)
  (1, 1, 1, 2, 0, 1, 1, 1, 1)
  (2, 0, 1, 2, 0, 1, 1, 1, 1)
  (2, 0, 1, 2, 0, 2, 0, 1, 1)
  (2, 0, 1, 4, 0, 0, 0, 1, 1)
  (2, 0, 1, 0, 0, 0, 0, 5, 1)
  (2, 0, 1, 0, 0, 0, 0, 6, 0)
  (0, 0, 3, 0, 0, 0, 0, 6, 0)

Path 171 (7 moves):
  (1, 1, 1, 1, 1, 1, 1, 1, 1)
  (1, 1, 1, 2, 0, 1, 1, 1, 1)
  (2, 0, 1, 2, 0, 1, 1, 1, 1)
  (2, 0, 1, 2, 0, 2, 0, 1, 1)
  (2, 0, 1, 2, 0, 0, 0, 3, 1)
  (0, 0, 3, 2, 0, 0, 0, 3, 1)
  (0, 0, 3, 2, 0, 0, 0, 4, 0)
  (0, 0, 3, 6, 0, 0, 0, 0, 0)

Path 172 (7 moves):
  (1, 1, 1, 1, 1, 1, 1, 1, 1)
  (1, 1, 1, 2, 0, 1, 1, 1, 1)
  (2, 0, 1, 2, 0, 1, 1, 1, 1)
  (2, 0, 1, 2, 0, 2, 0, 1, 1)
  (2, 0, 1, 2, 0, 0, 0, 3, 1)
  (2, 0, 0, 3, 0, 0, 0, 3, 1)
  (5, 0, 0, 0, 0, 0, 0, 3, 1)
  (5, 0, 0, 0, 0, 0, 0, 4, 0)

Path 173 (7 moves):
  (1, 1, 1, 1, 1, 1, 1, 1, 1)
  (1, 1, 1, 2, 0, 1, 1, 1, 1)
  (2, 0, 1, 2, 0, 1, 1, 1, 1)
  (2, 0, 1, 2, 0, 2, 0, 1, 1)
  (2, 0, 1, 2, 0, 0, 0, 3, 1)
  (2, 0, 0, 3, 0, 0, 0, 3, 1)
  (2, 0, 0, 3, 0, 0, 0, 4, 0)
  (5, 0, 0, 0, 0, 0, 0, 4, 0)

Path 174 (7 moves):
  (1, 1, 1, 1, 1, 1, 1, 1, 1)
  (1, 1, 1, 2, 0, 1, 1, 1, 1)
  (2, 0, 1, 2, 0, 1, 1, 1, 1)
  (2, 0, 1, 2, 0, 2, 0, 1, 1)
  (2, 0, 1, 2, 0, 0, 0, 3, 1)
  (2, 0, 0, 3, 0, 0, 0, 3, 1)
  (2, 0, 0, 3, 0, 0, 0, 4, 0)
  (2, 0, 0, 7, 0, 0, 0, 0, 0)

Path 175 (7 moves):
  (1, 1, 1, 1, 1, 1, 1, 1, 1)
  (1, 1, 1, 2, 0, 1, 1, 1, 1)
  (2, 0, 1, 2, 0, 1, 1, 1, 1)
  (2, 0, 1, 2, 0, 2, 0, 1, 1)
  (2, 0, 1, 2, 0, 0, 0, 3, 1)
  (2, 0, 1, 2, 0, 0, 0, 4, 0)
  (0, 0, 3, 2, 0, 0, 0, 4, 0)
  (0, 0, 3, 6, 0, 0, 0, 0, 0)

Path 176 (7 moves):
  (1, 1, 1, 1, 1, 1, 1, 1, 1)
  (1, 1, 1, 2, 0, 1, 1, 1, 1)
  (2, 0, 1, 2, 0, 1, 1, 1, 1)
  (2, 0, 1, 2, 0, 2, 0, 1, 1)
  (2, 0, 1, 2, 0, 0, 0, 3, 1)
  (2, 0, 1, 2, 0, 0, 0, 4, 0)
  (2, 0, 0, 3, 0, 0, 0, 4, 0)
  (5, 0, 0, 0, 0, 0, 0, 4, 0)

Path 177 (7 moves):
  (1, 1, 1, 1, 1, 1, 1, 1, 1)
  (1, 1, 1, 2, 0, 1, 1, 1, 1)
  (2, 0, 1, 2, 0, 1, 1, 1, 1)
  (2, 0, 1, 2, 0, 2, 0, 1, 1)
  (2, 0, 1, 2, 0, 0, 0, 3, 1)
  (2, 0, 1, 2, 0, 0, 0, 4, 0)
  (2, 0, 0, 3, 0, 0, 0, 4, 0)
  (2, 0, 0, 7, 0, 0, 0, 0, 0)

Path 178 (7 moves):
  (1, 1, 1, 1, 1, 1, 1, 1, 1)
  (1, 1, 1, 2, 0, 1, 1, 1, 1)
  (2, 0, 1, 2, 0, 1, 1, 1, 1)
  (2, 0, 1, 2, 0, 2, 0, 1, 1)
  (2, 0, 1, 2, 0, 0, 0, 3, 1)
  (2, 0, 1, 2, 0, 0, 0, 4, 0)
  (2, 0, 1, 6, 0, 0, 0, 0, 0)
  (0, 0, 3, 6, 0, 0, 0, 0, 0)

Path 179 (7 moves):
  (1, 1, 1, 1, 1, 1, 1, 1, 1)
  (1, 1, 1, 2, 0, 1, 1, 1, 1)
  (2, 0, 1, 2, 0, 1, 1, 1, 1)
  (2, 0, 1, 2, 0, 2, 0, 1, 1)
  (2, 0, 1, 2, 0, 0, 0, 3, 1)
  (2, 0, 1, 2, 0, 0, 0, 4, 0)
  (2, 0, 1, 6, 0, 0, 0, 0, 0)
  (2, 0, 0, 7, 0, 0, 0, 0, 0)

Path 180 (7 moves):
  (1, 1, 1, 1, 1, 1, 1, 1, 1)
  (1, 1, 1, 2, 0, 1, 1, 1, 1)
  (2, 0, 1, 2, 0, 1, 1, 1, 1)
  (2, 0, 1, 2, 0, 2, 0, 1, 1)
  (2, 0, 1, 2, 0, 2, 0, 0, 2)
  (2, 0, 0, 3, 0, 2, 0, 0, 2)
  (5, 0, 0, 0, 0, 2, 0, 0, 2)
  (0, 0, 0, 0, 0, 7, 0, 0, 2)

Path 181 (7 moves):
  (1, 1, 1, 1, 1, 1, 1, 1, 1)
  (1, 1, 1, 2, 0, 1, 1, 1, 1)
  (2, 0, 1, 2, 0, 1, 1, 1, 1)
  (2, 0, 1, 2, 0, 2, 0, 1, 1)
  (2, 0, 1, 2, 0, 2, 0, 0, 2)
  (2, 0, 0, 3, 0, 2, 0, 0, 2)
  (2, 0, 0, 5, 0, 0, 0, 0, 2)
  (2, 0, 0, 0, 0, 0, 0, 0, 7)

Path 182 (7 moves):
  (1, 1, 1, 1, 1, 1, 1, 1, 1)
  (1, 1, 1, 2, 0, 1, 1, 1, 1)
  (2, 0, 1, 2, 0, 1, 1, 1, 1)
  (2, 0, 1, 2, 0, 2, 0, 1, 1)
  (2, 0, 1, 2, 0, 2, 0, 0, 2)
  (2, 0, 1, 0, 0, 4, 0, 0, 2)
  (0, 0, 3, 0, 0, 4, 0, 0, 2)
  (0, 0, 0, 0, 0, 7, 0, 0, 2)

Path 183 (7 moves):
  (1, 1, 1, 1, 1, 1, 1, 1, 1)
  (1, 1, 1, 2, 0, 1, 1, 1, 1)
  (2, 0, 1, 2, 0, 1, 1, 1, 1)
  (2, 0, 1, 2, 0, 2, 0, 1, 1)
  (2, 0, 1, 2, 0, 2, 0, 2, 0)
  (2, 0, 1, 2, 0, 0, 0, 4, 0)
  (0, 0, 3, 2, 0, 0, 0, 4, 0)
  (0, 0, 3, 6, 0, 0, 0, 0, 0)

Path 184 (7 moves):
  (1, 1, 1, 1, 1, 1, 1, 1, 1)
  (1, 1, 1, 2, 0, 1, 1, 1, 1)
  (2, 0, 1, 2, 0, 1, 1, 1, 1)
  (2, 0, 1, 2, 0, 2, 0, 1, 1)
  (2, 0, 1, 2, 0, 2, 0, 2, 0)
  (2, 0, 1, 2, 0, 0, 0, 4, 0)
  (2, 0, 0, 3, 0, 0, 0, 4, 0)
  (5, 0, 0, 0, 0, 0, 0, 4, 0)

Path 185 (7 moves):
  (1, 1, 1, 1, 1, 1, 1, 1, 1)
  (1, 1, 1, 2, 0, 1, 1, 1, 1)
  (2, 0, 1, 2, 0, 1, 1, 1, 1)
  (2, 0, 1, 2, 0, 2, 0, 1, 1)
  (2, 0, 1, 2, 0, 2, 0, 2, 0)
  (2, 0, 1, 2, 0, 0, 0, 4, 0)
  (2, 0, 0, 3, 0, 0, 0, 4, 0)
  (2, 0, 0, 7, 0, 0, 0, 0, 0)

Path 186 (7 moves):
  (1, 1, 1, 1, 1, 1, 1, 1, 1)
  (1, 1, 1, 2, 0, 1, 1, 1, 1)
  (2, 0, 1, 2, 0, 1, 1, 1, 1)
  (2, 0, 1, 2, 0, 2, 0, 1, 1)
  (2, 0, 1, 2, 0, 2, 0, 2, 0)
  (2, 0, 1, 2, 0, 0, 0, 4, 0)
  (2, 0, 1, 6, 0, 0, 0, 0, 0)
  (0, 0, 3, 6, 0, 0, 0, 0, 0)

Path 187 (7 moves):
  (1, 1, 1, 1, 1, 1, 1, 1, 1)
  (1, 1, 1, 2, 0, 1, 1, 1, 1)
  (2, 0, 1, 2, 0, 1, 1, 1, 1)
  (2, 0, 1, 2, 0, 2, 0, 1, 1)
  (2, 0, 1, 2, 0, 2, 0, 2, 0)
  (2, 0, 1, 2, 0, 0, 0, 4, 0)
  (2, 0, 1, 6, 0, 0, 0, 0, 0)
  (2, 0, 0, 7, 0, 0, 0, 0, 0)

Path 188 (7 moves):
  (1, 1, 1, 1, 1, 1, 1, 1, 1)
  (1, 1, 1, 2, 0, 1, 1, 1, 1)
  (2, 0, 1, 2, 0, 1, 1, 1, 1)
  (2, 0, 1, 2, 0, 1, 0, 2, 1)
  (0, 0, 3, 2, 0, 1, 0, 2, 1)
  (0, 0, 0, 2, 0, 4, 0, 2, 1)
  (0, 0, 0, 0, 0, 6, 0, 2, 1)
  (0, 0, 0, 0, 0, 8, 0, 0, 1)

Path 189 (7 moves):
  (1, 1, 1, 1, 1, 1, 1, 1, 1)
  (1, 1, 1, 2, 0, 1, 1, 1, 1)
  (2, 0, 1, 2, 0, 1, 1, 1, 1)
  (2, 0, 1, 2, 0, 1, 0, 2, 1)
  (0, 0, 3, 2, 0, 1, 0, 2, 1)
  (0, 0, 0, 2, 0, 4, 0, 2, 1)
  (0, 0, 0, 0, 0, 6, 0, 2, 1)
  (0, 0, 0, 0, 0, 6, 0, 3, 0)

Path 190 (7 moves):
  (1, 1, 1, 1, 1, 1, 1, 1, 1)
  (1, 1, 1, 2, 0, 1, 1, 1, 1)
  (2, 0, 1, 2, 0, 1, 1, 1, 1)
  (2, 0, 1, 2, 0, 1, 0, 2, 1)
  (0, 0, 3, 2, 0, 1, 0, 2, 1)
  (0, 0, 0, 2, 0, 4, 0, 2, 1)
  (0, 0, 0, 2, 0, 6, 0, 0, 1)
  (0, 0, 0, 0, 0, 8, 0, 0, 1)

Path 191 (7 moves):
  (1, 1, 1, 1, 1, 1, 1, 1, 1)
  (1, 1, 1, 2, 0, 1, 1, 1, 1)
  (2, 0, 1, 2, 0, 1, 1, 1, 1)
  (2, 0, 1, 2, 0, 1, 0, 2, 1)
  (0, 0, 3, 2, 0, 1, 0, 2, 1)
  (0, 0, 0, 2, 0, 4, 0, 2, 1)
  (0, 0, 0, 2, 0, 4, 0, 3, 0)
  (0, 0, 0, 0, 0, 6, 0, 3, 0)

Path 192 (7 moves):
  (1, 1, 1, 1, 1, 1, 1, 1, 1)
  (1, 1, 1, 2, 0, 1, 1, 1, 1)
  (2, 0, 1, 2, 0, 1, 1, 1, 1)
  (2, 0, 1, 2, 0, 1, 0, 2, 1)
  (0, 0, 3, 2, 0, 1, 0, 2, 1)
  (0, 0, 3, 2, 0, 1, 0, 3, 0)
  (0, 0, 0, 2, 0, 4, 0, 3, 0)
  (0, 0, 0, 0, 0, 6, 0, 3, 0)

Path 193 (7 moves):
  (1, 1, 1, 1, 1, 1, 1, 1, 1)
  (1, 1, 1, 2, 0, 1, 1, 1, 1)
  (2, 0, 1, 2, 0, 1, 1, 1, 1)
  (2, 0, 1, 2, 0, 1, 0, 2, 1)
  (0, 0, 3, 2, 0, 1, 0, 2, 1)
  (0, 0, 3, 2, 0, 1, 0, 3, 0)
  (0, 0, 3, 0, 0, 3, 0, 3, 0)
  (0, 0, 0, 0, 0, 6, 0, 3, 0)

Path 194 (7 moves):
  (1, 1, 1, 1, 1, 1, 1, 1, 1)
  (1, 1, 1, 2, 0, 1, 1, 1, 1)
  (2, 0, 1, 2, 0, 1, 1, 1, 1)
  (2, 0, 1, 2, 0, 1, 0, 2, 1)
  (0, 0, 3, 2, 0, 1, 0, 2, 1)
  (0, 0, 3, 2, 0, 1, 0, 3, 0)
  (0, 0, 3, 0, 0, 3, 0, 3, 0)
  (0, 0, 6, 0, 0, 0, 0, 3, 0)

Path 195 (7 moves):
  (1, 1, 1, 1, 1, 1, 1, 1, 1)
  (1, 1, 1, 2, 0, 1, 1, 1, 1)
  (2, 0, 1, 2, 0, 1, 1, 1, 1)
  (2, 0, 1, 2, 0, 1, 0, 2, 1)
  (2, 0, 0, 3, 0, 1, 0, 2, 1)
  (5, 0, 0, 0, 0, 1, 0, 2, 1)
  (0, 0, 0, 0, 0, 6, 0, 2, 1)
  (0, 0, 0, 0, 0, 8, 0, 0, 1)

Path 196 (7 moves):
  (1, 1, 1, 1, 1, 1, 1, 1, 1)
  (1, 1, 1, 2, 0, 1, 1, 1, 1)
  (2, 0, 1, 2, 0, 1, 1, 1, 1)
  (2, 0, 1, 2, 0, 1, 0, 2, 1)
  (2, 0, 0, 3, 0, 1, 0, 2, 1)
  (5, 0, 0, 0, 0, 1, 0, 2, 1)
  (0, 0, 0, 0, 0, 6, 0, 2, 1)
  (0, 0, 0, 0, 0, 6, 0, 3, 0)

Path 197 (7 moves):
  (1, 1, 1, 1, 1, 1, 1, 1, 1)
  (1, 1, 1, 2, 0, 1, 1, 1, 1)
  (2, 0, 1, 2, 0, 1, 1, 1, 1)
  (2, 0, 1, 2, 0, 1, 0, 2, 1)
  (2, 0, 0, 3, 0, 1, 0, 2, 1)
  (5, 0, 0, 0, 0, 1, 0, 2, 1)
  (5, 0, 0, 0, 0, 3, 0, 0, 1)
  (0, 0, 0, 0, 0, 8, 0, 0, 1)

Path 198 (7 moves):
  (1, 1, 1, 1, 1, 1, 1, 1, 1)
  (1, 1, 1, 2, 0, 1, 1, 1, 1)
  (2, 0, 1, 2, 0, 1, 1, 1, 1)
  (2, 0, 1, 2, 0, 1, 0, 2, 1)
  (2, 0, 0, 3, 0, 1, 0, 2, 1)
  (5, 0, 0, 0, 0, 1, 0, 2, 1)
  (5, 0, 0, 0, 0, 3, 0, 0, 1)
  (5, 0, 0, 0, 0, 0, 0, 0, 4)

Path 199 (7 moves):
  (1, 1, 1, 1, 1, 1, 1, 1, 1)
  (1, 1, 1, 2, 0, 1, 1, 1, 1)
  (2, 0, 1, 2, 0, 1, 1, 1, 1)
  (2, 0, 1, 2, 0, 1, 0, 2, 1)
  (2, 0, 0, 3, 0, 1, 0, 2, 1)
  (5, 0, 0, 0, 0, 1, 0, 2, 1)
  (5, 0, 0, 0, 0, 1, 0, 3, 0)
  (0, 0, 0, 0, 0, 6, 0, 3, 0)

Path 200 (7 moves):
  (1, 1, 1, 1, 1, 1, 1, 1, 1)
  (1, 1, 1, 2, 0, 1, 1, 1, 1)
  (2, 0, 1, 2, 0, 1, 1, 1, 1)
  (2, 0, 1, 2, 0, 1, 0, 2, 1)
  (2, 0, 0, 3, 0, 1, 0, 2, 1)
  (2, 0, 0, 3, 0, 3, 0, 0, 1)
  (5, 0, 0, 0, 0, 3, 0, 0, 1)
  (0, 0, 0, 0, 0, 8, 0, 0, 1)

Path 201 (7 moves):
  (1, 1, 1, 1, 1, 1, 1, 1, 1)
  (1, 1, 1, 2, 0, 1, 1, 1, 1)
  (2, 0, 1, 2, 0, 1, 1, 1, 1)
  (2, 0, 1, 2, 0, 1, 0, 2, 1)
  (2, 0, 0, 3, 0, 1, 0, 2, 1)
  (2, 0, 0, 3, 0, 3, 0, 0, 1)
  (5, 0, 0, 0, 0, 3, 0, 0, 1)
  (5, 0, 0, 0, 0, 0, 0, 0, 4)

Path 202 (7 moves):
  (1, 1, 1, 1, 1, 1, 1, 1, 1)
  (1, 1, 1, 2, 0, 1, 1, 1, 1)
  (2, 0, 1, 2, 0, 1, 1, 1, 1)
  (2, 0, 1, 2, 0, 1, 0, 2, 1)
  (2, 0, 0, 3, 0, 1, 0, 2, 1)
  (2, 0, 0, 3, 0, 3, 0, 0, 1)
  (2, 0, 0, 3, 0, 0, 0, 0, 4)
  (5, 0, 0, 0, 0, 0, 0, 0, 4)

Path 203 (7 moves):
  (1, 1, 1, 1, 1, 1, 1, 1, 1)
  (1, 1, 1, 2, 0, 1, 1, 1, 1)
  (2, 0, 1, 2, 0, 1, 1, 1, 1)
  (2, 0, 1, 2, 0, 1, 0, 2, 1)
  (2, 0, 0, 3, 0, 1, 0, 2, 1)
  (2, 0, 0, 3, 0, 1, 0, 3, 0)
  (5, 0, 0, 0, 0, 1, 0, 3, 0)
  (0, 0, 0, 0, 0, 6, 0, 3, 0)

Path 204 (7 moves):
  (1, 1, 1, 1, 1, 1, 1, 1, 1)
  (1, 1, 1, 2, 0, 1, 1, 1, 1)
  (2, 0, 1, 2, 0, 1, 1, 1, 1)
  (2, 0, 1, 2, 0, 1, 0, 2, 1)
  (2, 0, 1, 0, 0, 3, 0, 2, 1)
  (2, 0, 4, 0, 0, 0, 0, 2, 1)
  (0, 0, 6, 0, 0, 0, 0, 2, 1)
  (0, 0, 0, 0, 0, 0, 0, 2, 7)

Path 205 (7 moves):
  (1, 1, 1, 1, 1, 1, 1, 1, 1)
  (1, 1, 1, 2, 0, 1, 1, 1, 1)
  (2, 0, 1, 2, 0, 1, 1, 1, 1)
  (2, 0, 1, 2, 0, 1, 0, 2, 1)
  (2, 0, 1, 0, 0, 3, 0, 2, 1)
  (2, 0, 4, 0, 0, 0, 0, 2, 1)
  (0, 0, 6, 0, 0, 0, 0, 2, 1)
  (0, 0, 6, 0, 0, 0, 0, 3, 0)

Path 206 (7 moves):
  (1, 1, 1, 1, 1, 1, 1, 1, 1)
  (1, 1, 1, 2, 0, 1, 1, 1, 1)
  (2, 0, 1, 2, 0, 1, 1, 1, 1)
  (2, 0, 1, 2, 0, 1, 0, 2, 1)
  (2, 0, 1, 0, 0, 3, 0, 2, 1)
  (2, 0, 4, 0, 0, 0, 0, 2, 1)
  (2, 0, 4, 0, 0, 0, 0, 3, 0)
  (0, 0, 6, 0, 0, 0, 0, 3, 0)

Path 207 (7 moves):
  (1, 1, 1, 1, 1, 1, 1, 1, 1)
  (1, 1, 1, 2, 0, 1, 1, 1, 1)
  (2, 0, 1, 2, 0, 1, 1, 1, 1)
  (2, 0, 1, 2, 0, 1, 0, 2, 1)
  (2, 0, 1, 0, 0, 3, 0, 2, 1)
  (2, 0, 1, 0, 0, 3, 0, 3, 0)
  (0, 0, 3, 0, 0, 3, 0, 3, 0)
  (0, 0, 0, 0, 0, 6, 0, 3, 0)

Path 208 (7 moves):
  (1, 1, 1, 1, 1, 1, 1, 1, 1)
  (1, 1, 1, 2, 0, 1, 1, 1, 1)
  (2, 0, 1, 2, 0, 1, 1, 1, 1)
  (2, 0, 1, 2, 0, 1, 0, 2, 1)
  (2, 0, 1, 0, 0, 3, 0, 2, 1)
  (2, 0, 1, 0, 0, 3, 0, 3, 0)
  (0, 0, 3, 0, 0, 3, 0, 3, 0)
  (0, 0, 6, 0, 0, 0, 0, 3, 0)

Path 209 (7 moves):
  (1, 1, 1, 1, 1, 1, 1, 1, 1)
  (1, 1, 1, 2, 0, 1, 1, 1, 1)
  (2, 0, 1, 2, 0, 1, 1, 1, 1)
  (2, 0, 1, 2, 0, 1, 0, 2, 1)
  (2, 0, 1, 0, 0, 3, 0, 2, 1)
  (2, 0, 1, 0, 0, 3, 0, 3, 0)
  (2, 0, 4, 0, 0, 0, 0, 3, 0)
  (0, 0, 6, 0, 0, 0, 0, 3, 0)

Path 210 (7 moves):
  (1, 1, 1, 1, 1, 1, 1, 1, 1)
  (1, 1, 1, 2, 0, 1, 1, 1, 1)
  (2, 0, 1, 2, 0, 1, 1, 1, 1)
  (2, 0, 1, 2, 0, 1, 0, 2, 1)
  (2, 0, 1, 2, 0, 3, 0, 0, 1)
  (2, 0, 0, 3, 0, 3, 0, 0, 1)
  (5, 0, 0, 0, 0, 3, 0, 0, 1)
  (0, 0, 0, 0, 0, 8, 0, 0, 1)

Path 211 (7 moves):
  (1, 1, 1, 1, 1, 1, 1, 1, 1)
  (1, 1, 1, 2, 0, 1, 1, 1, 1)
  (2, 0, 1, 2, 0, 1, 1, 1, 1)
  (2, 0, 1, 2, 0, 1, 0, 2, 1)
  (2, 0, 1, 2, 0, 3, 0, 0, 1)
  (2, 0, 0, 3, 0, 3, 0, 0, 1)
  (5, 0, 0, 0, 0, 3, 0, 0, 1)
  (5, 0, 0, 0, 0, 0, 0, 0, 4)

Path 212 (7 moves):
  (1, 1, 1, 1, 1, 1, 1, 1, 1)
  (1, 1, 1, 2, 0, 1, 1, 1, 1)
  (2, 0, 1, 2, 0, 1, 1, 1, 1)
  (2, 0, 1, 2, 0, 1, 0, 2, 1)
  (2, 0, 1, 2, 0, 3, 0, 0, 1)
  (2, 0, 0, 3, 0, 3, 0, 0, 1)
  (2, 0, 0, 3, 0, 0, 0, 0, 4)
  (5, 0, 0, 0, 0, 0, 0, 0, 4)

Path 213 (7 moves):
  (1, 1, 1, 1, 1, 1, 1, 1, 1)
  (1, 1, 1, 2, 0, 1, 1, 1, 1)
  (2, 0, 1, 2, 0, 1, 1, 1, 1)
  (2, 0, 1, 2, 0, 1, 0, 2, 1)
  (2, 0, 1, 2, 0, 3, 0, 0, 1)
  (2, 0, 4, 2, 0, 0, 0, 0, 1)
  (0, 0, 6, 2, 0, 0, 0, 0, 1)
  (0, 0, 0, 2, 0, 0, 0, 0, 7)

Path 214 (7 moves):
  (1, 1, 1, 1, 1, 1, 1, 1, 1)
  (1, 1, 1, 2, 0, 1, 1, 1, 1)
  (2, 0, 1, 2, 0, 1, 1, 1, 1)
  (2, 0, 1, 2, 0, 1, 0, 2, 1)
  (2, 0, 1, 2, 0, 1, 0, 3, 0)
  (0, 0, 3, 2, 0, 1, 0, 3, 0)
  (0, 0, 0, 2, 0, 4, 0, 3, 0)
  (0, 0, 0, 0, 0, 6, 0, 3, 0)

Path 215 (7 moves):
  (1, 1, 1, 1, 1, 1, 1, 1, 1)
  (1, 1, 1, 2, 0, 1, 1, 1, 1)
  (2, 0, 1, 2, 0, 1, 1, 1, 1)
  (2, 0, 1, 2, 0, 1, 0, 2, 1)
  (2, 0, 1, 2, 0, 1, 0, 3, 0)
  (0, 0, 3, 2, 0, 1, 0, 3, 0)
  (0, 0, 3, 0, 0, 3, 0, 3, 0)
  (0, 0, 0, 0, 0, 6, 0, 3, 0)

Path 216 (7 moves):
  (1, 1, 1, 1, 1, 1, 1, 1, 1)
  (1, 1, 1, 2, 0, 1, 1, 1, 1)
  (2, 0, 1, 2, 0, 1, 1, 1, 1)
  (2, 0, 1, 2, 0, 1, 0, 2, 1)
  (2, 0, 1, 2, 0, 1, 0, 3, 0)
  (0, 0, 3, 2, 0, 1, 0, 3, 0)
  (0, 0, 3, 0, 0, 3, 0, 3, 0)
  (0, 0, 6, 0, 0, 0, 0, 3, 0)

Path 217 (7 moves):
  (1, 1, 1, 1, 1, 1, 1, 1, 1)
  (1, 1, 1, 2, 0, 1, 1, 1, 1)
  (2, 0, 1, 2, 0, 1, 1, 1, 1)
  (2, 0, 1, 2, 0, 1, 0, 2, 1)
  (2, 0, 1, 2, 0, 1, 0, 3, 0)
  (2, 0, 0, 3, 0, 1, 0, 3, 0)
  (5, 0, 0, 0, 0, 1, 0, 3, 0)
  (0, 0, 0, 0, 0, 6, 0, 3, 0)

Path 218 (7 moves):
  (1, 1, 1, 1, 1, 1, 1, 1, 1)
  (1, 1, 1, 2, 0, 1, 1, 1, 1)
  (2, 0, 1, 2, 0, 1, 1, 1, 1)
  (2, 0, 1, 2, 0, 1, 0, 2, 1)
  (2, 0, 1, 2, 0, 1, 0, 3, 0)
  (2, 0, 1, 0, 0, 3, 0, 3, 0)
  (0, 0, 3, 0, 0, 3, 0, 3, 0)
  (0, 0, 0, 0, 0, 6, 0, 3, 0)

Path 219 (7 moves):
  (1, 1, 1, 1, 1, 1, 1, 1, 1)
  (1, 1, 1, 2, 0, 1, 1, 1, 1)
  (2, 0, 1, 2, 0, 1, 1, 1, 1)
  (2, 0, 1, 2, 0, 1, 0, 2, 1)
  (2, 0, 1, 2, 0, 1, 0, 3, 0)
  (2, 0, 1, 0, 0, 3, 0, 3, 0)
  (0, 0, 3, 0, 0, 3, 0, 3, 0)
  (0, 0, 6, 0, 0, 0, 0, 3, 0)

Path 220 (7 moves):
  (1, 1, 1, 1, 1, 1, 1, 1, 1)
  (1, 1, 1, 2, 0, 1, 1, 1, 1)
  (2, 0, 1, 2, 0, 1, 1, 1, 1)
  (2, 0, 1, 2, 0, 1, 0, 2, 1)
  (2, 0, 1, 2, 0, 1, 0, 3, 0)
  (2, 0, 1, 0, 0, 3, 0, 3, 0)
  (2, 0, 4, 0, 0, 0, 0, 3, 0)
  (0, 0, 6, 0, 0, 0, 0, 3, 0)

Path 221 (7 moves):
  (1, 1, 1, 1, 1, 1, 1, 1, 1)
  (1, 1, 1, 2, 0, 1, 1, 1, 1)
  (2, 0, 1, 2, 0, 1, 1, 1, 1)
  (2, 0, 1, 2, 0, 1, 1, 0, 2)
  (0, 0, 3, 2, 0, 1, 1, 0, 2)
  (0, 0, 0, 2, 0, 4, 1, 0, 2)
  (0, 0, 0, 0, 0, 6, 1, 0, 2)
  (0, 0, 0, 0, 0, 7, 0, 0, 2)

Path 222 (7 moves):
  (1, 1, 1, 1, 1, 1, 1, 1, 1)
  (1, 1, 1, 2, 0, 1, 1, 1, 1)
  (2, 0, 1, 2, 0, 1, 1, 1, 1)
  (2, 0, 1, 2, 0, 1, 1, 0, 2)
  (0, 0, 3, 2, 0, 1, 1, 0, 2)
  (0, 0, 0, 2, 0, 4, 1, 0, 2)
  (0, 0, 0, 0, 0, 6, 1, 0, 2)
  (0, 0, 0, 0, 0, 6, 3, 0, 0)

Path 223 (7 moves):
  (1, 1, 1, 1, 1, 1, 1, 1, 1)
  (1, 1, 1, 2, 0, 1, 1, 1, 1)
  (2, 0, 1, 2, 0, 1, 1, 1, 1)
  (2, 0, 1, 2, 0, 1, 1, 0, 2)
  (0, 0, 3, 2, 0, 1, 1, 0, 2)
  (0, 0, 0, 2, 0, 4, 1, 0, 2)
  (0, 0, 0, 2, 0, 5, 0, 0, 2)
  (0, 0, 0, 0, 0, 7, 0, 0, 2)

Path 224 (7 moves):
  (1, 1, 1, 1, 1, 1, 1, 1, 1)
  (1, 1, 1, 2, 0, 1, 1, 1, 1)
  (2, 0, 1, 2, 0, 1, 1, 1, 1)
  (2, 0, 1, 2, 0, 1, 1, 0, 2)
  (0, 0, 3, 2, 0, 1, 1, 0, 2)
  (0, 0, 0, 2, 0, 4, 1, 0, 2)
  (0, 0, 0, 2, 0, 4, 3, 0, 0)
  (0, 0, 0, 0, 0, 6, 3, 0, 0)

Path 225 (7 moves):
  (1, 1, 1, 1, 1, 1, 1, 1, 1)
  (1, 1, 1, 2, 0, 1, 1, 1, 1)
  (2, 0, 1, 2, 0, 1, 1, 1, 1)
  (2, 0, 1, 2, 0, 1, 1, 0, 2)
  (0, 0, 3, 2, 0, 1, 1, 0, 2)
  (0, 0, 0, 2, 0, 4, 1, 0, 2)
  (0, 0, 0, 2, 0, 4, 3, 0, 0)
  (0, 0, 0, 5, 0, 4, 0, 0, 0)

Path 226 (7 moves):
  (1, 1, 1, 1, 1, 1, 1, 1, 1)
  (1, 1, 1, 2, 0, 1, 1, 1, 1)
  (2, 0, 1, 2, 0, 1, 1, 1, 1)
  (2, 0, 1, 2, 0, 1, 1, 0, 2)
  (0, 0, 3, 2, 0, 1, 1, 0, 2)
  (0, 0, 3, 2, 0, 1, 3, 0, 0)
  (0, 0, 0, 2, 0, 4, 3, 0, 0)
  (0, 0, 0, 0, 0, 6, 3, 0, 0)

Path 227 (7 moves):
  (1, 1, 1, 1, 1, 1, 1, 1, 1)
  (1, 1, 1, 2, 0, 1, 1, 1, 1)
  (2, 0, 1, 2, 0, 1, 1, 1, 1)
  (2, 0, 1, 2, 0, 1, 1, 0, 2)
  (0, 0, 3, 2, 0, 1, 1, 0, 2)
  (0, 0, 3, 2, 0, 1, 3, 0, 0)
  (0, 0, 0, 2, 0, 4, 3, 0, 0)
  (0, 0, 0, 5, 0, 4, 0, 0, 0)

Path 228 (7 moves):
  (1, 1, 1, 1, 1, 1, 1, 1, 1)
  (1, 1, 1, 2, 0, 1, 1, 1, 1)
  (2, 0, 1, 2, 0, 1, 1, 1, 1)
  (2, 0, 1, 2, 0, 1, 1, 0, 2)
  (0, 0, 3, 2, 0, 1, 1, 0, 2)
  (0, 0, 3, 2, 0, 1, 3, 0, 0)
  (0, 0, 3, 0, 0, 3, 3, 0, 0)
  (0, 0, 0, 0, 0, 6, 3, 0, 0)

Path 229 (7 moves):
  (1, 1, 1, 1, 1, 1, 1, 1, 1)
  (1, 1, 1, 2, 0, 1, 1, 1, 1)
  (2, 0, 1, 2, 0, 1, 1, 1, 1)
  (2, 0, 1, 2, 0, 1, 1, 0, 2)
  (0, 0, 3, 2, 0, 1, 1, 0, 2)
  (0, 0, 3, 2, 0, 1, 3, 0, 0)
  (0, 0, 3, 0, 0, 3, 3, 0, 0)
  (0, 0, 6, 0, 0, 0, 3, 0, 0)

Path 230 (7 moves):
  (1, 1, 1, 1, 1, 1, 1, 1, 1)
  (1, 1, 1, 2, 0, 1, 1, 1, 1)
  (2, 0, 1, 2, 0, 1, 1, 1, 1)
  (2, 0, 1, 2, 0, 1, 1, 0, 2)
  (0, 0, 3, 2, 0, 1, 1, 0, 2)
  (0, 0, 3, 2, 0, 1, 3, 0, 0)
  (0, 0, 3, 2, 0, 0, 4, 0, 0)
  (0, 0, 7, 2, 0, 0, 0, 0, 0)

Path 231 (7 moves):
  (1, 1, 1, 1, 1, 1, 1, 1, 1)
  (1, 1, 1, 2, 0, 1, 1, 1, 1)
  (2, 0, 1, 2, 0, 1, 1, 1, 1)
  (2, 0, 1, 2, 0, 1, 1, 0, 2)
  (0, 0, 3, 2, 0, 1, 1, 0, 2)
  (0, 0, 3, 2, 0, 1, 3, 0, 0)
  (0, 0, 3, 5, 0, 1, 0, 0, 0)
  (0, 0, 0, 5, 0, 4, 0, 0, 0)

Path 232 (7 moves):
  (1, 1, 1, 1, 1, 1, 1, 1, 1)
  (1, 1, 1, 2, 0, 1, 1, 1, 1)
  (2, 0, 1, 2, 0, 1, 1, 1, 1)
  (2, 0, 1, 2, 0, 1, 1, 0, 2)
  (2, 0, 0, 3, 0, 1, 1, 0, 2)
  (5, 0, 0, 0, 0, 1, 1, 0, 2)
  (0, 0, 0, 0, 0, 6, 1, 0, 2)
  (0, 0, 0, 0, 0, 7, 0, 0, 2)

Path 233 (7 moves):
  (1, 1, 1, 1, 1, 1, 1, 1, 1)
  (1, 1, 1, 2, 0, 1, 1, 1, 1)
  (2, 0, 1, 2, 0, 1, 1, 1, 1)
  (2, 0, 1, 2, 0, 1, 1, 0, 2)
  (2, 0, 0, 3, 0, 1, 1, 0, 2)
  (5, 0, 0, 0, 0, 1, 1, 0, 2)
  (0, 0, 0, 0, 0, 6, 1, 0, 2)
  (0, 0, 0, 0, 0, 6, 3, 0, 0)

Path 234 (7 moves):
  (1, 1, 1, 1, 1, 1, 1, 1, 1)
  (1, 1, 1, 2, 0, 1, 1, 1, 1)
  (2, 0, 1, 2, 0, 1, 1, 1, 1)
  (2, 0, 1, 2, 0, 1, 1, 0, 2)
  (2, 0, 0, 3, 0, 1, 1, 0, 2)
  (5, 0, 0, 0, 0, 1, 1, 0, 2)
  (5, 0, 0, 0, 0, 0, 2, 0, 2)
  (5, 0, 0, 0, 0, 0, 0, 0, 4)

Path 235 (7 moves):
  (1, 1, 1, 1, 1, 1, 1, 1, 1)
  (1, 1, 1, 2, 0, 1, 1, 1, 1)
  (2, 0, 1, 2, 0, 1, 1, 1, 1)
  (2, 0, 1, 2, 0, 1, 1, 0, 2)
  (2, 0, 0, 3, 0, 1, 1, 0, 2)
  (5, 0, 0, 0, 0, 1, 1, 0, 2)
  (5, 0, 0, 0, 0, 0, 2, 0, 2)
  (5, 0, 0, 0, 0, 0, 4, 0, 0)

Path 236 (7 moves):
  (1, 1, 1, 1, 1, 1, 1, 1, 1)
  (1, 1, 1, 2, 0, 1, 1, 1, 1)
  (2, 0, 1, 2, 0, 1, 1, 1, 1)
  (2, 0, 1, 2, 0, 1, 1, 0, 2)
  (2, 0, 0, 3, 0, 1, 1, 0, 2)
  (5, 0, 0, 0, 0, 1, 1, 0, 2)
  (5, 0, 0, 0, 0, 2, 0, 0, 2)
  (0, 0, 0, 0, 0, 7, 0, 0, 2)

Path 237 (7 moves):
  (1, 1, 1, 1, 1, 1, 1, 1, 1)
  (1, 1, 1, 2, 0, 1, 1, 1, 1)
  (2, 0, 1, 2, 0, 1, 1, 1, 1)
  (2, 0, 1, 2, 0, 1, 1, 0, 2)
  (2, 0, 0, 3, 0, 1, 1, 0, 2)
  (5, 0, 0, 0, 0, 1, 1, 0, 2)
  (5, 0, 0, 0, 0, 1, 3, 0, 0)
  (0, 0, 0, 0, 0, 6, 3, 0, 0)

Path 238 (7 moves):
  (1, 1, 1, 1, 1, 1, 1, 1, 1)
  (1, 1, 1, 2, 0, 1, 1, 1, 1)
  (2, 0, 1, 2, 0, 1, 1, 1, 1)
  (2, 0, 1, 2, 0, 1, 1, 0, 2)
  (2, 0, 0, 3, 0, 1, 1, 0, 2)
  (5, 0, 0, 0, 0, 1, 1, 0, 2)
  (5, 0, 0, 0, 0, 1, 3, 0, 0)
  (5, 0, 0, 0, 0, 0, 4, 0, 0)

Path 239 (7 moves):
  (1, 1, 1, 1, 1, 1, 1, 1, 1)
  (1, 1, 1, 2, 0, 1, 1, 1, 1)
  (2, 0, 1, 2, 0, 1, 1, 1, 1)
  (2, 0, 1, 2, 0, 1, 1, 0, 2)
  (2, 0, 0, 3, 0, 1, 1, 0, 2)
  (2, 0, 0, 0, 0, 1, 4, 0, 2)
  (2, 0, 0, 0, 0, 0, 5, 0, 2)
  (2, 0, 0, 0, 0, 0, 7, 0, 0)

Path 240 (7 moves):
  (1, 1, 1, 1, 1, 1, 1, 1, 1)
  (1, 1, 1, 2, 0, 1, 1, 1, 1)
  (2, 0, 1, 2, 0, 1, 1, 1, 1)
  (2, 0, 1, 2, 0, 1, 1, 0, 2)
  (2, 0, 0, 3, 0, 1, 1, 0, 2)
  (2, 0, 0, 0, 0, 1, 4, 0, 2)
  (2, 0, 0, 0, 0, 1, 6, 0, 0)
  (2, 0, 0, 0, 0, 0, 7, 0, 0)

Path 241 (7 moves):
  (1, 1, 1, 1, 1, 1, 1, 1, 1)
  (1, 1, 1, 2, 0, 1, 1, 1, 1)
  (2, 0, 1, 2, 0, 1, 1, 1, 1)
  (2, 0, 1, 2, 0, 1, 1, 0, 2)
  (2, 0, 0, 3, 0, 1, 1, 0, 2)
  (2, 0, 0, 0, 0, 1, 4, 0, 2)
  (2, 0, 0, 0, 0, 1, 6, 0, 0)
  (8, 0, 0, 0, 0, 1, 0, 0, 0)

Path 242 (7 moves):
  (1, 1, 1, 1, 1, 1, 1, 1, 1)
  (1, 1, 1, 2, 0, 1, 1, 1, 1)
  (2, 0, 1, 2, 0, 1, 1, 1, 1)
  (2, 0, 1, 2, 0, 1, 1, 0, 2)
  (2, 0, 0, 3, 0, 1, 1, 0, 2)
  (2, 0, 0, 3, 0, 0, 2, 0, 2)
  (5, 0, 0, 0, 0, 0, 2, 0, 2)
  (5, 0, 0, 0, 0, 0, 0, 0, 4)

Path 243 (7 moves):
  (1, 1, 1, 1, 1, 1, 1, 1, 1)
  (1, 1, 1, 2, 0, 1, 1, 1, 1)
  (2, 0, 1, 2, 0, 1, 1, 1, 1)
  (2, 0, 1, 2, 0, 1, 1, 0, 2)
  (2, 0, 0, 3, 0, 1, 1, 0, 2)
  (2, 0, 0, 3, 0, 0, 2, 0, 2)
  (5, 0, 0, 0, 0, 0, 2, 0, 2)
  (5, 0, 0, 0, 0, 0, 4, 0, 0)

Path 244 (7 moves):
  (1, 1, 1, 1, 1, 1, 1, 1, 1)
  (1, 1, 1, 2, 0, 1, 1, 1, 1)
  (2, 0, 1, 2, 0, 1, 1, 1, 1)
  (2, 0, 1, 2, 0, 1, 1, 0, 2)
  (2, 0, 0, 3, 0, 1, 1, 0, 2)
  (2, 0, 0, 3, 0, 0, 2, 0, 2)
  (2, 0, 0, 0, 0, 0, 5, 0, 2)
  (2, 0, 0, 0, 0, 0, 7, 0, 0)

Path 245 (7 moves):
  (1, 1, 1, 1, 1, 1, 1, 1, 1)
  (1, 1, 1, 2, 0, 1, 1, 1, 1)
  (2, 0, 1, 2, 0, 1, 1, 1, 1)
  (2, 0, 1, 2, 0, 1, 1, 0, 2)
  (2, 0, 0, 3, 0, 1, 1, 0, 2)
  (2, 0, 0, 3, 0, 0, 2, 0, 2)
  (2, 0, 0, 3, 0, 0, 0, 0, 4)
  (5, 0, 0, 0, 0, 0, 0, 0, 4)

Path 246 (7 moves):
  (1, 1, 1, 1, 1, 1, 1, 1, 1)
  (1, 1, 1, 2, 0, 1, 1, 1, 1)
  (2, 0, 1, 2, 0, 1, 1, 1, 1)
  (2, 0, 1, 2, 0, 1, 1, 0, 2)
  (2, 0, 0, 3, 0, 1, 1, 0, 2)
  (2, 0, 0, 3, 0, 0, 2, 0, 2)
  (2, 0, 0, 3, 0, 0, 4, 0, 0)
  (5, 0, 0, 0, 0, 0, 4, 0, 0)

Path 247 (7 moves):
  (1, 1, 1, 1, 1, 1, 1, 1, 1)
  (1, 1, 1, 2, 0, 1, 1, 1, 1)
  (2, 0, 1, 2, 0, 1, 1, 1, 1)
  (2, 0, 1, 2, 0, 1, 1, 0, 2)
  (2, 0, 0, 3, 0, 1, 1, 0, 2)
  (2, 0, 0, 3, 0, 0, 2, 0, 2)
  (2, 0, 0, 3, 0, 0, 4, 0, 0)
  (2, 0, 0, 0, 0, 0, 7, 0, 0)

Path 248 (7 moves):
  (1, 1, 1, 1, 1, 1, 1, 1, 1)
  (1, 1, 1, 2, 0, 1, 1, 1, 1)
  (2, 0, 1, 2, 0, 1, 1, 1, 1)
  (2, 0, 1, 2, 0, 1, 1, 0, 2)
  (2, 0, 0, 3, 0, 1, 1, 0, 2)
  (2, 0, 0, 3, 0, 2, 0, 0, 2)
  (5, 0, 0, 0, 0, 2, 0, 0, 2)
  (0, 0, 0, 0, 0, 7, 0, 0, 2)

Path 249 (7 moves):
  (1, 1, 1, 1, 1, 1, 1, 1, 1)
  (1, 1, 1, 2, 0, 1, 1, 1, 1)
  (2, 0, 1, 2, 0, 1, 1, 1, 1)
  (2, 0, 1, 2, 0, 1, 1, 0, 2)
  (2, 0, 0, 3, 0, 1, 1, 0, 2)
  (2, 0, 0, 3, 0, 2, 0, 0, 2)
  (2, 0, 0, 5, 0, 0, 0, 0, 2)
  (2, 0, 0, 0, 0, 0, 0, 0, 7)

Path 250 (7 moves):
  (1, 1, 1, 1, 1, 1, 1, 1, 1)
  (1, 1, 1, 2, 0, 1, 1, 1, 1)
  (2, 0, 1, 2, 0, 1, 1, 1, 1)
  (2, 0, 1, 2, 0, 1, 1, 0, 2)
  (2, 0, 1, 0, 0, 3, 1, 0, 2)
  (2, 0, 4, 0, 0, 0, 1, 0, 2)
  (0, 0, 6, 0, 0, 0, 1, 0, 2)
  (0, 0, 0, 0, 0, 0, 1, 0, 8)

Path 251 (7 moves):
  (1, 1, 1, 1, 1, 1, 1, 1, 1)
  (1, 1, 1, 2, 0, 1, 1, 1, 1)
  (2, 0, 1, 2, 0, 1, 1, 1, 1)
  (2, 0, 1, 2, 0, 1, 1, 0, 2)
  (2, 0, 1, 0, 0, 3, 1, 0, 2)
  (2, 0, 4, 0, 0, 0, 1, 0, 2)
  (0, 0, 6, 0, 0, 0, 1, 0, 2)
  (0, 0, 6, 0, 0, 0, 3, 0, 0)

Path 252 (7 moves):
  (1, 1, 1, 1, 1, 1, 1, 1, 1)
  (1, 1, 1, 2, 0, 1, 1, 1, 1)
  (2, 0, 1, 2, 0, 1, 1, 1, 1)
  (2, 0, 1, 2, 0, 1, 1, 0, 2)
  (2, 0, 1, 0, 0, 3, 1, 0, 2)
  (2, 0, 4, 0, 0, 0, 1, 0, 2)
  (2, 0, 0, 0, 0, 0, 5, 0, 2)
  (2, 0, 0, 0, 0, 0, 7, 0, 0)

Path 253 (7 moves):
  (1, 1, 1, 1, 1, 1, 1, 1, 1)
  (1, 1, 1, 2, 0, 1, 1, 1, 1)
  (2, 0, 1, 2, 0, 1, 1, 1, 1)
  (2, 0, 1, 2, 0, 1, 1, 0, 2)
  (2, 0, 1, 0, 0, 3, 1, 0, 2)
  (2, 0, 4, 0, 0, 0, 1, 0, 2)
  (2, 0, 4, 0, 0, 0, 3, 0, 0)
  (0, 0, 6, 0, 0, 0, 3, 0, 0)

Path 254 (7 moves):
  (1, 1, 1, 1, 1, 1, 1, 1, 1)
  (1, 1, 1, 2, 0, 1, 1, 1, 1)
  (2, 0, 1, 2, 0, 1, 1, 1, 1)
  (2, 0, 1, 2, 0, 1, 1, 0, 2)
  (2, 0, 1, 0, 0, 3, 1, 0, 2)
  (2, 0, 4, 0, 0, 0, 1, 0, 2)
  (2, 0, 4, 0, 0, 0, 3, 0, 0)
  (2, 0, 0, 0, 0, 0, 7, 0, 0)

Path 255 (7 moves):
  (1, 1, 1, 1, 1, 1, 1, 1, 1)
  (1, 1, 1, 2, 0, 1, 1, 1, 1)
  (2, 0, 1, 2, 0, 1, 1, 1, 1)
  (2, 0, 1, 2, 0, 1, 1, 0, 2)
  (2, 0, 1, 0, 0, 3, 1, 0, 2)
  (2, 0, 1, 0, 0, 4, 0, 0, 2)
  (0, 0, 3, 0, 0, 4, 0, 0, 2)
  (0, 0, 0, 0, 0, 7, 0, 0, 2)

Path 256 (7 moves):
  (1, 1, 1, 1, 1, 1, 1, 1, 1)
  (1, 1, 1, 2, 0, 1, 1, 1, 1)
  (2, 0, 1, 2, 0, 1, 1, 1, 1)
  (2, 0, 1, 2, 0, 1, 1, 0, 2)
  (2, 0, 1, 0, 0, 3, 1, 0, 2)
  (2, 0, 1, 0, 0, 3, 3, 0, 0)
  (0, 0, 3, 0, 0, 3, 3, 0, 0)
  (0, 0, 0, 0, 0, 6, 3, 0, 0)

Path 257 (7 moves):
  (1, 1, 1, 1, 1, 1, 1, 1, 1)
  (1, 1, 1, 2, 0, 1, 1, 1, 1)
  (2, 0, 1, 2, 0, 1, 1, 1, 1)
  (2, 0, 1, 2, 0, 1, 1, 0, 2)
  (2, 0, 1, 0, 0, 3, 1, 0, 2)
  (2, 0, 1, 0, 0, 3, 3, 0, 0)
  (0, 0, 3, 0, 0, 3, 3, 0, 0)
  (0, 0, 6, 0, 0, 0, 3, 0, 0)

Path 258 (7 moves):
  (1, 1, 1, 1, 1, 1, 1, 1, 1)
  (1, 1, 1, 2, 0, 1, 1, 1, 1)
  (2, 0, 1, 2, 0, 1, 1, 1, 1)
  (2, 0, 1, 2, 0, 1, 1, 0, 2)
  (2, 0, 1, 0, 0, 3, 1, 0, 2)
  (2, 0, 1, 0, 0, 3, 3, 0, 0)
  (2, 0, 4, 0, 0, 0, 3, 0, 0)
  (0, 0, 6, 0, 0, 0, 3, 0, 0)

Path 259 (7 moves):
  (1, 1, 1, 1, 1, 1, 1, 1, 1)
  (1, 1, 1, 2, 0, 1, 1, 1, 1)
  (2, 0, 1, 2, 0, 1, 1, 1, 1)
  (2, 0, 1, 2, 0, 1, 1, 0, 2)
  (2, 0, 1, 0, 0, 3, 1, 0, 2)
  (2, 0, 1, 0, 0, 3, 3, 0, 0)
  (2, 0, 4, 0, 0, 0, 3, 0, 0)
  (2, 0, 0, 0, 0, 0, 7, 0, 0)

Path 260 (7 moves):
  (1, 1, 1, 1, 1, 1, 1, 1, 1)
  (1, 1, 1, 2, 0, 1, 1, 1, 1)
  (2, 0, 1, 2, 0, 1, 1, 1, 1)
  (2, 0, 1, 2, 0, 1, 1, 0, 2)
  (2, 0, 1, 2, 0, 0, 2, 0, 2)
  (2, 0, 0, 3, 0, 0, 2, 0, 2)
  (5, 0, 0, 0, 0, 0, 2, 0, 2)
  (5, 0, 0, 0, 0, 0, 0, 0, 4)

Path 261 (7 moves):
  (1, 1, 1, 1, 1, 1, 1, 1, 1)
  (1, 1, 1, 2, 0, 1, 1, 1, 1)
  (2, 0, 1, 2, 0, 1, 1, 1, 1)
  (2, 0, 1, 2, 0, 1, 1, 0, 2)
  (2, 0, 1, 2, 0, 0, 2, 0, 2)
  (2, 0, 0, 3, 0, 0, 2, 0, 2)
  (5, 0, 0, 0, 0, 0, 2, 0, 2)
  (5, 0, 0, 0, 0, 0, 4, 0, 0)

Path 262 (7 moves):
  (1, 1, 1, 1, 1, 1, 1, 1, 1)
  (1, 1, 1, 2, 0, 1, 1, 1, 1)
  (2, 0, 1, 2, 0, 1, 1, 1, 1)
  (2, 0, 1, 2, 0, 1, 1, 0, 2)
  (2, 0, 1, 2, 0, 0, 2, 0, 2)
  (2, 0, 0, 3, 0, 0, 2, 0, 2)
  (2, 0, 0, 0, 0, 0, 5, 0, 2)
  (2, 0, 0, 0, 0, 0, 7, 0, 0)

Path 263 (7 moves):
  (1, 1, 1, 1, 1, 1, 1, 1, 1)
  (1, 1, 1, 2, 0, 1, 1, 1, 1)
  (2, 0, 1, 2, 0, 1, 1, 1, 1)
  (2, 0, 1, 2, 0, 1, 1, 0, 2)
  (2, 0, 1, 2, 0, 0, 2, 0, 2)
  (2, 0, 0, 3, 0, 0, 2, 0, 2)
  (2, 0, 0, 3, 0, 0, 0, 0, 4)
  (5, 0, 0, 0, 0, 0, 0, 0, 4)

Path 264 (7 moves):
  (1, 1, 1, 1, 1, 1, 1, 1, 1)
  (1, 1, 1, 2, 0, 1, 1, 1, 1)
  (2, 0, 1, 2, 0, 1, 1, 1, 1)
  (2, 0, 1, 2, 0, 1, 1, 0, 2)
  (2, 0, 1, 2, 0, 0, 2, 0, 2)
  (2, 0, 0, 3, 0, 0, 2, 0, 2)
  (2, 0, 0, 3, 0, 0, 4, 0, 0)
  (5, 0, 0, 0, 0, 0, 4, 0, 0)

Path 265 (7 moves):
  (1, 1, 1, 1, 1, 1, 1, 1, 1)
  (1, 1, 1, 2, 0, 1, 1, 1, 1)
  (2, 0, 1, 2, 0, 1, 1, 1, 1)
  (2, 0, 1, 2, 0, 1, 1, 0, 2)
  (2, 0, 1, 2, 0, 0, 2, 0, 2)
  (2, 0, 0, 3, 0, 0, 2, 0, 2)
  (2, 0, 0, 3, 0, 0, 4, 0, 0)
  (2, 0, 0, 0, 0, 0, 7, 0, 0)

Path 266 (7 moves):
  (1, 1, 1, 1, 1, 1, 1, 1, 1)
  (1, 1, 1, 2, 0, 1, 1, 1, 1)
  (2, 0, 1, 2, 0, 1, 1, 1, 1)
  (2, 0, 1, 2, 0, 1, 1, 0, 2)
  (2, 0, 1, 2, 0, 0, 2, 0, 2)
  (2, 0, 1, 2, 0, 0, 4, 0, 0)
  (0, 0, 3, 2, 0, 0, 4, 0, 0)
  (0, 0, 7, 2, 0, 0, 0, 0, 0)

Path 267 (7 moves):
  (1, 1, 1, 1, 1, 1, 1, 1, 1)
  (1, 1, 1, 2, 0, 1, 1, 1, 1)
  (2, 0, 1, 2, 0, 1, 1, 1, 1)
  (2, 0, 1, 2, 0, 1, 1, 0, 2)
  (2, 0, 1, 2, 0, 0, 2, 0, 2)
  (2, 0, 1, 2, 0, 0, 4, 0, 0)
  (2, 0, 0, 3, 0, 0, 4, 0, 0)
  (5, 0, 0, 0, 0, 0, 4, 0, 0)

Path 268 (7 moves):
  (1, 1, 1, 1, 1, 1, 1, 1, 1)
  (1, 1, 1, 2, 0, 1, 1, 1, 1)
  (2, 0, 1, 2, 0, 1, 1, 1, 1)
  (2, 0, 1, 2, 0, 1, 1, 0, 2)
  (2, 0, 1, 2, 0, 0, 2, 0, 2)
  (2, 0, 1, 2, 0, 0, 4, 0, 0)
  (2, 0, 0, 3, 0, 0, 4, 0, 0)
  (2, 0, 0, 0, 0, 0, 7, 0, 0)

Path 269 (7 moves):
  (1, 1, 1, 1, 1, 1, 1, 1, 1)
  (1, 1, 1, 2, 0, 1, 1, 1, 1)
  (2, 0, 1, 2, 0, 1, 1, 1, 1)
  (2, 0, 1, 2, 0, 1, 1, 0, 2)
  (2, 0, 1, 2, 0, 0, 2, 0, 2)
  (2, 0, 1, 2, 0, 0, 4, 0, 0)
  (2, 0, 5, 2, 0, 0, 0, 0, 0)
  (0, 0, 7, 2, 0, 0, 0, 0, 0)

Path 270 (7 moves):
  (1, 1, 1, 1, 1, 1, 1, 1, 1)
  (1, 1, 1, 2, 0, 1, 1, 1, 1)
  (2, 0, 1, 2, 0, 1, 1, 1, 1)
  (2, 0, 1, 2, 0, 1, 1, 0, 2)
  (2, 0, 1, 2, 0, 2, 0, 0, 2)
  (2, 0, 0, 3, 0, 2, 0, 0, 2)
  (5, 0, 0, 0, 0, 2, 0, 0, 2)
  (0, 0, 0, 0, 0, 7, 0, 0, 2)

Path 271 (7 moves):
  (1, 1, 1, 1, 1, 1, 1, 1, 1)
  (1, 1, 1, 2, 0, 1, 1, 1, 1)
  (2, 0, 1, 2, 0, 1, 1, 1, 1)
  (2, 0, 1, 2, 0, 1, 1, 0, 2)
  (2, 0, 1, 2, 0, 2, 0, 0, 2)
  (2, 0, 0, 3, 0, 2, 0, 0, 2)
  (2, 0, 0, 5, 0, 0, 0, 0, 2)
  (2, 0, 0, 0, 0, 0, 0, 0, 7)

Path 272 (7 moves):
  (1, 1, 1, 1, 1, 1, 1, 1, 1)
  (1, 1, 1, 2, 0, 1, 1, 1, 1)
  (2, 0, 1, 2, 0, 1, 1, 1, 1)
  (2, 0, 1, 2, 0, 1, 1, 0, 2)
  (2, 0, 1, 2, 0, 2, 0, 0, 2)
  (2, 0, 1, 0, 0, 4, 0, 0, 2)
  (0, 0, 3, 0, 0, 4, 0, 0, 2)
  (0, 0, 0, 0, 0, 7, 0, 0, 2)

Path 273 (7 moves):
  (1, 1, 1, 1, 1, 1, 1, 1, 1)
  (1, 1, 1, 2, 0, 1, 1, 1, 1)
  (2, 0, 1, 2, 0, 1, 1, 1, 1)
  (2, 0, 1, 2, 0, 1, 1, 0, 2)
  (2, 0, 1, 2, 0, 1, 3, 0, 0)
  (0, 0, 3, 2, 0, 1, 3, 0, 0)
  (0, 0, 0, 2, 0, 4, 3, 0, 0)
  (0, 0, 0, 0, 0, 6, 3, 0, 0)

Path 274 (7 moves):
  (1, 1, 1, 1, 1, 1, 1, 1, 1)
  (1, 1, 1, 2, 0, 1, 1, 1, 1)
  (2, 0, 1, 2, 0, 1, 1, 1, 1)
  (2, 0, 1, 2, 0, 1, 1, 0, 2)
  (2, 0, 1, 2, 0, 1, 3, 0, 0)
  (0, 0, 3, 2, 0, 1, 3, 0, 0)
  (0, 0, 0, 2, 0, 4, 3, 0, 0)
  (0, 0, 0, 5, 0, 4, 0, 0, 0)

Path 275 (7 moves):
  (1, 1, 1, 1, 1, 1, 1, 1, 1)
  (1, 1, 1, 2, 0, 1, 1, 1, 1)
  (2, 0, 1, 2, 0, 1, 1, 1, 1)
  (2, 0, 1, 2, 0, 1, 1, 0, 2)
  (2, 0, 1, 2, 0, 1, 3, 0, 0)
  (0, 0, 3, 2, 0, 1, 3, 0, 0)
  (0, 0, 3, 0, 0, 3, 3, 0, 0)
  (0, 0, 0, 0, 0, 6, 3, 0, 0)

Path 276 (7 moves):
  (1, 1, 1, 1, 1, 1, 1, 1, 1)
  (1, 1, 1, 2, 0, 1, 1, 1, 1)
  (2, 0, 1, 2, 0, 1, 1, 1, 1)
  (2, 0, 1, 2, 0, 1, 1, 0, 2)
  (2, 0, 1, 2, 0, 1, 3, 0, 0)
  (0, 0, 3, 2, 0, 1, 3, 0, 0)
  (0, 0, 3, 0, 0, 3, 3, 0, 0)
  (0, 0, 6, 0, 0, 0, 3, 0, 0)

Path 277 (7 moves):
  (1, 1, 1, 1, 1, 1, 1, 1, 1)
  (1, 1, 1, 2, 0, 1, 1, 1, 1)
  (2, 0, 1, 2, 0, 1, 1, 1, 1)
  (2, 0, 1, 2, 0, 1, 1, 0, 2)
  (2, 0, 1, 2, 0, 1, 3, 0, 0)
  (0, 0, 3, 2, 0, 1, 3, 0, 0)
  (0, 0, 3, 2, 0, 0, 4, 0, 0)
  (0, 0, 7, 2, 0, 0, 0, 0, 0)

Path 278 (7 moves):
  (1, 1, 1, 1, 1, 1, 1, 1, 1)
  (1, 1, 1, 2, 0, 1, 1, 1, 1)
  (2, 0, 1, 2, 0, 1, 1, 1, 1)
  (2, 0, 1, 2, 0, 1, 1, 0, 2)
  (2, 0, 1, 2, 0, 1, 3, 0, 0)
  (0, 0, 3, 2, 0, 1, 3, 0, 0)
  (0, 0, 3, 5, 0, 1, 0, 0, 0)
  (0, 0, 0, 5, 0, 4, 0, 0, 0)

Path 279 (7 moves):
  (1, 1, 1, 1, 1, 1, 1, 1, 1)
  (1, 1, 1, 2, 0, 1, 1, 1, 1)
  (2, 0, 1, 2, 0, 1, 1, 1, 1)
  (2, 0, 1, 2, 0, 1, 1, 0, 2)
  (2, 0, 1, 2, 0, 1, 3, 0, 0)
  (2, 0, 1, 0, 0, 3, 3, 0, 0)
  (0, 0, 3, 0, 0, 3, 3, 0, 0)
  (0, 0, 0, 0, 0, 6, 3, 0, 0)

Path 280 (7 moves):
  (1, 1, 1, 1, 1, 1, 1, 1, 1)
  (1, 1, 1, 2, 0, 1, 1, 1, 1)
  (2, 0, 1, 2, 0, 1, 1, 1, 1)
  (2, 0, 1, 2, 0, 1, 1, 0, 2)
  (2, 0, 1, 2, 0, 1, 3, 0, 0)
  (2, 0, 1, 0, 0, 3, 3, 0, 0)
  (0, 0, 3, 0, 0, 3, 3, 0, 0)
  (0, 0, 6, 0, 0, 0, 3, 0, 0)

Path 281 (7 moves):
  (1, 1, 1, 1, 1, 1, 1, 1, 1)
  (1, 1, 1, 2, 0, 1, 1, 1, 1)
  (2, 0, 1, 2, 0, 1, 1, 1, 1)
  (2, 0, 1, 2, 0, 1, 1, 0, 2)
  (2, 0, 1, 2, 0, 1, 3, 0, 0)
  (2, 0, 1, 0, 0, 3, 3, 0, 0)
  (2, 0, 4, 0, 0, 0, 3, 0, 0)
  (0, 0, 6, 0, 0, 0, 3, 0, 0)

Path 282 (7 moves):
  (1, 1, 1, 1, 1, 1, 1, 1, 1)
  (1, 1, 1, 2, 0, 1, 1, 1, 1)
  (2, 0, 1, 2, 0, 1, 1, 1, 1)
  (2, 0, 1, 2, 0, 1, 1, 0, 2)
  (2, 0, 1, 2, 0, 1, 3, 0, 0)
  (2, 0, 1, 0, 0, 3, 3, 0, 0)
  (2, 0, 4, 0, 0, 0, 3, 0, 0)
  (2, 0, 0, 0, 0, 0, 7, 0, 0)

Path 283 (7 moves):
  (1, 1, 1, 1, 1, 1, 1, 1, 1)
  (1, 1, 1, 2, 0, 1, 1, 1, 1)
  (2, 0, 1, 2, 0, 1, 1, 1, 1)
  (2, 0, 1, 2, 0, 1, 1, 0, 2)
  (2, 0, 1, 2, 0, 1, 3, 0, 0)
  (2, 0, 1, 2, 0, 0, 4, 0, 0)
  (0, 0, 3, 2, 0, 0, 4, 0, 0)
  (0, 0, 7, 2, 0, 0, 0, 0, 0)

Path 284 (7 moves):
  (1, 1, 1, 1, 1, 1, 1, 1, 1)
  (1, 1, 1, 2, 0, 1, 1, 1, 1)
  (2, 0, 1, 2, 0, 1, 1, 1, 1)
  (2, 0, 1, 2, 0, 1, 1, 0, 2)
  (2, 0, 1, 2, 0, 1, 3, 0, 0)
  (2, 0, 1, 2, 0, 0, 4, 0, 0)
  (2, 0, 0, 3, 0, 0, 4, 0, 0)
  (5, 0, 0, 0, 0, 0, 4, 0, 0)

Path 285 (7 moves):
  (1, 1, 1, 1, 1, 1, 1, 1, 1)
  (1, 1, 1, 2, 0, 1, 1, 1, 1)
  (2, 0, 1, 2, 0, 1, 1, 1, 1)
  (2, 0, 1, 2, 0, 1, 1, 0, 2)
  (2, 0, 1, 2, 0, 1, 3, 0, 0)
  (2, 0, 1, 2, 0, 0, 4, 0, 0)
  (2, 0, 0, 3, 0, 0, 4, 0, 0)
  (2, 0, 0, 0, 0, 0, 7, 0, 0)

Path 286 (7 moves):
  (1, 1, 1, 1, 1, 1, 1, 1, 1)
  (1, 1, 1, 2, 0, 1, 1, 1, 1)
  (2, 0, 1, 2, 0, 1, 1, 1, 1)
  (2, 0, 1, 2, 0, 1, 1, 0, 2)
  (2, 0, 1, 2, 0, 1, 3, 0, 0)
  (2, 0, 1, 2, 0, 0, 4, 0, 0)
  (2, 0, 5, 2, 0, 0, 0, 0, 0)
  (0, 0, 7, 2, 0, 0, 0, 0, 0)

Path 287 (7 moves):
  (1, 1, 1, 1, 1, 1, 1, 1, 1)
  (1, 1, 1, 2, 0, 1, 1, 1, 1)
  (1, 0, 2, 2, 0, 1, 1, 1, 1)
  (1, 0, 2, 2, 0, 1, 2, 0, 1)
  (3, 0, 0, 2, 0, 1, 2, 0, 1)
  (0, 0, 0, 5, 0, 1, 2, 0, 1)
  (0, 0, 0, 0, 0, 1, 2, 0, 6)
  (0, 0, 0, 0, 0, 0, 3, 0, 6)

Path 288 (7 moves):
  (1, 1, 1, 1, 1, 1, 1, 1, 1)
  (1, 1, 1, 2, 0, 1, 1, 1, 1)
  (1, 0, 2, 2, 0, 1, 1, 1, 1)
  (1, 0, 2, 2, 0, 1, 2, 0, 1)
  (3, 0, 0, 2, 0, 1, 2, 0, 1)
  (0, 0, 0, 5, 0, 1, 2, 0, 1)
  (0, 0, 0, 0, 0, 1, 2, 0, 6)
  (0, 0, 0, 0, 0, 1, 0, 0, 8)

Path 289 (7 moves):
  (1, 1, 1, 1, 1, 1, 1, 1, 1)
  (1, 1, 1, 2, 0, 1, 1, 1, 1)
  (1, 0, 2, 2, 0, 1, 1, 1, 1)
  (1, 0, 2, 2, 0, 1, 2, 0, 1)
  (3, 0, 0, 2, 0, 1, 2, 0, 1)
  (0, 0, 0, 5, 0, 1, 2, 0, 1)
  (0, 0, 0, 5, 0, 0, 3, 0, 1)
  (0, 0, 0, 0, 0, 0, 3, 0, 6)

Path 290 (7 moves):
  (1, 1, 1, 1, 1, 1, 1, 1, 1)
  (1, 1, 1, 2, 0, 1, 1, 1, 1)
  (1, 0, 2, 2, 0, 1, 1, 1, 1)
  (1, 0, 2, 2, 0, 1, 2, 0, 1)
  (3, 0, 0, 2, 0, 1, 2, 0, 1)
  (0, 0, 0, 5, 0, 1, 2, 0, 1)
  (0, 0, 0, 5, 0, 0, 3, 0, 1)
  (0, 0, 0, 8, 0, 0, 0, 0, 1)

Path 291 (7 moves):
  (1, 1, 1, 1, 1, 1, 1, 1, 1)
  (1, 1, 1, 2, 0, 1, 1, 1, 1)
  (1, 0, 2, 2, 0, 1, 1, 1, 1)
  (1, 0, 2, 2, 0, 1, 2, 0, 1)
  (3, 0, 0, 2, 0, 1, 2, 0, 1)
  (0, 0, 0, 5, 0, 1, 2, 0, 1)
  (0, 0, 0, 5, 0, 1, 0, 0, 3)
  (0, 0, 0, 0, 0, 1, 0, 0, 8)

Path 292 (7 moves):
  (1, 1, 1, 1, 1, 1, 1, 1, 1)
  (1, 1, 1, 2, 0, 1, 1, 1, 1)
  (1, 0, 2, 2, 0, 1, 1, 1, 1)
  (1, 0, 2, 2, 0, 1, 2, 0, 1)
  (3, 0, 0, 2, 0, 1, 2, 0, 1)
  (0, 0, 0, 5, 0, 1, 2, 0, 1)
  (0, 0, 0, 5, 0, 1, 0, 0, 3)
  (0, 0, 0, 5, 0, 4, 0, 0, 0)

Path 293 (7 moves):
  (1, 1, 1, 1, 1, 1, 1, 1, 1)
  (1, 1, 1, 2, 0, 1, 1, 1, 1)
  (1, 0, 2, 2, 0, 1, 1, 1, 1)
  (1, 0, 2, 2, 0, 1, 2, 0, 1)
  (3, 0, 0, 2, 0, 1, 2, 0, 1)
  (3, 0, 0, 0, 0, 3, 2, 0, 1)
  (3, 0, 0, 0, 0, 0, 2, 0, 4)
  (3, 0, 0, 0, 0, 0, 0, 0, 6)

Path 294 (7 moves):
  (1, 1, 1, 1, 1, 1, 1, 1, 1)
  (1, 1, 1, 2, 0, 1, 1, 1, 1)
  (1, 0, 2, 2, 0, 1, 1, 1, 1)
  (1, 0, 2, 2, 0, 1, 2, 0, 1)
  (3, 0, 0, 2, 0, 1, 2, 0, 1)
  (3, 0, 0, 0, 0, 3, 2, 0, 1)
  (3, 0, 0, 0, 0, 3, 0, 0, 3)
  (3, 0, 0, 0, 0, 0, 0, 0, 6)

Path 295 (7 moves):
  (1, 1, 1, 1, 1, 1, 1, 1, 1)
  (1, 1, 1, 2, 0, 1, 1, 1, 1)
  (1, 0, 2, 2, 0, 1, 1, 1, 1)
  (1, 0, 2, 2, 0, 1, 2, 0, 1)
  (3, 0, 0, 2, 0, 1, 2, 0, 1)
  (3, 0, 0, 0, 0, 3, 2, 0, 1)
  (3, 0, 0, 0, 0, 3, 0, 0, 3)
  (3, 0, 0, 0, 0, 6, 0, 0, 0)

Path 296 (7 moves):
  (1, 1, 1, 1, 1, 1, 1, 1, 1)
  (1, 1, 1, 2, 0, 1, 1, 1, 1)
  (1, 0, 2, 2, 0, 1, 1, 1, 1)
  (1, 0, 2, 2, 0, 1, 2, 0, 1)
  (3, 0, 0, 2, 0, 1, 2, 0, 1)
  (3, 0, 0, 2, 0, 0, 3, 0, 1)
  (0, 0, 0, 5, 0, 0, 3, 0, 1)
  (0, 0, 0, 0, 0, 0, 3, 0, 6)

Path 297 (7 moves):
  (1, 1, 1, 1, 1, 1, 1, 1, 1)
  (1, 1, 1, 2, 0, 1, 1, 1, 1)
  (1, 0, 2, 2, 0, 1, 1, 1, 1)
  (1, 0, 2, 2, 0, 1, 2, 0, 1)
  (3, 0, 0, 2, 0, 1, 2, 0, 1)
  (3, 0, 0, 2, 0, 0, 3, 0, 1)
  (0, 0, 0, 5, 0, 0, 3, 0, 1)
  (0, 0, 0, 8, 0, 0, 0, 0, 1)

Path 298 (7 moves):
  (1, 1, 1, 1, 1, 1, 1, 1, 1)
  (1, 1, 1, 2, 0, 1, 1, 1, 1)
  (1, 0, 2, 2, 0, 1, 1, 1, 1)
  (1, 0, 2, 2, 0, 1, 2, 0, 1)
  (3, 0, 0, 2, 0, 1, 2, 0, 1)
  (3, 0, 0, 2, 0, 0, 3, 0, 1)
  (3, 0, 0, 5, 0, 0, 0, 0, 1)
  (0, 0, 0, 8, 0, 0, 0, 0, 1)

Path 299 (7 moves):
  (1, 1, 1, 1, 1, 1, 1, 1, 1)
  (1, 1, 1, 2, 0, 1, 1, 1, 1)
  (1, 0, 2, 2, 0, 1, 1, 1, 1)
  (1, 0, 2, 2, 0, 1, 2, 0, 1)
  (3, 0, 0, 2, 0, 1, 2, 0, 1)
  (3, 0, 0, 2, 0, 0, 3, 0, 1)
  (3, 0, 0, 5, 0, 0, 0, 0, 1)
  (3, 0, 0, 0, 0, 0, 0, 0, 6)

Path 300 (7 moves):
  (1, 1, 1, 1, 1, 1, 1, 1, 1)
  (1, 1, 1, 2, 0, 1, 1, 1, 1)
  (1, 0, 2, 2, 0, 1, 1, 1, 1)
  (1, 0, 2, 2, 0, 1, 2, 0, 1)
  (3, 0, 0, 2, 0, 1, 2, 0, 1)
  (3, 0, 0, 2, 0, 1, 0, 0, 3)
  (0, 0, 0, 5, 0, 1, 0, 0, 3)
  (0, 0, 0, 0, 0, 1, 0, 0, 8)

Path 301 (7 moves):
  (1, 1, 1, 1, 1, 1, 1, 1, 1)
  (1, 1, 1, 2, 0, 1, 1, 1, 1)
  (1, 0, 2, 2, 0, 1, 1, 1, 1)
  (1, 0, 2, 2, 0, 1, 2, 0, 1)
  (3, 0, 0, 2, 0, 1, 2, 0, 1)
  (3, 0, 0, 2, 0, 1, 0, 0, 3)
  (0, 0, 0, 5, 0, 1, 0, 0, 3)
  (0, 0, 0, 5, 0, 4, 0, 0, 0)

Path 302 (7 moves):
  (1, 1, 1, 1, 1, 1, 1, 1, 1)
  (1, 1, 1, 2, 0, 1, 1, 1, 1)
  (1, 0, 2, 2, 0, 1, 1, 1, 1)
  (1, 0, 2, 2, 0, 1, 2, 0, 1)
  (3, 0, 0, 2, 0, 1, 2, 0, 1)
  (3, 0, 0, 2, 0, 1, 0, 0, 3)
  (3, 0, 0, 0, 0, 3, 0, 0, 3)
  (3, 0, 0, 0, 0, 0, 0, 0, 6)

Path 303 (7 moves):
  (1, 1, 1, 1, 1, 1, 1, 1, 1)
  (1, 1, 1, 2, 0, 1, 1, 1, 1)
  (1, 0, 2, 2, 0, 1, 1, 1, 1)
  (1, 0, 2, 2, 0, 1, 2, 0, 1)
  (3, 0, 0, 2, 0, 1, 2, 0, 1)
  (3, 0, 0, 2, 0, 1, 0, 0, 3)
  (3, 0, 0, 0, 0, 3, 0, 0, 3)
  (3, 0, 0, 0, 0, 6, 0, 0, 0)

Path 304 (7 moves):
  (1, 1, 1, 1, 1, 1, 1, 1, 1)
  (1, 1, 1, 2, 0, 1, 1, 1, 1)
  (1, 0, 2, 2, 0, 1, 1, 1, 1)
  (1, 0, 2, 2, 0, 1, 2, 0, 1)
  (3, 0, 0, 2, 0, 1, 2, 0, 1)
  (3, 0, 0, 2, 0, 1, 0, 0, 3)
  (3, 0, 0, 2, 0, 4, 0, 0, 0)
  (0, 0, 0, 5, 0, 4, 0, 0, 0)

Path 305 (7 moves):
  (1, 1, 1, 1, 1, 1, 1, 1, 1)
  (1, 1, 1, 2, 0, 1, 1, 1, 1)
  (1, 0, 2, 2, 0, 1, 1, 1, 1)
  (1, 0, 2, 2, 0, 1, 2, 0, 1)
  (3, 0, 0, 2, 0, 1, 2, 0, 1)
  (3, 0, 0, 2, 0, 1, 0, 0, 3)
  (3, 0, 0, 2, 0, 4, 0, 0, 0)
  (3, 0, 0, 0, 0, 6, 0, 0, 0)

Path 306 (7 moves):
  (1, 1, 1, 1, 1, 1, 1, 1, 1)
  (1, 1, 1, 2, 0, 1, 1, 1, 1)
  (1, 0, 2, 2, 0, 1, 1, 1, 1)
  (1, 0, 2, 2, 0, 1, 2, 0, 1)
  (1, 0, 2, 0, 0, 3, 2, 0, 1)
  (3, 0, 0, 0, 0, 3, 2, 0, 1)
  (3, 0, 0, 0, 0, 0, 2, 0, 4)
  (3, 0, 0, 0, 0, 0, 0, 0, 6)

Path 307 (7 moves):
  (1, 1, 1, 1, 1, 1, 1, 1, 1)
  (1, 1, 1, 2, 0, 1, 1, 1, 1)
  (1, 0, 2, 2, 0, 1, 1, 1, 1)
  (1, 0, 2, 2, 0, 1, 2, 0, 1)
  (1, 0, 2, 0, 0, 3, 2, 0, 1)
  (3, 0, 0, 0, 0, 3, 2, 0, 1)
  (3, 0, 0, 0, 0, 3, 0, 0, 3)
  (3, 0, 0, 0, 0, 0, 0, 0, 6)

Path 308 (7 moves):
  (1, 1, 1, 1, 1, 1, 1, 1, 1)
  (1, 1, 1, 2, 0, 1, 1, 1, 1)
  (1, 0, 2, 2, 0, 1, 1, 1, 1)
  (1, 0, 2, 2, 0, 1, 2, 0, 1)
  (1, 0, 2, 0, 0, 3, 2, 0, 1)
  (3, 0, 0, 0, 0, 3, 2, 0, 1)
  (3, 0, 0, 0, 0, 3, 0, 0, 3)
  (3, 0, 0, 0, 0, 6, 0, 0, 0)

Path 309 (7 moves):
  (1, 1, 1, 1, 1, 1, 1, 1, 1)
  (1, 1, 1, 2, 0, 1, 1, 1, 1)
  (1, 0, 2, 2, 0, 1, 1, 1, 1)
  (1, 0, 2, 2, 0, 1, 2, 0, 1)
  (1, 0, 2, 0, 0, 3, 2, 0, 1)
  (1, 0, 2, 0, 0, 0, 2, 0, 4)
  (3, 0, 0, 0, 0, 0, 2, 0, 4)
  (3, 0, 0, 0, 0, 0, 0, 0, 6)

Path 310 (7 moves):
  (1, 1, 1, 1, 1, 1, 1, 1, 1)
  (1, 1, 1, 2, 0, 1, 1, 1, 1)
  (1, 0, 2, 2, 0, 1, 1, 1, 1)
  (1, 0, 2, 2, 0, 1, 2, 0, 1)
  (1, 0, 2, 0, 0, 3, 2, 0, 1)
  (1, 0, 2, 0, 0, 0, 2, 0, 4)
  (1, 0, 2, 0, 0, 0, 0, 0, 6)
  (3, 0, 0, 0, 0, 0, 0, 0, 6)

Path 311 (7 moves):
  (1, 1, 1, 1, 1, 1, 1, 1, 1)
  (1, 1, 1, 2, 0, 1, 1, 1, 1)
  (1, 0, 2, 2, 0, 1, 1, 1, 1)
  (1, 0, 2, 2, 0, 1, 2, 0, 1)
  (1, 0, 2, 0, 0, 3, 2, 0, 1)
  (1, 0, 2, 0, 0, 0, 2, 0, 4)
  (1, 0, 2, 0, 0, 0, 0, 0, 6)
  (1, 0, 8, 0, 0, 0, 0, 0, 0)

Path 312 (7 moves):
  (1, 1, 1, 1, 1, 1, 1, 1, 1)
  (1, 1, 1, 2, 0, 1, 1, 1, 1)
  (1, 0, 2, 2, 0, 1, 1, 1, 1)
  (1, 0, 2, 2, 0, 1, 2, 0, 1)
  (1, 0, 2, 2, 0, 0, 3, 0, 1)
  (3, 0, 0, 2, 0, 0, 3, 0, 1)
  (0, 0, 0, 5, 0, 0, 3, 0, 1)
  (0, 0, 0, 0, 0, 0, 3, 0, 6)

Path 313 (7 moves):
  (1, 1, 1, 1, 1, 1, 1, 1, 1)
  (1, 1, 1, 2, 0, 1, 1, 1, 1)
  (1, 0, 2, 2, 0, 1, 1, 1, 1)
  (1, 0, 2, 2, 0, 1, 2, 0, 1)
  (1, 0, 2, 2, 0, 0, 3, 0, 1)
  (3, 0, 0, 2, 0, 0, 3, 0, 1)
  (0, 0, 0, 5, 0, 0, 3, 0, 1)
  (0, 0, 0, 8, 0, 0, 0, 0, 1)

Path 314 (7 moves):
  (1, 1, 1, 1, 1, 1, 1, 1, 1)
  (1, 1, 1, 2, 0, 1, 1, 1, 1)
  (1, 0, 2, 2, 0, 1, 1, 1, 1)
  (1, 0, 2, 2, 0, 1, 2, 0, 1)
  (1, 0, 2, 2, 0, 0, 3, 0, 1)
  (3, 0, 0, 2, 0, 0, 3, 0, 1)
  (3, 0, 0, 5, 0, 0, 0, 0, 1)
  (0, 0, 0, 8, 0, 0, 0, 0, 1)

Path 315 (7 moves):
  (1, 1, 1, 1, 1, 1, 1, 1, 1)
  (1, 1, 1, 2, 0, 1, 1, 1, 1)
  (1, 0, 2, 2, 0, 1, 1, 1, 1)
  (1, 0, 2, 2, 0, 1, 2, 0, 1)
  (1, 0, 2, 2, 0, 0, 3, 0, 1)
  (3, 0, 0, 2, 0, 0, 3, 0, 1)
  (3, 0, 0, 5, 0, 0, 0, 0, 1)
  (3, 0, 0, 0, 0, 0, 0, 0, 6)

Path 316 (7 moves):
  (1, 1, 1, 1, 1, 1, 1, 1, 1)
  (1, 1, 1, 2, 0, 1, 1, 1, 1)
  (1, 0, 2, 2, 0, 1, 1, 1, 1)
  (1, 0, 2, 2, 0, 1, 2, 0, 1)
  (1, 0, 2, 2, 0, 0, 3, 0, 1)
  (1, 0, 2, 5, 0, 0, 0, 0, 1)
  (3, 0, 0, 5, 0, 0, 0, 0, 1)
  (0, 0, 0, 8, 0, 0, 0, 0, 1)

Path 317 (7 moves):
  (1, 1, 1, 1, 1, 1, 1, 1, 1)
  (1, 1, 1, 2, 0, 1, 1, 1, 1)
  (1, 0, 2, 2, 0, 1, 1, 1, 1)
  (1, 0, 2, 2, 0, 1, 2, 0, 1)
  (1, 0, 2, 2, 0, 0, 3, 0, 1)
  (1, 0, 2, 5, 0, 0, 0, 0, 1)
  (3, 0, 0, 5, 0, 0, 0, 0, 1)
  (3, 0, 0, 0, 0, 0, 0, 0, 6)

Path 318 (7 moves):
  (1, 1, 1, 1, 1, 1, 1, 1, 1)
  (1, 1, 1, 2, 0, 1, 1, 1, 1)
  (1, 0, 2, 2, 0, 1, 1, 1, 1)
  (1, 0, 2, 2, 0, 1, 2, 0, 1)
  (1, 0, 2, 2, 0, 0, 3, 0, 1)
  (1, 0, 2, 5, 0, 0, 0, 0, 1)
  (1, 0, 2, 0, 0, 0, 0, 0, 6)
  (3, 0, 0, 0, 0, 0, 0, 0, 6)

Path 319 (7 moves):
  (1, 1, 1, 1, 1, 1, 1, 1, 1)
  (1, 1, 1, 2, 0, 1, 1, 1, 1)
  (1, 0, 2, 2, 0, 1, 1, 1, 1)
  (1, 0, 2, 2, 0, 1, 2, 0, 1)
  (1, 0, 2, 2, 0, 0, 3, 0, 1)
  (1, 0, 2, 5, 0, 0, 0, 0, 1)
  (1, 0, 2, 0, 0, 0, 0, 0, 6)
  (1, 0, 8, 0, 0, 0, 0, 0, 0)

Path 320 (7 moves):
  (1, 1, 1, 1, 1, 1, 1, 1, 1)
  (1, 1, 1, 2, 0, 1, 1, 1, 1)
  (1, 0, 2, 2, 0, 1, 1, 1, 1)
  (1, 0, 2, 2, 0, 1, 2, 0, 1)
  (1, 0, 2, 2, 0, 1, 0, 0, 3)
  (3, 0, 0, 2, 0, 1, 0, 0, 3)
  (0, 0, 0, 5, 0, 1, 0, 0, 3)
  (0, 0, 0, 0, 0, 1, 0, 0, 8)

Path 321 (7 moves):
  (1, 1, 1, 1, 1, 1, 1, 1, 1)
  (1, 1, 1, 2, 0, 1, 1, 1, 1)
  (1, 0, 2, 2, 0, 1, 1, 1, 1)
  (1, 0, 2, 2, 0, 1, 2, 0, 1)
  (1, 0, 2, 2, 0, 1, 0, 0, 3)
  (3, 0, 0, 2, 0, 1, 0, 0, 3)
  (0, 0, 0, 5, 0, 1, 0, 0, 3)
  (0, 0, 0, 5, 0, 4, 0, 0, 0)

Path 322 (7 moves):
  (1, 1, 1, 1, 1, 1, 1, 1, 1)
  (1, 1, 1, 2, 0, 1, 1, 1, 1)
  (1, 0, 2, 2, 0, 1, 1, 1, 1)
  (1, 0, 2, 2, 0, 1, 2, 0, 1)
  (1, 0, 2, 2, 0, 1, 0, 0, 3)
  (3, 0, 0, 2, 0, 1, 0, 0, 3)
  (3, 0, 0, 0, 0, 3, 0, 0, 3)
  (3, 0, 0, 0, 0, 0, 0, 0, 6)

Path 323 (7 moves):
  (1, 1, 1, 1, 1, 1, 1, 1, 1)
  (1, 1, 1, 2, 0, 1, 1, 1, 1)
  (1, 0, 2, 2, 0, 1, 1, 1, 1)
  (1, 0, 2, 2, 0, 1, 2, 0, 1)
  (1, 0, 2, 2, 0, 1, 0, 0, 3)
  (3, 0, 0, 2, 0, 1, 0, 0, 3)
  (3, 0, 0, 0, 0, 3, 0, 0, 3)
  (3, 0, 0, 0, 0, 6, 0, 0, 0)

Path 324 (7 moves):
  (1, 1, 1, 1, 1, 1, 1, 1, 1)
  (1, 1, 1, 2, 0, 1, 1, 1, 1)
  (1, 0, 2, 2, 0, 1, 1, 1, 1)
  (1, 0, 2, 2, 0, 1, 2, 0, 1)
  (1, 0, 2, 2, 0, 1, 0, 0, 3)
  (3, 0, 0, 2, 0, 1, 0, 0, 3)
  (3, 0, 0, 2, 0, 4, 0, 0, 0)
  (0, 0, 0, 5, 0, 4, 0, 0, 0)

Path 325 (7 moves):
  (1, 1, 1, 1, 1, 1, 1, 1, 1)
  (1, 1, 1, 2, 0, 1, 1, 1, 1)
  (1, 0, 2, 2, 0, 1, 1, 1, 1)
  (1, 0, 2, 2, 0, 1, 2, 0, 1)
  (1, 0, 2, 2, 0, 1, 0, 0, 3)
  (3, 0, 0, 2, 0, 1, 0, 0, 3)
  (3, 0, 0, 2, 0, 4, 0, 0, 0)
  (3, 0, 0, 0, 0, 6, 0, 0, 0)

Path 326 (7 moves):
  (1, 1, 1, 1, 1, 1, 1, 1, 1)
  (1, 1, 1, 2, 0, 1, 1, 1, 1)
  (1, 0, 2, 2, 0, 1, 1, 1, 1)
  (1, 0, 2, 2, 0, 1, 2, 0, 1)
  (1, 0, 2, 2, 0, 1, 0, 0, 3)
  (1, 0, 2, 2, 0, 4, 0, 0, 0)
  (3, 0, 0, 2, 0, 4, 0, 0, 0)
  (0, 0, 0, 5, 0, 4, 0, 0, 0)

Path 327 (7 moves):
  (1, 1, 1, 1, 1, 1, 1, 1, 1)
  (1, 1, 1, 2, 0, 1, 1, 1, 1)
  (1, 0, 2, 2, 0, 1, 1, 1, 1)
  (1, 0, 2, 2, 0, 1, 2, 0, 1)
  (1, 0, 2, 2, 0, 1, 0, 0, 3)
  (1, 0, 2, 2, 0, 4, 0, 0, 0)
  (3, 0, 0, 2, 0, 4, 0, 0, 0)
  (3, 0, 0, 0, 0, 6, 0, 0, 0)

Path 328 (7 moves):
  (1, 1, 1, 1, 1, 1, 1, 1, 1)
  (1, 1, 1, 2, 0, 1, 1, 1, 1)
  (1, 0, 2, 2, 0, 1, 1, 1, 1)
  (1, 0, 2, 2, 0, 1, 2, 0, 1)
  (1, 0, 2, 2, 0, 1, 0, 0, 3)
  (1, 0, 2, 2, 0, 4, 0, 0, 0)
  (1, 0, 2, 0, 0, 6, 0, 0, 0)
  (3, 0, 0, 0, 0, 6, 0, 0, 0)

Path 329 (7 moves):
  (1, 1, 1, 1, 1, 1, 1, 1, 1)
  (1, 1, 1, 2, 0, 1, 1, 1, 1)
  (1, 2, 0, 2, 0, 1, 1, 1, 1)
  (1, 2, 0, 2, 0, 1, 1, 2, 0)
  (0, 3, 0, 2, 0, 1, 1, 2, 0)
  (0, 3, 0, 2, 0, 0, 2, 2, 0)
  (0, 5, 0, 0, 0, 0, 2, 2, 0)
  (0, 0, 0, 0, 0, 0, 7, 2, 0)

Path 330 (7 moves):
  (1, 1, 1, 1, 1, 1, 1, 1, 1)
  (1, 1, 1, 2, 0, 1, 1, 1, 1)
  (1, 2, 0, 2, 0, 1, 1, 1, 1)
  (1, 2, 0, 2, 0, 1, 1, 2, 0)
  (0, 3, 0, 2, 0, 1, 1, 2, 0)
  (0, 3, 0, 2, 0, 3, 1, 0, 0)
  (0, 5, 0, 0, 0, 3, 1, 0, 0)
  (0, 0, 0, 0, 0, 3, 6, 0, 0)

Path 331 (7 moves):
  (1, 1, 1, 1, 1, 1, 1, 1, 1)
  (1, 1, 1, 2, 0, 1, 1, 1, 1)
  (1, 2, 0, 2, 0, 1, 1, 1, 1)
  (1, 2, 0, 2, 0, 1, 1, 2, 0)
  (0, 3, 0, 2, 0, 1, 1, 2, 0)
  (0, 3, 0, 2, 0, 3, 1, 0, 0)
  (0, 3, 0, 0, 0, 5, 1, 0, 0)
  (0, 3, 0, 0, 0, 6, 0, 0, 0)

Path 332 (7 moves):
  (1, 1, 1, 1, 1, 1, 1, 1, 1)
  (1, 1, 1, 2, 0, 1, 1, 1, 1)
  (1, 2, 0, 2, 0, 1, 1, 1, 1)
  (1, 2, 0, 2, 0, 1, 1, 2, 0)
  (0, 3, 0, 2, 0, 1, 1, 2, 0)
  (0, 3, 0, 2, 0, 3, 1, 0, 0)
  (0, 3, 0, 2, 0, 4, 0, 0, 0)
  (0, 3, 0, 0, 0, 6, 0, 0, 0)

Path 333 (7 moves):
  (1, 1, 1, 1, 1, 1, 1, 1, 1)
  (1, 1, 1, 2, 0, 1, 1, 1, 1)
  (1, 2, 0, 2, 0, 1, 1, 1, 1)
  (1, 2, 0, 2, 0, 1, 1, 2, 0)
  (1, 0, 0, 4, 0, 1, 1, 2, 0)
  (1, 0, 0, 4, 0, 1, 0, 3, 0)
  (1, 0, 0, 0, 0, 1, 0, 7, 0)
  (8, 0, 0, 0, 0, 1, 0, 0, 0)

Path 334 (7 moves):
  (1, 1, 1, 1, 1, 1, 1, 1, 1)
  (1, 1, 1, 2, 0, 1, 1, 1, 1)
  (1, 2, 0, 2, 0, 1, 1, 1, 1)
  (1, 2, 0, 2, 0, 1, 1, 2, 0)
  (1, 4, 0, 0, 0, 1, 1, 2, 0)
  (1, 0, 0, 0, 0, 5, 1, 2, 0)
  (6, 0, 0, 0, 0, 0, 1, 2, 0)
  (0, 0, 0, 0, 0, 0, 7, 2, 0)

Path 335 (7 moves):
  (1, 1, 1, 1, 1, 1, 1, 1, 1)
  (1, 1, 1, 2, 0, 1, 1, 1, 1)
  (1, 2, 0, 2, 0, 1, 1, 1, 1)
  (1, 2, 0, 2, 0, 1, 1, 2, 0)
  (1, 4, 0, 0, 0, 1, 1, 2, 0)
  (1, 0, 0, 0, 0, 5, 1, 2, 0)
  (6, 0, 0, 0, 0, 0, 1, 2, 0)
  (6, 0, 0, 0, 0, 0, 0, 3, 0)

Path 336 (7 moves):
  (1, 1, 1, 1, 1, 1, 1, 1, 1)
  (1, 1, 1, 2, 0, 1, 1, 1, 1)
  (1, 2, 0, 2, 0, 1, 1, 1, 1)
  (1, 2, 0, 2, 0, 1, 1, 2, 0)
  (1, 4, 0, 0, 0, 1, 1, 2, 0)
  (1, 0, 0, 0, 0, 5, 1, 2, 0)
  (1, 0, 0, 0, 0, 6, 0, 2, 0)
  (1, 0, 0, 0, 0, 8, 0, 0, 0)

Path 337 (7 moves):
  (1, 1, 1, 1, 1, 1, 1, 1, 1)
  (1, 1, 1, 2, 0, 1, 1, 1, 1)
  (1, 2, 0, 2, 0, 1, 1, 1, 1)
  (1, 2, 0, 2, 0, 1, 1, 2, 0)
  (1, 4, 0, 0, 0, 1, 1, 2, 0)
  (1, 0, 0, 0, 0, 5, 1, 2, 0)
  (1, 0, 0, 0, 0, 5, 0, 3, 0)
  (6, 0, 0, 0, 0, 0, 0, 3, 0)

Path 338 (7 moves):
  (1, 1, 1, 1, 1, 1, 1, 1, 1)
  (1, 1, 1, 2, 0, 1, 1, 1, 1)
  (1, 2, 0, 2, 0, 1, 1, 1, 1)
  (1, 2, 0, 2, 0, 1, 1, 2, 0)
  (1, 4, 0, 0, 0, 1, 1, 2, 0)
  (1, 0, 0, 0, 0, 5, 1, 2, 0)
  (1, 0, 0, 0, 0, 7, 1, 0, 0)
  (1, 0, 0, 0, 0, 8, 0, 0, 0)

Path 339 (7 moves):
  (1, 1, 1, 1, 1, 1, 1, 1, 1)
  (1, 1, 1, 2, 0, 1, 1, 1, 1)
  (1, 2, 0, 2, 0, 1, 1, 1, 1)
  (1, 2, 0, 2, 0, 1, 1, 2, 0)
  (1, 4, 0, 0, 0, 1, 1, 2, 0)
  (1, 4, 0, 0, 0, 0, 2, 2, 0)
  (0, 5, 0, 0, 0, 0, 2, 2, 0)
  (0, 0, 0, 0, 0, 0, 7, 2, 0)

Path 340 (7 moves):
  (1, 1, 1, 1, 1, 1, 1, 1, 1)
  (1, 1, 1, 2, 0, 1, 1, 1, 1)
  (1, 2, 0, 2, 0, 1, 1, 1, 1)
  (1, 2, 0, 2, 0, 1, 1, 2, 0)
  (1, 4, 0, 0, 0, 1, 1, 2, 0)
  (1, 4, 0, 0, 0, 2, 0, 2, 0)
  (0, 5, 0, 0, 0, 2, 0, 2, 0)
  (0, 5, 0, 0, 0, 0, 0, 4, 0)

Path 341 (7 moves):
  (1, 1, 1, 1, 1, 1, 1, 1, 1)
  (1, 1, 1, 2, 0, 1, 1, 1, 1)
  (1, 2, 0, 2, 0, 1, 1, 1, 1)
  (1, 2, 0, 2, 0, 1, 1, 2, 0)
  (1, 4, 0, 0, 0, 1, 1, 2, 0)
  (1, 4, 0, 0, 0, 2, 0, 2, 0)
  (1, 0, 0, 0, 0, 6, 0, 2, 0)
  (1, 0, 0, 0, 0, 8, 0, 0, 0)

Path 342 (7 moves):
  (1, 1, 1, 1, 1, 1, 1, 1, 1)
  (1, 1, 1, 2, 0, 1, 1, 1, 1)
  (1, 2, 0, 2, 0, 1, 1, 1, 1)
  (1, 2, 0, 2, 0, 1, 1, 2, 0)
  (1, 4, 0, 0, 0, 1, 1, 2, 0)
  (1, 4, 0, 0, 0, 2, 0, 2, 0)
  (1, 4, 0, 0, 0, 0, 0, 4, 0)
  (0, 5, 0, 0, 0, 0, 0, 4, 0)

Path 343 (7 moves):
  (1, 1, 1, 1, 1, 1, 1, 1, 1)
  (1, 1, 1, 2, 0, 1, 1, 1, 1)
  (1, 2, 0, 2, 0, 1, 1, 1, 1)
  (1, 2, 0, 2, 0, 1, 1, 2, 0)
  (1, 4, 0, 0, 0, 1, 1, 2, 0)
  (1, 4, 0, 0, 0, 2, 0, 2, 0)
  (1, 4, 0, 0, 0, 4, 0, 0, 0)
  (1, 0, 0, 0, 0, 8, 0, 0, 0)

Path 344 (7 moves):
  (1, 1, 1, 1, 1, 1, 1, 1, 1)
  (1, 1, 1, 2, 0, 1, 1, 1, 1)
  (1, 2, 0, 2, 0, 1, 1, 1, 1)
  (1, 2, 0, 2, 0, 1, 1, 2, 0)
  (1, 4, 0, 0, 0, 1, 1, 2, 0)
  (1, 4, 0, 0, 0, 3, 1, 0, 0)
  (0, 5, 0, 0, 0, 3, 1, 0, 0)
  (0, 0, 0, 0, 0, 3, 6, 0, 0)

Path 345 (7 moves):
  (1, 1, 1, 1, 1, 1, 1, 1, 1)
  (1, 1, 1, 2, 0, 1, 1, 1, 1)
  (1, 2, 0, 2, 0, 1, 1, 1, 1)
  (1, 2, 0, 2, 0, 1, 1, 2, 0)
  (1, 4, 0, 0, 0, 1, 1, 2, 0)
  (1, 4, 0, 0, 0, 3, 1, 0, 0)
  (1, 0, 0, 0, 0, 7, 1, 0, 0)
  (1, 0, 0, 0, 0, 8, 0, 0, 0)

Path 346 (7 moves):
  (1, 1, 1, 1, 1, 1, 1, 1, 1)
  (1, 1, 1, 2, 0, 1, 1, 1, 1)
  (1, 2, 0, 2, 0, 1, 1, 1, 1)
  (1, 2, 0, 2, 0, 1, 1, 2, 0)
  (1, 4, 0, 0, 0, 1, 1, 2, 0)
  (1, 4, 0, 0, 0, 3, 1, 0, 0)
  (1, 4, 0, 0, 0, 4, 0, 0, 0)
  (1, 0, 0, 0, 0, 8, 0, 0, 0)

Path 347 (7 moves):
  (1, 1, 1, 1, 1, 1, 1, 1, 1)
  (1, 1, 1, 2, 0, 1, 1, 1, 1)
  (1, 2, 0, 2, 0, 1, 1, 1, 1)
  (1, 2, 0, 2, 0, 1, 1, 2, 0)
  (1, 2, 0, 0, 0, 3, 1, 2, 0)
  (1, 2, 0, 0, 0, 4, 0, 2, 0)
  (0, 3, 0, 0, 0, 4, 0, 2, 0)
  (0, 7, 0, 0, 0, 0, 0, 2, 0)

Path 348 (7 moves):
  (1, 1, 1, 1, 1, 1, 1, 1, 1)
  (1, 1, 1, 2, 0, 1, 1, 1, 1)
  (1, 2, 0, 2, 0, 1, 1, 1, 1)
  (1, 2, 0, 2, 0, 1, 1, 2, 0)
  (1, 2, 0, 0, 0, 3, 1, 2, 0)
  (1, 2, 0, 0, 0, 4, 0, 2, 0)
  (0, 3, 0, 0, 0, 4, 0, 2, 0)
  (0, 3, 0, 0, 0, 6, 0, 0, 0)

Path 349 (7 moves):
  (1, 1, 1, 1, 1, 1, 1, 1, 1)
  (1, 1, 1, 2, 0, 1, 1, 1, 1)
  (1, 2, 0, 2, 0, 1, 1, 1, 1)
  (1, 2, 0, 2, 0, 1, 1, 2, 0)
  (1, 2, 0, 0, 0, 3, 1, 2, 0)
  (1, 2, 0, 0, 0, 4, 0, 2, 0)
  (1, 6, 0, 0, 0, 0, 0, 2, 0)
  (0, 7, 0, 0, 0, 0, 0, 2, 0)

Path 350 (7 moves):
  (1, 1, 1, 1, 1, 1, 1, 1, 1)
  (1, 1, 1, 2, 0, 1, 1, 1, 1)
  (1, 2, 0, 2, 0, 1, 1, 1, 1)
  (1, 2, 0, 2, 0, 1, 1, 2, 0)
  (1, 2, 0, 0, 0, 3, 1, 2, 0)
  (1, 2, 0, 0, 0, 4, 0, 2, 0)
  (1, 6, 0, 0, 0, 0, 0, 2, 0)
  (1, 0, 0, 0, 0, 0, 0, 8, 0)

Path 351 (7 moves):
  (1, 1, 1, 1, 1, 1, 1, 1, 1)
  (1, 1, 1, 2, 0, 1, 1, 1, 1)
  (1, 2, 0, 2, 0, 1, 1, 1, 1)
  (1, 2, 0, 2, 0, 1, 1, 2, 0)
  (1, 2, 0, 0, 0, 3, 1, 2, 0)
  (1, 2, 0, 0, 0, 4, 0, 2, 0)
  (1, 2, 0, 0, 0, 6, 0, 0, 0)
  (0, 3, 0, 0, 0, 6, 0, 0, 0)

Path 352 (7 moves):
  (1, 1, 1, 1, 1, 1, 1, 1, 1)
  (1, 1, 1, 2, 0, 1, 1, 1, 1)
  (1, 2, 0, 2, 0, 1, 1, 1, 1)
  (1, 2, 0, 2, 0, 1, 1, 2, 0)
  (1, 2, 0, 0, 0, 3, 1, 2, 0)
  (1, 2, 0, 0, 0, 5, 1, 0, 0)
  (0, 3, 0, 0, 0, 5, 1, 0, 0)
  (0, 3, 0, 0, 0, 6, 0, 0, 0)

Path 353 (7 moves):
  (1, 1, 1, 1, 1, 1, 1, 1, 1)
  (1, 1, 1, 2, 0, 1, 1, 1, 1)
  (1, 2, 0, 2, 0, 1, 1, 1, 1)
  (1, 2, 0, 2, 0, 1, 1, 2, 0)
  (1, 2, 0, 0, 0, 3, 1, 2, 0)
  (1, 2, 0, 0, 0, 5, 1, 0, 0)
  (6, 2, 0, 0, 0, 0, 1, 0, 0)
  (0, 2, 0, 0, 0, 0, 7, 0, 0)

Path 354 (7 moves):
  (1, 1, 1, 1, 1, 1, 1, 1, 1)
  (1, 1, 1, 2, 0, 1, 1, 1, 1)
  (1, 2, 0, 2, 0, 1, 1, 1, 1)
  (1, 2, 0, 2, 0, 1, 1, 2, 0)
  (1, 2, 0, 0, 0, 3, 1, 2, 0)
  (1, 2, 0, 0, 0, 5, 1, 0, 0)
  (1, 2, 0, 0, 0, 6, 0, 0, 0)
  (0, 3, 0, 0, 0, 6, 0, 0, 0)

Path 355 (7 moves):
  (1, 1, 1, 1, 1, 1, 1, 1, 1)
  (1, 1, 1, 2, 0, 1, 1, 1, 1)
  (1, 2, 0, 2, 0, 1, 1, 1, 1)
  (1, 2, 0, 2, 0, 1, 1, 2, 0)
  (1, 2, 0, 2, 0, 0, 2, 2, 0)
  (0, 3, 0, 2, 0, 0, 2, 2, 0)
  (0, 5, 0, 0, 0, 0, 2, 2, 0)
  (0, 0, 0, 0, 0, 0, 7, 2, 0)

Path 356 (7 moves):
  (1, 1, 1, 1, 1, 1, 1, 1, 1)
  (1, 1, 1, 2, 0, 1, 1, 1, 1)
  (1, 2, 0, 2, 0, 1, 1, 1, 1)
  (1, 2, 0, 2, 0, 1, 1, 2, 0)
  (1, 2, 0, 2, 0, 0, 2, 2, 0)
  (1, 4, 0, 0, 0, 0, 2, 2, 0)
  (0, 5, 0, 0, 0, 0, 2, 2, 0)
  (0, 0, 0, 0, 0, 0, 7, 2, 0)

Path 357 (7 moves):
  (1, 1, 1, 1, 1, 1, 1, 1, 1)
  (1, 1, 1, 2, 0, 1, 1, 1, 1)
  (1, 2, 0, 2, 0, 1, 1, 1, 1)
  (1, 2, 0, 2, 0, 1, 1, 2, 0)
  (1, 2, 0, 2, 0, 2, 0, 2, 0)
  (1, 4, 0, 0, 0, 2, 0, 2, 0)
  (0, 5, 0, 0, 0, 2, 0, 2, 0)
  (0, 5, 0, 0, 0, 0, 0, 4, 0)

Path 358 (7 moves):
  (1, 1, 1, 1, 1, 1, 1, 1, 1)
  (1, 1, 1, 2, 0, 1, 1, 1, 1)
  (1, 2, 0, 2, 0, 1, 1, 1, 1)
  (1, 2, 0, 2, 0, 1, 1, 2, 0)
  (1, 2, 0, 2, 0, 2, 0, 2, 0)
  (1, 4, 0, 0, 0, 2, 0, 2, 0)
  (1, 0, 0, 0, 0, 6, 0, 2, 0)
  (1, 0, 0, 0, 0, 8, 0, 0, 0)

Path 359 (7 moves):
  (1, 1, 1, 1, 1, 1, 1, 1, 1)
  (1, 1, 1, 2, 0, 1, 1, 1, 1)
  (1, 2, 0, 2, 0, 1, 1, 1, 1)
  (1, 2, 0, 2, 0, 1, 1, 2, 0)
  (1, 2, 0, 2, 0, 2, 0, 2, 0)
  (1, 4, 0, 0, 0, 2, 0, 2, 0)
  (1, 4, 0, 0, 0, 0, 0, 4, 0)
  (0, 5, 0, 0, 0, 0, 0, 4, 0)

Path 360 (7 moves):
  (1, 1, 1, 1, 1, 1, 1, 1, 1)
  (1, 1, 1, 2, 0, 1, 1, 1, 1)
  (1, 2, 0, 2, 0, 1, 1, 1, 1)
  (1, 2, 0, 2, 0, 1, 1, 2, 0)
  (1, 2, 0, 2, 0, 2, 0, 2, 0)
  (1, 4, 0, 0, 0, 2, 0, 2, 0)
  (1, 4, 0, 0, 0, 4, 0, 0, 0)
  (1, 0, 0, 0, 0, 8, 0, 0, 0)

Path 361 (7 moves):
  (1, 1, 1, 1, 1, 1, 1, 1, 1)
  (1, 1, 1, 2, 0, 1, 1, 1, 1)
  (1, 2, 0, 2, 0, 1, 1, 1, 1)
  (1, 2, 0, 2, 0, 1, 1, 2, 0)
  (1, 2, 0, 2, 0, 2, 0, 2, 0)
  (1, 2, 0, 0, 0, 4, 0, 2, 0)
  (0, 3, 0, 0, 0, 4, 0, 2, 0)
  (0, 7, 0, 0, 0, 0, 0, 2, 0)

Path 362 (7 moves):
  (1, 1, 1, 1, 1, 1, 1, 1, 1)
  (1, 1, 1, 2, 0, 1, 1, 1, 1)
  (1, 2, 0, 2, 0, 1, 1, 1, 1)
  (1, 2, 0, 2, 0, 1, 1, 2, 0)
  (1, 2, 0, 2, 0, 2, 0, 2, 0)
  (1, 2, 0, 0, 0, 4, 0, 2, 0)
  (0, 3, 0, 0, 0, 4, 0, 2, 0)
  (0, 3, 0, 0, 0, 6, 0, 0, 0)

Path 363 (7 moves):
  (1, 1, 1, 1, 1, 1, 1, 1, 1)
  (1, 1, 1, 2, 0, 1, 1, 1, 1)
  (1, 2, 0, 2, 0, 1, 1, 1, 1)
  (1, 2, 0, 2, 0, 1, 1, 2, 0)
  (1, 2, 0, 2, 0, 2, 0, 2, 0)
  (1, 2, 0, 0, 0, 4, 0, 2, 0)
  (1, 6, 0, 0, 0, 0, 0, 2, 0)
  (0, 7, 0, 0, 0, 0, 0, 2, 0)

Path 364 (7 moves):
  (1, 1, 1, 1, 1, 1, 1, 1, 1)
  (1, 1, 1, 2, 0, 1, 1, 1, 1)
  (1, 2, 0, 2, 0, 1, 1, 1, 1)
  (1, 2, 0, 2, 0, 1, 1, 2, 0)
  (1, 2, 0, 2, 0, 2, 0, 2, 0)
  (1, 2, 0, 0, 0, 4, 0, 2, 0)
  (1, 6, 0, 0, 0, 0, 0, 2, 0)
  (1, 0, 0, 0, 0, 0, 0, 8, 0)

Path 365 (7 moves):
  (1, 1, 1, 1, 1, 1, 1, 1, 1)
  (1, 1, 1, 2, 0, 1, 1, 1, 1)
  (1, 2, 0, 2, 0, 1, 1, 1, 1)
  (1, 2, 0, 2, 0, 1, 1, 2, 0)
  (1, 2, 0, 2, 0, 2, 0, 2, 0)
  (1, 2, 0, 0, 0, 4, 0, 2, 0)
  (1, 2, 0, 0, 0, 6, 0, 0, 0)
  (0, 3, 0, 0, 0, 6, 0, 0, 0)

Path 366 (7 moves):
  (1, 1, 1, 1, 1, 1, 1, 1, 1)
  (1, 1, 1, 2, 0, 1, 1, 1, 1)
  (1, 2, 0, 2, 0, 1, 1, 1, 1)
  (1, 2, 0, 2, 0, 1, 1, 2, 0)
  (1, 2, 0, 2, 0, 2, 0, 2, 0)
  (1, 2, 0, 2, 0, 0, 0, 4, 0)
  (0, 3, 0, 2, 0, 0, 0, 4, 0)
  (0, 5, 0, 0, 0, 0, 0, 4, 0)

Path 367 (7 moves):
  (1, 1, 1, 1, 1, 1, 1, 1, 1)
  (1, 1, 1, 2, 0, 1, 1, 1, 1)
  (1, 2, 0, 2, 0, 1, 1, 1, 1)
  (1, 2, 0, 2, 0, 1, 1, 2, 0)
  (1, 2, 0, 2, 0, 2, 0, 2, 0)
  (1, 2, 0, 2, 0, 0, 0, 4, 0)
  (0, 3, 0, 2, 0, 0, 0, 4, 0)
  (0, 3, 0, 6, 0, 0, 0, 0, 0)

Path 368 (7 moves):
  (1, 1, 1, 1, 1, 1, 1, 1, 1)
  (1, 1, 1, 2, 0, 1, 1, 1, 1)
  (1, 2, 0, 2, 0, 1, 1, 1, 1)
  (1, 2, 0, 2, 0, 1, 1, 2, 0)
  (1, 2, 0, 2, 0, 2, 0, 2, 0)
  (1, 2, 0, 2, 0, 0, 0, 4, 0)
  (1, 0, 0, 4, 0, 0, 0, 4, 0)
  (1, 0, 0, 0, 0, 0, 0, 8, 0)

Path 369 (7 moves):
  (1, 1, 1, 1, 1, 1, 1, 1, 1)
  (1, 1, 1, 2, 0, 1, 1, 1, 1)
  (1, 2, 0, 2, 0, 1, 1, 1, 1)
  (1, 2, 0, 2, 0, 1, 1, 2, 0)
  (1, 2, 0, 2, 0, 2, 0, 2, 0)
  (1, 2, 0, 2, 0, 0, 0, 4, 0)
  (1, 0, 0, 4, 0, 0, 0, 4, 0)
  (1, 0, 0, 8, 0, 0, 0, 0, 0)

Path 370 (7 moves):
  (1, 1, 1, 1, 1, 1, 1, 1, 1)
  (1, 1, 1, 2, 0, 1, 1, 1, 1)
  (1, 2, 0, 2, 0, 1, 1, 1, 1)
  (1, 2, 0, 2, 0, 1, 1, 2, 0)
  (1, 2, 0, 2, 0, 2, 0, 2, 0)
  (1, 2, 0, 2, 0, 0, 0, 4, 0)
  (1, 4, 0, 0, 0, 0, 0, 4, 0)
  (0, 5, 0, 0, 0, 0, 0, 4, 0)

Path 371 (7 moves):
  (1, 1, 1, 1, 1, 1, 1, 1, 1)
  (1, 1, 1, 2, 0, 1, 1, 1, 1)
  (1, 2, 0, 2, 0, 1, 1, 1, 1)
  (1, 2, 0, 2, 0, 1, 1, 2, 0)
  (1, 2, 0, 2, 0, 2, 0, 2, 0)
  (1, 2, 0, 2, 0, 0, 0, 4, 0)
  (1, 2, 0, 6, 0, 0, 0, 0, 0)
  (0, 3, 0, 6, 0, 0, 0, 0, 0)

Path 372 (7 moves):
  (1, 1, 1, 1, 1, 1, 1, 1, 1)
  (1, 1, 1, 2, 0, 1, 1, 1, 1)
  (1, 2, 0, 2, 0, 1, 1, 1, 1)
  (1, 2, 0, 2, 0, 1, 1, 2, 0)
  (1, 2, 0, 2, 0, 2, 0, 2, 0)
  (1, 2, 0, 2, 0, 0, 0, 4, 0)
  (1, 2, 0, 6, 0, 0, 0, 0, 0)
  (1, 0, 0, 8, 0, 0, 0, 0, 0)

Path 373 (7 moves):
  (1, 1, 1, 1, 1, 1, 1, 1, 1)
  (1, 1, 1, 2, 0, 1, 1, 1, 1)
  (1, 2, 0, 2, 0, 1, 1, 1, 1)
  (1, 2, 0, 2, 0, 1, 1, 2, 0)
  (1, 2, 0, 2, 0, 1, 0, 3, 0)
  (1, 0, 0, 4, 0, 1, 0, 3, 0)
  (1, 0, 0, 0, 0, 1, 0, 7, 0)
  (8, 0, 0, 0, 0, 1, 0, 0, 0)

Path 374 (7 moves):
  (1, 1, 1, 1, 1, 1, 1, 1, 1)
  (1, 1, 1, 2, 0, 1, 1, 1, 1)
  (1, 2, 0, 2, 0, 1, 1, 1, 1)
  (1, 2, 0, 2, 0, 1, 1, 2, 0)
  (1, 2, 0, 2, 0, 3, 1, 0, 0)
  (0, 3, 0, 2, 0, 3, 1, 0, 0)
  (0, 5, 0, 0, 0, 3, 1, 0, 0)
  (0, 0, 0, 0, 0, 3, 6, 0, 0)

Path 375 (7 moves):
  (1, 1, 1, 1, 1, 1, 1, 1, 1)
  (1, 1, 1, 2, 0, 1, 1, 1, 1)
  (1, 2, 0, 2, 0, 1, 1, 1, 1)
  (1, 2, 0, 2, 0, 1, 1, 2, 0)
  (1, 2, 0, 2, 0, 3, 1, 0, 0)
  (0, 3, 0, 2, 0, 3, 1, 0, 0)
  (0, 3, 0, 0, 0, 5, 1, 0, 0)
  (0, 3, 0, 0, 0, 6, 0, 0, 0)

Path 376 (7 moves):
  (1, 1, 1, 1, 1, 1, 1, 1, 1)
  (1, 1, 1, 2, 0, 1, 1, 1, 1)
  (1, 2, 0, 2, 0, 1, 1, 1, 1)
  (1, 2, 0, 2, 0, 1, 1, 2, 0)
  (1, 2, 0, 2, 0, 3, 1, 0, 0)
  (0, 3, 0, 2, 0, 3, 1, 0, 0)
  (0, 3, 0, 2, 0, 4, 0, 0, 0)
  (0, 3, 0, 0, 0, 6, 0, 0, 0)

Path 377 (7 moves):
  (1, 1, 1, 1, 1, 1, 1, 1, 1)
  (1, 1, 1, 2, 0, 1, 1, 1, 1)
  (1, 2, 0, 2, 0, 1, 1, 1, 1)
  (1, 2, 0, 2, 0, 1, 1, 2, 0)
  (1, 2, 0, 2, 0, 3, 1, 0, 0)
  (1, 4, 0, 0, 0, 3, 1, 0, 0)
  (0, 5, 0, 0, 0, 3, 1, 0, 0)
  (0, 0, 0, 0, 0, 3, 6, 0, 0)

Path 378 (7 moves):
  (1, 1, 1, 1, 1, 1, 1, 1, 1)
  (1, 1, 1, 2, 0, 1, 1, 1, 1)
  (1, 2, 0, 2, 0, 1, 1, 1, 1)
  (1, 2, 0, 2, 0, 1, 1, 2, 0)
  (1, 2, 0, 2, 0, 3, 1, 0, 0)
  (1, 4, 0, 0, 0, 3, 1, 0, 0)
  (1, 0, 0, 0, 0, 7, 1, 0, 0)
  (1, 0, 0, 0, 0, 8, 0, 0, 0)

Path 379 (7 moves):
  (1, 1, 1, 1, 1, 1, 1, 1, 1)
  (1, 1, 1, 2, 0, 1, 1, 1, 1)
  (1, 2, 0, 2, 0, 1, 1, 1, 1)
  (1, 2, 0, 2, 0, 1, 1, 2, 0)
  (1, 2, 0, 2, 0, 3, 1, 0, 0)
  (1, 4, 0, 0, 0, 3, 1, 0, 0)
  (1, 4, 0, 0, 0, 4, 0, 0, 0)
  (1, 0, 0, 0, 0, 8, 0, 0, 0)

Path 380 (7 moves):
  (1, 1, 1, 1, 1, 1, 1, 1, 1)
  (1, 1, 1, 2, 0, 1, 1, 1, 1)
  (1, 2, 0, 2, 0, 1, 1, 1, 1)
  (1, 2, 0, 2, 0, 1, 1, 2, 0)
  (1, 2, 0, 2, 0, 3, 1, 0, 0)
  (1, 2, 0, 0, 0, 5, 1, 0, 0)
  (0, 3, 0, 0, 0, 5, 1, 0, 0)
  (0, 3, 0, 0, 0, 6, 0, 0, 0)

Path 381 (7 moves):
  (1, 1, 1, 1, 1, 1, 1, 1, 1)
  (1, 1, 1, 2, 0, 1, 1, 1, 1)
  (1, 2, 0, 2, 0, 1, 1, 1, 1)
  (1, 2, 0, 2, 0, 1, 1, 2, 0)
  (1, 2, 0, 2, 0, 3, 1, 0, 0)
  (1, 2, 0, 0, 0, 5, 1, 0, 0)
  (6, 2, 0, 0, 0, 0, 1, 0, 0)
  (0, 2, 0, 0, 0, 0, 7, 0, 0)

Path 382 (7 moves):
  (1, 1, 1, 1, 1, 1, 1, 1, 1)
  (1, 1, 1, 2, 0, 1, 1, 1, 1)
  (1, 2, 0, 2, 0, 1, 1, 1, 1)
  (1, 2, 0, 2, 0, 1, 1, 2, 0)
  (1, 2, 0, 2, 0, 3, 1, 0, 0)
  (1, 2, 0, 0, 0, 5, 1, 0, 0)
  (1, 2, 0, 0, 0, 6, 0, 0, 0)
  (0, 3, 0, 0, 0, 6, 0, 0, 0)

Path 383 (7 moves):
  (1, 1, 1, 1, 1, 1, 1, 1, 1)
  (1, 1, 1, 2, 0, 1, 1, 1, 1)
  (1, 1, 0, 3, 0, 1, 1, 1, 1)
  (1, 1, 0, 3, 0, 2, 0, 1, 1)
  (0, 2, 0, 3, 0, 2, 0, 1, 1)
  (0, 0, 0, 5, 0, 2, 0, 1, 1)
  (0, 0, 0, 0, 0, 2, 0, 1, 6)
  (0, 0, 0, 0, 0, 0, 0, 3, 6)

Path 384 (7 moves):
  (1, 1, 1, 1, 1, 1, 1, 1, 1)
  (1, 1, 1, 2, 0, 1, 1, 1, 1)
  (1, 1, 0, 3, 0, 1, 1, 1, 1)
  (1, 1, 0, 3, 0, 2, 0, 1, 1)
  (0, 2, 0, 3, 0, 2, 0, 1, 1)
  (0, 0, 0, 5, 0, 2, 0, 1, 1)
  (0, 0, 0, 0, 0, 2, 0, 1, 6)
  (0, 0, 0, 0, 0, 2, 0, 0, 7)

Path 385 (7 moves):
  (1, 1, 1, 1, 1, 1, 1, 1, 1)
  (1, 1, 1, 2, 0, 1, 1, 1, 1)
  (1, 1, 0, 3, 0, 1, 1, 1, 1)
  (1, 1, 0, 3, 0, 2, 0, 1, 1)
  (0, 2, 0, 3, 0, 2, 0, 1, 1)
  (0, 0, 0, 5, 0, 2, 0, 1, 1)
  (0, 0, 0, 7, 0, 0, 0, 1, 1)
  (0, 0, 0, 7, 0, 0, 0, 0, 2)

Path 386 (7 moves):
  (1, 1, 1, 1, 1, 1, 1, 1, 1)
  (1, 1, 1, 2, 0, 1, 1, 1, 1)
  (1, 1, 0, 3, 0, 1, 1, 1, 1)
  (1, 1, 0, 3, 0, 2, 0, 1, 1)
  (0, 2, 0, 3, 0, 2, 0, 1, 1)
  (0, 0, 0, 5, 0, 2, 0, 1, 1)
  (0, 0, 0, 7, 0, 0, 0, 1, 1)
  (0, 0, 0, 7, 0, 0, 0, 2, 0)

Path 387 (7 moves):
  (1, 1, 1, 1, 1, 1, 1, 1, 1)
  (1, 1, 1, 2, 0, 1, 1, 1, 1)
  (1, 1, 0, 3, 0, 1, 1, 1, 1)
  (1, 1, 0, 3, 0, 2, 0, 1, 1)
  (0, 2, 0, 3, 0, 2, 0, 1, 1)
  (0, 0, 0, 5, 0, 2, 0, 1, 1)
  (0, 0, 0, 5, 0, 0, 0, 3, 1)
  (0, 0, 0, 0, 0, 0, 0, 3, 6)

Path 388 (7 moves):
  (1, 1, 1, 1, 1, 1, 1, 1, 1)
  (1, 1, 1, 2, 0, 1, 1, 1, 1)
  (1, 1, 0, 3, 0, 1, 1, 1, 1)
  (1, 1, 0, 3, 0, 2, 0, 1, 1)
  (0, 2, 0, 3, 0, 2, 0, 1, 1)
  (0, 0, 0, 5, 0, 2, 0, 1, 1)
  (0, 0, 0, 5, 0, 2, 0, 0, 2)
  (0, 0, 0, 0, 0, 2, 0, 0, 7)

Path 389 (7 moves):
  (1, 1, 1, 1, 1, 1, 1, 1, 1)
  (1, 1, 1, 2, 0, 1, 1, 1, 1)
  (1, 1, 0, 3, 0, 1, 1, 1, 1)
  (1, 1, 0, 3, 0, 2, 0, 1, 1)
  (0, 2, 0, 3, 0, 2, 0, 1, 1)
  (0, 0, 0, 5, 0, 2, 0, 1, 1)
  (0, 0, 0, 5, 0, 2, 0, 0, 2)
  (0, 0, 0, 7, 0, 0, 0, 0, 2)

Path 390 (7 moves):
  (1, 1, 1, 1, 1, 1, 1, 1, 1)
  (1, 1, 1, 2, 0, 1, 1, 1, 1)
  (1, 1, 0, 3, 0, 1, 1, 1, 1)
  (1, 1, 0, 3, 0, 2, 0, 1, 1)
  (0, 2, 0, 3, 0, 2, 0, 1, 1)
  (0, 0, 0, 5, 0, 2, 0, 1, 1)
  (0, 0, 0, 5, 0, 2, 0, 2, 0)
  (0, 0, 0, 7, 0, 0, 0, 2, 0)

Path 391 (7 moves):
  (1, 1, 1, 1, 1, 1, 1, 1, 1)
  (1, 1, 1, 2, 0, 1, 1, 1, 1)
  (1, 1, 0, 3, 0, 1, 1, 1, 1)
  (1, 1, 0, 3, 0, 2, 0, 1, 1)
  (0, 2, 0, 3, 0, 2, 0, 1, 1)
  (0, 0, 0, 5, 0, 2, 0, 1, 1)
  (0, 0, 0, 5, 0, 2, 0, 2, 0)
  (0, 0, 0, 5, 0, 4, 0, 0, 0)

Path 392 (7 moves):
  (1, 1, 1, 1, 1, 1, 1, 1, 1)
  (1, 1, 1, 2, 0, 1, 1, 1, 1)
  (1, 1, 0, 3, 0, 1, 1, 1, 1)
  (1, 1, 0, 3, 0, 2, 0, 1, 1)
  (0, 2, 0, 3, 0, 2, 0, 1, 1)
  (0, 2, 0, 3, 0, 2, 0, 0, 2)
  (0, 0, 0, 5, 0, 2, 0, 0, 2)
  (0, 0, 0, 0, 0, 2, 0, 0, 7)

Path 393 (7 moves):
  (1, 1, 1, 1, 1, 1, 1, 1, 1)
  (1, 1, 1, 2, 0, 1, 1, 1, 1)
  (1, 1, 0, 3, 0, 1, 1, 1, 1)
  (1, 1, 0, 3, 0, 2, 0, 1, 1)
  (0, 2, 0, 3, 0, 2, 0, 1, 1)
  (0, 2, 0, 3, 0, 2, 0, 0, 2)
  (0, 0, 0, 5, 0, 2, 0, 0, 2)
  (0, 0, 0, 7, 0, 0, 0, 0, 2)

Path 394 (7 moves):
  (1, 1, 1, 1, 1, 1, 1, 1, 1)
  (1, 1, 1, 2, 0, 1, 1, 1, 1)
  (1, 1, 0, 3, 0, 1, 1, 1, 1)
  (1, 1, 0, 3, 0, 2, 0, 1, 1)
  (0, 2, 0, 3, 0, 2, 0, 1, 1)
  (0, 2, 0, 3, 0, 2, 0, 0, 2)
  (0, 2, 0, 5, 0, 0, 0, 0, 2)
  (0, 0, 0, 7, 0, 0, 0, 0, 2)

Path 395 (7 moves):
  (1, 1, 1, 1, 1, 1, 1, 1, 1)
  (1, 1, 1, 2, 0, 1, 1, 1, 1)
  (1, 1, 0, 3, 0, 1, 1, 1, 1)
  (1, 1, 0, 3, 0, 2, 0, 1, 1)
  (2, 0, 0, 3, 0, 2, 0, 1, 1)
  (5, 0, 0, 0, 0, 2, 0, 1, 1)
  (0, 0, 0, 0, 0, 7, 0, 1, 1)
  (0, 0, 0, 0, 0, 7, 0, 0, 2)

Path 396 (7 moves):
  (1, 1, 1, 1, 1, 1, 1, 1, 1)
  (1, 1, 1, 2, 0, 1, 1, 1, 1)
  (1, 1, 0, 3, 0, 1, 1, 1, 1)
  (1, 1, 0, 3, 0, 2, 0, 1, 1)
  (2, 0, 0, 3, 0, 2, 0, 1, 1)
  (5, 0, 0, 0, 0, 2, 0, 1, 1)
  (5, 0, 0, 0, 0, 0, 0, 3, 1)
  (5, 0, 0, 0, 0, 0, 0, 4, 0)

Path 397 (7 moves):
  (1, 1, 1, 1, 1, 1, 1, 1, 1)
  (1, 1, 1, 2, 0, 1, 1, 1, 1)
  (1, 1, 0, 3, 0, 1, 1, 1, 1)
  (1, 1, 0, 3, 0, 2, 0, 1, 1)
  (2, 0, 0, 3, 0, 2, 0, 1, 1)
  (5, 0, 0, 0, 0, 2, 0, 1, 1)
  (5, 0, 0, 0, 0, 2, 0, 0, 2)
  (0, 0, 0, 0, 0, 7, 0, 0, 2)

Path 398 (7 moves):
  (1, 1, 1, 1, 1, 1, 1, 1, 1)
  (1, 1, 1, 2, 0, 1, 1, 1, 1)
  (1, 1, 0, 3, 0, 1, 1, 1, 1)
  (1, 1, 0, 3, 0, 2, 0, 1, 1)
  (2, 0, 0, 3, 0, 2, 0, 1, 1)
  (5, 0, 0, 0, 0, 2, 0, 1, 1)
  (5, 0, 0, 0, 0, 2, 0, 2, 0)
  (5, 0, 0, 0, 0, 0, 0, 4, 0)

Path 399 (7 moves):
  (1, 1, 1, 1, 1, 1, 1, 1, 1)
  (1, 1, 1, 2, 0, 1, 1, 1, 1)
  (1, 1, 0, 3, 0, 1, 1, 1, 1)
  (1, 1, 0, 3, 0, 2, 0, 1, 1)
  (2, 0, 0, 3, 0, 2, 0, 1, 1)
  (2, 0, 0, 3, 0, 0, 0, 3, 1)
  (5, 0, 0, 0, 0, 0, 0, 3, 1)
  (5, 0, 0, 0, 0, 0, 0, 4, 0)

Path 400 (7 moves):
  (1, 1, 1, 1, 1, 1, 1, 1, 1)
  (1, 1, 1, 2, 0, 1, 1, 1, 1)
  (1, 1, 0, 3, 0, 1, 1, 1, 1)
  (1, 1, 0, 3, 0, 2, 0, 1, 1)
  (2, 0, 0, 3, 0, 2, 0, 1, 1)
  (2, 0, 0, 3, 0, 0, 0, 3, 1)
  (2, 0, 0, 3, 0, 0, 0, 4, 0)
  (5, 0, 0, 0, 0, 0, 0, 4, 0)

Path 401 (7 moves):
  (1, 1, 1, 1, 1, 1, 1, 1, 1)
  (1, 1, 1, 2, 0, 1, 1, 1, 1)
  (1, 1, 0, 3, 0, 1, 1, 1, 1)
  (1, 1, 0, 3, 0, 2, 0, 1, 1)
  (2, 0, 0, 3, 0, 2, 0, 1, 1)
  (2, 0, 0, 3, 0, 0, 0, 3, 1)
  (2, 0, 0, 3, 0, 0, 0, 4, 0)
  (2, 0, 0, 7, 0, 0, 0, 0, 0)

Path 402 (7 moves):
  (1, 1, 1, 1, 1, 1, 1, 1, 1)
  (1, 1, 1, 2, 0, 1, 1, 1, 1)
  (1, 1, 0, 3, 0, 1, 1, 1, 1)
  (1, 1, 0, 3, 0, 2, 0, 1, 1)
  (2, 0, 0, 3, 0, 2, 0, 1, 1)
  (2, 0, 0, 3, 0, 2, 0, 0, 2)
  (5, 0, 0, 0, 0, 2, 0, 0, 2)
  (0, 0, 0, 0, 0, 7, 0, 0, 2)

Path 403 (7 moves):
  (1, 1, 1, 1, 1, 1, 1, 1, 1)
  (1, 1, 1, 2, 0, 1, 1, 1, 1)
  (1, 1, 0, 3, 0, 1, 1, 1, 1)
  (1, 1, 0, 3, 0, 2, 0, 1, 1)
  (2, 0, 0, 3, 0, 2, 0, 1, 1)
  (2, 0, 0, 3, 0, 2, 0, 0, 2)
  (2, 0, 0, 5, 0, 0, 0, 0, 2)
  (2, 0, 0, 0, 0, 0, 0, 0, 7)

Path 404 (7 moves):
  (1, 1, 1, 1, 1, 1, 1, 1, 1)
  (1, 1, 1, 2, 0, 1, 1, 1, 1)
  (1, 1, 0, 3, 0, 1, 1, 1, 1)
  (1, 1, 0, 3, 0, 2, 0, 1, 1)
  (4, 1, 0, 0, 0, 2, 0, 1, 1)
  (5, 0, 0, 0, 0, 2, 0, 1, 1)
  (0, 0, 0, 0, 0, 7, 0, 1, 1)
  (0, 0, 0, 0, 0, 7, 0, 0, 2)

Path 405 (7 moves):
  (1, 1, 1, 1, 1, 1, 1, 1, 1)
  (1, 1, 1, 2, 0, 1, 1, 1, 1)
  (1, 1, 0, 3, 0, 1, 1, 1, 1)
  (1, 1, 0, 3, 0, 2, 0, 1, 1)
  (4, 1, 0, 0, 0, 2, 0, 1, 1)
  (5, 0, 0, 0, 0, 2, 0, 1, 1)
  (5, 0, 0, 0, 0, 0, 0, 3, 1)
  (5, 0, 0, 0, 0, 0, 0, 4, 0)

Path 406 (7 moves):
  (1, 1, 1, 1, 1, 1, 1, 1, 1)
  (1, 1, 1, 2, 0, 1, 1, 1, 1)
  (1, 1, 0, 3, 0, 1, 1, 1, 1)
  (1, 1, 0, 3, 0, 2, 0, 1, 1)
  (4, 1, 0, 0, 0, 2, 0, 1, 1)
  (5, 0, 0, 0, 0, 2, 0, 1, 1)
  (5, 0, 0, 0, 0, 2, 0, 0, 2)
  (0, 0, 0, 0, 0, 7, 0, 0, 2)

Path 407 (7 moves):
  (1, 1, 1, 1, 1, 1, 1, 1, 1)
  (1, 1, 1, 2, 0, 1, 1, 1, 1)
  (1, 1, 0, 3, 0, 1, 1, 1, 1)
  (1, 1, 0, 3, 0, 2, 0, 1, 1)
  (4, 1, 0, 0, 0, 2, 0, 1, 1)
  (5, 0, 0, 0, 0, 2, 0, 1, 1)
  (5, 0, 0, 0, 0, 2, 0, 2, 0)
  (5, 0, 0, 0, 0, 0, 0, 4, 0)

Path 408 (7 moves):
  (1, 1, 1, 1, 1, 1, 1, 1, 1)
  (1, 1, 1, 2, 0, 1, 1, 1, 1)
  (1, 1, 0, 3, 0, 1, 1, 1, 1)
  (1, 1, 0, 3, 0, 2, 0, 1, 1)
  (4, 1, 0, 0, 0, 2, 0, 1, 1)
  (4, 1, 0, 0, 0, 0, 0, 3, 1)
  (5, 0, 0, 0, 0, 0, 0, 3, 1)
  (5, 0, 0, 0, 0, 0, 0, 4, 0)

Path 409 (7 moves):
  (1, 1, 1, 1, 1, 1, 1, 1, 1)
  (1, 1, 1, 2, 0, 1, 1, 1, 1)
  (1, 1, 0, 3, 0, 1, 1, 1, 1)
  (1, 1, 0, 3, 0, 2, 0, 1, 1)
  (4, 1, 0, 0, 0, 2, 0, 1, 1)
  (4, 1, 0, 0, 0, 0, 0, 3, 1)
  (4, 1, 0, 0, 0, 0, 0, 4, 0)
  (5, 0, 0, 0, 0, 0, 0, 4, 0)

Path 410 (7 moves):
  (1, 1, 1, 1, 1, 1, 1, 1, 1)
  (1, 1, 1, 2, 0, 1, 1, 1, 1)
  (1, 1, 0, 3, 0, 1, 1, 1, 1)
  (1, 1, 0, 3, 0, 2, 0, 1, 1)
  (4, 1, 0, 0, 0, 2, 0, 1, 1)
  (4, 1, 0, 0, 0, 2, 0, 0, 2)
  (5, 0, 0, 0, 0, 2, 0, 0, 2)
  (0, 0, 0, 0, 0, 7, 0, 0, 2)

Path 411 (7 moves):
  (1, 1, 1, 1, 1, 1, 1, 1, 1)
  (1, 1, 1, 2, 0, 1, 1, 1, 1)
  (1, 1, 0, 3, 0, 1, 1, 1, 1)
  (1, 1, 0, 3, 0, 2, 0, 1, 1)
  (4, 1, 0, 0, 0, 2, 0, 1, 1)
  (4, 1, 0, 0, 0, 2, 0, 2, 0)
  (5, 0, 0, 0, 0, 2, 0, 2, 0)
  (5, 0, 0, 0, 0, 0, 0, 4, 0)

Path 412 (7 moves):
  (1, 1, 1, 1, 1, 1, 1, 1, 1)
  (1, 1, 1, 2, 0, 1, 1, 1, 1)
  (1, 1, 0, 3, 0, 1, 1, 1, 1)
  (1, 1, 0, 3, 0, 2, 0, 1, 1)
  (4, 1, 0, 0, 0, 2, 0, 1, 1)
  (4, 1, 0, 0, 0, 2, 0, 2, 0)
  (4, 1, 0, 0, 0, 0, 0, 4, 0)
  (5, 0, 0, 0, 0, 0, 0, 4, 0)

Path 413 (7 moves):
  (1, 1, 1, 1, 1, 1, 1, 1, 1)
  (1, 1, 1, 2, 0, 1, 1, 1, 1)
  (1, 1, 0, 3, 0, 1, 1, 1, 1)
  (1, 1, 0, 3, 0, 2, 0, 1, 1)
  (4, 1, 0, 0, 0, 2, 0, 1, 1)
  (4, 1, 0, 0, 0, 2, 0, 2, 0)
  (4, 1, 0, 0, 0, 4, 0, 0, 0)
  (4, 5, 0, 0, 0, 0, 0, 0, 0)

Path 414 (7 moves):
  (1, 1, 1, 1, 1, 1, 1, 1, 1)
  (1, 1, 1, 2, 0, 1, 1, 1, 1)
  (1, 1, 0, 3, 0, 1, 1, 1, 1)
  (1, 1, 0, 3, 0, 2, 0, 1, 1)
  (1, 1, 0, 5, 0, 0, 0, 1, 1)
  (1, 1, 0, 5, 0, 0, 0, 0, 2)
  (0, 2, 0, 5, 0, 0, 0, 0, 2)
  (0, 0, 0, 7, 0, 0, 0, 0, 2)

Path 415 (7 moves):
  (1, 1, 1, 1, 1, 1, 1, 1, 1)
  (1, 1, 1, 2, 0, 1, 1, 1, 1)
  (1, 1, 0, 3, 0, 1, 1, 1, 1)
  (1, 1, 0, 3, 0, 2, 0, 1, 1)
  (1, 1, 0, 5, 0, 0, 0, 1, 1)
  (1, 1, 0, 5, 0, 0, 0, 0, 2)
  (2, 0, 0, 5, 0, 0, 0, 0, 2)
  (2, 0, 0, 0, 0, 0, 0, 0, 7)

Path 416 (7 moves):
  (1, 1, 1, 1, 1, 1, 1, 1, 1)
  (1, 1, 1, 2, 0, 1, 1, 1, 1)
  (1, 1, 0, 3, 0, 1, 1, 1, 1)
  (1, 1, 0, 3, 0, 2, 0, 1, 1)
  (1, 1, 0, 5, 0, 0, 0, 1, 1)
  (1, 1, 0, 5, 0, 0, 0, 0, 2)
  (1, 1, 0, 0, 0, 0, 0, 0, 7)
  (2, 0, 0, 0, 0, 0, 0, 0, 7)

Path 417 (7 moves):
  (1, 1, 1, 1, 1, 1, 1, 1, 1)
  (1, 1, 1, 2, 0, 1, 1, 1, 1)
  (1, 1, 0, 3, 0, 1, 1, 1, 1)
  (1, 1, 0, 3, 0, 2, 0, 1, 1)
  (1, 1, 0, 3, 0, 0, 0, 3, 1)
  (2, 0, 0, 3, 0, 0, 0, 3, 1)
  (5, 0, 0, 0, 0, 0, 0, 3, 1)
  (5, 0, 0, 0, 0, 0, 0, 4, 0)

Path 418 (7 moves):
  (1, 1, 1, 1, 1, 1, 1, 1, 1)
  (1, 1, 1, 2, 0, 1, 1, 1, 1)
  (1, 1, 0, 3, 0, 1, 1, 1, 1)
  (1, 1, 0, 3, 0, 2, 0, 1, 1)
  (1, 1, 0, 3, 0, 0, 0, 3, 1)
  (2, 0, 0, 3, 0, 0, 0, 3, 1)
  (2, 0, 0, 3, 0, 0, 0, 4, 0)
  (5, 0, 0, 0, 0, 0, 0, 4, 0)

Path 419 (7 moves):
  (1, 1, 1, 1, 1, 1, 1, 1, 1)
  (1, 1, 1, 2, 0, 1, 1, 1, 1)
  (1, 1, 0, 3, 0, 1, 1, 1, 1)
  (1, 1, 0, 3, 0, 2, 0, 1, 1)
  (1, 1, 0, 3, 0, 0, 0, 3, 1)
  (2, 0, 0, 3, 0, 0, 0, 3, 1)
  (2, 0, 0, 3, 0, 0, 0, 4, 0)
  (2, 0, 0, 7, 0, 0, 0, 0, 0)

Path 420 (7 moves):
  (1, 1, 1, 1, 1, 1, 1, 1, 1)
  (1, 1, 1, 2, 0, 1, 1, 1, 1)
  (1, 1, 0, 3, 0, 1, 1, 1, 1)
  (1, 1, 0, 3, 0, 2, 0, 1, 1)
  (1, 1, 0, 3, 0, 0, 0, 3, 1)
  (4, 1, 0, 0, 0, 0, 0, 3, 1)
  (5, 0, 0, 0, 0, 0, 0, 3, 1)
  (5, 0, 0, 0, 0, 0, 0, 4, 0)

Path 421 (7 moves):
  (1, 1, 1, 1, 1, 1, 1, 1, 1)
  (1, 1, 1, 2, 0, 1, 1, 1, 1)
  (1, 1, 0, 3, 0, 1, 1, 1, 1)
  (1, 1, 0, 3, 0, 2, 0, 1, 1)
  (1, 1, 0, 3, 0, 0, 0, 3, 1)
  (4, 1, 0, 0, 0, 0, 0, 3, 1)
  (4, 1, 0, 0, 0, 0, 0, 4, 0)
  (5, 0, 0, 0, 0, 0, 0, 4, 0)

Path 422 (7 moves):
  (1, 1, 1, 1, 1, 1, 1, 1, 1)
  (1, 1, 1, 2, 0, 1, 1, 1, 1)
  (1, 1, 0, 3, 0, 1, 1, 1, 1)
  (1, 1, 0, 3, 0, 2, 0, 1, 1)
  (1, 1, 0, 3, 0, 2, 0, 0, 2)
  (0, 2, 0, 3, 0, 2, 0, 0, 2)
  (0, 0, 0, 5, 0, 2, 0, 0, 2)
  (0, 0, 0, 0, 0, 2, 0, 0, 7)

Path 423 (7 moves):
  (1, 1, 1, 1, 1, 1, 1, 1, 1)
  (1, 1, 1, 2, 0, 1, 1, 1, 1)
  (1, 1, 0, 3, 0, 1, 1, 1, 1)
  (1, 1, 0, 3, 0, 2, 0, 1, 1)
  (1, 1, 0, 3, 0, 2, 0, 0, 2)
  (0, 2, 0, 3, 0, 2, 0, 0, 2)
  (0, 0, 0, 5, 0, 2, 0, 0, 2)
  (0, 0, 0, 7, 0, 0, 0, 0, 2)

Path 424 (7 moves):
  (1, 1, 1, 1, 1, 1, 1, 1, 1)
  (1, 1, 1, 2, 0, 1, 1, 1, 1)
  (1, 1, 0, 3, 0, 1, 1, 1, 1)
  (1, 1, 0, 3, 0, 2, 0, 1, 1)
  (1, 1, 0, 3, 0, 2, 0, 0, 2)
  (0, 2, 0, 3, 0, 2, 0, 0, 2)
  (0, 2, 0, 5, 0, 0, 0, 0, 2)
  (0, 0, 0, 7, 0, 0, 0, 0, 2)

Path 425 (7 moves):
  (1, 1, 1, 1, 1, 1, 1, 1, 1)
  (1, 1, 1, 2, 0, 1, 1, 1, 1)
  (1, 1, 0, 3, 0, 1, 1, 1, 1)
  (1, 1, 0, 3, 0, 2, 0, 1, 1)
  (1, 1, 0, 3, 0, 2, 0, 0, 2)
  (2, 0, 0, 3, 0, 2, 0, 0, 2)
  (5, 0, 0, 0, 0, 2, 0, 0, 2)
  (0, 0, 0, 0, 0, 7, 0, 0, 2)

Path 426 (7 moves):
  (1, 1, 1, 1, 1, 1, 1, 1, 1)
  (1, 1, 1, 2, 0, 1, 1, 1, 1)
  (1, 1, 0, 3, 0, 1, 1, 1, 1)
  (1, 1, 0, 3, 0, 2, 0, 1, 1)
  (1, 1, 0, 3, 0, 2, 0, 0, 2)
  (2, 0, 0, 3, 0, 2, 0, 0, 2)
  (2, 0, 0, 5, 0, 0, 0, 0, 2)
  (2, 0, 0, 0, 0, 0, 0, 0, 7)

Path 427 (7 moves):
  (1, 1, 1, 1, 1, 1, 1, 1, 1)
  (1, 1, 1, 2, 0, 1, 1, 1, 1)
  (1, 1, 0, 3, 0, 1, 1, 1, 1)
  (1, 1, 0, 3, 0, 2, 0, 1, 1)
  (1, 1, 0, 3, 0, 2, 0, 0, 2)
  (4, 1, 0, 0, 0, 2, 0, 0, 2)
  (5, 0, 0, 0, 0, 2, 0, 0, 2)
  (0, 0, 0, 0, 0, 7, 0, 0, 2)

Path 428 (7 moves):
  (1, 1, 1, 1, 1, 1, 1, 1, 1)
  (1, 1, 1, 2, 0, 1, 1, 1, 1)
  (1, 1, 0, 3, 0, 1, 1, 1, 1)
  (1, 1, 0, 3, 0, 2, 0, 1, 1)
  (1, 1, 0, 3, 0, 2, 0, 0, 2)
  (1, 1, 0, 5, 0, 0, 0, 0, 2)
  (0, 2, 0, 5, 0, 0, 0, 0, 2)
  (0, 0, 0, 7, 0, 0, 0, 0, 2)

Path 429 (7 moves):
  (1, 1, 1, 1, 1, 1, 1, 1, 1)
  (1, 1, 1, 2, 0, 1, 1, 1, 1)
  (1, 1, 0, 3, 0, 1, 1, 1, 1)
  (1, 1, 0, 3, 0, 2, 0, 1, 1)
  (1, 1, 0, 3, 0, 2, 0, 0, 2)
  (1, 1, 0, 5, 0, 0, 0, 0, 2)
  (2, 0, 0, 5, 0, 0, 0, 0, 2)
  (2, 0, 0, 0, 0, 0, 0, 0, 7)

Path 430 (7 moves):
  (1, 1, 1, 1, 1, 1, 1, 1, 1)
  (1, 1, 1, 2, 0, 1, 1, 1, 1)
  (1, 1, 0, 3, 0, 1, 1, 1, 1)
  (1, 1, 0, 3, 0, 2, 0, 1, 1)
  (1, 1, 0, 3, 0, 2, 0, 0, 2)
  (1, 1, 0, 5, 0, 0, 0, 0, 2)
  (1, 1, 0, 0, 0, 0, 0, 0, 7)
  (2, 0, 0, 0, 0, 0, 0, 0, 7)

Path 431 (7 moves):
  (1, 1, 1, 1, 1, 1, 1, 1, 1)
  (1, 1, 1, 2, 0, 1, 1, 1, 1)
  (1, 1, 0, 3, 0, 1, 1, 1, 1)
  (1, 1, 0, 3, 0, 2, 0, 1, 1)
  (1, 1, 0, 3, 0, 2, 0, 2, 0)
  (4, 1, 0, 0, 0, 2, 0, 2, 0)
  (5, 0, 0, 0, 0, 2, 0, 2, 0)
  (5, 0, 0, 0, 0, 0, 0, 4, 0)

Path 432 (7 moves):
  (1, 1, 1, 1, 1, 1, 1, 1, 1)
  (1, 1, 1, 2, 0, 1, 1, 1, 1)
  (1, 1, 0, 3, 0, 1, 1, 1, 1)
  (1, 1, 0, 3, 0, 2, 0, 1, 1)
  (1, 1, 0, 3, 0, 2, 0, 2, 0)
  (4, 1, 0, 0, 0, 2, 0, 2, 0)
  (4, 1, 0, 0, 0, 0, 0, 4, 0)
  (5, 0, 0, 0, 0, 0, 0, 4, 0)

Path 433 (7 moves):
  (1, 1, 1, 1, 1, 1, 1, 1, 1)
  (1, 1, 1, 2, 0, 1, 1, 1, 1)
  (1, 1, 0, 3, 0, 1, 1, 1, 1)
  (1, 1, 0, 3, 0, 2, 0, 1, 1)
  (1, 1, 0, 3, 0, 2, 0, 2, 0)
  (4, 1, 0, 0, 0, 2, 0, 2, 0)
  (4, 1, 0, 0, 0, 4, 0, 0, 0)
  (4, 5, 0, 0, 0, 0, 0, 0, 0)

Path 434 (7 moves):
  (1, 1, 1, 1, 1, 1, 1, 1, 1)
  (1, 1, 1, 2, 0, 1, 1, 1, 1)
  (1, 1, 0, 3, 0, 1, 1, 1, 1)
  (1, 1, 0, 3, 0, 1, 1, 0, 2)
  (0, 2, 0, 3, 0, 1, 1, 0, 2)
  (0, 0, 0, 5, 0, 1, 1, 0, 2)
  (0, 0, 0, 0, 0, 1, 1, 0, 7)
  (0, 0, 0, 0, 0, 2, 0, 0, 7)

Path 435 (7 moves):
  (1, 1, 1, 1, 1, 1, 1, 1, 1)
  (1, 1, 1, 2, 0, 1, 1, 1, 1)
  (1, 1, 0, 3, 0, 1, 1, 1, 1)
  (1, 1, 0, 3, 0, 1, 1, 0, 2)
  (0, 2, 0, 3, 0, 1, 1, 0, 2)
  (0, 0, 0, 5, 0, 1, 1, 0, 2)
  (0, 0, 0, 5, 0, 0, 2, 0, 2)
  (0, 0, 0, 5, 0, 0, 4, 0, 0)

Path 436 (7 moves):
  (1, 1, 1, 1, 1, 1, 1, 1, 1)
  (1, 1, 1, 2, 0, 1, 1, 1, 1)
  (1, 1, 0, 3, 0, 1, 1, 1, 1)
  (1, 1, 0, 3, 0, 1, 1, 0, 2)
  (0, 2, 0, 3, 0, 1, 1, 0, 2)
  (0, 0, 0, 5, 0, 1, 1, 0, 2)
  (0, 0, 0, 5, 0, 2, 0, 0, 2)
  (0, 0, 0, 0, 0, 2, 0, 0, 7)

Path 437 (7 moves):
  (1, 1, 1, 1, 1, 1, 1, 1, 1)
  (1, 1, 1, 2, 0, 1, 1, 1, 1)
  (1, 1, 0, 3, 0, 1, 1, 1, 1)
  (1, 1, 0, 3, 0, 1, 1, 0, 2)
  (0, 2, 0, 3, 0, 1, 1, 0, 2)
  (0, 0, 0, 5, 0, 1, 1, 0, 2)
  (0, 0, 0, 5, 0, 2, 0, 0, 2)
  (0, 0, 0, 7, 0, 0, 0, 0, 2)

Path 438 (7 moves):
  (1, 1, 1, 1, 1, 1, 1, 1, 1)
  (1, 1, 1, 2, 0, 1, 1, 1, 1)
  (1, 1, 0, 3, 0, 1, 1, 1, 1)
  (1, 1, 0, 3, 0, 1, 1, 0, 2)
  (0, 2, 0, 3, 0, 1, 1, 0, 2)
  (0, 0, 0, 5, 0, 1, 1, 0, 2)
  (0, 0, 0, 5, 0, 1, 3, 0, 0)
  (0, 0, 0, 5, 0, 0, 4, 0, 0)

Path 439 (7 moves):
  (1, 1, 1, 1, 1, 1, 1, 1, 1)
  (1, 1, 1, 2, 0, 1, 1, 1, 1)
  (1, 1, 0, 3, 0, 1, 1, 1, 1)
  (1, 1, 0, 3, 0, 1, 1, 0, 2)
  (0, 2, 0, 3, 0, 1, 1, 0, 2)
  (0, 0, 0, 5, 0, 1, 1, 0, 2)
  (0, 0, 0, 5, 0, 1, 3, 0, 0)
  (0, 0, 0, 8, 0, 1, 0, 0, 0)

Path 440 (7 moves):
  (1, 1, 1, 1, 1, 1, 1, 1, 1)
  (1, 1, 1, 2, 0, 1, 1, 1, 1)
  (1, 1, 0, 3, 0, 1, 1, 1, 1)
  (1, 1, 0, 3, 0, 1, 1, 0, 2)
  (0, 2, 0, 3, 0, 1, 1, 0, 2)
  (0, 2, 0, 0, 0, 1, 4, 0, 2)
  (0, 2, 0, 0, 0, 0, 5, 0, 2)
  (0, 2, 0, 0, 0, 0, 7, 0, 0)

Path 441 (7 moves):
  (1, 1, 1, 1, 1, 1, 1, 1, 1)
  (1, 1, 1, 2, 0, 1, 1, 1, 1)
  (1, 1, 0, 3, 0, 1, 1, 1, 1)
  (1, 1, 0, 3, 0, 1, 1, 0, 2)
  (0, 2, 0, 3, 0, 1, 1, 0, 2)
  (0, 2, 0, 0, 0, 1, 4, 0, 2)
  (0, 2, 0, 0, 0, 1, 6, 0, 0)
  (0, 2, 0, 0, 0, 0, 7, 0, 0)

Path 442 (7 moves):
  (1, 1, 1, 1, 1, 1, 1, 1, 1)
  (1, 1, 1, 2, 0, 1, 1, 1, 1)
  (1, 1, 0, 3, 0, 1, 1, 1, 1)
  (1, 1, 0, 3, 0, 1, 1, 0, 2)
  (0, 2, 0, 3, 0, 1, 1, 0, 2)
  (0, 2, 0, 3, 0, 2, 0, 0, 2)
  (0, 0, 0, 5, 0, 2, 0, 0, 2)
  (0, 0, 0, 0, 0, 2, 0, 0, 7)

Path 443 (7 moves):
  (1, 1, 1, 1, 1, 1, 1, 1, 1)
  (1, 1, 1, 2, 0, 1, 1, 1, 1)
  (1, 1, 0, 3, 0, 1, 1, 1, 1)
  (1, 1, 0, 3, 0, 1, 1, 0, 2)
  (0, 2, 0, 3, 0, 1, 1, 0, 2)
  (0, 2, 0, 3, 0, 2, 0, 0, 2)
  (0, 0, 0, 5, 0, 2, 0, 0, 2)
  (0, 0, 0, 7, 0, 0, 0, 0, 2)

Path 444 (7 moves):
  (1, 1, 1, 1, 1, 1, 1, 1, 1)
  (1, 1, 1, 2, 0, 1, 1, 1, 1)
  (1, 1, 0, 3, 0, 1, 1, 1, 1)
  (1, 1, 0, 3, 0, 1, 1, 0, 2)
  (0, 2, 0, 3, 0, 1, 1, 0, 2)
  (0, 2, 0, 3, 0, 2, 0, 0, 2)
  (0, 2, 0, 5, 0, 0, 0, 0, 2)
  (0, 0, 0, 7, 0, 0, 0, 0, 2)

Path 445 (7 moves):
  (1, 1, 1, 1, 1, 1, 1, 1, 1)
  (1, 1, 1, 2, 0, 1, 1, 1, 1)
  (1, 1, 0, 3, 0, 1, 1, 1, 1)
  (1, 1, 0, 3, 0, 1, 1, 0, 2)
  (0, 2, 0, 3, 0, 1, 1, 0, 2)
  (0, 2, 0, 3, 0, 1, 3, 0, 0)
  (0, 0, 0, 5, 0, 1, 3, 0, 0)
  (0, 0, 0, 5, 0, 0, 4, 0, 0)

Path 446 (7 moves):
  (1, 1, 1, 1, 1, 1, 1, 1, 1)
  (1, 1, 1, 2, 0, 1, 1, 1, 1)
  (1, 1, 0, 3, 0, 1, 1, 1, 1)
  (1, 1, 0, 3, 0, 1, 1, 0, 2)
  (0, 2, 0, 3, 0, 1, 1, 0, 2)
  (0, 2, 0, 3, 0, 1, 3, 0, 0)
  (0, 0, 0, 5, 0, 1, 3, 0, 0)
  (0, 0, 0, 8, 0, 1, 0, 0, 0)

Path 447 (7 moves):
  (1, 1, 1, 1, 1, 1, 1, 1, 1)
  (1, 1, 1, 2, 0, 1, 1, 1, 1)
  (1, 1, 0, 3, 0, 1, 1, 1, 1)
  (1, 1, 0, 3, 0, 1, 1, 0, 2)
  (0, 2, 0, 3, 0, 1, 1, 0, 2)
  (0, 2, 0, 3, 0, 1, 3, 0, 0)
  (0, 2, 0, 0, 0, 1, 6, 0, 0)
  (0, 2, 0, 0, 0, 0, 7, 0, 0)

Path 448 (7 moves):
  (1, 1, 1, 1, 1, 1, 1, 1, 1)
  (1, 1, 1, 2, 0, 1, 1, 1, 1)
  (1, 1, 0, 3, 0, 1, 1, 1, 1)
  (1, 1, 0, 3, 0, 1, 1, 0, 2)
  (0, 2, 0, 3, 0, 1, 1, 0, 2)
  (0, 2, 0, 3, 0, 1, 3, 0, 0)
  (0, 2, 0, 3, 0, 0, 4, 0, 0)
  (0, 0, 0, 5, 0, 0, 4, 0, 0)

Path 449 (7 moves):
  (1, 1, 1, 1, 1, 1, 1, 1, 1)
  (1, 1, 1, 2, 0, 1, 1, 1, 1)
  (1, 1, 0, 3, 0, 1, 1, 1, 1)
  (1, 1, 0, 3, 0, 1, 1, 0, 2)
  (0, 2, 0, 3, 0, 1, 1, 0, 2)
  (0, 2, 0, 3, 0, 1, 3, 0, 0)
  (0, 2, 0, 3, 0, 0, 4, 0, 0)
  (0, 2, 0, 0, 0, 0, 7, 0, 0)

Path 450 (7 moves):
  (1, 1, 1, 1, 1, 1, 1, 1, 1)
  (1, 1, 1, 2, 0, 1, 1, 1, 1)
  (1, 1, 0, 3, 0, 1, 1, 1, 1)
  (1, 1, 0, 3, 0, 1, 1, 0, 2)
  (0, 2, 0, 3, 0, 1, 1, 0, 2)
  (0, 2, 0, 3, 0, 1, 3, 0, 0)
  (0, 2, 0, 6, 0, 1, 0, 0, 0)
  (0, 0, 0, 8, 0, 1, 0, 0, 0)

Path 451 (7 moves):
  (1, 1, 1, 1, 1, 1, 1, 1, 1)
  (1, 1, 1, 2, 0, 1, 1, 1, 1)
  (1, 1, 0, 3, 0, 1, 1, 1, 1)
  (1, 1, 0, 3, 0, 1, 1, 0, 2)
  (2, 0, 0, 3, 0, 1, 1, 0, 2)
  (5, 0, 0, 0, 0, 1, 1, 0, 2)
  (0, 0, 0, 0, 0, 6, 1, 0, 2)
  (0, 0, 0, 0, 0, 7, 0, 0, 2)

Path 452 (7 moves):
  (1, 1, 1, 1, 1, 1, 1, 1, 1)
  (1, 1, 1, 2, 0, 1, 1, 1, 1)
  (1, 1, 0, 3, 0, 1, 1, 1, 1)
  (1, 1, 0, 3, 0, 1, 1, 0, 2)
  (2, 0, 0, 3, 0, 1, 1, 0, 2)
  (5, 0, 0, 0, 0, 1, 1, 0, 2)
  (0, 0, 0, 0, 0, 6, 1, 0, 2)
  (0, 0, 0, 0, 0, 6, 3, 0, 0)

Path 453 (7 moves):
  (1, 1, 1, 1, 1, 1, 1, 1, 1)
  (1, 1, 1, 2, 0, 1, 1, 1, 1)
  (1, 1, 0, 3, 0, 1, 1, 1, 1)
  (1, 1, 0, 3, 0, 1, 1, 0, 2)
  (2, 0, 0, 3, 0, 1, 1, 0, 2)
  (5, 0, 0, 0, 0, 1, 1, 0, 2)
  (5, 0, 0, 0, 0, 0, 2, 0, 2)
  (5, 0, 0, 0, 0, 0, 0, 0, 4)

Path 454 (7 moves):
  (1, 1, 1, 1, 1, 1, 1, 1, 1)
  (1, 1, 1, 2, 0, 1, 1, 1, 1)
  (1, 1, 0, 3, 0, 1, 1, 1, 1)
  (1, 1, 0, 3, 0, 1, 1, 0, 2)
  (2, 0, 0, 3, 0, 1, 1, 0, 2)
  (5, 0, 0, 0, 0, 1, 1, 0, 2)
  (5, 0, 0, 0, 0, 0, 2, 0, 2)
  (5, 0, 0, 0, 0, 0, 4, 0, 0)

Path 455 (7 moves):
  (1, 1, 1, 1, 1, 1, 1, 1, 1)
  (1, 1, 1, 2, 0, 1, 1, 1, 1)
  (1, 1, 0, 3, 0, 1, 1, 1, 1)
  (1, 1, 0, 3, 0, 1, 1, 0, 2)
  (2, 0, 0, 3, 0, 1, 1, 0, 2)
  (5, 0, 0, 0, 0, 1, 1, 0, 2)
  (5, 0, 0, 0, 0, 2, 0, 0, 2)
  (0, 0, 0, 0, 0, 7, 0, 0, 2)

Path 456 (7 moves):
  (1, 1, 1, 1, 1, 1, 1, 1, 1)
  (1, 1, 1, 2, 0, 1, 1, 1, 1)
  (1, 1, 0, 3, 0, 1, 1, 1, 1)
  (1, 1, 0, 3, 0, 1, 1, 0, 2)
  (2, 0, 0, 3, 0, 1, 1, 0, 2)
  (5, 0, 0, 0, 0, 1, 1, 0, 2)
  (5, 0, 0, 0, 0, 1, 3, 0, 0)
  (0, 0, 0, 0, 0, 6, 3, 0, 0)

Path 457 (7 moves):
  (1, 1, 1, 1, 1, 1, 1, 1, 1)
  (1, 1, 1, 2, 0, 1, 1, 1, 1)
  (1, 1, 0, 3, 0, 1, 1, 1, 1)
  (1, 1, 0, 3, 0, 1, 1, 0, 2)
  (2, 0, 0, 3, 0, 1, 1, 0, 2)
  (5, 0, 0, 0, 0, 1, 1, 0, 2)
  (5, 0, 0, 0, 0, 1, 3, 0, 0)
  (5, 0, 0, 0, 0, 0, 4, 0, 0)

Path 458 (7 moves):
  (1, 1, 1, 1, 1, 1, 1, 1, 1)
  (1, 1, 1, 2, 0, 1, 1, 1, 1)
  (1, 1, 0, 3, 0, 1, 1, 1, 1)
  (1, 1, 0, 3, 0, 1, 1, 0, 2)
  (2, 0, 0, 3, 0, 1, 1, 0, 2)
  (2, 0, 0, 0, 0, 1, 4, 0, 2)
  (2, 0, 0, 0, 0, 0, 5, 0, 2)
  (2, 0, 0, 0, 0, 0, 7, 0, 0)

Path 459 (7 moves):
  (1, 1, 1, 1, 1, 1, 1, 1, 1)
  (1, 1, 1, 2, 0, 1, 1, 1, 1)
  (1, 1, 0, 3, 0, 1, 1, 1, 1)
  (1, 1, 0, 3, 0, 1, 1, 0, 2)
  (2, 0, 0, 3, 0, 1, 1, 0, 2)
  (2, 0, 0, 0, 0, 1, 4, 0, 2)
  (2, 0, 0, 0, 0, 1, 6, 0, 0)
  (2, 0, 0, 0, 0, 0, 7, 0, 0)

Path 460 (7 moves):
  (1, 1, 1, 1, 1, 1, 1, 1, 1)
  (1, 1, 1, 2, 0, 1, 1, 1, 1)
  (1, 1, 0, 3, 0, 1, 1, 1, 1)
  (1, 1, 0, 3, 0, 1, 1, 0, 2)
  (2, 0, 0, 3, 0, 1, 1, 0, 2)
  (2, 0, 0, 0, 0, 1, 4, 0, 2)
  (2, 0, 0, 0, 0, 1, 6, 0, 0)
  (8, 0, 0, 0, 0, 1, 0, 0, 0)

Path 461 (7 moves):
  (1, 1, 1, 1, 1, 1, 1, 1, 1)
  (1, 1, 1, 2, 0, 1, 1, 1, 1)
  (1, 1, 0, 3, 0, 1, 1, 1, 1)
  (1, 1, 0, 3, 0, 1, 1, 0, 2)
  (2, 0, 0, 3, 0, 1, 1, 0, 2)
  (2, 0, 0, 3, 0, 0, 2, 0, 2)
  (5, 0, 0, 0, 0, 0, 2, 0, 2)
  (5, 0, 0, 0, 0, 0, 0, 0, 4)

Path 462 (7 moves):
  (1, 1, 1, 1, 1, 1, 1, 1, 1)
  (1, 1, 1, 2, 0, 1, 1, 1, 1)
  (1, 1, 0, 3, 0, 1, 1, 1, 1)
  (1, 1, 0, 3, 0, 1, 1, 0, 2)
  (2, 0, 0, 3, 0, 1, 1, 0, 2)
  (2, 0, 0, 3, 0, 0, 2, 0, 2)
  (5, 0, 0, 0, 0, 0, 2, 0, 2)
  (5, 0, 0, 0, 0, 0, 4, 0, 0)

Path 463 (7 moves):
  (1, 1, 1, 1, 1, 1, 1, 1, 1)
  (1, 1, 1, 2, 0, 1, 1, 1, 1)
  (1, 1, 0, 3, 0, 1, 1, 1, 1)
  (1, 1, 0, 3, 0, 1, 1, 0, 2)
  (2, 0, 0, 3, 0, 1, 1, 0, 2)
  (2, 0, 0, 3, 0, 0, 2, 0, 2)
  (2, 0, 0, 0, 0, 0, 5, 0, 2)
  (2, 0, 0, 0, 0, 0, 7, 0, 0)

Path 464 (7 moves):
  (1, 1, 1, 1, 1, 1, 1, 1, 1)
  (1, 1, 1, 2, 0, 1, 1, 1, 1)
  (1, 1, 0, 3, 0, 1, 1, 1, 1)
  (1, 1, 0, 3, 0, 1, 1, 0, 2)
  (2, 0, 0, 3, 0, 1, 1, 0, 2)
  (2, 0, 0, 3, 0, 0, 2, 0, 2)
  (2, 0, 0, 3, 0, 0, 0, 0, 4)
  (5, 0, 0, 0, 0, 0, 0, 0, 4)

Path 465 (7 moves):
  (1, 1, 1, 1, 1, 1, 1, 1, 1)
  (1, 1, 1, 2, 0, 1, 1, 1, 1)
  (1, 1, 0, 3, 0, 1, 1, 1, 1)
  (1, 1, 0, 3, 0, 1, 1, 0, 2)
  (2, 0, 0, 3, 0, 1, 1, 0, 2)
  (2, 0, 0, 3, 0, 0, 2, 0, 2)
  (2, 0, 0, 3, 0, 0, 4, 0, 0)
  (5, 0, 0, 0, 0, 0, 4, 0, 0)

Path 466 (7 moves):
  (1, 1, 1, 1, 1, 1, 1, 1, 1)
  (1, 1, 1, 2, 0, 1, 1, 1, 1)
  (1, 1, 0, 3, 0, 1, 1, 1, 1)
  (1, 1, 0, 3, 0, 1, 1, 0, 2)
  (2, 0, 0, 3, 0, 1, 1, 0, 2)
  (2, 0, 0, 3, 0, 0, 2, 0, 2)
  (2, 0, 0, 3, 0, 0, 4, 0, 0)
  (2, 0, 0, 0, 0, 0, 7, 0, 0)

Path 467 (7 moves):
  (1, 1, 1, 1, 1, 1, 1, 1, 1)
  (1, 1, 1, 2, 0, 1, 1, 1, 1)
  (1, 1, 0, 3, 0, 1, 1, 1, 1)
  (1, 1, 0, 3, 0, 1, 1, 0, 2)
  (2, 0, 0, 3, 0, 1, 1, 0, 2)
  (2, 0, 0, 3, 0, 2, 0, 0, 2)
  (5, 0, 0, 0, 0, 2, 0, 0, 2)
  (0, 0, 0, 0, 0, 7, 0, 0, 2)

Path 468 (7 moves):
  (1, 1, 1, 1, 1, 1, 1, 1, 1)
  (1, 1, 1, 2, 0, 1, 1, 1, 1)
  (1, 1, 0, 3, 0, 1, 1, 1, 1)
  (1, 1, 0, 3, 0, 1, 1, 0, 2)
  (2, 0, 0, 3, 0, 1, 1, 0, 2)
  (2, 0, 0, 3, 0, 2, 0, 0, 2)
  (2, 0, 0, 5, 0, 0, 0, 0, 2)
  (2, 0, 0, 0, 0, 0, 0, 0, 7)

Path 469 (7 moves):
  (1, 1, 1, 1, 1, 1, 1, 1, 1)
  (1, 1, 1, 2, 0, 1, 1, 1, 1)
  (1, 1, 0, 3, 0, 1, 1, 1, 1)
  (1, 1, 0, 3, 0, 1, 1, 0, 2)
  (4, 1, 0, 0, 0, 1, 1, 0, 2)
  (5, 0, 0, 0, 0, 1, 1, 0, 2)
  (0, 0, 0, 0, 0, 6, 1, 0, 2)
  (0, 0, 0, 0, 0, 7, 0, 0, 2)

Path 470 (7 moves):
  (1, 1, 1, 1, 1, 1, 1, 1, 1)
  (1, 1, 1, 2, 0, 1, 1, 1, 1)
  (1, 1, 0, 3, 0, 1, 1, 1, 1)
  (1, 1, 0, 3, 0, 1, 1, 0, 2)
  (4, 1, 0, 0, 0, 1, 1, 0, 2)
  (5, 0, 0, 0, 0, 1, 1, 0, 2)
  (0, 0, 0, 0, 0, 6, 1, 0, 2)
  (0, 0, 0, 0, 0, 6, 3, 0, 0)

Path 471 (7 moves):
  (1, 1, 1, 1, 1, 1, 1, 1, 1)
  (1, 1, 1, 2, 0, 1, 1, 1, 1)
  (1, 1, 0, 3, 0, 1, 1, 1, 1)
  (1, 1, 0, 3, 0, 1, 1, 0, 2)
  (4, 1, 0, 0, 0, 1, 1, 0, 2)
  (5, 0, 0, 0, 0, 1, 1, 0, 2)
  (5, 0, 0, 0, 0, 0, 2, 0, 2)
  (5, 0, 0, 0, 0, 0, 0, 0, 4)

Path 472 (7 moves):
  (1, 1, 1, 1, 1, 1, 1, 1, 1)
  (1, 1, 1, 2, 0, 1, 1, 1, 1)
  (1, 1, 0, 3, 0, 1, 1, 1, 1)
  (1, 1, 0, 3, 0, 1, 1, 0, 2)
  (4, 1, 0, 0, 0, 1, 1, 0, 2)
  (5, 0, 0, 0, 0, 1, 1, 0, 2)
  (5, 0, 0, 0, 0, 0, 2, 0, 2)
  (5, 0, 0, 0, 0, 0, 4, 0, 0)

Path 473 (7 moves):
  (1, 1, 1, 1, 1, 1, 1, 1, 1)
  (1, 1, 1, 2, 0, 1, 1, 1, 1)
  (1, 1, 0, 3, 0, 1, 1, 1, 1)
  (1, 1, 0, 3, 0, 1, 1, 0, 2)
  (4, 1, 0, 0, 0, 1, 1, 0, 2)
  (5, 0, 0, 0, 0, 1, 1, 0, 2)
  (5, 0, 0, 0, 0, 2, 0, 0, 2)
  (0, 0, 0, 0, 0, 7, 0, 0, 2)

Path 474 (7 moves):
  (1, 1, 1, 1, 1, 1, 1, 1, 1)
  (1, 1, 1, 2, 0, 1, 1, 1, 1)
  (1, 1, 0, 3, 0, 1, 1, 1, 1)
  (1, 1, 0, 3, 0, 1, 1, 0, 2)
  (4, 1, 0, 0, 0, 1, 1, 0, 2)
  (5, 0, 0, 0, 0, 1, 1, 0, 2)
  (5, 0, 0, 0, 0, 1, 3, 0, 0)
  (0, 0, 0, 0, 0, 6, 3, 0, 0)

Path 475 (7 moves):
  (1, 1, 1, 1, 1, 1, 1, 1, 1)
  (1, 1, 1, 2, 0, 1, 1, 1, 1)
  (1, 1, 0, 3, 0, 1, 1, 1, 1)
  (1, 1, 0, 3, 0, 1, 1, 0, 2)
  (4, 1, 0, 0, 0, 1, 1, 0, 2)
  (5, 0, 0, 0, 0, 1, 1, 0, 2)
  (5, 0, 0, 0, 0, 1, 3, 0, 0)
  (5, 0, 0, 0, 0, 0, 4, 0, 0)

Path 476 (7 moves):
  (1, 1, 1, 1, 1, 1, 1, 1, 1)
  (1, 1, 1, 2, 0, 1, 1, 1, 1)
  (1, 1, 0, 3, 0, 1, 1, 1, 1)
  (1, 1, 0, 3, 0, 1, 1, 0, 2)
  (4, 1, 0, 0, 0, 1, 1, 0, 2)
  (4, 1, 0, 0, 0, 0, 2, 0, 2)
  (5, 0, 0, 0, 0, 0, 2, 0, 2)
  (5, 0, 0, 0, 0, 0, 0, 0, 4)

Path 477 (7 moves):
  (1, 1, 1, 1, 1, 1, 1, 1, 1)
  (1, 1, 1, 2, 0, 1, 1, 1, 1)
  (1, 1, 0, 3, 0, 1, 1, 1, 1)
  (1, 1, 0, 3, 0, 1, 1, 0, 2)
  (4, 1, 0, 0, 0, 1, 1, 0, 2)
  (4, 1, 0, 0, 0, 0, 2, 0, 2)
  (5, 0, 0, 0, 0, 0, 2, 0, 2)
  (5, 0, 0, 0, 0, 0, 4, 0, 0)

Path 478 (7 moves):
  (1, 1, 1, 1, 1, 1, 1, 1, 1)
  (1, 1, 1, 2, 0, 1, 1, 1, 1)
  (1, 1, 0, 3, 0, 1, 1, 1, 1)
  (1, 1, 0, 3, 0, 1, 1, 0, 2)
  (4, 1, 0, 0, 0, 1, 1, 0, 2)
  (4, 1, 0, 0, 0, 0, 2, 0, 2)
  (4, 1, 0, 0, 0, 0, 0, 0, 4)
  (5, 0, 0, 0, 0, 0, 0, 0, 4)

Path 479 (7 moves):
  (1, 1, 1, 1, 1, 1, 1, 1, 1)
  (1, 1, 1, 2, 0, 1, 1, 1, 1)
  (1, 1, 0, 3, 0, 1, 1, 1, 1)
  (1, 1, 0, 3, 0, 1, 1, 0, 2)
  (4, 1, 0, 0, 0, 1, 1, 0, 2)
  (4, 1, 0, 0, 0, 0, 2, 0, 2)
  (4, 1, 0, 0, 0, 0, 4, 0, 0)
  (5, 0, 0, 0, 0, 0, 4, 0, 0)

Path 480 (7 moves):
  (1, 1, 1, 1, 1, 1, 1, 1, 1)
  (1, 1, 1, 2, 0, 1, 1, 1, 1)
  (1, 1, 0, 3, 0, 1, 1, 1, 1)
  (1, 1, 0, 3, 0, 1, 1, 0, 2)
  (4, 1, 0, 0, 0, 1, 1, 0, 2)
  (4, 1, 0, 0, 0, 2, 0, 0, 2)
  (5, 0, 0, 0, 0, 2, 0, 0, 2)
  (0, 0, 0, 0, 0, 7, 0, 0, 2)

Path 481 (7 moves):
  (1, 1, 1, 1, 1, 1, 1, 1, 1)
  (1, 1, 1, 2, 0, 1, 1, 1, 1)
  (1, 1, 0, 3, 0, 1, 1, 1, 1)
  (1, 1, 0, 3, 0, 1, 1, 0, 2)
  (4, 1, 0, 0, 0, 1, 1, 0, 2)
  (4, 1, 0, 0, 0, 1, 3, 0, 0)
  (5, 0, 0, 0, 0, 1, 3, 0, 0)
  (0, 0, 0, 0, 0, 6, 3, 0, 0)

Path 482 (7 moves):
  (1, 1, 1, 1, 1, 1, 1, 1, 1)
  (1, 1, 1, 2, 0, 1, 1, 1, 1)
  (1, 1, 0, 3, 0, 1, 1, 1, 1)
  (1, 1, 0, 3, 0, 1, 1, 0, 2)
  (4, 1, 0, 0, 0, 1, 1, 0, 2)
  (4, 1, 0, 0, 0, 1, 3, 0, 0)
  (5, 0, 0, 0, 0, 1, 3, 0, 0)
  (5, 0, 0, 0, 0, 0, 4, 0, 0)

Path 483 (7 moves):
  (1, 1, 1, 1, 1, 1, 1, 1, 1)
  (1, 1, 1, 2, 0, 1, 1, 1, 1)
  (1, 1, 0, 3, 0, 1, 1, 1, 1)
  (1, 1, 0, 3, 0, 1, 1, 0, 2)
  (4, 1, 0, 0, 0, 1, 1, 0, 2)
  (4, 1, 0, 0, 0, 1, 3, 0, 0)
  (4, 1, 0, 0, 0, 0, 4, 0, 0)
  (5, 0, 0, 0, 0, 0, 4, 0, 0)

Path 484 (7 moves):
  (1, 1, 1, 1, 1, 1, 1, 1, 1)
  (1, 1, 1, 2, 0, 1, 1, 1, 1)
  (1, 1, 0, 3, 0, 1, 1, 1, 1)
  (1, 1, 0, 3, 0, 1, 1, 0, 2)
  (1, 1, 0, 0, 0, 1, 4, 0, 2)
  (0, 2, 0, 0, 0, 1, 4, 0, 2)
  (0, 2, 0, 0, 0, 0, 5, 0, 2)
  (0, 2, 0, 0, 0, 0, 7, 0, 0)

Path 485 (7 moves):
  (1, 1, 1, 1, 1, 1, 1, 1, 1)
  (1, 1, 1, 2, 0, 1, 1, 1, 1)
  (1, 1, 0, 3, 0, 1, 1, 1, 1)
  (1, 1, 0, 3, 0, 1, 1, 0, 2)
  (1, 1, 0, 0, 0, 1, 4, 0, 2)
  (0, 2, 0, 0, 0, 1, 4, 0, 2)
  (0, 2, 0, 0, 0, 1, 6, 0, 0)
  (0, 2, 0, 0, 0, 0, 7, 0, 0)

Path 486 (7 moves):
  (1, 1, 1, 1, 1, 1, 1, 1, 1)
  (1, 1, 1, 2, 0, 1, 1, 1, 1)
  (1, 1, 0, 3, 0, 1, 1, 1, 1)
  (1, 1, 0, 3, 0, 1, 1, 0, 2)
  (1, 1, 0, 0, 0, 1, 4, 0, 2)
  (2, 0, 0, 0, 0, 1, 4, 0, 2)
  (2, 0, 0, 0, 0, 0, 5, 0, 2)
  (2, 0, 0, 0, 0, 0, 7, 0, 0)

Path 487 (7 moves):
  (1, 1, 1, 1, 1, 1, 1, 1, 1)
  (1, 1, 1, 2, 0, 1, 1, 1, 1)
  (1, 1, 0, 3, 0, 1, 1, 1, 1)
  (1, 1, 0, 3, 0, 1, 1, 0, 2)
  (1, 1, 0, 0, 0, 1, 4, 0, 2)
  (2, 0, 0, 0, 0, 1, 4, 0, 2)
  (2, 0, 0, 0, 0, 1, 6, 0, 0)
  (2, 0, 0, 0, 0, 0, 7, 0, 0)

Path 488 (7 moves):
  (1, 1, 1, 1, 1, 1, 1, 1, 1)
  (1, 1, 1, 2, 0, 1, 1, 1, 1)
  (1, 1, 0, 3, 0, 1, 1, 1, 1)
  (1, 1, 0, 3, 0, 1, 1, 0, 2)
  (1, 1, 0, 0, 0, 1, 4, 0, 2)
  (2, 0, 0, 0, 0, 1, 4, 0, 2)
  (2, 0, 0, 0, 0, 1, 6, 0, 0)
  (8, 0, 0, 0, 0, 1, 0, 0, 0)

Path 489 (7 moves):
  (1, 1, 1, 1, 1, 1, 1, 1, 1)
  (1, 1, 1, 2, 0, 1, 1, 1, 1)
  (1, 1, 0, 3, 0, 1, 1, 1, 1)
  (1, 1, 0, 3, 0, 1, 1, 0, 2)
  (1, 1, 0, 0, 0, 1, 4, 0, 2)
  (1, 1, 0, 0, 0, 1, 6, 0, 0)
  (0, 2, 0, 0, 0, 1, 6, 0, 0)
  (0, 2, 0, 0, 0, 0, 7, 0, 0)

Path 490 (7 moves):
  (1, 1, 1, 1, 1, 1, 1, 1, 1)
  (1, 1, 1, 2, 0, 1, 1, 1, 1)
  (1, 1, 0, 3, 0, 1, 1, 1, 1)
  (1, 1, 0, 3, 0, 1, 1, 0, 2)
  (1, 1, 0, 0, 0, 1, 4, 0, 2)
  (1, 1, 0, 0, 0, 1, 6, 0, 0)
  (2, 0, 0, 0, 0, 1, 6, 0, 0)
  (2, 0, 0, 0, 0, 0, 7, 0, 0)

Path 491 (7 moves):
  (1, 1, 1, 1, 1, 1, 1, 1, 1)
  (1, 1, 1, 2, 0, 1, 1, 1, 1)
  (1, 1, 0, 3, 0, 1, 1, 1, 1)
  (1, 1, 0, 3, 0, 1, 1, 0, 2)
  (1, 1, 0, 0, 0, 1, 4, 0, 2)
  (1, 1, 0, 0, 0, 1, 6, 0, 0)
  (2, 0, 0, 0, 0, 1, 6, 0, 0)
  (8, 0, 0, 0, 0, 1, 0, 0, 0)

Path 492 (7 moves):
  (1, 1, 1, 1, 1, 1, 1, 1, 1)
  (1, 1, 1, 2, 0, 1, 1, 1, 1)
  (1, 1, 0, 3, 0, 1, 1, 1, 1)
  (1, 1, 0, 3, 0, 1, 1, 0, 2)
  (1, 1, 0, 0, 0, 1, 4, 0, 2)
  (1, 1, 0, 0, 0, 1, 6, 0, 0)
  (1, 1, 0, 0, 0, 0, 7, 0, 0)
  (0, 2, 0, 0, 0, 0, 7, 0, 0)

Path 493 (7 moves):
  (1, 1, 1, 1, 1, 1, 1, 1, 1)
  (1, 1, 1, 2, 0, 1, 1, 1, 1)
  (1, 1, 0, 3, 0, 1, 1, 1, 1)
  (1, 1, 0, 3, 0, 1, 1, 0, 2)
  (1, 1, 0, 0, 0, 1, 4, 0, 2)
  (1, 1, 0, 0, 0, 1, 6, 0, 0)
  (1, 1, 0, 0, 0, 0, 7, 0, 0)
  (2, 0, 0, 0, 0, 0, 7, 0, 0)

Path 494 (7 moves):
  (1, 1, 1, 1, 1, 1, 1, 1, 1)
  (1, 1, 1, 2, 0, 1, 1, 1, 1)
  (1, 1, 0, 3, 0, 1, 1, 1, 1)
  (1, 1, 0, 3, 0, 1, 1, 0, 2)
  (1, 1, 0, 0, 0, 1, 4, 0, 2)
  (1, 1, 0, 0, 0, 1, 6, 0, 0)
  (7, 1, 0, 0, 0, 1, 0, 0, 0)
  (8, 0, 0, 0, 0, 1, 0, 0, 0)

Path 495 (7 moves):
  (1, 1, 1, 1, 1, 1, 1, 1, 1)
  (1, 1, 1, 2, 0, 1, 1, 1, 1)
  (1, 1, 0, 3, 0, 1, 1, 1, 1)
  (1, 1, 0, 3, 0, 1, 1, 0, 2)
  (1, 1, 0, 3, 0, 0, 2, 0, 2)
  (2, 0, 0, 3, 0, 0, 2, 0, 2)
  (5, 0, 0, 0, 0, 0, 2, 0, 2)
  (5, 0, 0, 0, 0, 0, 0, 0, 4)

Path 496 (7 moves):
  (1, 1, 1, 1, 1, 1, 1, 1, 1)
  (1, 1, 1, 2, 0, 1, 1, 1, 1)
  (1, 1, 0, 3, 0, 1, 1, 1, 1)
  (1, 1, 0, 3, 0, 1, 1, 0, 2)
  (1, 1, 0, 3, 0, 0, 2, 0, 2)
  (2, 0, 0, 3, 0, 0, 2, 0, 2)
  (5, 0, 0, 0, 0, 0, 2, 0, 2)
  (5, 0, 0, 0, 0, 0, 4, 0, 0)

Path 497 (7 moves):
  (1, 1, 1, 1, 1, 1, 1, 1, 1)
  (1, 1, 1, 2, 0, 1, 1, 1, 1)
  (1, 1, 0, 3, 0, 1, 1, 1, 1)
  (1, 1, 0, 3, 0, 1, 1, 0, 2)
  (1, 1, 0, 3, 0, 0, 2, 0, 2)
  (2, 0, 0, 3, 0, 0, 2, 0, 2)
  (2, 0, 0, 0, 0, 0, 5, 0, 2)
  (2, 0, 0, 0, 0, 0, 7, 0, 0)

Path 498 (7 moves):
  (1, 1, 1, 1, 1, 1, 1, 1, 1)
  (1, 1, 1, 2, 0, 1, 1, 1, 1)
  (1, 1, 0, 3, 0, 1, 1, 1, 1)
  (1, 1, 0, 3, 0, 1, 1, 0, 2)
  (1, 1, 0, 3, 0, 0, 2, 0, 2)
  (2, 0, 0, 3, 0, 0, 2, 0, 2)
  (2, 0, 0, 3, 0, 0, 0, 0, 4)
  (5, 0, 0, 0, 0, 0, 0, 0, 4)

Path 499 (7 moves):
  (1, 1, 1, 1, 1, 1, 1, 1, 1)
  (1, 1, 1, 2, 0, 1, 1, 1, 1)
  (1, 1, 0, 3, 0, 1, 1, 1, 1)
  (1, 1, 0, 3, 0, 1, 1, 0, 2)
  (1, 1, 0, 3, 0, 0, 2, 0, 2)
  (2, 0, 0, 3, 0, 0, 2, 0, 2)
  (2, 0, 0, 3, 0, 0, 4, 0, 0)
  (5, 0, 0, 0, 0, 0, 4, 0, 0)

Path 500 (7 moves):
  (1, 1, 1, 1, 1, 1, 1, 1, 1)
  (1, 1, 1, 2, 0, 1, 1, 1, 1)
  (1, 1, 0, 3, 0, 1, 1, 1, 1)
  (1, 1, 0, 3, 0, 1, 1, 0, 2)
  (1, 1, 0, 3, 0, 0, 2, 0, 2)
  (2, 0, 0, 3, 0, 0, 2, 0, 2)
  (2, 0, 0, 3, 0, 0, 4, 0, 0)
  (2, 0, 0, 0, 0, 0, 7, 0, 0)

Path 501 (7 moves):
  (1, 1, 1, 1, 1, 1, 1, 1, 1)
  (1, 1, 1, 2, 0, 1, 1, 1, 1)
  (1, 1, 0, 3, 0, 1, 1, 1, 1)
  (1, 1, 0, 3, 0, 1, 1, 0, 2)
  (1, 1, 0, 3, 0, 0, 2, 0, 2)
  (4, 1, 0, 0, 0, 0, 2, 0, 2)
  (5, 0, 0, 0, 0, 0, 2, 0, 2)
  (5, 0, 0, 0, 0, 0, 0, 0, 4)

Path 502 (7 moves):
  (1, 1, 1, 1, 1, 1, 1, 1, 1)
  (1, 1, 1, 2, 0, 1, 1, 1, 1)
  (1, 1, 0, 3, 0, 1, 1, 1, 1)
  (1, 1, 0, 3, 0, 1, 1, 0, 2)
  (1, 1, 0, 3, 0, 0, 2, 0, 2)
  (4, 1, 0, 0, 0, 0, 2, 0, 2)
  (5, 0, 0, 0, 0, 0, 2, 0, 2)
  (5, 0, 0, 0, 0, 0, 4, 0, 0)

Path 503 (7 moves):
  (1, 1, 1, 1, 1, 1, 1, 1, 1)
  (1, 1, 1, 2, 0, 1, 1, 1, 1)
  (1, 1, 0, 3, 0, 1, 1, 1, 1)
  (1, 1, 0, 3, 0, 1, 1, 0, 2)
  (1, 1, 0, 3, 0, 0, 2, 0, 2)
  (4, 1, 0, 0, 0, 0, 2, 0, 2)
  (4, 1, 0, 0, 0, 0, 0, 0, 4)
  (5, 0, 0, 0, 0, 0, 0, 0, 4)

Path 504 (7 moves):
  (1, 1, 1, 1, 1, 1, 1, 1, 1)
  (1, 1, 1, 2, 0, 1, 1, 1, 1)
  (1, 1, 0, 3, 0, 1, 1, 1, 1)
  (1, 1, 0, 3, 0, 1, 1, 0, 2)
  (1, 1, 0, 3, 0, 0, 2, 0, 2)
  (4, 1, 0, 0, 0, 0, 2, 0, 2)
  (4, 1, 0, 0, 0, 0, 4, 0, 0)
  (5, 0, 0, 0, 0, 0, 4, 0, 0)

Path 505 (7 moves):
  (1, 1, 1, 1, 1, 1, 1, 1, 1)
  (1, 1, 1, 2, 0, 1, 1, 1, 1)
  (1, 1, 0, 3, 0, 1, 1, 1, 1)
  (1, 1, 0, 3, 0, 1, 1, 0, 2)
  (1, 1, 0, 3, 0, 0, 2, 0, 2)
  (1, 1, 0, 3, 0, 0, 4, 0, 0)
  (0, 2, 0, 3, 0, 0, 4, 0, 0)
  (0, 0, 0, 5, 0, 0, 4, 0, 0)

Path 506 (7 moves):
  (1, 1, 1, 1, 1, 1, 1, 1, 1)
  (1, 1, 1, 2, 0, 1, 1, 1, 1)
  (1, 1, 0, 3, 0, 1, 1, 1, 1)
  (1, 1, 0, 3, 0, 1, 1, 0, 2)
  (1, 1, 0, 3, 0, 0, 2, 0, 2)
  (1, 1, 0, 3, 0, 0, 4, 0, 0)
  (0, 2, 0, 3, 0, 0, 4, 0, 0)
  (0, 2, 0, 0, 0, 0, 7, 0, 0)

Path 507 (7 moves):
  (1, 1, 1, 1, 1, 1, 1, 1, 1)
  (1, 1, 1, 2, 0, 1, 1, 1, 1)
  (1, 1, 0, 3, 0, 1, 1, 1, 1)
  (1, 1, 0, 3, 0, 1, 1, 0, 2)
  (1, 1, 0, 3, 0, 0, 2, 0, 2)
  (1, 1, 0, 3, 0, 0, 4, 0, 0)
  (2, 0, 0, 3, 0, 0, 4, 0, 0)
  (5, 0, 0, 0, 0, 0, 4, 0, 0)

Path 508 (7 moves):
  (1, 1, 1, 1, 1, 1, 1, 1, 1)
  (1, 1, 1, 2, 0, 1, 1, 1, 1)
  (1, 1, 0, 3, 0, 1, 1, 1, 1)
  (1, 1, 0, 3, 0, 1, 1, 0, 2)
  (1, 1, 0, 3, 0, 0, 2, 0, 2)
  (1, 1, 0, 3, 0, 0, 4, 0, 0)
  (2, 0, 0, 3, 0, 0, 4, 0, 0)
  (2, 0, 0, 0, 0, 0, 7, 0, 0)

Path 509 (7 moves):
  (1, 1, 1, 1, 1, 1, 1, 1, 1)
  (1, 1, 1, 2, 0, 1, 1, 1, 1)
  (1, 1, 0, 3, 0, 1, 1, 1, 1)
  (1, 1, 0, 3, 0, 1, 1, 0, 2)
  (1, 1, 0, 3, 0, 0, 2, 0, 2)
  (1, 1, 0, 3, 0, 0, 4, 0, 0)
  (4, 1, 0, 0, 0, 0, 4, 0, 0)
  (5, 0, 0, 0, 0, 0, 4, 0, 0)

Path 510 (7 moves):
  (1, 1, 1, 1, 1, 1, 1, 1, 1)
  (1, 1, 1, 2, 0, 1, 1, 1, 1)
  (1, 1, 0, 3, 0, 1, 1, 1, 1)
  (1, 1, 0, 3, 0, 1, 1, 0, 2)
  (1, 1, 0, 3, 0, 0, 2, 0, 2)
  (1, 1, 0, 3, 0, 0, 4, 0, 0)
  (1, 1, 0, 0, 0, 0, 7, 0, 0)
  (0, 2, 0, 0, 0, 0, 7, 0, 0)

Path 511 (7 moves):
  (1, 1, 1, 1, 1, 1, 1, 1, 1)
  (1, 1, 1, 2, 0, 1, 1, 1, 1)
  (1, 1, 0, 3, 0, 1, 1, 1, 1)
  (1, 1, 0, 3, 0, 1, 1, 0, 2)
  (1, 1, 0, 3, 0, 0, 2, 0, 2)
  (1, 1, 0, 3, 0, 0, 4, 0, 0)
  (1, 1, 0, 0, 0, 0, 7, 0, 0)
  (2, 0, 0, 0, 0, 0, 7, 0, 0)

Path 512 (7 moves):
  (1, 1, 1, 1, 1, 1, 1, 1, 1)
  (1, 1, 1, 2, 0, 1, 1, 1, 1)
  (1, 1, 0, 3, 0, 1, 1, 1, 1)
  (1, 1, 0, 3, 0, 1, 1, 0, 2)
  (1, 1, 0, 3, 0, 2, 0, 0, 2)
  (0, 2, 0, 3, 0, 2, 0, 0, 2)
  (0, 0, 0, 5, 0, 2, 0, 0, 2)
  (0, 0, 0, 0, 0, 2, 0, 0, 7)

Path 513 (7 moves):
  (1, 1, 1, 1, 1, 1, 1, 1, 1)
  (1, 1, 1, 2, 0, 1, 1, 1, 1)
  (1, 1, 0, 3, 0, 1, 1, 1, 1)
  (1, 1, 0, 3, 0, 1, 1, 0, 2)
  (1, 1, 0, 3, 0, 2, 0, 0, 2)
  (0, 2, 0, 3, 0, 2, 0, 0, 2)
  (0, 0, 0, 5, 0, 2, 0, 0, 2)
  (0, 0, 0, 7, 0, 0, 0, 0, 2)

Path 514 (7 moves):
  (1, 1, 1, 1, 1, 1, 1, 1, 1)
  (1, 1, 1, 2, 0, 1, 1, 1, 1)
  (1, 1, 0, 3, 0, 1, 1, 1, 1)
  (1, 1, 0, 3, 0, 1, 1, 0, 2)
  (1, 1, 0, 3, 0, 2, 0, 0, 2)
  (0, 2, 0, 3, 0, 2, 0, 0, 2)
  (0, 2, 0, 5, 0, 0, 0, 0, 2)
  (0, 0, 0, 7, 0, 0, 0, 0, 2)

Path 515 (7 moves):
  (1, 1, 1, 1, 1, 1, 1, 1, 1)
  (1, 1, 1, 2, 0, 1, 1, 1, 1)
  (1, 1, 0, 3, 0, 1, 1, 1, 1)
  (1, 1, 0, 3, 0, 1, 1, 0, 2)
  (1, 1, 0, 3, 0, 2, 0, 0, 2)
  (2, 0, 0, 3, 0, 2, 0, 0, 2)
  (5, 0, 0, 0, 0, 2, 0, 0, 2)
  (0, 0, 0, 0, 0, 7, 0, 0, 2)

Path 516 (7 moves):
  (1, 1, 1, 1, 1, 1, 1, 1, 1)
  (1, 1, 1, 2, 0, 1, 1, 1, 1)
  (1, 1, 0, 3, 0, 1, 1, 1, 1)
  (1, 1, 0, 3, 0, 1, 1, 0, 2)
  (1, 1, 0, 3, 0, 2, 0, 0, 2)
  (2, 0, 0, 3, 0, 2, 0, 0, 2)
  (2, 0, 0, 5, 0, 0, 0, 0, 2)
  (2, 0, 0, 0, 0, 0, 0, 0, 7)

Path 517 (7 moves):
  (1, 1, 1, 1, 1, 1, 1, 1, 1)
  (1, 1, 1, 2, 0, 1, 1, 1, 1)
  (1, 1, 0, 3, 0, 1, 1, 1, 1)
  (1, 1, 0, 3, 0, 1, 1, 0, 2)
  (1, 1, 0, 3, 0, 2, 0, 0, 2)
  (4, 1, 0, 0, 0, 2, 0, 0, 2)
  (5, 0, 0, 0, 0, 2, 0, 0, 2)
  (0, 0, 0, 0, 0, 7, 0, 0, 2)

Path 518 (7 moves):
  (1, 1, 1, 1, 1, 1, 1, 1, 1)
  (1, 1, 1, 2, 0, 1, 1, 1, 1)
  (1, 1, 0, 3, 0, 1, 1, 1, 1)
  (1, 1, 0, 3, 0, 1, 1, 0, 2)
  (1, 1, 0, 3, 0, 2, 0, 0, 2)
  (1, 1, 0, 5, 0, 0, 0, 0, 2)
  (0, 2, 0, 5, 0, 0, 0, 0, 2)
  (0, 0, 0, 7, 0, 0, 0, 0, 2)

Path 519 (7 moves):
  (1, 1, 1, 1, 1, 1, 1, 1, 1)
  (1, 1, 1, 2, 0, 1, 1, 1, 1)
  (1, 1, 0, 3, 0, 1, 1, 1, 1)
  (1, 1, 0, 3, 0, 1, 1, 0, 2)
  (1, 1, 0, 3, 0, 2, 0, 0, 2)
  (1, 1, 0, 5, 0, 0, 0, 0, 2)
  (2, 0, 0, 5, 0, 0, 0, 0, 2)
  (2, 0, 0, 0, 0, 0, 0, 0, 7)

Path 520 (7 moves):
  (1, 1, 1, 1, 1, 1, 1, 1, 1)
  (1, 1, 1, 2, 0, 1, 1, 1, 1)
  (1, 1, 0, 3, 0, 1, 1, 1, 1)
  (1, 1, 0, 3, 0, 1, 1, 0, 2)
  (1, 1, 0, 3, 0, 2, 0, 0, 2)
  (1, 1, 0, 5, 0, 0, 0, 0, 2)
  (1, 1, 0, 0, 0, 0, 0, 0, 7)
  (2, 0, 0, 0, 0, 0, 0, 0, 7)

Path 521 (7 moves):
  (1, 1, 1, 1, 1, 1, 1, 1, 1)
  (1, 1, 1, 2, 0, 1, 1, 1, 1)
  (1, 1, 0, 3, 0, 1, 1, 1, 1)
  (1, 1, 0, 3, 0, 1, 1, 0, 2)
  (1, 1, 0, 3, 0, 1, 3, 0, 0)
  (0, 2, 0, 3, 0, 1, 3, 0, 0)
  (0, 0, 0, 5, 0, 1, 3, 0, 0)
  (0, 0, 0, 5, 0, 0, 4, 0, 0)

Path 522 (7 moves):
  (1, 1, 1, 1, 1, 1, 1, 1, 1)
  (1, 1, 1, 2, 0, 1, 1, 1, 1)
  (1, 1, 0, 3, 0, 1, 1, 1, 1)
  (1, 1, 0, 3, 0, 1, 1, 0, 2)
  (1, 1, 0, 3, 0, 1, 3, 0, 0)
  (0, 2, 0, 3, 0, 1, 3, 0, 0)
  (0, 0, 0, 5, 0, 1, 3, 0, 0)
  (0, 0, 0, 8, 0, 1, 0, 0, 0)

Path 523 (7 moves):
  (1, 1, 1, 1, 1, 1, 1, 1, 1)
  (1, 1, 1, 2, 0, 1, 1, 1, 1)
  (1, 1, 0, 3, 0, 1, 1, 1, 1)
  (1, 1, 0, 3, 0, 1, 1, 0, 2)
  (1, 1, 0, 3, 0, 1, 3, 0, 0)
  (0, 2, 0, 3, 0, 1, 3, 0, 0)
  (0, 2, 0, 0, 0, 1, 6, 0, 0)
  (0, 2, 0, 0, 0, 0, 7, 0, 0)

Path 524 (7 moves):
  (1, 1, 1, 1, 1, 1, 1, 1, 1)
  (1, 1, 1, 2, 0, 1, 1, 1, 1)
  (1, 1, 0, 3, 0, 1, 1, 1, 1)
  (1, 1, 0, 3, 0, 1, 1, 0, 2)
  (1, 1, 0, 3, 0, 1, 3, 0, 0)
  (0, 2, 0, 3, 0, 1, 3, 0, 0)
  (0, 2, 0, 3, 0, 0, 4, 0, 0)
  (0, 0, 0, 5, 0, 0, 4, 0, 0)

Path 525 (7 moves):
  (1, 1, 1, 1, 1, 1, 1, 1, 1)
  (1, 1, 1, 2, 0, 1, 1, 1, 1)
  (1, 1, 0, 3, 0, 1, 1, 1, 1)
  (1, 1, 0, 3, 0, 1, 1, 0, 2)
  (1, 1, 0, 3, 0, 1, 3, 0, 0)
  (0, 2, 0, 3, 0, 1, 3, 0, 0)
  (0, 2, 0, 3, 0, 0, 4, 0, 0)
  (0, 2, 0, 0, 0, 0, 7, 0, 0)

Path 526 (7 moves):
  (1, 1, 1, 1, 1, 1, 1, 1, 1)
  (1, 1, 1, 2, 0, 1, 1, 1, 1)
  (1, 1, 0, 3, 0, 1, 1, 1, 1)
  (1, 1, 0, 3, 0, 1, 1, 0, 2)
  (1, 1, 0, 3, 0, 1, 3, 0, 0)
  (0, 2, 0, 3, 0, 1, 3, 0, 0)
  (0, 2, 0, 6, 0, 1, 0, 0, 0)
  (0, 0, 0, 8, 0, 1, 0, 0, 0)

Path 527 (7 moves):
  (1, 1, 1, 1, 1, 1, 1, 1, 1)
  (1, 1, 1, 2, 0, 1, 1, 1, 1)
  (1, 1, 0, 3, 0, 1, 1, 1, 1)
  (1, 1, 0, 3, 0, 1, 1, 0, 2)
  (1, 1, 0, 3, 0, 1, 3, 0, 0)
  (4, 1, 0, 0, 0, 1, 3, 0, 0)
  (5, 0, 0, 0, 0, 1, 3, 0, 0)
  (0, 0, 0, 0, 0, 6, 3, 0, 0)

Path 528 (7 moves):
  (1, 1, 1, 1, 1, 1, 1, 1, 1)
  (1, 1, 1, 2, 0, 1, 1, 1, 1)
  (1, 1, 0, 3, 0, 1, 1, 1, 1)
  (1, 1, 0, 3, 0, 1, 1, 0, 2)
  (1, 1, 0, 3, 0, 1, 3, 0, 0)
  (4, 1, 0, 0, 0, 1, 3, 0, 0)
  (5, 0, 0, 0, 0, 1, 3, 0, 0)
  (5, 0, 0, 0, 0, 0, 4, 0, 0)

Path 529 (7 moves):
  (1, 1, 1, 1, 1, 1, 1, 1, 1)
  (1, 1, 1, 2, 0, 1, 1, 1, 1)
  (1, 1, 0, 3, 0, 1, 1, 1, 1)
  (1, 1, 0, 3, 0, 1, 1, 0, 2)
  (1, 1, 0, 3, 0, 1, 3, 0, 0)
  (4, 1, 0, 0, 0, 1, 3, 0, 0)
  (4, 1, 0, 0, 0, 0, 4, 0, 0)
  (5, 0, 0, 0, 0, 0, 4, 0, 0)

Path 530 (7 moves):
  (1, 1, 1, 1, 1, 1, 1, 1, 1)
  (1, 1, 1, 2, 0, 1, 1, 1, 1)
  (1, 1, 0, 3, 0, 1, 1, 1, 1)
  (1, 1, 0, 3, 0, 1, 1, 0, 2)
  (1, 1, 0, 3, 0, 1, 3, 0, 0)
  (1, 1, 0, 0, 0, 1, 6, 0, 0)
  (0, 2, 0, 0, 0, 1, 6, 0, 0)
  (0, 2, 0, 0, 0, 0, 7, 0, 0)

Path 531 (7 moves):
  (1, 1, 1, 1, 1, 1, 1, 1, 1)
  (1, 1, 1, 2, 0, 1, 1, 1, 1)
  (1, 1, 0, 3, 0, 1, 1, 1, 1)
  (1, 1, 0, 3, 0, 1, 1, 0, 2)
  (1, 1, 0, 3, 0, 1, 3, 0, 0)
  (1, 1, 0, 0, 0, 1, 6, 0, 0)
  (2, 0, 0, 0, 0, 1, 6, 0, 0)
  (2, 0, 0, 0, 0, 0, 7, 0, 0)

Path 532 (7 moves):
  (1, 1, 1, 1, 1, 1, 1, 1, 1)
  (1, 1, 1, 2, 0, 1, 1, 1, 1)
  (1, 1, 0, 3, 0, 1, 1, 1, 1)
  (1, 1, 0, 3, 0, 1, 1, 0, 2)
  (1, 1, 0, 3, 0, 1, 3, 0, 0)
  (1, 1, 0, 0, 0, 1, 6, 0, 0)
  (2, 0, 0, 0, 0, 1, 6, 0, 0)
  (8, 0, 0, 0, 0, 1, 0, 0, 0)

Path 533 (7 moves):
  (1, 1, 1, 1, 1, 1, 1, 1, 1)
  (1, 1, 1, 2, 0, 1, 1, 1, 1)
  (1, 1, 0, 3, 0, 1, 1, 1, 1)
  (1, 1, 0, 3, 0, 1, 1, 0, 2)
  (1, 1, 0, 3, 0, 1, 3, 0, 0)
  (1, 1, 0, 0, 0, 1, 6, 0, 0)
  (1, 1, 0, 0, 0, 0, 7, 0, 0)
  (0, 2, 0, 0, 0, 0, 7, 0, 0)

Path 534 (7 moves):
  (1, 1, 1, 1, 1, 1, 1, 1, 1)
  (1, 1, 1, 2, 0, 1, 1, 1, 1)
  (1, 1, 0, 3, 0, 1, 1, 1, 1)
  (1, 1, 0, 3, 0, 1, 1, 0, 2)
  (1, 1, 0, 3, 0, 1, 3, 0, 0)
  (1, 1, 0, 0, 0, 1, 6, 0, 0)
  (1, 1, 0, 0, 0, 0, 7, 0, 0)
  (2, 0, 0, 0, 0, 0, 7, 0, 0)

Path 535 (7 moves):
  (1, 1, 1, 1, 1, 1, 1, 1, 1)
  (1, 1, 1, 2, 0, 1, 1, 1, 1)
  (1, 1, 0, 3, 0, 1, 1, 1, 1)
  (1, 1, 0, 3, 0, 1, 1, 0, 2)
  (1, 1, 0, 3, 0, 1, 3, 0, 0)
  (1, 1, 0, 0, 0, 1, 6, 0, 0)
  (7, 1, 0, 0, 0, 1, 0, 0, 0)
  (8, 0, 0, 0, 0, 1, 0, 0, 0)

Path 536 (7 moves):
  (1, 1, 1, 1, 1, 1, 1, 1, 1)
  (1, 1, 1, 2, 0, 1, 1, 1, 1)
  (1, 1, 0, 3, 0, 1, 1, 1, 1)
  (1, 1, 0, 3, 0, 1, 1, 0, 2)
  (1, 1, 0, 3, 0, 1, 3, 0, 0)
  (1, 1, 0, 3, 0, 0, 4, 0, 0)
  (0, 2, 0, 3, 0, 0, 4, 0, 0)
  (0, 0, 0, 5, 0, 0, 4, 0, 0)

Path 537 (7 moves):
  (1, 1, 1, 1, 1, 1, 1, 1, 1)
  (1, 1, 1, 2, 0, 1, 1, 1, 1)
  (1, 1, 0, 3, 0, 1, 1, 1, 1)
  (1, 1, 0, 3, 0, 1, 1, 0, 2)
  (1, 1, 0, 3, 0, 1, 3, 0, 0)
  (1, 1, 0, 3, 0, 0, 4, 0, 0)
  (0, 2, 0, 3, 0, 0, 4, 0, 0)
  (0, 2, 0, 0, 0, 0, 7, 0, 0)

Path 538 (7 moves):
  (1, 1, 1, 1, 1, 1, 1, 1, 1)
  (1, 1, 1, 2, 0, 1, 1, 1, 1)
  (1, 1, 0, 3, 0, 1, 1, 1, 1)
  (1, 1, 0, 3, 0, 1, 1, 0, 2)
  (1, 1, 0, 3, 0, 1, 3, 0, 0)
  (1, 1, 0, 3, 0, 0, 4, 0, 0)
  (2, 0, 0, 3, 0, 0, 4, 0, 0)
  (5, 0, 0, 0, 0, 0, 4, 0, 0)

Path 539 (7 moves):
  (1, 1, 1, 1, 1, 1, 1, 1, 1)
  (1, 1, 1, 2, 0, 1, 1, 1, 1)
  (1, 1, 0, 3, 0, 1, 1, 1, 1)
  (1, 1, 0, 3, 0, 1, 1, 0, 2)
  (1, 1, 0, 3, 0, 1, 3, 0, 0)
  (1, 1, 0, 3, 0, 0, 4, 0, 0)
  (2, 0, 0, 3, 0, 0, 4, 0, 0)
  (2, 0, 0, 0, 0, 0, 7, 0, 0)

Path 540 (7 moves):
  (1, 1, 1, 1, 1, 1, 1, 1, 1)
  (1, 1, 1, 2, 0, 1, 1, 1, 1)
  (1, 1, 0, 3, 0, 1, 1, 1, 1)
  (1, 1, 0, 3, 0, 1, 1, 0, 2)
  (1, 1, 0, 3, 0, 1, 3, 0, 0)
  (1, 1, 0, 3, 0, 0, 4, 0, 0)
  (4, 1, 0, 0, 0, 0, 4, 0, 0)
  (5, 0, 0, 0, 0, 0, 4, 0, 0)

Path 541 (7 moves):
  (1, 1, 1, 1, 1, 1, 1, 1, 1)
  (1, 1, 1, 2, 0, 1, 1, 1, 1)
  (1, 1, 0, 3, 0, 1, 1, 1, 1)
  (1, 1, 0, 3, 0, 1, 1, 0, 2)
  (1, 1, 0, 3, 0, 1, 3, 0, 0)
  (1, 1, 0, 3, 0, 0, 4, 0, 0)
  (1, 1, 0, 0, 0, 0, 7, 0, 0)
  (0, 2, 0, 0, 0, 0, 7, 0, 0)

Path 542 (7 moves):
  (1, 1, 1, 1, 1, 1, 1, 1, 1)
  (1, 1, 1, 2, 0, 1, 1, 1, 1)
  (1, 1, 0, 3, 0, 1, 1, 1, 1)
  (1, 1, 0, 3, 0, 1, 1, 0, 2)
  (1, 1, 0, 3, 0, 1, 3, 0, 0)
  (1, 1, 0, 3, 0, 0, 4, 0, 0)
  (1, 1, 0, 0, 0, 0, 7, 0, 0)
  (2, 0, 0, 0, 0, 0, 7, 0, 0)

Path 543 (7 moves):
  (1, 1, 1, 1, 1, 1, 1, 1, 1)
  (1, 1, 1, 2, 0, 1, 1, 1, 1)
  (1, 3, 1, 0, 0, 1, 1, 1, 1)
  (1, 3, 1, 0, 0, 0, 2, 1, 1)
  (0, 4, 1, 0, 0, 0, 2, 1, 1)
  (0, 5, 0, 0, 0, 0, 2, 1, 1)
  (0, 0, 0, 0, 0, 0, 7, 1, 1)
  (0, 0, 0, 0, 0, 0, 8, 0, 1)

Path 544 (7 moves):
  (1, 1, 1, 1, 1, 1, 1, 1, 1)
  (1, 1, 1, 2, 0, 1, 1, 1, 1)
  (1, 3, 1, 0, 0, 1, 1, 1, 1)
  (1, 3, 1, 0, 0, 0, 2, 1, 1)
  (0, 4, 1, 0, 0, 0, 2, 1, 1)
  (0, 5, 0, 0, 0, 0, 2, 1, 1)
  (0, 0, 0, 0, 0, 0, 7, 1, 1)
  (0, 0, 0, 0, 0, 0, 7, 2, 0)

Path 545 (7 moves):
  (1, 1, 1, 1, 1, 1, 1, 1, 1)
  (1, 1, 1, 2, 0, 1, 1, 1, 1)
  (1, 3, 1, 0, 0, 1, 1, 1, 1)
  (1, 3, 1, 0, 0, 0, 2, 1, 1)
  (0, 4, 1, 0, 0, 0, 2, 1, 1)
  (0, 5, 0, 0, 0, 0, 2, 1, 1)
  (0, 5, 0, 0, 0, 0, 0, 1, 3)
  (0, 5, 0, 0, 0, 0, 0, 0, 4)

Path 546 (7 moves):
  (1, 1, 1, 1, 1, 1, 1, 1, 1)
  (1, 1, 1, 2, 0, 1, 1, 1, 1)
  (1, 3, 1, 0, 0, 1, 1, 1, 1)
  (1, 3, 1, 0, 0, 0, 2, 1, 1)
  (0, 4, 1, 0, 0, 0, 2, 1, 1)
  (0, 5, 0, 0, 0, 0, 2, 1, 1)
  (0, 5, 0, 0, 0, 0, 3, 0, 1)
  (0, 0, 0, 0, 0, 0, 8, 0, 1)

Path 547 (7 moves):
  (1, 1, 1, 1, 1, 1, 1, 1, 1)
  (1, 1, 1, 2, 0, 1, 1, 1, 1)
  (1, 3, 1, 0, 0, 1, 1, 1, 1)
  (1, 3, 1, 0, 0, 0, 2, 1, 1)
  (0, 4, 1, 0, 0, 0, 2, 1, 1)
  (0, 5, 0, 0, 0, 0, 2, 1, 1)
  (0, 5, 0, 0, 0, 0, 2, 0, 2)
  (0, 5, 0, 0, 0, 0, 0, 0, 4)

Path 548 (7 moves):
  (1, 1, 1, 1, 1, 1, 1, 1, 1)
  (1, 1, 1, 2, 0, 1, 1, 1, 1)
  (1, 3, 1, 0, 0, 1, 1, 1, 1)
  (1, 3, 1, 0, 0, 0, 2, 1, 1)
  (0, 4, 1, 0, 0, 0, 2, 1, 1)
  (0, 5, 0, 0, 0, 0, 2, 1, 1)
  (0, 5, 0, 0, 0, 0, 2, 2, 0)
  (0, 0, 0, 0, 0, 0, 7, 2, 0)

Path 549 (7 moves):
  (1, 1, 1, 1, 1, 1, 1, 1, 1)
  (1, 1, 1, 2, 0, 1, 1, 1, 1)
  (1, 3, 1, 0, 0, 1, 1, 1, 1)
  (1, 3, 1, 0, 0, 0, 2, 1, 1)
  (0, 4, 1, 0, 0, 0, 2, 1, 1)
  (0, 4, 1, 0, 0, 0, 0, 1, 3)
  (0, 5, 0, 0, 0, 0, 0, 1, 3)
  (0, 5, 0, 0, 0, 0, 0, 0, 4)

Path 550 (7 moves):
  (1, 1, 1, 1, 1, 1, 1, 1, 1)
  (1, 1, 1, 2, 0, 1, 1, 1, 1)
  (1, 3, 1, 0, 0, 1, 1, 1, 1)
  (1, 3, 1, 0, 0, 0, 2, 1, 1)
  (0, 4, 1, 0, 0, 0, 2, 1, 1)
  (0, 4, 1, 0, 0, 0, 0, 1, 3)
  (0, 4, 1, 0, 0, 0, 0, 0, 4)
  (0, 5, 0, 0, 0, 0, 0, 0, 4)

Path 551 (7 moves):
  (1, 1, 1, 1, 1, 1, 1, 1, 1)
  (1, 1, 1, 2, 0, 1, 1, 1, 1)
  (1, 3, 1, 0, 0, 1, 1, 1, 1)
  (1, 3, 1, 0, 0, 0, 2, 1, 1)
  (0, 4, 1, 0, 0, 0, 2, 1, 1)
  (0, 4, 1, 0, 0, 0, 3, 0, 1)
  (0, 5, 0, 0, 0, 0, 3, 0, 1)
  (0, 0, 0, 0, 0, 0, 8, 0, 1)

Path 552 (7 moves):
  (1, 1, 1, 1, 1, 1, 1, 1, 1)
  (1, 1, 1, 2, 0, 1, 1, 1, 1)
  (1, 3, 1, 0, 0, 1, 1, 1, 1)
  (1, 3, 1, 0, 0, 0, 2, 1, 1)
  (0, 4, 1, 0, 0, 0, 2, 1, 1)
  (0, 4, 1, 0, 0, 0, 2, 0, 2)
  (0, 5, 0, 0, 0, 0, 2, 0, 2)
  (0, 5, 0, 0, 0, 0, 0, 0, 4)

Path 553 (7 moves):
  (1, 1, 1, 1, 1, 1, 1, 1, 1)
  (1, 1, 1, 2, 0, 1, 1, 1, 1)
  (1, 3, 1, 0, 0, 1, 1, 1, 1)
  (1, 3, 1, 0, 0, 0, 2, 1, 1)
  (0, 4, 1, 0, 0, 0, 2, 1, 1)
  (0, 4, 1, 0, 0, 0, 2, 0, 2)
  (0, 4, 1, 0, 0, 0, 0, 0, 4)
  (0, 5, 0, 0, 0, 0, 0, 0, 4)

Path 554 (7 moves):
  (1, 1, 1, 1, 1, 1, 1, 1, 1)
  (1, 1, 1, 2, 0, 1, 1, 1, 1)
  (1, 3, 1, 0, 0, 1, 1, 1, 1)
  (1, 3, 1, 0, 0, 0, 2, 1, 1)
  (0, 4, 1, 0, 0, 0, 2, 1, 1)
  (0, 4, 1, 0, 0, 0, 2, 0, 2)
  (0, 4, 1, 0, 0, 0, 4, 0, 0)
  (0, 4, 5, 0, 0, 0, 0, 0, 0)

Path 555 (7 moves):
  (1, 1, 1, 1, 1, 1, 1, 1, 1)
  (1, 1, 1, 2, 0, 1, 1, 1, 1)
  (1, 3, 1, 0, 0, 1, 1, 1, 1)
  (1, 3, 1, 0, 0, 0, 2, 1, 1)
  (0, 4, 1, 0, 0, 0, 2, 1, 1)
  (0, 4, 1, 0, 0, 0, 2, 2, 0)
  (0, 5, 0, 0, 0, 0, 2, 2, 0)
  (0, 0, 0, 0, 0, 0, 7, 2, 0)

Path 556 (7 moves):
  (1, 1, 1, 1, 1, 1, 1, 1, 1)
  (1, 1, 1, 2, 0, 1, 1, 1, 1)
  (1, 3, 1, 0, 0, 1, 1, 1, 1)
  (1, 3, 1, 0, 0, 0, 2, 1, 1)
  (1, 4, 0, 0, 0, 0, 2, 1, 1)
  (0, 5, 0, 0, 0, 0, 2, 1, 1)
  (0, 0, 0, 0, 0, 0, 7, 1, 1)
  (0, 0, 0, 0, 0, 0, 8, 0, 1)

Path 557 (7 moves):
  (1, 1, 1, 1, 1, 1, 1, 1, 1)
  (1, 1, 1, 2, 0, 1, 1, 1, 1)
  (1, 3, 1, 0, 0, 1, 1, 1, 1)
  (1, 3, 1, 0, 0, 0, 2, 1, 1)
  (1, 4, 0, 0, 0, 0, 2, 1, 1)
  (0, 5, 0, 0, 0, 0, 2, 1, 1)
  (0, 0, 0, 0, 0, 0, 7, 1, 1)
  (0, 0, 0, 0, 0, 0, 7, 2, 0)

Path 558 (7 moves):
  (1, 1, 1, 1, 1, 1, 1, 1, 1)
  (1, 1, 1, 2, 0, 1, 1, 1, 1)
  (1, 3, 1, 0, 0, 1, 1, 1, 1)
  (1, 3, 1, 0, 0, 0, 2, 1, 1)
  (1, 4, 0, 0, 0, 0, 2, 1, 1)
  (0, 5, 0, 0, 0, 0, 2, 1, 1)
  (0, 5, 0, 0, 0, 0, 0, 1, 3)
  (0, 5, 0, 0, 0, 0, 0, 0, 4)

Path 559 (7 moves):
  (1, 1, 1, 1, 1, 1, 1, 1, 1)
  (1, 1, 1, 2, 0, 1, 1, 1, 1)
  (1, 3, 1, 0, 0, 1, 1, 1, 1)
  (1, 3, 1, 0, 0, 0, 2, 1, 1)
  (1, 4, 0, 0, 0, 0, 2, 1, 1)
  (0, 5, 0, 0, 0, 0, 2, 1, 1)
  (0, 5, 0, 0, 0, 0, 3, 0, 1)
  (0, 0, 0, 0, 0, 0, 8, 0, 1)

Path 560 (7 moves):
  (1, 1, 1, 1, 1, 1, 1, 1, 1)
  (1, 1, 1, 2, 0, 1, 1, 1, 1)
  (1, 3, 1, 0, 0, 1, 1, 1, 1)
  (1, 3, 1, 0, 0, 0, 2, 1, 1)
  (1, 4, 0, 0, 0, 0, 2, 1, 1)
  (0, 5, 0, 0, 0, 0, 2, 1, 1)
  (0, 5, 0, 0, 0, 0, 2, 0, 2)
  (0, 5, 0, 0, 0, 0, 0, 0, 4)

Path 561 (7 moves):
  (1, 1, 1, 1, 1, 1, 1, 1, 1)
  (1, 1, 1, 2, 0, 1, 1, 1, 1)
  (1, 3, 1, 0, 0, 1, 1, 1, 1)
  (1, 3, 1, 0, 0, 0, 2, 1, 1)
  (1, 4, 0, 0, 0, 0, 2, 1, 1)
  (0, 5, 0, 0, 0, 0, 2, 1, 1)
  (0, 5, 0, 0, 0, 0, 2, 2, 0)
  (0, 0, 0, 0, 0, 0, 7, 2, 0)

Path 562 (7 moves):
  (1, 1, 1, 1, 1, 1, 1, 1, 1)
  (1, 1, 1, 2, 0, 1, 1, 1, 1)
  (1, 3, 1, 0, 0, 1, 1, 1, 1)
  (1, 3, 1, 0, 0, 0, 2, 1, 1)
  (1, 4, 0, 0, 0, 0, 2, 1, 1)
  (1, 4, 0, 0, 0, 0, 0, 1, 3)
  (0, 5, 0, 0, 0, 0, 0, 1, 3)
  (0, 5, 0, 0, 0, 0, 0, 0, 4)

Path 563 (7 moves):
  (1, 1, 1, 1, 1, 1, 1, 1, 1)
  (1, 1, 1, 2, 0, 1, 1, 1, 1)
  (1, 3, 1, 0, 0, 1, 1, 1, 1)
  (1, 3, 1, 0, 0, 0, 2, 1, 1)
  (1, 4, 0, 0, 0, 0, 2, 1, 1)
  (1, 4, 0, 0, 0, 0, 0, 1, 3)
  (1, 4, 0, 0, 0, 0, 0, 0, 4)
  (0, 5, 0, 0, 0, 0, 0, 0, 4)

Path 564 (7 moves):
  (1, 1, 1, 1, 1, 1, 1, 1, 1)
  (1, 1, 1, 2, 0, 1, 1, 1, 1)
  (1, 3, 1, 0, 0, 1, 1, 1, 1)
  (1, 3, 1, 0, 0, 0, 2, 1, 1)
  (1, 4, 0, 0, 0, 0, 2, 1, 1)
  (1, 4, 0, 0, 0, 0, 3, 0, 1)
  (0, 5, 0, 0, 0, 0, 3, 0, 1)
  (0, 0, 0, 0, 0, 0, 8, 0, 1)

Path 565 (7 moves):
  (1, 1, 1, 1, 1, 1, 1, 1, 1)
  (1, 1, 1, 2, 0, 1, 1, 1, 1)
  (1, 3, 1, 0, 0, 1, 1, 1, 1)
  (1, 3, 1, 0, 0, 0, 2, 1, 1)
  (1, 4, 0, 0, 0, 0, 2, 1, 1)
  (1, 4, 0, 0, 0, 0, 2, 2, 0)
  (0, 5, 0, 0, 0, 0, 2, 2, 0)
  (0, 0, 0, 0, 0, 0, 7, 2, 0)

Path 566 (7 moves):
  (1, 1, 1, 1, 1, 1, 1, 1, 1)
  (1, 1, 1, 2, 0, 1, 1, 1, 1)
  (1, 3, 1, 0, 0, 1, 1, 1, 1)
  (1, 3, 1, 0, 0, 0, 2, 1, 1)
  (1, 3, 1, 0, 0, 0, 0, 1, 3)
  (0, 4, 1, 0, 0, 0, 0, 1, 3)
  (0, 5, 0, 0, 0, 0, 0, 1, 3)
  (0, 5, 0, 0, 0, 0, 0, 0, 4)

Path 567 (7 moves):
  (1, 1, 1, 1, 1, 1, 1, 1, 1)
  (1, 1, 1, 2, 0, 1, 1, 1, 1)
  (1, 3, 1, 0, 0, 1, 1, 1, 1)
  (1, 3, 1, 0, 0, 0, 2, 1, 1)
  (1, 3, 1, 0, 0, 0, 0, 1, 3)
  (0, 4, 1, 0, 0, 0, 0, 1, 3)
  (0, 4, 1, 0, 0, 0, 0, 0, 4)
  (0, 5, 0, 0, 0, 0, 0, 0, 4)

Path 568 (7 moves):
  (1, 1, 1, 1, 1, 1, 1, 1, 1)
  (1, 1, 1, 2, 0, 1, 1, 1, 1)
  (1, 3, 1, 0, 0, 1, 1, 1, 1)
  (1, 3, 1, 0, 0, 0, 2, 1, 1)
  (1, 3, 1, 0, 0, 0, 0, 1, 3)
  (1, 4, 0, 0, 0, 0, 0, 1, 3)
  (0, 5, 0, 0, 0, 0, 0, 1, 3)
  (0, 5, 0, 0, 0, 0, 0, 0, 4)

Path 569 (7 moves):
  (1, 1, 1, 1, 1, 1, 1, 1, 1)
  (1, 1, 1, 2, 0, 1, 1, 1, 1)
  (1, 3, 1, 0, 0, 1, 1, 1, 1)
  (1, 3, 1, 0, 0, 0, 2, 1, 1)
  (1, 3, 1, 0, 0, 0, 0, 1, 3)
  (1, 4, 0, 0, 0, 0, 0, 1, 3)
  (1, 4, 0, 0, 0, 0, 0, 0, 4)
  (0, 5, 0, 0, 0, 0, 0, 0, 4)

Path 570 (7 moves):
  (1, 1, 1, 1, 1, 1, 1, 1, 1)
  (1, 1, 1, 2, 0, 1, 1, 1, 1)
  (1, 3, 1, 0, 0, 1, 1, 1, 1)
  (1, 3, 1, 0, 0, 0, 2, 1, 1)
  (1, 3, 1, 0, 0, 0, 0, 1, 3)
  (1, 3, 1, 0, 0, 0, 0, 0, 4)
  (0, 4, 1, 0, 0, 0, 0, 0, 4)
  (0, 5, 0, 0, 0, 0, 0, 0, 4)

Path 571 (7 moves):
  (1, 1, 1, 1, 1, 1, 1, 1, 1)
  (1, 1, 1, 2, 0, 1, 1, 1, 1)
  (1, 3, 1, 0, 0, 1, 1, 1, 1)
  (1, 3, 1, 0, 0, 0, 2, 1, 1)
  (1, 3, 1, 0, 0, 0, 0, 1, 3)
  (1, 3, 1, 0, 0, 0, 0, 0, 4)
  (1, 4, 0, 0, 0, 0, 0, 0, 4)
  (0, 5, 0, 0, 0, 0, 0, 0, 4)

Path 572 (7 moves):
  (1, 1, 1, 1, 1, 1, 1, 1, 1)
  (1, 1, 1, 2, 0, 1, 1, 1, 1)
  (1, 3, 1, 0, 0, 1, 1, 1, 1)
  (1, 3, 1, 0, 0, 0, 2, 1, 1)
  (1, 3, 1, 0, 0, 0, 3, 0, 1)
  (0, 4, 1, 0, 0, 0, 3, 0, 1)
  (0, 5, 0, 0, 0, 0, 3, 0, 1)
  (0, 0, 0, 0, 0, 0, 8, 0, 1)

Path 573 (7 moves):
  (1, 1, 1, 1, 1, 1, 1, 1, 1)
  (1, 1, 1, 2, 0, 1, 1, 1, 1)
  (1, 3, 1, 0, 0, 1, 1, 1, 1)
  (1, 3, 1, 0, 0, 0, 2, 1, 1)
  (1, 3, 1, 0, 0, 0, 3, 0, 1)
  (1, 4, 0, 0, 0, 0, 3, 0, 1)
  (0, 5, 0, 0, 0, 0, 3, 0, 1)
  (0, 0, 0, 0, 0, 0, 8, 0, 1)

Path 574 (7 moves):
  (1, 1, 1, 1, 1, 1, 1, 1, 1)
  (1, 1, 1, 2, 0, 1, 1, 1, 1)
  (1, 3, 1, 0, 0, 1, 1, 1, 1)
  (1, 3, 1, 0, 0, 0, 2, 1, 1)
  (1, 3, 1, 0, 0, 0, 2, 0, 2)
  (0, 4, 1, 0, 0, 0, 2, 0, 2)
  (0, 5, 0, 0, 0, 0, 2, 0, 2)
  (0, 5, 0, 0, 0, 0, 0, 0, 4)

Path 575 (7 moves):
  (1, 1, 1, 1, 1, 1, 1, 1, 1)
  (1, 1, 1, 2, 0, 1, 1, 1, 1)
  (1, 3, 1, 0, 0, 1, 1, 1, 1)
  (1, 3, 1, 0, 0, 0, 2, 1, 1)
  (1, 3, 1, 0, 0, 0, 2, 0, 2)
  (0, 4, 1, 0, 0, 0, 2, 0, 2)
  (0, 4, 1, 0, 0, 0, 0, 0, 4)
  (0, 5, 0, 0, 0, 0, 0, 0, 4)

Path 576 (7 moves):
  (1, 1, 1, 1, 1, 1, 1, 1, 1)
  (1, 1, 1, 2, 0, 1, 1, 1, 1)
  (1, 3, 1, 0, 0, 1, 1, 1, 1)
  (1, 3, 1, 0, 0, 0, 2, 1, 1)
  (1, 3, 1, 0, 0, 0, 2, 0, 2)
  (0, 4, 1, 0, 0, 0, 2, 0, 2)
  (0, 4, 1, 0, 0, 0, 4, 0, 0)
  (0, 4, 5, 0, 0, 0, 0, 0, 0)

Path 577 (7 moves):
  (1, 1, 1, 1, 1, 1, 1, 1, 1)
  (1, 1, 1, 2, 0, 1, 1, 1, 1)
  (1, 3, 1, 0, 0, 1, 1, 1, 1)
  (1, 3, 1, 0, 0, 0, 2, 1, 1)
  (1, 3, 1, 0, 0, 0, 2, 0, 2)
  (1, 3, 1, 0, 0, 0, 0, 0, 4)
  (0, 4, 1, 0, 0, 0, 0, 0, 4)
  (0, 5, 0, 0, 0, 0, 0, 0, 4)

Path 578 (7 moves):
  (1, 1, 1, 1, 1, 1, 1, 1, 1)
  (1, 1, 1, 2, 0, 1, 1, 1, 1)
  (1, 3, 1, 0, 0, 1, 1, 1, 1)
  (1, 3, 1, 0, 0, 0, 2, 1, 1)
  (1, 3, 1, 0, 0, 0, 2, 0, 2)
  (1, 3, 1, 0, 0, 0, 0, 0, 4)
  (1, 4, 0, 0, 0, 0, 0, 0, 4)
  (0, 5, 0, 0, 0, 0, 0, 0, 4)

Path 579 (7 moves):
  (1, 1, 1, 1, 1, 1, 1, 1, 1)
  (1, 1, 1, 2, 0, 1, 1, 1, 1)
  (1, 3, 1, 0, 0, 1, 1, 1, 1)
  (1, 3, 1, 0, 0, 0, 2, 1, 1)
  (1, 3, 1, 0, 0, 0, 2, 2, 0)
  (0, 4, 1, 0, 0, 0, 2, 2, 0)
  (0, 5, 0, 0, 0, 0, 2, 2, 0)
  (0, 0, 0, 0, 0, 0, 7, 2, 0)

Path 580 (7 moves):
  (1, 1, 1, 1, 1, 1, 1, 1, 1)
  (1, 1, 1, 2, 0, 1, 1, 1, 1)
  (1, 3, 1, 0, 0, 1, 1, 1, 1)
  (1, 3, 1, 0, 0, 0, 2, 1, 1)
  (1, 3, 1, 0, 0, 0, 2, 2, 0)
  (1, 4, 0, 0, 0, 0, 2, 2, 0)
  (0, 5, 0, 0, 0, 0, 2, 2, 0)
  (0, 0, 0, 0, 0, 0, 7, 2, 0)

Path 581 (7 moves):
  (1, 1, 1, 1, 1, 1, 1, 1, 1)
  (1, 1, 1, 2, 0, 1, 1, 1, 1)
  (1, 1, 1, 0, 0, 3, 1, 1, 1)
  (1, 1, 1, 0, 0, 4, 0, 1, 1)
  (0, 2, 1, 0, 0, 4, 0, 1, 1)
  (0, 2, 1, 0, 0, 4, 0, 2, 0)
  (0, 3, 0, 0, 0, 4, 0, 2, 0)
  (0, 7, 0, 0, 0, 0, 0, 2, 0)

Path 582 (7 moves):
  (1, 1, 1, 1, 1, 1, 1, 1, 1)
  (1, 1, 1, 2, 0, 1, 1, 1, 1)
  (1, 1, 1, 0, 0, 3, 1, 1, 1)
  (1, 1, 1, 0, 0, 4, 0, 1, 1)
  (0, 2, 1, 0, 0, 4, 0, 1, 1)
  (0, 2, 1, 0, 0, 4, 0, 2, 0)
  (0, 3, 0, 0, 0, 4, 0, 2, 0)
  (0, 3, 0, 0, 0, 6, 0, 0, 0)

Path 583 (7 moves):
  (1, 1, 1, 1, 1, 1, 1, 1, 1)
  (1, 1, 1, 2, 0, 1, 1, 1, 1)
  (1, 1, 1, 0, 0, 3, 1, 1, 1)
  (1, 1, 1, 0, 0, 4, 0, 1, 1)
  (0, 2, 1, 0, 0, 4, 0, 1, 1)
  (0, 2, 1, 0, 0, 4, 0, 2, 0)
  (0, 6, 1, 0, 0, 0, 0, 2, 0)
  (0, 0, 1, 0, 0, 0, 0, 8, 0)

Path 584 (7 moves):
  (1, 1, 1, 1, 1, 1, 1, 1, 1)
  (1, 1, 1, 2, 0, 1, 1, 1, 1)
  (1, 1, 1, 0, 0, 3, 1, 1, 1)
  (1, 1, 1, 0, 0, 4, 0, 1, 1)
  (0, 2, 1, 0, 0, 4, 0, 1, 1)
  (0, 2, 1, 0, 0, 4, 0, 2, 0)
  (0, 6, 1, 0, 0, 0, 0, 2, 0)
  (0, 7, 0, 0, 0, 0, 0, 2, 0)

Path 585 (7 moves):
  (1, 1, 1, 1, 1, 1, 1, 1, 1)
  (1, 1, 1, 2, 0, 1, 1, 1, 1)
  (1, 1, 1, 0, 0, 3, 1, 1, 1)
  (1, 1, 1, 0, 0, 4, 0, 1, 1)
  (0, 2, 1, 0, 0, 4, 0, 1, 1)
  (0, 2, 1, 0, 0, 4, 0, 2, 0)
  (0, 2, 1, 0, 0, 6, 0, 0, 0)
  (0, 3, 0, 0, 0, 6, 0, 0, 0)

Path 586 (7 moves):
  (1, 1, 1, 1, 1, 1, 1, 1, 1)
  (1, 1, 1, 2, 0, 1, 1, 1, 1)
  (1, 1, 1, 0, 0, 3, 1, 1, 1)
  (1, 1, 1, 0, 0, 4, 0, 1, 1)
  (2, 0, 1, 0, 0, 4, 0, 1, 1)
  (2, 0, 1, 0, 0, 4, 0, 0, 2)
  (0, 0, 3, 0, 0, 4, 0, 0, 2)
  (0, 0, 0, 0, 0, 7, 0, 0, 2)

Path 587 (7 moves):
  (1, 1, 1, 1, 1, 1, 1, 1, 1)
  (1, 1, 1, 2, 0, 1, 1, 1, 1)
  (1, 1, 1, 0, 0, 3, 1, 1, 1)
  (1, 1, 1, 0, 0, 4, 0, 1, 1)
  (1, 0, 2, 0, 0, 4, 0, 1, 1)
  (1, 0, 2, 0, 0, 4, 0, 2, 0)
  (3, 0, 0, 0, 0, 4, 0, 2, 0)
  (3, 0, 0, 0, 0, 6, 0, 0, 0)

Path 588 (7 moves):
  (1, 1, 1, 1, 1, 1, 1, 1, 1)
  (1, 1, 1, 2, 0, 1, 1, 1, 1)
  (1, 1, 1, 0, 0, 3, 1, 1, 1)
  (1, 1, 1, 0, 0, 4, 0, 1, 1)
  (1, 0, 2, 0, 0, 4, 0, 1, 1)
  (1, 0, 2, 0, 0, 4, 0, 2, 0)
  (1, 0, 2, 0, 0, 6, 0, 0, 0)
  (3, 0, 0, 0, 0, 6, 0, 0, 0)

Path 589 (7 moves):
  (1, 1, 1, 1, 1, 1, 1, 1, 1)
  (1, 1, 1, 2, 0, 1, 1, 1, 1)
  (1, 1, 1, 0, 0, 3, 1, 1, 1)
  (1, 1, 1, 0, 0, 4, 0, 1, 1)
  (1, 2, 0, 0, 0, 4, 0, 1, 1)
  (1, 2, 0, 0, 0, 4, 0, 2, 0)
  (0, 3, 0, 0, 0, 4, 0, 2, 0)
  (0, 7, 0, 0, 0, 0, 0, 2, 0)

Path 590 (7 moves):
  (1, 1, 1, 1, 1, 1, 1, 1, 1)
  (1, 1, 1, 2, 0, 1, 1, 1, 1)
  (1, 1, 1, 0, 0, 3, 1, 1, 1)
  (1, 1, 1, 0, 0, 4, 0, 1, 1)
  (1, 2, 0, 0, 0, 4, 0, 1, 1)
  (1, 2, 0, 0, 0, 4, 0, 2, 0)
  (0, 3, 0, 0, 0, 4, 0, 2, 0)
  (0, 3, 0, 0, 0, 6, 0, 0, 0)

Path 591 (7 moves):
  (1, 1, 1, 1, 1, 1, 1, 1, 1)
  (1, 1, 1, 2, 0, 1, 1, 1, 1)
  (1, 1, 1, 0, 0, 3, 1, 1, 1)
  (1, 1, 1, 0, 0, 4, 0, 1, 1)
  (1, 2, 0, 0, 0, 4, 0, 1, 1)
  (1, 2, 0, 0, 0, 4, 0, 2, 0)
  (1, 6, 0, 0, 0, 0, 0, 2, 0)
  (0, 7, 0, 0, 0, 0, 0, 2, 0)

Path 592 (7 moves):
  (1, 1, 1, 1, 1, 1, 1, 1, 1)
  (1, 1, 1, 2, 0, 1, 1, 1, 1)
  (1, 1, 1, 0, 0, 3, 1, 1, 1)
  (1, 1, 1, 0, 0, 4, 0, 1, 1)
  (1, 2, 0, 0, 0, 4, 0, 1, 1)
  (1, 2, 0, 0, 0, 4, 0, 2, 0)
  (1, 6, 0, 0, 0, 0, 0, 2, 0)
  (1, 0, 0, 0, 0, 0, 0, 8, 0)

Path 593 (7 moves):
  (1, 1, 1, 1, 1, 1, 1, 1, 1)
  (1, 1, 1, 2, 0, 1, 1, 1, 1)
  (1, 1, 1, 0, 0, 3, 1, 1, 1)
  (1, 1, 1, 0, 0, 4, 0, 1, 1)
  (1, 2, 0, 0, 0, 4, 0, 1, 1)
  (1, 2, 0, 0, 0, 4, 0, 2, 0)
  (1, 2, 0, 0, 0, 6, 0, 0, 0)
  (0, 3, 0, 0, 0, 6, 0, 0, 0)

Path 594 (7 moves):
  (1, 1, 1, 1, 1, 1, 1, 1, 1)
  (1, 1, 1, 2, 0, 1, 1, 1, 1)
  (1, 1, 1, 0, 0, 3, 1, 1, 1)
  (1, 1, 1, 0, 0, 4, 0, 1, 1)
  (1, 5, 1, 0, 0, 0, 0, 1, 1)
  (1, 5, 1, 0, 0, 0, 0, 2, 0)
  (0, 6, 1, 0, 0, 0, 0, 2, 0)
  (0, 0, 1, 0, 0, 0, 0, 8, 0)

Path 595 (7 moves):
  (1, 1, 1, 1, 1, 1, 1, 1, 1)
  (1, 1, 1, 2, 0, 1, 1, 1, 1)
  (1, 1, 1, 0, 0, 3, 1, 1, 1)
  (1, 1, 1, 0, 0, 4, 0, 1, 1)
  (1, 5, 1, 0, 0, 0, 0, 1, 1)
  (1, 5, 1, 0, 0, 0, 0, 2, 0)
  (0, 6, 1, 0, 0, 0, 0, 2, 0)
  (0, 7, 0, 0, 0, 0, 0, 2, 0)

Path 596 (7 moves):
  (1, 1, 1, 1, 1, 1, 1, 1, 1)
  (1, 1, 1, 2, 0, 1, 1, 1, 1)
  (1, 1, 1, 0, 0, 3, 1, 1, 1)
  (1, 1, 1, 0, 0, 4, 0, 1, 1)
  (1, 5, 1, 0, 0, 0, 0, 1, 1)
  (1, 5, 1, 0, 0, 0, 0, 2, 0)
  (1, 6, 0, 0, 0, 0, 0, 2, 0)
  (0, 7, 0, 0, 0, 0, 0, 2, 0)

Path 597 (7 moves):
  (1, 1, 1, 1, 1, 1, 1, 1, 1)
  (1, 1, 1, 2, 0, 1, 1, 1, 1)
  (1, 1, 1, 0, 0, 3, 1, 1, 1)
  (1, 1, 1, 0, 0, 4, 0, 1, 1)
  (1, 5, 1, 0, 0, 0, 0, 1, 1)
  (1, 5, 1, 0, 0, 0, 0, 2, 0)
  (1, 6, 0, 0, 0, 0, 0, 2, 0)
  (1, 0, 0, 0, 0, 0, 0, 8, 0)

Path 598 (7 moves):
  (1, 1, 1, 1, 1, 1, 1, 1, 1)
  (1, 1, 1, 2, 0, 1, 1, 1, 1)
  (1, 1, 1, 0, 0, 3, 1, 1, 1)
  (1, 1, 1, 0, 0, 4, 0, 1, 1)
  (1, 1, 1, 0, 0, 4, 0, 0, 2)
  (2, 0, 1, 0, 0, 4, 0, 0, 2)
  (0, 0, 3, 0, 0, 4, 0, 0, 2)
  (0, 0, 0, 0, 0, 7, 0, 0, 2)

Path 599 (7 moves):
  (1, 1, 1, 1, 1, 1, 1, 1, 1)
  (1, 1, 1, 2, 0, 1, 1, 1, 1)
  (1, 1, 1, 0, 0, 3, 1, 1, 1)
  (1, 1, 1, 0, 0, 4, 0, 1, 1)
  (1, 1, 1, 0, 0, 4, 0, 2, 0)
  (0, 2, 1, 0, 0, 4, 0, 2, 0)
  (0, 3, 0, 0, 0, 4, 0, 2, 0)
  (0, 7, 0, 0, 0, 0, 0, 2, 0)

Path 600 (7 moves):
  (1, 1, 1, 1, 1, 1, 1, 1, 1)
  (1, 1, 1, 2, 0, 1, 1, 1, 1)
  (1, 1, 1, 0, 0, 3, 1, 1, 1)
  (1, 1, 1, 0, 0, 4, 0, 1, 1)
  (1, 1, 1, 0, 0, 4, 0, 2, 0)
  (0, 2, 1, 0, 0, 4, 0, 2, 0)
  (0, 3, 0, 0, 0, 4, 0, 2, 0)
  (0, 3, 0, 0, 0, 6, 0, 0, 0)

Path 601 (7 moves):
  (1, 1, 1, 1, 1, 1, 1, 1, 1)
  (1, 1, 1, 2, 0, 1, 1, 1, 1)
  (1, 1, 1, 0, 0, 3, 1, 1, 1)
  (1, 1, 1, 0, 0, 4, 0, 1, 1)
  (1, 1, 1, 0, 0, 4, 0, 2, 0)
  (0, 2, 1, 0, 0, 4, 0, 2, 0)
  (0, 6, 1, 0, 0, 0, 0, 2, 0)
  (0, 0, 1, 0, 0, 0, 0, 8, 0)

Path 602 (7 moves):
  (1, 1, 1, 1, 1, 1, 1, 1, 1)
  (1, 1, 1, 2, 0, 1, 1, 1, 1)
  (1, 1, 1, 0, 0, 3, 1, 1, 1)
  (1, 1, 1, 0, 0, 4, 0, 1, 1)
  (1, 1, 1, 0, 0, 4, 0, 2, 0)
  (0, 2, 1, 0, 0, 4, 0, 2, 0)
  (0, 6, 1, 0, 0, 0, 0, 2, 0)
  (0, 7, 0, 0, 0, 0, 0, 2, 0)

Path 603 (7 moves):
  (1, 1, 1, 1, 1, 1, 1, 1, 1)
  (1, 1, 1, 2, 0, 1, 1, 1, 1)
  (1, 1, 1, 0, 0, 3, 1, 1, 1)
  (1, 1, 1, 0, 0, 4, 0, 1, 1)
  (1, 1, 1, 0, 0, 4, 0, 2, 0)
  (0, 2, 1, 0, 0, 4, 0, 2, 0)
  (0, 2, 1, 0, 0, 6, 0, 0, 0)
  (0, 3, 0, 0, 0, 6, 0, 0, 0)

Path 604 (7 moves):
  (1, 1, 1, 1, 1, 1, 1, 1, 1)
  (1, 1, 1, 2, 0, 1, 1, 1, 1)
  (1, 1, 1, 0, 0, 3, 1, 1, 1)
  (1, 1, 1, 0, 0, 4, 0, 1, 1)
  (1, 1, 1, 0, 0, 4, 0, 2, 0)
  (1, 0, 2, 0, 0, 4, 0, 2, 0)
  (3, 0, 0, 0, 0, 4, 0, 2, 0)
  (3, 0, 0, 0, 0, 6, 0, 0, 0)

Path 605 (7 moves):
  (1, 1, 1, 1, 1, 1, 1, 1, 1)
  (1, 1, 1, 2, 0, 1, 1, 1, 1)
  (1, 1, 1, 0, 0, 3, 1, 1, 1)
  (1, 1, 1, 0, 0, 4, 0, 1, 1)
  (1, 1, 1, 0, 0, 4, 0, 2, 0)
  (1, 0, 2, 0, 0, 4, 0, 2, 0)
  (1, 0, 2, 0, 0, 6, 0, 0, 0)
  (3, 0, 0, 0, 0, 6, 0, 0, 0)

Path 606 (7 moves):
  (1, 1, 1, 1, 1, 1, 1, 1, 1)
  (1, 1, 1, 2, 0, 1, 1, 1, 1)
  (1, 1, 1, 0, 0, 3, 1, 1, 1)
  (1, 1, 1, 0, 0, 4, 0, 1, 1)
  (1, 1, 1, 0, 0, 4, 0, 2, 0)
  (1, 2, 0, 0, 0, 4, 0, 2, 0)
  (0, 3, 0, 0, 0, 4, 0, 2, 0)
  (0, 7, 0, 0, 0, 0, 0, 2, 0)

Path 607 (7 moves):
  (1, 1, 1, 1, 1, 1, 1, 1, 1)
  (1, 1, 1, 2, 0, 1, 1, 1, 1)
  (1, 1, 1, 0, 0, 3, 1, 1, 1)
  (1, 1, 1, 0, 0, 4, 0, 1, 1)
  (1, 1, 1, 0, 0, 4, 0, 2, 0)
  (1, 2, 0, 0, 0, 4, 0, 2, 0)
  (0, 3, 0, 0, 0, 4, 0, 2, 0)
  (0, 3, 0, 0, 0, 6, 0, 0, 0)

Path 608 (7 moves):
  (1, 1, 1, 1, 1, 1, 1, 1, 1)
  (1, 1, 1, 2, 0, 1, 1, 1, 1)
  (1, 1, 1, 0, 0, 3, 1, 1, 1)
  (1, 1, 1, 0, 0, 4, 0, 1, 1)
  (1, 1, 1, 0, 0, 4, 0, 2, 0)
  (1, 2, 0, 0, 0, 4, 0, 2, 0)
  (1, 6, 0, 0, 0, 0, 0, 2, 0)
  (0, 7, 0, 0, 0, 0, 0, 2, 0)

Path 609 (7 moves):
  (1, 1, 1, 1, 1, 1, 1, 1, 1)
  (1, 1, 1, 2, 0, 1, 1, 1, 1)
  (1, 1, 1, 0, 0, 3, 1, 1, 1)
  (1, 1, 1, 0, 0, 4, 0, 1, 1)
  (1, 1, 1, 0, 0, 4, 0, 2, 0)
  (1, 2, 0, 0, 0, 4, 0, 2, 0)
  (1, 6, 0, 0, 0, 0, 0, 2, 0)
  (1, 0, 0, 0, 0, 0, 0, 8, 0)

Path 610 (7 moves):
  (1, 1, 1, 1, 1, 1, 1, 1, 1)
  (1, 1, 1, 2, 0, 1, 1, 1, 1)
  (1, 1, 1, 0, 0, 3, 1, 1, 1)
  (1, 1, 1, 0, 0, 4, 0, 1, 1)
  (1, 1, 1, 0, 0, 4, 0, 2, 0)
  (1, 2, 0, 0, 0, 4, 0, 2, 0)
  (1, 2, 0, 0, 0, 6, 0, 0, 0)
  (0, 3, 0, 0, 0, 6, 0, 0, 0)

Path 611 (7 moves):
  (1, 1, 1, 1, 1, 1, 1, 1, 1)
  (1, 1, 1, 2, 0, 1, 1, 1, 1)
  (1, 1, 1, 0, 0, 3, 1, 1, 1)
  (1, 1, 1, 0, 0, 4, 0, 1, 1)
  (1, 1, 1, 0, 0, 4, 0, 2, 0)
  (1, 5, 1, 0, 0, 0, 0, 2, 0)
  (0, 6, 1, 0, 0, 0, 0, 2, 0)
  (0, 0, 1, 0, 0, 0, 0, 8, 0)

Path 612 (7 moves):
  (1, 1, 1, 1, 1, 1, 1, 1, 1)
  (1, 1, 1, 2, 0, 1, 1, 1, 1)
  (1, 1, 1, 0, 0, 3, 1, 1, 1)
  (1, 1, 1, 0, 0, 4, 0, 1, 1)
  (1, 1, 1, 0, 0, 4, 0, 2, 0)
  (1, 5, 1, 0, 0, 0, 0, 2, 0)
  (0, 6, 1, 0, 0, 0, 0, 2, 0)
  (0, 7, 0, 0, 0, 0, 0, 2, 0)

Path 613 (7 moves):
  (1, 1, 1, 1, 1, 1, 1, 1, 1)
  (1, 1, 1, 2, 0, 1, 1, 1, 1)
  (1, 1, 1, 0, 0, 3, 1, 1, 1)
  (1, 1, 1, 0, 0, 4, 0, 1, 1)
  (1, 1, 1, 0, 0, 4, 0, 2, 0)
  (1, 5, 1, 0, 0, 0, 0, 2, 0)
  (1, 6, 0, 0, 0, 0, 0, 2, 0)
  (0, 7, 0, 0, 0, 0, 0, 2, 0)

Path 614 (7 moves):
  (1, 1, 1, 1, 1, 1, 1, 1, 1)
  (1, 1, 1, 2, 0, 1, 1, 1, 1)
  (1, 1, 1, 0, 0, 3, 1, 1, 1)
  (1, 1, 1, 0, 0, 4, 0, 1, 1)
  (1, 1, 1, 0, 0, 4, 0, 2, 0)
  (1, 5, 1, 0, 0, 0, 0, 2, 0)
  (1, 6, 0, 0, 0, 0, 0, 2, 0)
  (1, 0, 0, 0, 0, 0, 0, 8, 0)

Path 615 (7 moves):
  (1, 1, 1, 1, 1, 1, 1, 1, 1)
  (1, 1, 1, 2, 0, 1, 1, 1, 1)
  (1, 1, 1, 0, 0, 3, 1, 1, 1)
  (1, 1, 1, 0, 0, 3, 1, 2, 0)
  (0, 2, 1, 0, 0, 3, 1, 2, 0)
  (0, 2, 1, 0, 0, 4, 0, 2, 0)
  (0, 3, 0, 0, 0, 4, 0, 2, 0)
  (0, 7, 0, 0, 0, 0, 0, 2, 0)

Path 616 (7 moves):
  (1, 1, 1, 1, 1, 1, 1, 1, 1)
  (1, 1, 1, 2, 0, 1, 1, 1, 1)
  (1, 1, 1, 0, 0, 3, 1, 1, 1)
  (1, 1, 1, 0, 0, 3, 1, 2, 0)
  (0, 2, 1, 0, 0, 3, 1, 2, 0)
  (0, 2, 1, 0, 0, 4, 0, 2, 0)
  (0, 3, 0, 0, 0, 4, 0, 2, 0)
  (0, 3, 0, 0, 0, 6, 0, 0, 0)

Path 617 (7 moves):
  (1, 1, 1, 1, 1, 1, 1, 1, 1)
  (1, 1, 1, 2, 0, 1, 1, 1, 1)
  (1, 1, 1, 0, 0, 3, 1, 1, 1)
  (1, 1, 1, 0, 0, 3, 1, 2, 0)
  (0, 2, 1, 0, 0, 3, 1, 2, 0)
  (0, 2, 1, 0, 0, 4, 0, 2, 0)
  (0, 6, 1, 0, 0, 0, 0, 2, 0)
  (0, 0, 1, 0, 0, 0, 0, 8, 0)

Path 618 (7 moves):
  (1, 1, 1, 1, 1, 1, 1, 1, 1)
  (1, 1, 1, 2, 0, 1, 1, 1, 1)
  (1, 1, 1, 0, 0, 3, 1, 1, 1)
  (1, 1, 1, 0, 0, 3, 1, 2, 0)
  (0, 2, 1, 0, 0, 3, 1, 2, 0)
  (0, 2, 1, 0, 0, 4, 0, 2, 0)
  (0, 6, 1, 0, 0, 0, 0, 2, 0)
  (0, 7, 0, 0, 0, 0, 0, 2, 0)

Path 619 (7 moves):
  (1, 1, 1, 1, 1, 1, 1, 1, 1)
  (1, 1, 1, 2, 0, 1, 1, 1, 1)
  (1, 1, 1, 0, 0, 3, 1, 1, 1)
  (1, 1, 1, 0, 0, 3, 1, 2, 0)
  (0, 2, 1, 0, 0, 3, 1, 2, 0)
  (0, 2, 1, 0, 0, 4, 0, 2, 0)
  (0, 2, 1, 0, 0, 6, 0, 0, 0)
  (0, 3, 0, 0, 0, 6, 0, 0, 0)

Path 620 (7 moves):
  (1, 1, 1, 1, 1, 1, 1, 1, 1)
  (1, 1, 1, 2, 0, 1, 1, 1, 1)
  (1, 1, 1, 0, 0, 3, 1, 1, 1)
  (1, 1, 1, 0, 0, 3, 1, 2, 0)
  (0, 2, 1, 0, 0, 3, 1, 2, 0)
  (0, 2, 1, 0, 0, 5, 1, 0, 0)
  (0, 3, 0, 0, 0, 5, 1, 0, 0)
  (0, 3, 0, 0, 0, 6, 0, 0, 0)

Path 621 (7 moves):
  (1, 1, 1, 1, 1, 1, 1, 1, 1)
  (1, 1, 1, 2, 0, 1, 1, 1, 1)
  (1, 1, 1, 0, 0, 3, 1, 1, 1)
  (1, 1, 1, 0, 0, 3, 1, 2, 0)
  (0, 2, 1, 0, 0, 3, 1, 2, 0)
  (0, 2, 1, 0, 0, 5, 1, 0, 0)
  (0, 2, 1, 0, 0, 6, 0, 0, 0)
  (0, 3, 0, 0, 0, 6, 0, 0, 0)

Path 622 (7 moves):
  (1, 1, 1, 1, 1, 1, 1, 1, 1)
  (1, 1, 1, 2, 0, 1, 1, 1, 1)
  (1, 1, 1, 0, 0, 3, 1, 1, 1)
  (1, 1, 1, 0, 0, 3, 1, 2, 0)
  (2, 0, 1, 0, 0, 3, 1, 2, 0)
  (2, 0, 1, 0, 0, 3, 0, 3, 0)
  (0, 0, 3, 0, 0, 3, 0, 3, 0)
  (0, 0, 0, 0, 0, 6, 0, 3, 0)

Path 623 (7 moves):
  (1, 1, 1, 1, 1, 1, 1, 1, 1)
  (1, 1, 1, 2, 0, 1, 1, 1, 1)
  (1, 1, 1, 0, 0, 3, 1, 1, 1)
  (1, 1, 1, 0, 0, 3, 1, 2, 0)
  (2, 0, 1, 0, 0, 3, 1, 2, 0)
  (2, 0, 1, 0, 0, 3, 0, 3, 0)
  (0, 0, 3, 0, 0, 3, 0, 3, 0)
  (0, 0, 6, 0, 0, 0, 0, 3, 0)

Path 624 (7 moves):
  (1, 1, 1, 1, 1, 1, 1, 1, 1)
  (1, 1, 1, 2, 0, 1, 1, 1, 1)
  (1, 1, 1, 0, 0, 3, 1, 1, 1)
  (1, 1, 1, 0, 0, 3, 1, 2, 0)
  (2, 0, 1, 0, 0, 3, 1, 2, 0)
  (2, 0, 1, 0, 0, 3, 0, 3, 0)
  (2, 0, 4, 0, 0, 0, 0, 3, 0)
  (0, 0, 6, 0, 0, 0, 0, 3, 0)

Path 625 (7 moves):
  (1, 1, 1, 1, 1, 1, 1, 1, 1)
  (1, 1, 1, 2, 0, 1, 1, 1, 1)
  (1, 1, 1, 0, 0, 3, 1, 1, 1)
  (1, 1, 1, 0, 0, 3, 1, 2, 0)
  (1, 0, 2, 0, 0, 3, 1, 2, 0)
  (1, 0, 5, 0, 0, 0, 1, 2, 0)
  (1, 0, 0, 0, 0, 0, 1, 7, 0)
  (1, 0, 0, 0, 0, 0, 0, 8, 0)

Path 626 (7 moves):
  (1, 1, 1, 1, 1, 1, 1, 1, 1)
  (1, 1, 1, 2, 0, 1, 1, 1, 1)
  (1, 1, 1, 0, 0, 3, 1, 1, 1)
  (1, 1, 1, 0, 0, 3, 1, 2, 0)
  (1, 0, 2, 0, 0, 3, 1, 2, 0)
  (1, 0, 5, 0, 0, 0, 1, 2, 0)
  (1, 0, 0, 0, 0, 0, 1, 7, 0)
  (8, 0, 0, 0, 0, 0, 1, 0, 0)

Path 627 (7 moves):
  (1, 1, 1, 1, 1, 1, 1, 1, 1)
  (1, 1, 1, 2, 0, 1, 1, 1, 1)
  (1, 1, 1, 0, 0, 3, 1, 1, 1)
  (1, 1, 1, 0, 0, 3, 1, 2, 0)
  (1, 0, 2, 0, 0, 3, 1, 2, 0)
  (1, 0, 5, 0, 0, 0, 1, 2, 0)
  (1, 0, 5, 0, 0, 0, 0, 3, 0)
  (1, 0, 0, 0, 0, 0, 0, 8, 0)

Path 628 (7 moves):
  (1, 1, 1, 1, 1, 1, 1, 1, 1)
  (1, 1, 1, 2, 0, 1, 1, 1, 1)
  (1, 1, 1, 0, 0, 3, 1, 1, 1)
  (1, 1, 1, 0, 0, 3, 1, 2, 0)
  (1, 0, 2, 0, 0, 3, 1, 2, 0)
  (1, 0, 2, 0, 0, 4, 0, 2, 0)
  (3, 0, 0, 0, 0, 4, 0, 2, 0)
  (3, 0, 0, 0, 0, 6, 0, 0, 0)

Path 629 (7 moves):
  (1, 1, 1, 1, 1, 1, 1, 1, 1)
  (1, 1, 1, 2, 0, 1, 1, 1, 1)
  (1, 1, 1, 0, 0, 3, 1, 1, 1)
  (1, 1, 1, 0, 0, 3, 1, 2, 0)
  (1, 0, 2, 0, 0, 3, 1, 2, 0)
  (1, 0, 2, 0, 0, 4, 0, 2, 0)
  (1, 0, 2, 0, 0, 6, 0, 0, 0)
  (3, 0, 0, 0, 0, 6, 0, 0, 0)

Path 630 (7 moves):
  (1, 1, 1, 1, 1, 1, 1, 1, 1)
  (1, 1, 1, 2, 0, 1, 1, 1, 1)
  (1, 1, 1, 0, 0, 3, 1, 1, 1)
  (1, 1, 1, 0, 0, 3, 1, 2, 0)
  (1, 0, 2, 0, 0, 3, 1, 2, 0)
  (1, 0, 2, 0, 0, 5, 1, 0, 0)
  (3, 0, 0, 0, 0, 5, 1, 0, 0)
  (8, 0, 0, 0, 0, 0, 1, 0, 0)

Path 631 (7 moves):
  (1, 1, 1, 1, 1, 1, 1, 1, 1)
  (1, 1, 1, 2, 0, 1, 1, 1, 1)
  (1, 1, 1, 0, 0, 3, 1, 1, 1)
  (1, 1, 1, 0, 0, 3, 1, 2, 0)
  (1, 0, 2, 0, 0, 3, 1, 2, 0)
  (1, 0, 2, 0, 0, 5, 1, 0, 0)
  (3, 0, 0, 0, 0, 5, 1, 0, 0)
  (3, 0, 0, 0, 0, 6, 0, 0, 0)

Path 632 (7 moves):
  (1, 1, 1, 1, 1, 1, 1, 1, 1)
  (1, 1, 1, 2, 0, 1, 1, 1, 1)
  (1, 1, 1, 0, 0, 3, 1, 1, 1)
  (1, 1, 1, 0, 0, 3, 1, 2, 0)
  (1, 0, 2, 0, 0, 3, 1, 2, 0)
  (1, 0, 2, 0, 0, 5, 1, 0, 0)
  (6, 0, 2, 0, 0, 0, 1, 0, 0)
  (0, 0, 2, 0, 0, 0, 7, 0, 0)

Path 633 (7 moves):
  (1, 1, 1, 1, 1, 1, 1, 1, 1)
  (1, 1, 1, 2, 0, 1, 1, 1, 1)
  (1, 1, 1, 0, 0, 3, 1, 1, 1)
  (1, 1, 1, 0, 0, 3, 1, 2, 0)
  (1, 0, 2, 0, 0, 3, 1, 2, 0)
  (1, 0, 2, 0, 0, 5, 1, 0, 0)
  (6, 0, 2, 0, 0, 0, 1, 0, 0)
  (8, 0, 0, 0, 0, 0, 1, 0, 0)

Path 634 (7 moves):
  (1, 1, 1, 1, 1, 1, 1, 1, 1)
  (1, 1, 1, 2, 0, 1, 1, 1, 1)
  (1, 1, 1, 0, 0, 3, 1, 1, 1)
  (1, 1, 1, 0, 0, 3, 1, 2, 0)
  (1, 0, 2, 0, 0, 3, 1, 2, 0)
  (1, 0, 2, 0, 0, 5, 1, 0, 0)
  (1, 0, 2, 0, 0, 6, 0, 0, 0)
  (3, 0, 0, 0, 0, 6, 0, 0, 0)

Path 635 (7 moves):
  (1, 1, 1, 1, 1, 1, 1, 1, 1)
  (1, 1, 1, 2, 0, 1, 1, 1, 1)
  (1, 1, 1, 0, 0, 3, 1, 1, 1)
  (1, 1, 1, 0, 0, 3, 1, 2, 0)
  (1, 2, 0, 0, 0, 3, 1, 2, 0)
  (1, 2, 0, 0, 0, 4, 0, 2, 0)
  (0, 3, 0, 0, 0, 4, 0, 2, 0)
  (0, 7, 0, 0, 0, 0, 0, 2, 0)

Path 636 (7 moves):
  (1, 1, 1, 1, 1, 1, 1, 1, 1)
  (1, 1, 1, 2, 0, 1, 1, 1, 1)
  (1, 1, 1, 0, 0, 3, 1, 1, 1)
  (1, 1, 1, 0, 0, 3, 1, 2, 0)
  (1, 2, 0, 0, 0, 3, 1, 2, 0)
  (1, 2, 0, 0, 0, 4, 0, 2, 0)
  (0, 3, 0, 0, 0, 4, 0, 2, 0)
  (0, 3, 0, 0, 0, 6, 0, 0, 0)

Path 637 (7 moves):
  (1, 1, 1, 1, 1, 1, 1, 1, 1)
  (1, 1, 1, 2, 0, 1, 1, 1, 1)
  (1, 1, 1, 0, 0, 3, 1, 1, 1)
  (1, 1, 1, 0, 0, 3, 1, 2, 0)
  (1, 2, 0, 0, 0, 3, 1, 2, 0)
  (1, 2, 0, 0, 0, 4, 0, 2, 0)
  (1, 6, 0, 0, 0, 0, 0, 2, 0)
  (0, 7, 0, 0, 0, 0, 0, 2, 0)

Path 638 (7 moves):
  (1, 1, 1, 1, 1, 1, 1, 1, 1)
  (1, 1, 1, 2, 0, 1, 1, 1, 1)
  (1, 1, 1, 0, 0, 3, 1, 1, 1)
  (1, 1, 1, 0, 0, 3, 1, 2, 0)
  (1, 2, 0, 0, 0, 3, 1, 2, 0)
  (1, 2, 0, 0, 0, 4, 0, 2, 0)
  (1, 6, 0, 0, 0, 0, 0, 2, 0)
  (1, 0, 0, 0, 0, 0, 0, 8, 0)

Path 639 (7 moves):
  (1, 1, 1, 1, 1, 1, 1, 1, 1)
  (1, 1, 1, 2, 0, 1, 1, 1, 1)
  (1, 1, 1, 0, 0, 3, 1, 1, 1)
  (1, 1, 1, 0, 0, 3, 1, 2, 0)
  (1, 2, 0, 0, 0, 3, 1, 2, 0)
  (1, 2, 0, 0, 0, 4, 0, 2, 0)
  (1, 2, 0, 0, 0, 6, 0, 0, 0)
  (0, 3, 0, 0, 0, 6, 0, 0, 0)

Path 640 (7 moves):
  (1, 1, 1, 1, 1, 1, 1, 1, 1)
  (1, 1, 1, 2, 0, 1, 1, 1, 1)
  (1, 1, 1, 0, 0, 3, 1, 1, 1)
  (1, 1, 1, 0, 0, 3, 1, 2, 0)
  (1, 2, 0, 0, 0, 3, 1, 2, 0)
  (1, 2, 0, 0, 0, 5, 1, 0, 0)
  (0, 3, 0, 0, 0, 5, 1, 0, 0)
  (0, 3, 0, 0, 0, 6, 0, 0, 0)

Path 641 (7 moves):
  (1, 1, 1, 1, 1, 1, 1, 1, 1)
  (1, 1, 1, 2, 0, 1, 1, 1, 1)
  (1, 1, 1, 0, 0, 3, 1, 1, 1)
  (1, 1, 1, 0, 0, 3, 1, 2, 0)
  (1, 2, 0, 0, 0, 3, 1, 2, 0)
  (1, 2, 0, 0, 0, 5, 1, 0, 0)
  (6, 2, 0, 0, 0, 0, 1, 0, 0)
  (0, 2, 0, 0, 0, 0, 7, 0, 0)

Path 642 (7 moves):
  (1, 1, 1, 1, 1, 1, 1, 1, 1)
  (1, 1, 1, 2, 0, 1, 1, 1, 1)
  (1, 1, 1, 0, 0, 3, 1, 1, 1)
  (1, 1, 1, 0, 0, 3, 1, 2, 0)
  (1, 2, 0, 0, 0, 3, 1, 2, 0)
  (1, 2, 0, 0, 0, 5, 1, 0, 0)
  (1, 2, 0, 0, 0, 6, 0, 0, 0)
  (0, 3, 0, 0, 0, 6, 0, 0, 0)

Path 643 (7 moves):
  (1, 1, 1, 1, 1, 1, 1, 1, 1)
  (1, 1, 1, 2, 0, 1, 1, 1, 1)
  (1, 1, 1, 0, 0, 3, 1, 1, 1)
  (1, 1, 1, 0, 0, 3, 1, 2, 0)
  (1, 1, 4, 0, 0, 0, 1, 2, 0)
  (1, 0, 5, 0, 0, 0, 1, 2, 0)
  (1, 0, 0, 0, 0, 0, 1, 7, 0)
  (1, 0, 0, 0, 0, 0, 0, 8, 0)

Path 644 (7 moves):
  (1, 1, 1, 1, 1, 1, 1, 1, 1)
  (1, 1, 1, 2, 0, 1, 1, 1, 1)
  (1, 1, 1, 0, 0, 3, 1, 1, 1)
  (1, 1, 1, 0, 0, 3, 1, 2, 0)
  (1, 1, 4, 0, 0, 0, 1, 2, 0)
  (1, 0, 5, 0, 0, 0, 1, 2, 0)
  (1, 0, 0, 0, 0, 0, 1, 7, 0)
  (8, 0, 0, 0, 0, 0, 1, 0, 0)

Path 645 (7 moves):
  (1, 1, 1, 1, 1, 1, 1, 1, 1)
  (1, 1, 1, 2, 0, 1, 1, 1, 1)
  (1, 1, 1, 0, 0, 3, 1, 1, 1)
  (1, 1, 1, 0, 0, 3, 1, 2, 0)
  (1, 1, 4, 0, 0, 0, 1, 2, 0)
  (1, 0, 5, 0, 0, 0, 1, 2, 0)
  (1, 0, 5, 0, 0, 0, 0, 3, 0)
  (1, 0, 0, 0, 0, 0, 0, 8, 0)

Path 646 (7 moves):
  (1, 1, 1, 1, 1, 1, 1, 1, 1)
  (1, 1, 1, 2, 0, 1, 1, 1, 1)
  (1, 1, 1, 0, 0, 3, 1, 1, 1)
  (1, 1, 1, 0, 0, 3, 1, 2, 0)
  (1, 1, 1, 0, 0, 4, 0, 2, 0)
  (0, 2, 1, 0, 0, 4, 0, 2, 0)
  (0, 3, 0, 0, 0, 4, 0, 2, 0)
  (0, 7, 0, 0, 0, 0, 0, 2, 0)

Path 647 (7 moves):
  (1, 1, 1, 1, 1, 1, 1, 1, 1)
  (1, 1, 1, 2, 0, 1, 1, 1, 1)
  (1, 1, 1, 0, 0, 3, 1, 1, 1)
  (1, 1, 1, 0, 0, 3, 1, 2, 0)
  (1, 1, 1, 0, 0, 4, 0, 2, 0)
  (0, 2, 1, 0, 0, 4, 0, 2, 0)
  (0, 3, 0, 0, 0, 4, 0, 2, 0)
  (0, 3, 0, 0, 0, 6, 0, 0, 0)

Path 648 (7 moves):
  (1, 1, 1, 1, 1, 1, 1, 1, 1)
  (1, 1, 1, 2, 0, 1, 1, 1, 1)
  (1, 1, 1, 0, 0, 3, 1, 1, 1)
  (1, 1, 1, 0, 0, 3, 1, 2, 0)
  (1, 1, 1, 0, 0, 4, 0, 2, 0)
  (0, 2, 1, 0, 0, 4, 0, 2, 0)
  (0, 6, 1, 0, 0, 0, 0, 2, 0)
  (0, 0, 1, 0, 0, 0, 0, 8, 0)

Path 649 (7 moves):
  (1, 1, 1, 1, 1, 1, 1, 1, 1)
  (1, 1, 1, 2, 0, 1, 1, 1, 1)
  (1, 1, 1, 0, 0, 3, 1, 1, 1)
  (1, 1, 1, 0, 0, 3, 1, 2, 0)
  (1, 1, 1, 0, 0, 4, 0, 2, 0)
  (0, 2, 1, 0, 0, 4, 0, 2, 0)
  (0, 6, 1, 0, 0, 0, 0, 2, 0)
  (0, 7, 0, 0, 0, 0, 0, 2, 0)

Path 650 (7 moves):
  (1, 1, 1, 1, 1, 1, 1, 1, 1)
  (1, 1, 1, 2, 0, 1, 1, 1, 1)
  (1, 1, 1, 0, 0, 3, 1, 1, 1)
  (1, 1, 1, 0, 0, 3, 1, 2, 0)
  (1, 1, 1, 0, 0, 4, 0, 2, 0)
  (0, 2, 1, 0, 0, 4, 0, 2, 0)
  (0, 2, 1, 0, 0, 6, 0, 0, 0)
  (0, 3, 0, 0, 0, 6, 0, 0, 0)

Path 651 (7 moves):
  (1, 1, 1, 1, 1, 1, 1, 1, 1)
  (1, 1, 1, 2, 0, 1, 1, 1, 1)
  (1, 1, 1, 0, 0, 3, 1, 1, 1)
  (1, 1, 1, 0, 0, 3, 1, 2, 0)
  (1, 1, 1, 0, 0, 4, 0, 2, 0)
  (1, 0, 2, 0, 0, 4, 0, 2, 0)
  (3, 0, 0, 0, 0, 4, 0, 2, 0)
  (3, 0, 0, 0, 0, 6, 0, 0, 0)

Path 652 (7 moves):
  (1, 1, 1, 1, 1, 1, 1, 1, 1)
  (1, 1, 1, 2, 0, 1, 1, 1, 1)
  (1, 1, 1, 0, 0, 3, 1, 1, 1)
  (1, 1, 1, 0, 0, 3, 1, 2, 0)
  (1, 1, 1, 0, 0, 4, 0, 2, 0)
  (1, 0, 2, 0, 0, 4, 0, 2, 0)
  (1, 0, 2, 0, 0, 6, 0, 0, 0)
  (3, 0, 0, 0, 0, 6, 0, 0, 0)

Path 653 (7 moves):
  (1, 1, 1, 1, 1, 1, 1, 1, 1)
  (1, 1, 1, 2, 0, 1, 1, 1, 1)
  (1, 1, 1, 0, 0, 3, 1, 1, 1)
  (1, 1, 1, 0, 0, 3, 1, 2, 0)
  (1, 1, 1, 0, 0, 4, 0, 2, 0)
  (1, 2, 0, 0, 0, 4, 0, 2, 0)
  (0, 3, 0, 0, 0, 4, 0, 2, 0)
  (0, 7, 0, 0, 0, 0, 0, 2, 0)

Path 654 (7 moves):
  (1, 1, 1, 1, 1, 1, 1, 1, 1)
  (1, 1, 1, 2, 0, 1, 1, 1, 1)
  (1, 1, 1, 0, 0, 3, 1, 1, 1)
  (1, 1, 1, 0, 0, 3, 1, 2, 0)
  (1, 1, 1, 0, 0, 4, 0, 2, 0)
  (1, 2, 0, 0, 0, 4, 0, 2, 0)
  (0, 3, 0, 0, 0, 4, 0, 2, 0)
  (0, 3, 0, 0, 0, 6, 0, 0, 0)

Path 655 (7 moves):
  (1, 1, 1, 1, 1, 1, 1, 1, 1)
  (1, 1, 1, 2, 0, 1, 1, 1, 1)
  (1, 1, 1, 0, 0, 3, 1, 1, 1)
  (1, 1, 1, 0, 0, 3, 1, 2, 0)
  (1, 1, 1, 0, 0, 4, 0, 2, 0)
  (1, 2, 0, 0, 0, 4, 0, 2, 0)
  (1, 6, 0, 0, 0, 0, 0, 2, 0)
  (0, 7, 0, 0, 0, 0, 0, 2, 0)

Path 656 (7 moves):
  (1, 1, 1, 1, 1, 1, 1, 1, 1)
  (1, 1, 1, 2, 0, 1, 1, 1, 1)
  (1, 1, 1, 0, 0, 3, 1, 1, 1)
  (1, 1, 1, 0, 0, 3, 1, 2, 0)
  (1, 1, 1, 0, 0, 4, 0, 2, 0)
  (1, 2, 0, 0, 0, 4, 0, 2, 0)
  (1, 6, 0, 0, 0, 0, 0, 2, 0)
  (1, 0, 0, 0, 0, 0, 0, 8, 0)

Path 657 (7 moves):
  (1, 1, 1, 1, 1, 1, 1, 1, 1)
  (1, 1, 1, 2, 0, 1, 1, 1, 1)
  (1, 1, 1, 0, 0, 3, 1, 1, 1)
  (1, 1, 1, 0, 0, 3, 1, 2, 0)
  (1, 1, 1, 0, 0, 4, 0, 2, 0)
  (1, 2, 0, 0, 0, 4, 0, 2, 0)
  (1, 2, 0, 0, 0, 6, 0, 0, 0)
  (0, 3, 0, 0, 0, 6, 0, 0, 0)

Path 658 (7 moves):
  (1, 1, 1, 1, 1, 1, 1, 1, 1)
  (1, 1, 1, 2, 0, 1, 1, 1, 1)
  (1, 1, 1, 0, 0, 3, 1, 1, 1)
  (1, 1, 1, 0, 0, 3, 1, 2, 0)
  (1, 1, 1, 0, 0, 4, 0, 2, 0)
  (1, 5, 1, 0, 0, 0, 0, 2, 0)
  (0, 6, 1, 0, 0, 0, 0, 2, 0)
  (0, 0, 1, 0, 0, 0, 0, 8, 0)

Path 659 (7 moves):
  (1, 1, 1, 1, 1, 1, 1, 1, 1)
  (1, 1, 1, 2, 0, 1, 1, 1, 1)
  (1, 1, 1, 0, 0, 3, 1, 1, 1)
  (1, 1, 1, 0, 0, 3, 1, 2, 0)
  (1, 1, 1, 0, 0, 4, 0, 2, 0)
  (1, 5, 1, 0, 0, 0, 0, 2, 0)
  (0, 6, 1, 0, 0, 0, 0, 2, 0)
  (0, 7, 0, 0, 0, 0, 0, 2, 0)

Path 660 (7 moves):
  (1, 1, 1, 1, 1, 1, 1, 1, 1)
  (1, 1, 1, 2, 0, 1, 1, 1, 1)
  (1, 1, 1, 0, 0, 3, 1, 1, 1)
  (1, 1, 1, 0, 0, 3, 1, 2, 0)
  (1, 1, 1, 0, 0, 4, 0, 2, 0)
  (1, 5, 1, 0, 0, 0, 0, 2, 0)
  (1, 6, 0, 0, 0, 0, 0, 2, 0)
  (0, 7, 0, 0, 0, 0, 0, 2, 0)

Path 661 (7 moves):
  (1, 1, 1, 1, 1, 1, 1, 1, 1)
  (1, 1, 1, 2, 0, 1, 1, 1, 1)
  (1, 1, 1, 0, 0, 3, 1, 1, 1)
  (1, 1, 1, 0, 0, 3, 1, 2, 0)
  (1, 1, 1, 0, 0, 4, 0, 2, 0)
  (1, 5, 1, 0, 0, 0, 0, 2, 0)
  (1, 6, 0, 0, 0, 0, 0, 2, 0)
  (1, 0, 0, 0, 0, 0, 0, 8, 0)

Path 662 (7 moves):
  (1, 1, 1, 1, 1, 1, 1, 1, 1)
  (1, 1, 1, 2, 0, 1, 1, 1, 1)
  (1, 1, 1, 0, 0, 3, 1, 1, 1)
  (1, 1, 1, 0, 0, 3, 1, 2, 0)
  (1, 1, 1, 0, 0, 3, 0, 3, 0)
  (2, 0, 1, 0, 0, 3, 0, 3, 0)
  (0, 0, 3, 0, 0, 3, 0, 3, 0)
  (0, 0, 0, 0, 0, 6, 0, 3, 0)

Path 663 (7 moves):
  (1, 1, 1, 1, 1, 1, 1, 1, 1)
  (1, 1, 1, 2, 0, 1, 1, 1, 1)
  (1, 1, 1, 0, 0, 3, 1, 1, 1)
  (1, 1, 1, 0, 0, 3, 1, 2, 0)
  (1, 1, 1, 0, 0, 3, 0, 3, 0)
  (2, 0, 1, 0, 0, 3, 0, 3, 0)
  (0, 0, 3, 0, 0, 3, 0, 3, 0)
  (0, 0, 6, 0, 0, 0, 0, 3, 0)

Path 664 (7 moves):
  (1, 1, 1, 1, 1, 1, 1, 1, 1)
  (1, 1, 1, 2, 0, 1, 1, 1, 1)
  (1, 1, 1, 0, 0, 3, 1, 1, 1)
  (1, 1, 1, 0, 0, 3, 1, 2, 0)
  (1, 1, 1, 0, 0, 3, 0, 3, 0)
  (2, 0, 1, 0, 0, 3, 0, 3, 0)
  (2, 0, 4, 0, 0, 0, 0, 3, 0)
  (0, 0, 6, 0, 0, 0, 0, 3, 0)

Path 665 (7 moves):
  (1, 1, 1, 1, 1, 1, 1, 1, 1)
  (1, 1, 1, 2, 0, 1, 1, 1, 1)
  (1, 1, 1, 0, 0, 3, 1, 1, 1)
  (1, 1, 1, 0, 0, 3, 1, 2, 0)
  (1, 1, 1, 0, 0, 5, 1, 0, 0)
  (0, 2, 1, 0, 0, 5, 1, 0, 0)
  (0, 3, 0, 0, 0, 5, 1, 0, 0)
  (0, 3, 0, 0, 0, 6, 0, 0, 0)

Path 666 (7 moves):
  (1, 1, 1, 1, 1, 1, 1, 1, 1)
  (1, 1, 1, 2, 0, 1, 1, 1, 1)
  (1, 1, 1, 0, 0, 3, 1, 1, 1)
  (1, 1, 1, 0, 0, 3, 1, 2, 0)
  (1, 1, 1, 0, 0, 5, 1, 0, 0)
  (0, 2, 1, 0, 0, 5, 1, 0, 0)
  (0, 2, 1, 0, 0, 6, 0, 0, 0)
  (0, 3, 0, 0, 0, 6, 0, 0, 0)

Path 667 (7 moves):
  (1, 1, 1, 1, 1, 1, 1, 1, 1)
  (1, 1, 1, 2, 0, 1, 1, 1, 1)
  (1, 1, 1, 0, 0, 3, 1, 1, 1)
  (1, 1, 1, 0, 0, 3, 1, 2, 0)
  (1, 1, 1, 0, 0, 5, 1, 0, 0)
  (1, 0, 2, 0, 0, 5, 1, 0, 0)
  (3, 0, 0, 0, 0, 5, 1, 0, 0)
  (8, 0, 0, 0, 0, 0, 1, 0, 0)

Path 668 (7 moves):
  (1, 1, 1, 1, 1, 1, 1, 1, 1)
  (1, 1, 1, 2, 0, 1, 1, 1, 1)
  (1, 1, 1, 0, 0, 3, 1, 1, 1)
  (1, 1, 1, 0, 0, 3, 1, 2, 0)
  (1, 1, 1, 0, 0, 5, 1, 0, 0)
  (1, 0, 2, 0, 0, 5, 1, 0, 0)
  (3, 0, 0, 0, 0, 5, 1, 0, 0)
  (3, 0, 0, 0, 0, 6, 0, 0, 0)

Path 669 (7 moves):
  (1, 1, 1, 1, 1, 1, 1, 1, 1)
  (1, 1, 1, 2, 0, 1, 1, 1, 1)
  (1, 1, 1, 0, 0, 3, 1, 1, 1)
  (1, 1, 1, 0, 0, 3, 1, 2, 0)
  (1, 1, 1, 0, 0, 5, 1, 0, 0)
  (1, 0, 2, 0, 0, 5, 1, 0, 0)
  (6, 0, 2, 0, 0, 0, 1, 0, 0)
  (0, 0, 2, 0, 0, 0, 7, 0, 0)

Path 670 (7 moves):
  (1, 1, 1, 1, 1, 1, 1, 1, 1)
  (1, 1, 1, 2, 0, 1, 1, 1, 1)
  (1, 1, 1, 0, 0, 3, 1, 1, 1)
  (1, 1, 1, 0, 0, 3, 1, 2, 0)
  (1, 1, 1, 0, 0, 5, 1, 0, 0)
  (1, 0, 2, 0, 0, 5, 1, 0, 0)
  (6, 0, 2, 0, 0, 0, 1, 0, 0)
  (8, 0, 0, 0, 0, 0, 1, 0, 0)

Path 671 (7 moves):
  (1, 1, 1, 1, 1, 1, 1, 1, 1)
  (1, 1, 1, 2, 0, 1, 1, 1, 1)
  (1, 1, 1, 0, 0, 3, 1, 1, 1)
  (1, 1, 1, 0, 0, 3, 1, 2, 0)
  (1, 1, 1, 0, 0, 5, 1, 0, 0)
  (1, 0, 2, 0, 0, 5, 1, 0, 0)
  (1, 0, 2, 0, 0, 6, 0, 0, 0)
  (3, 0, 0, 0, 0, 6, 0, 0, 0)

Path 672 (7 moves):
  (1, 1, 1, 1, 1, 1, 1, 1, 1)
  (1, 1, 1, 2, 0, 1, 1, 1, 1)
  (1, 1, 1, 0, 0, 3, 1, 1, 1)
  (1, 1, 1, 0, 0, 3, 1, 2, 0)
  (1, 1, 1, 0, 0, 5, 1, 0, 0)
  (1, 2, 0, 0, 0, 5, 1, 0, 0)
  (0, 3, 0, 0, 0, 5, 1, 0, 0)
  (0, 3, 0, 0, 0, 6, 0, 0, 0)

Path 673 (7 moves):
  (1, 1, 1, 1, 1, 1, 1, 1, 1)
  (1, 1, 1, 2, 0, 1, 1, 1, 1)
  (1, 1, 1, 0, 0, 3, 1, 1, 1)
  (1, 1, 1, 0, 0, 3, 1, 2, 0)
  (1, 1, 1, 0, 0, 5, 1, 0, 0)
  (1, 2, 0, 0, 0, 5, 1, 0, 0)
  (6, 2, 0, 0, 0, 0, 1, 0, 0)
  (0, 2, 0, 0, 0, 0, 7, 0, 0)

Path 674 (7 moves):
  (1, 1, 1, 1, 1, 1, 1, 1, 1)
  (1, 1, 1, 2, 0, 1, 1, 1, 1)
  (1, 1, 1, 0, 0, 3, 1, 1, 1)
  (1, 1, 1, 0, 0, 3, 1, 2, 0)
  (1, 1, 1, 0, 0, 5, 1, 0, 0)
  (1, 2, 0, 0, 0, 5, 1, 0, 0)
  (1, 2, 0, 0, 0, 6, 0, 0, 0)
  (0, 3, 0, 0, 0, 6, 0, 0, 0)

Path 675 (7 moves):
  (1, 1, 1, 1, 1, 1, 1, 1, 1)
  (1, 1, 1, 2, 0, 1, 1, 1, 1)
  (1, 1, 1, 2, 0, 0, 2, 1, 1)
  (1, 3, 1, 0, 0, 0, 2, 1, 1)
  (0, 4, 1, 0, 0, 0, 2, 1, 1)
  (0, 5, 0, 0, 0, 0, 2, 1, 1)
  (0, 0, 0, 0, 0, 0, 7, 1, 1)
  (0, 0, 0, 0, 0, 0, 8, 0, 1)

Path 676 (7 moves):
  (1, 1, 1, 1, 1, 1, 1, 1, 1)
  (1, 1, 1, 2, 0, 1, 1, 1, 1)
  (1, 1, 1, 2, 0, 0, 2, 1, 1)
  (1, 3, 1, 0, 0, 0, 2, 1, 1)
  (0, 4, 1, 0, 0, 0, 2, 1, 1)
  (0, 5, 0, 0, 0, 0, 2, 1, 1)
  (0, 0, 0, 0, 0, 0, 7, 1, 1)
  (0, 0, 0, 0, 0, 0, 7, 2, 0)

Path 677 (7 moves):
  (1, 1, 1, 1, 1, 1, 1, 1, 1)
  (1, 1, 1, 2, 0, 1, 1, 1, 1)
  (1, 1, 1, 2, 0, 0, 2, 1, 1)
  (1, 3, 1, 0, 0, 0, 2, 1, 1)
  (0, 4, 1, 0, 0, 0, 2, 1, 1)
  (0, 5, 0, 0, 0, 0, 2, 1, 1)
  (0, 5, 0, 0, 0, 0, 0, 1, 3)
  (0, 5, 0, 0, 0, 0, 0, 0, 4)

Path 678 (7 moves):
  (1, 1, 1, 1, 1, 1, 1, 1, 1)
  (1, 1, 1, 2, 0, 1, 1, 1, 1)
  (1, 1, 1, 2, 0, 0, 2, 1, 1)
  (1, 3, 1, 0, 0, 0, 2, 1, 1)
  (0, 4, 1, 0, 0, 0, 2, 1, 1)
  (0, 5, 0, 0, 0, 0, 2, 1, 1)
  (0, 5, 0, 0, 0, 0, 3, 0, 1)
  (0, 0, 0, 0, 0, 0, 8, 0, 1)

Path 679 (7 moves):
  (1, 1, 1, 1, 1, 1, 1, 1, 1)
  (1, 1, 1, 2, 0, 1, 1, 1, 1)
  (1, 1, 1, 2, 0, 0, 2, 1, 1)
  (1, 3, 1, 0, 0, 0, 2, 1, 1)
  (0, 4, 1, 0, 0, 0, 2, 1, 1)
  (0, 5, 0, 0, 0, 0, 2, 1, 1)
  (0, 5, 0, 0, 0, 0, 2, 0, 2)
  (0, 5, 0, 0, 0, 0, 0, 0, 4)

Path 680 (7 moves):
  (1, 1, 1, 1, 1, 1, 1, 1, 1)
  (1, 1, 1, 2, 0, 1, 1, 1, 1)
  (1, 1, 1, 2, 0, 0, 2, 1, 1)
  (1, 3, 1, 0, 0, 0, 2, 1, 1)
  (0, 4, 1, 0, 0, 0, 2, 1, 1)
  (0, 5, 0, 0, 0, 0, 2, 1, 1)
  (0, 5, 0, 0, 0, 0, 2, 2, 0)
  (0, 0, 0, 0, 0, 0, 7, 2, 0)

Path 681 (7 moves):
  (1, 1, 1, 1, 1, 1, 1, 1, 1)
  (1, 1, 1, 2, 0, 1, 1, 1, 1)
  (1, 1, 1, 2, 0, 0, 2, 1, 1)
  (1, 3, 1, 0, 0, 0, 2, 1, 1)
  (0, 4, 1, 0, 0, 0, 2, 1, 1)
  (0, 4, 1, 0, 0, 0, 0, 1, 3)
  (0, 5, 0, 0, 0, 0, 0, 1, 3)
  (0, 5, 0, 0, 0, 0, 0, 0, 4)

Path 682 (7 moves):
  (1, 1, 1, 1, 1, 1, 1, 1, 1)
  (1, 1, 1, 2, 0, 1, 1, 1, 1)
  (1, 1, 1, 2, 0, 0, 2, 1, 1)
  (1, 3, 1, 0, 0, 0, 2, 1, 1)
  (0, 4, 1, 0, 0, 0, 2, 1, 1)
  (0, 4, 1, 0, 0, 0, 0, 1, 3)
  (0, 4, 1, 0, 0, 0, 0, 0, 4)
  (0, 5, 0, 0, 0, 0, 0, 0, 4)

Path 683 (7 moves):
  (1, 1, 1, 1, 1, 1, 1, 1, 1)
  (1, 1, 1, 2, 0, 1, 1, 1, 1)
  (1, 1, 1, 2, 0, 0, 2, 1, 1)
  (1, 3, 1, 0, 0, 0, 2, 1, 1)
  (0, 4, 1, 0, 0, 0, 2, 1, 1)
  (0, 4, 1, 0, 0, 0, 3, 0, 1)
  (0, 5, 0, 0, 0, 0, 3, 0, 1)
  (0, 0, 0, 0, 0, 0, 8, 0, 1)

Path 684 (7 moves):
  (1, 1, 1, 1, 1, 1, 1, 1, 1)
  (1, 1, 1, 2, 0, 1, 1, 1, 1)
  (1, 1, 1, 2, 0, 0, 2, 1, 1)
  (1, 3, 1, 0, 0, 0, 2, 1, 1)
  (0, 4, 1, 0, 0, 0, 2, 1, 1)
  (0, 4, 1, 0, 0, 0, 2, 0, 2)
  (0, 5, 0, 0, 0, 0, 2, 0, 2)
  (0, 5, 0, 0, 0, 0, 0, 0, 4)

Path 685 (7 moves):
  (1, 1, 1, 1, 1, 1, 1, 1, 1)
  (1, 1, 1, 2, 0, 1, 1, 1, 1)
  (1, 1, 1, 2, 0, 0, 2, 1, 1)
  (1, 3, 1, 0, 0, 0, 2, 1, 1)
  (0, 4, 1, 0, 0, 0, 2, 1, 1)
  (0, 4, 1, 0, 0, 0, 2, 0, 2)
  (0, 4, 1, 0, 0, 0, 0, 0, 4)
  (0, 5, 0, 0, 0, 0, 0, 0, 4)

Path 686 (7 moves):
  (1, 1, 1, 1, 1, 1, 1, 1, 1)
  (1, 1, 1, 2, 0, 1, 1, 1, 1)
  (1, 1, 1, 2, 0, 0, 2, 1, 1)
  (1, 3, 1, 0, 0, 0, 2, 1, 1)
  (0, 4, 1, 0, 0, 0, 2, 1, 1)
  (0, 4, 1, 0, 0, 0, 2, 0, 2)
  (0, 4, 1, 0, 0, 0, 4, 0, 0)
  (0, 4, 5, 0, 0, 0, 0, 0, 0)

Path 687 (7 moves):
  (1, 1, 1, 1, 1, 1, 1, 1, 1)
  (1, 1, 1, 2, 0, 1, 1, 1, 1)
  (1, 1, 1, 2, 0, 0, 2, 1, 1)
  (1, 3, 1, 0, 0, 0, 2, 1, 1)
  (0, 4, 1, 0, 0, 0, 2, 1, 1)
  (0, 4, 1, 0, 0, 0, 2, 2, 0)
  (0, 5, 0, 0, 0, 0, 2, 2, 0)
  (0, 0, 0, 0, 0, 0, 7, 2, 0)

Path 688 (7 moves):
  (1, 1, 1, 1, 1, 1, 1, 1, 1)
  (1, 1, 1, 2, 0, 1, 1, 1, 1)
  (1, 1, 1, 2, 0, 0, 2, 1, 1)
  (1, 3, 1, 0, 0, 0, 2, 1, 1)
  (1, 4, 0, 0, 0, 0, 2, 1, 1)
  (0, 5, 0, 0, 0, 0, 2, 1, 1)
  (0, 0, 0, 0, 0, 0, 7, 1, 1)
  (0, 0, 0, 0, 0, 0, 8, 0, 1)

Path 689 (7 moves):
  (1, 1, 1, 1, 1, 1, 1, 1, 1)
  (1, 1, 1, 2, 0, 1, 1, 1, 1)
  (1, 1, 1, 2, 0, 0, 2, 1, 1)
  (1, 3, 1, 0, 0, 0, 2, 1, 1)
  (1, 4, 0, 0, 0, 0, 2, 1, 1)
  (0, 5, 0, 0, 0, 0, 2, 1, 1)
  (0, 0, 0, 0, 0, 0, 7, 1, 1)
  (0, 0, 0, 0, 0, 0, 7, 2, 0)

Path 690 (7 moves):
  (1, 1, 1, 1, 1, 1, 1, 1, 1)
  (1, 1, 1, 2, 0, 1, 1, 1, 1)
  (1, 1, 1, 2, 0, 0, 2, 1, 1)
  (1, 3, 1, 0, 0, 0, 2, 1, 1)
  (1, 4, 0, 0, 0, 0, 2, 1, 1)
  (0, 5, 0, 0, 0, 0, 2, 1, 1)
  (0, 5, 0, 0, 0, 0, 0, 1, 3)
  (0, 5, 0, 0, 0, 0, 0, 0, 4)

Path 691 (7 moves):
  (1, 1, 1, 1, 1, 1, 1, 1, 1)
  (1, 1, 1, 2, 0, 1, 1, 1, 1)
  (1, 1, 1, 2, 0, 0, 2, 1, 1)
  (1, 3, 1, 0, 0, 0, 2, 1, 1)
  (1, 4, 0, 0, 0, 0, 2, 1, 1)
  (0, 5, 0, 0, 0, 0, 2, 1, 1)
  (0, 5, 0, 0, 0, 0, 3, 0, 1)
  (0, 0, 0, 0, 0, 0, 8, 0, 1)

Path 692 (7 moves):
  (1, 1, 1, 1, 1, 1, 1, 1, 1)
  (1, 1, 1, 2, 0, 1, 1, 1, 1)
  (1, 1, 1, 2, 0, 0, 2, 1, 1)
  (1, 3, 1, 0, 0, 0, 2, 1, 1)
  (1, 4, 0, 0, 0, 0, 2, 1, 1)
  (0, 5, 0, 0, 0, 0, 2, 1, 1)
  (0, 5, 0, 0, 0, 0, 2, 0, 2)
  (0, 5, 0, 0, 0, 0, 0, 0, 4)

Path 693 (7 moves):
  (1, 1, 1, 1, 1, 1, 1, 1, 1)
  (1, 1, 1, 2, 0, 1, 1, 1, 1)
  (1, 1, 1, 2, 0, 0, 2, 1, 1)
  (1, 3, 1, 0, 0, 0, 2, 1, 1)
  (1, 4, 0, 0, 0, 0, 2, 1, 1)
  (0, 5, 0, 0, 0, 0, 2, 1, 1)
  (0, 5, 0, 0, 0, 0, 2, 2, 0)
  (0, 0, 0, 0, 0, 0, 7, 2, 0)

Path 694 (7 moves):
  (1, 1, 1, 1, 1, 1, 1, 1, 1)
  (1, 1, 1, 2, 0, 1, 1, 1, 1)
  (1, 1, 1, 2, 0, 0, 2, 1, 1)
  (1, 3, 1, 0, 0, 0, 2, 1, 1)
  (1, 4, 0, 0, 0, 0, 2, 1, 1)
  (1, 4, 0, 0, 0, 0, 0, 1, 3)
  (0, 5, 0, 0, 0, 0, 0, 1, 3)
  (0, 5, 0, 0, 0, 0, 0, 0, 4)

Path 695 (7 moves):
  (1, 1, 1, 1, 1, 1, 1, 1, 1)
  (1, 1, 1, 2, 0, 1, 1, 1, 1)
  (1, 1, 1, 2, 0, 0, 2, 1, 1)
  (1, 3, 1, 0, 0, 0, 2, 1, 1)
  (1, 4, 0, 0, 0, 0, 2, 1, 1)
  (1, 4, 0, 0, 0, 0, 0, 1, 3)
  (1, 4, 0, 0, 0, 0, 0, 0, 4)
  (0, 5, 0, 0, 0, 0, 0, 0, 4)

Path 696 (7 moves):
  (1, 1, 1, 1, 1, 1, 1, 1, 1)
  (1, 1, 1, 2, 0, 1, 1, 1, 1)
  (1, 1, 1, 2, 0, 0, 2, 1, 1)
  (1, 3, 1, 0, 0, 0, 2, 1, 1)
  (1, 4, 0, 0, 0, 0, 2, 1, 1)
  (1, 4, 0, 0, 0, 0, 3, 0, 1)
  (0, 5, 0, 0, 0, 0, 3, 0, 1)
  (0, 0, 0, 0, 0, 0, 8, 0, 1)

Path 697 (7 moves):
  (1, 1, 1, 1, 1, 1, 1, 1, 1)
  (1, 1, 1, 2, 0, 1, 1, 1, 1)
  (1, 1, 1, 2, 0, 0, 2, 1, 1)
  (1, 3, 1, 0, 0, 0, 2, 1, 1)
  (1, 4, 0, 0, 0, 0, 2, 1, 1)
  (1, 4, 0, 0, 0, 0, 2, 2, 0)
  (0, 5, 0, 0, 0, 0, 2, 2, 0)
  (0, 0, 0, 0, 0, 0, 7, 2, 0)

Path 698 (7 moves):
  (1, 1, 1, 1, 1, 1, 1, 1, 1)
  (1, 1, 1, 2, 0, 1, 1, 1, 1)
  (1, 1, 1, 2, 0, 0, 2, 1, 1)
  (1, 3, 1, 0, 0, 0, 2, 1, 1)
  (1, 3, 1, 0, 0, 0, 0, 1, 3)
  (0, 4, 1, 0, 0, 0, 0, 1, 3)
  (0, 5, 0, 0, 0, 0, 0, 1, 3)
  (0, 5, 0, 0, 0, 0, 0, 0, 4)

Path 699 (7 moves):
  (1, 1, 1, 1, 1, 1, 1, 1, 1)
  (1, 1, 1, 2, 0, 1, 1, 1, 1)
  (1, 1, 1, 2, 0, 0, 2, 1, 1)
  (1, 3, 1, 0, 0, 0, 2, 1, 1)
  (1, 3, 1, 0, 0, 0, 0, 1, 3)
  (0, 4, 1, 0, 0, 0, 0, 1, 3)
  (0, 4, 1, 0, 0, 0, 0, 0, 4)
  (0, 5, 0, 0, 0, 0, 0, 0, 4)

Path 700 (7 moves):
  (1, 1, 1, 1, 1, 1, 1, 1, 1)
  (1, 1, 1, 2, 0, 1, 1, 1, 1)
  (1, 1, 1, 2, 0, 0, 2, 1, 1)
  (1, 3, 1, 0, 0, 0, 2, 1, 1)
  (1, 3, 1, 0, 0, 0, 0, 1, 3)
  (1, 4, 0, 0, 0, 0, 0, 1, 3)
  (0, 5, 0, 0, 0, 0, 0, 1, 3)
  (0, 5, 0, 0, 0, 0, 0, 0, 4)

Path 701 (7 moves):
  (1, 1, 1, 1, 1, 1, 1, 1, 1)
  (1, 1, 1, 2, 0, 1, 1, 1, 1)
  (1, 1, 1, 2, 0, 0, 2, 1, 1)
  (1, 3, 1, 0, 0, 0, 2, 1, 1)
  (1, 3, 1, 0, 0, 0, 0, 1, 3)
  (1, 4, 0, 0, 0, 0, 0, 1, 3)
  (1, 4, 0, 0, 0, 0, 0, 0, 4)
  (0, 5, 0, 0, 0, 0, 0, 0, 4)

Path 702 (7 moves):
  (1, 1, 1, 1, 1, 1, 1, 1, 1)
  (1, 1, 1, 2, 0, 1, 1, 1, 1)
  (1, 1, 1, 2, 0, 0, 2, 1, 1)
  (1, 3, 1, 0, 0, 0, 2, 1, 1)
  (1, 3, 1, 0, 0, 0, 0, 1, 3)
  (1, 3, 1, 0, 0, 0, 0, 0, 4)
  (0, 4, 1, 0, 0, 0, 0, 0, 4)
  (0, 5, 0, 0, 0, 0, 0, 0, 4)

Path 703 (7 moves):
  (1, 1, 1, 1, 1, 1, 1, 1, 1)
  (1, 1, 1, 2, 0, 1, 1, 1, 1)
  (1, 1, 1, 2, 0, 0, 2, 1, 1)
  (1, 3, 1, 0, 0, 0, 2, 1, 1)
  (1, 3, 1, 0, 0, 0, 0, 1, 3)
  (1, 3, 1, 0, 0, 0, 0, 0, 4)
  (1, 4, 0, 0, 0, 0, 0, 0, 4)
  (0, 5, 0, 0, 0, 0, 0, 0, 4)

Path 704 (7 moves):
  (1, 1, 1, 1, 1, 1, 1, 1, 1)
  (1, 1, 1, 2, 0, 1, 1, 1, 1)
  (1, 1, 1, 2, 0, 0, 2, 1, 1)
  (1, 3, 1, 0, 0, 0, 2, 1, 1)
  (1, 3, 1, 0, 0, 0, 3, 0, 1)
  (0, 4, 1, 0, 0, 0, 3, 0, 1)
  (0, 5, 0, 0, 0, 0, 3, 0, 1)
  (0, 0, 0, 0, 0, 0, 8, 0, 1)

Path 705 (7 moves):
  (1, 1, 1, 1, 1, 1, 1, 1, 1)
  (1, 1, 1, 2, 0, 1, 1, 1, 1)
  (1, 1, 1, 2, 0, 0, 2, 1, 1)
  (1, 3, 1, 0, 0, 0, 2, 1, 1)
  (1, 3, 1, 0, 0, 0, 3, 0, 1)
  (1, 4, 0, 0, 0, 0, 3, 0, 1)
  (0, 5, 0, 0, 0, 0, 3, 0, 1)
  (0, 0, 0, 0, 0, 0, 8, 0, 1)

Path 706 (7 moves):
  (1, 1, 1, 1, 1, 1, 1, 1, 1)
  (1, 1, 1, 2, 0, 1, 1, 1, 1)
  (1, 1, 1, 2, 0, 0, 2, 1, 1)
  (1, 3, 1, 0, 0, 0, 2, 1, 1)
  (1, 3, 1, 0, 0, 0, 2, 0, 2)
  (0, 4, 1, 0, 0, 0, 2, 0, 2)
  (0, 5, 0, 0, 0, 0, 2, 0, 2)
  (0, 5, 0, 0, 0, 0, 0, 0, 4)

Path 707 (7 moves):
  (1, 1, 1, 1, 1, 1, 1, 1, 1)
  (1, 1, 1, 2, 0, 1, 1, 1, 1)
  (1, 1, 1, 2, 0, 0, 2, 1, 1)
  (1, 3, 1, 0, 0, 0, 2, 1, 1)
  (1, 3, 1, 0, 0, 0, 2, 0, 2)
  (0, 4, 1, 0, 0, 0, 2, 0, 2)
  (0, 4, 1, 0, 0, 0, 0, 0, 4)
  (0, 5, 0, 0, 0, 0, 0, 0, 4)

Path 708 (7 moves):
  (1, 1, 1, 1, 1, 1, 1, 1, 1)
  (1, 1, 1, 2, 0, 1, 1, 1, 1)
  (1, 1, 1, 2, 0, 0, 2, 1, 1)
  (1, 3, 1, 0, 0, 0, 2, 1, 1)
  (1, 3, 1, 0, 0, 0, 2, 0, 2)
  (0, 4, 1, 0, 0, 0, 2, 0, 2)
  (0, 4, 1, 0, 0, 0, 4, 0, 0)
  (0, 4, 5, 0, 0, 0, 0, 0, 0)

Path 709 (7 moves):
  (1, 1, 1, 1, 1, 1, 1, 1, 1)
  (1, 1, 1, 2, 0, 1, 1, 1, 1)
  (1, 1, 1, 2, 0, 0, 2, 1, 1)
  (1, 3, 1, 0, 0, 0, 2, 1, 1)
  (1, 3, 1, 0, 0, 0, 2, 0, 2)
  (1, 3, 1, 0, 0, 0, 0, 0, 4)
  (0, 4, 1, 0, 0, 0, 0, 0, 4)
  (0, 5, 0, 0, 0, 0, 0, 0, 4)

Path 710 (7 moves):
  (1, 1, 1, 1, 1, 1, 1, 1, 1)
  (1, 1, 1, 2, 0, 1, 1, 1, 1)
  (1, 1, 1, 2, 0, 0, 2, 1, 1)
  (1, 3, 1, 0, 0, 0, 2, 1, 1)
  (1, 3, 1, 0, 0, 0, 2, 0, 2)
  (1, 3, 1, 0, 0, 0, 0, 0, 4)
  (1, 4, 0, 0, 0, 0, 0, 0, 4)
  (0, 5, 0, 0, 0, 0, 0, 0, 4)

Path 711 (7 moves):
  (1, 1, 1, 1, 1, 1, 1, 1, 1)
  (1, 1, 1, 2, 0, 1, 1, 1, 1)
  (1, 1, 1, 2, 0, 0, 2, 1, 1)
  (1, 3, 1, 0, 0, 0, 2, 1, 1)
  (1, 3, 1, 0, 0, 0, 2, 2, 0)
  (0, 4, 1, 0, 0, 0, 2, 2, 0)
  (0, 5, 0, 0, 0, 0, 2, 2, 0)
  (0, 0, 0, 0, 0, 0, 7, 2, 0)

Path 712 (7 moves):
  (1, 1, 1, 1, 1, 1, 1, 1, 1)
  (1, 1, 1, 2, 0, 1, 1, 1, 1)
  (1, 1, 1, 2, 0, 0, 2, 1, 1)
  (1, 3, 1, 0, 0, 0, 2, 1, 1)
  (1, 3, 1, 0, 0, 0, 2, 2, 0)
  (1, 4, 0, 0, 0, 0, 2, 2, 0)
  (0, 5, 0, 0, 0, 0, 2, 2, 0)
  (0, 0, 0, 0, 0, 0, 7, 2, 0)

Path 713 (7 moves):
  (1, 1, 1, 1, 1, 1, 1, 1, 1)
  (1, 1, 1, 2, 0, 1, 1, 1, 1)
  (1, 1, 1, 2, 0, 2, 0, 1, 1)
  (0, 2, 1, 2, 0, 2, 0, 1, 1)
  (0, 0, 1, 4, 0, 2, 0, 1, 1)
  (0, 0, 0, 5, 0, 2, 0, 1, 1)
  (0, 0, 0, 0, 0, 2, 0, 1, 6)
  (0, 0, 0, 0, 0, 0, 0, 3, 6)

Path 714 (7 moves):
  (1, 1, 1, 1, 1, 1, 1, 1, 1)
  (1, 1, 1, 2, 0, 1, 1, 1, 1)
  (1, 1, 1, 2, 0, 2, 0, 1, 1)
  (0, 2, 1, 2, 0, 2, 0, 1, 1)
  (0, 0, 1, 4, 0, 2, 0, 1, 1)
  (0, 0, 0, 5, 0, 2, 0, 1, 1)
  (0, 0, 0, 0, 0, 2, 0, 1, 6)
  (0, 0, 0, 0, 0, 2, 0, 0, 7)

Path 715 (7 moves):
  (1, 1, 1, 1, 1, 1, 1, 1, 1)
  (1, 1, 1, 2, 0, 1, 1, 1, 1)
  (1, 1, 1, 2, 0, 2, 0, 1, 1)
  (0, 2, 1, 2, 0, 2, 0, 1, 1)
  (0, 0, 1, 4, 0, 2, 0, 1, 1)
  (0, 0, 0, 5, 0, 2, 0, 1, 1)
  (0, 0, 0, 7, 0, 0, 0, 1, 1)
  (0, 0, 0, 7, 0, 0, 0, 0, 2)

Path 716 (7 moves):
  (1, 1, 1, 1, 1, 1, 1, 1, 1)
  (1, 1, 1, 2, 0, 1, 1, 1, 1)
  (1, 1, 1, 2, 0, 2, 0, 1, 1)
  (0, 2, 1, 2, 0, 2, 0, 1, 1)
  (0, 0, 1, 4, 0, 2, 0, 1, 1)
  (0, 0, 0, 5, 0, 2, 0, 1, 1)
  (0, 0, 0, 7, 0, 0, 0, 1, 1)
  (0, 0, 0, 7, 0, 0, 0, 2, 0)

Path 717 (7 moves):
  (1, 1, 1, 1, 1, 1, 1, 1, 1)
  (1, 1, 1, 2, 0, 1, 1, 1, 1)
  (1, 1, 1, 2, 0, 2, 0, 1, 1)
  (0, 2, 1, 2, 0, 2, 0, 1, 1)
  (0, 0, 1, 4, 0, 2, 0, 1, 1)
  (0, 0, 0, 5, 0, 2, 0, 1, 1)
  (0, 0, 0, 5, 0, 0, 0, 3, 1)
  (0, 0, 0, 0, 0, 0, 0, 3, 6)

Path 718 (7 moves):
  (1, 1, 1, 1, 1, 1, 1, 1, 1)
  (1, 1, 1, 2, 0, 1, 1, 1, 1)
  (1, 1, 1, 2, 0, 2, 0, 1, 1)
  (0, 2, 1, 2, 0, 2, 0, 1, 1)
  (0, 0, 1, 4, 0, 2, 0, 1, 1)
  (0, 0, 0, 5, 0, 2, 0, 1, 1)
  (0, 0, 0, 5, 0, 2, 0, 0, 2)
  (0, 0, 0, 0, 0, 2, 0, 0, 7)

Path 719 (7 moves):
  (1, 1, 1, 1, 1, 1, 1, 1, 1)
  (1, 1, 1, 2, 0, 1, 1, 1, 1)
  (1, 1, 1, 2, 0, 2, 0, 1, 1)
  (0, 2, 1, 2, 0, 2, 0, 1, 1)
  (0, 0, 1, 4, 0, 2, 0, 1, 1)
  (0, 0, 0, 5, 0, 2, 0, 1, 1)
  (0, 0, 0, 5, 0, 2, 0, 0, 2)
  (0, 0, 0, 7, 0, 0, 0, 0, 2)

Path 720 (7 moves):
  (1, 1, 1, 1, 1, 1, 1, 1, 1)
  (1, 1, 1, 2, 0, 1, 1, 1, 1)
  (1, 1, 1, 2, 0, 2, 0, 1, 1)
  (0, 2, 1, 2, 0, 2, 0, 1, 1)
  (0, 0, 1, 4, 0, 2, 0, 1, 1)
  (0, 0, 0, 5, 0, 2, 0, 1, 1)
  (0, 0, 0, 5, 0, 2, 0, 2, 0)
  (0, 0, 0, 7, 0, 0, 0, 2, 0)

Path 721 (7 moves):
  (1, 1, 1, 1, 1, 1, 1, 1, 1)
  (1, 1, 1, 2, 0, 1, 1, 1, 1)
  (1, 1, 1, 2, 0, 2, 0, 1, 1)
  (0, 2, 1, 2, 0, 2, 0, 1, 1)
  (0, 0, 1, 4, 0, 2, 0, 1, 1)
  (0, 0, 0, 5, 0, 2, 0, 1, 1)
  (0, 0, 0, 5, 0, 2, 0, 2, 0)
  (0, 0, 0, 5, 0, 4, 0, 0, 0)

Path 722 (7 moves):
  (1, 1, 1, 1, 1, 1, 1, 1, 1)
  (1, 1, 1, 2, 0, 1, 1, 1, 1)
  (1, 1, 1, 2, 0, 2, 0, 1, 1)
  (0, 2, 1, 2, 0, 2, 0, 1, 1)
  (0, 0, 1, 4, 0, 2, 0, 1, 1)
  (0, 0, 1, 0, 0, 2, 0, 5, 1)
  (0, 0, 1, 0, 0, 0, 0, 7, 1)
  (0, 0, 1, 0, 0, 0, 0, 8, 0)

Path 723 (7 moves):
  (1, 1, 1, 1, 1, 1, 1, 1, 1)
  (1, 1, 1, 2, 0, 1, 1, 1, 1)
  (1, 1, 1, 2, 0, 2, 0, 1, 1)
  (0, 2, 1, 2, 0, 2, 0, 1, 1)
  (0, 0, 1, 4, 0, 2, 0, 1, 1)
  (0, 0, 1, 0, 0, 2, 0, 5, 1)
  (0, 0, 6, 0, 0, 2, 0, 0, 1)
  (0, 0, 0, 0, 0, 2, 0, 0, 7)

Path 724 (7 moves):
  (1, 1, 1, 1, 1, 1, 1, 1, 1)
  (1, 1, 1, 2, 0, 1, 1, 1, 1)
  (1, 1, 1, 2, 0, 2, 0, 1, 1)
  (0, 2, 1, 2, 0, 2, 0, 1, 1)
  (0, 0, 1, 4, 0, 2, 0, 1, 1)
  (0, 0, 1, 0, 0, 2, 0, 5, 1)
  (0, 0, 1, 0, 0, 2, 0, 6, 0)
  (0, 0, 1, 0, 0, 0, 0, 8, 0)

Path 725 (7 moves):
  (1, 1, 1, 1, 1, 1, 1, 1, 1)
  (1, 1, 1, 2, 0, 1, 1, 1, 1)
  (1, 1, 1, 2, 0, 2, 0, 1, 1)
  (0, 2, 1, 2, 0, 2, 0, 1, 1)
  (0, 0, 1, 4, 0, 2, 0, 1, 1)
  (0, 0, 1, 6, 0, 0, 0, 1, 1)
  (0, 0, 0, 7, 0, 0, 0, 1, 1)
  (0, 0, 0, 7, 0, 0, 0, 0, 2)

Path 726 (7 moves):
  (1, 1, 1, 1, 1, 1, 1, 1, 1)
  (1, 1, 1, 2, 0, 1, 1, 1, 1)
  (1, 1, 1, 2, 0, 2, 0, 1, 1)
  (0, 2, 1, 2, 0, 2, 0, 1, 1)
  (0, 0, 1, 4, 0, 2, 0, 1, 1)
  (0, 0, 1, 6, 0, 0, 0, 1, 1)
  (0, 0, 0, 7, 0, 0, 0, 1, 1)
  (0, 0, 0, 7, 0, 0, 0, 2, 0)

Path 727 (7 moves):
  (1, 1, 1, 1, 1, 1, 1, 1, 1)
  (1, 1, 1, 2, 0, 1, 1, 1, 1)
  (1, 1, 1, 2, 0, 2, 0, 1, 1)
  (0, 2, 1, 2, 0, 2, 0, 1, 1)
  (0, 0, 1, 4, 0, 2, 0, 1, 1)
  (0, 0, 1, 6, 0, 0, 0, 1, 1)
  (0, 0, 1, 6, 0, 0, 0, 0, 2)
  (0, 0, 0, 7, 0, 0, 0, 0, 2)

Path 728 (7 moves):
  (1, 1, 1, 1, 1, 1, 1, 1, 1)
  (1, 1, 1, 2, 0, 1, 1, 1, 1)
  (1, 1, 1, 2, 0, 2, 0, 1, 1)
  (0, 2, 1, 2, 0, 2, 0, 1, 1)
  (0, 0, 1, 4, 0, 2, 0, 1, 1)
  (0, 0, 1, 6, 0, 0, 0, 1, 1)
  (0, 0, 1, 6, 0, 0, 0, 2, 0)
  (0, 0, 0, 7, 0, 0, 0, 2, 0)

Path 729 (7 moves):
  (1, 1, 1, 1, 1, 1, 1, 1, 1)
  (1, 1, 1, 2, 0, 1, 1, 1, 1)
  (1, 1, 1, 2, 0, 2, 0, 1, 1)
  (0, 2, 1, 2, 0, 2, 0, 1, 1)
  (0, 0, 1, 4, 0, 2, 0, 1, 1)
  (0, 0, 1, 4, 0, 0, 0, 3, 1)
  (0, 0, 0, 5, 0, 0, 0, 3, 1)
  (0, 0, 0, 0, 0, 0, 0, 3, 6)

Path 730 (7 moves):
  (1, 1, 1, 1, 1, 1, 1, 1, 1)
  (1, 1, 1, 2, 0, 1, 1, 1, 1)
  (1, 1, 1, 2, 0, 2, 0, 1, 1)
  (0, 2, 1, 2, 0, 2, 0, 1, 1)
  (0, 0, 1, 4, 0, 2, 0, 1, 1)
  (0, 0, 1, 4, 0, 0, 0, 3, 1)
  (0, 0, 1, 0, 0, 0, 0, 7, 1)
  (0, 0, 1, 0, 0, 0, 0, 8, 0)

Path 731 (7 moves):
  (1, 1, 1, 1, 1, 1, 1, 1, 1)
  (1, 1, 1, 2, 0, 1, 1, 1, 1)
  (1, 1, 1, 2, 0, 2, 0, 1, 1)
  (0, 2, 1, 2, 0, 2, 0, 1, 1)
  (0, 0, 1, 4, 0, 2, 0, 1, 1)
  (0, 0, 1, 4, 0, 0, 0, 3, 1)
  (0, 0, 1, 4, 0, 0, 0, 4, 0)
  (0, 0, 1, 0, 0, 0, 0, 8, 0)

Path 732 (7 moves):
  (1, 1, 1, 1, 1, 1, 1, 1, 1)
  (1, 1, 1, 2, 0, 1, 1, 1, 1)
  (1, 1, 1, 2, 0, 2, 0, 1, 1)
  (0, 2, 1, 2, 0, 2, 0, 1, 1)
  (0, 0, 1, 4, 0, 2, 0, 1, 1)
  (0, 0, 1, 4, 0, 2, 0, 0, 2)
  (0, 0, 0, 5, 0, 2, 0, 0, 2)
  (0, 0, 0, 0, 0, 2, 0, 0, 7)

Path 733 (7 moves):
  (1, 1, 1, 1, 1, 1, 1, 1, 1)
  (1, 1, 1, 2, 0, 1, 1, 1, 1)
  (1, 1, 1, 2, 0, 2, 0, 1, 1)
  (0, 2, 1, 2, 0, 2, 0, 1, 1)
  (0, 0, 1, 4, 0, 2, 0, 1, 1)
  (0, 0, 1, 4, 0, 2, 0, 0, 2)
  (0, 0, 0, 5, 0, 2, 0, 0, 2)
  (0, 0, 0, 7, 0, 0, 0, 0, 2)

Path 734 (7 moves):
  (1, 1, 1, 1, 1, 1, 1, 1, 1)
  (1, 1, 1, 2, 0, 1, 1, 1, 1)
  (1, 1, 1, 2, 0, 2, 0, 1, 1)
  (0, 2, 1, 2, 0, 2, 0, 1, 1)
  (0, 0, 1, 4, 0, 2, 0, 1, 1)
  (0, 0, 1, 4, 0, 2, 0, 0, 2)
  (0, 0, 1, 6, 0, 0, 0, 0, 2)
  (0, 0, 0, 7, 0, 0, 0, 0, 2)

Path 735 (7 moves):
  (1, 1, 1, 1, 1, 1, 1, 1, 1)
  (1, 1, 1, 2, 0, 1, 1, 1, 1)
  (1, 1, 1, 2, 0, 2, 0, 1, 1)
  (0, 2, 1, 2, 0, 2, 0, 1, 1)
  (0, 0, 1, 4, 0, 2, 0, 1, 1)
  (0, 0, 1, 4, 0, 2, 0, 2, 0)
  (0, 0, 0, 5, 0, 2, 0, 2, 0)
  (0, 0, 0, 7, 0, 0, 0, 2, 0)

Path 736 (7 moves):
  (1, 1, 1, 1, 1, 1, 1, 1, 1)
  (1, 1, 1, 2, 0, 1, 1, 1, 1)
  (1, 1, 1, 2, 0, 2, 0, 1, 1)
  (0, 2, 1, 2, 0, 2, 0, 1, 1)
  (0, 0, 1, 4, 0, 2, 0, 1, 1)
  (0, 0, 1, 4, 0, 2, 0, 2, 0)
  (0, 0, 0, 5, 0, 2, 0, 2, 0)
  (0, 0, 0, 5, 0, 4, 0, 0, 0)

Path 737 (7 moves):
  (1, 1, 1, 1, 1, 1, 1, 1, 1)
  (1, 1, 1, 2, 0, 1, 1, 1, 1)
  (1, 1, 1, 2, 0, 2, 0, 1, 1)
  (0, 2, 1, 2, 0, 2, 0, 1, 1)
  (0, 0, 1, 4, 0, 2, 0, 1, 1)
  (0, 0, 1, 4, 0, 2, 0, 2, 0)
  (0, 0, 1, 0, 0, 2, 0, 6, 0)
  (0, 0, 1, 0, 0, 0, 0, 8, 0)

Path 738 (7 moves):
  (1, 1, 1, 1, 1, 1, 1, 1, 1)
  (1, 1, 1, 2, 0, 1, 1, 1, 1)
  (1, 1, 1, 2, 0, 2, 0, 1, 1)
  (0, 2, 1, 2, 0, 2, 0, 1, 1)
  (0, 0, 1, 4, 0, 2, 0, 1, 1)
  (0, 0, 1, 4, 0, 2, 0, 2, 0)
  (0, 0, 1, 6, 0, 0, 0, 2, 0)
  (0, 0, 0, 7, 0, 0, 0, 2, 0)

Path 739 (7 moves):
  (1, 1, 1, 1, 1, 1, 1, 1, 1)
  (1, 1, 1, 2, 0, 1, 1, 1, 1)
  (1, 1, 1, 2, 0, 2, 0, 1, 1)
  (0, 2, 1, 2, 0, 2, 0, 1, 1)
  (0, 0, 1, 4, 0, 2, 0, 1, 1)
  (0, 0, 1, 4, 0, 2, 0, 2, 0)
  (0, 0, 1, 4, 0, 0, 0, 4, 0)
  (0, 0, 1, 0, 0, 0, 0, 8, 0)

Path 740 (7 moves):
  (1, 1, 1, 1, 1, 1, 1, 1, 1)
  (1, 1, 1, 2, 0, 1, 1, 1, 1)
  (1, 1, 1, 2, 0, 2, 0, 1, 1)
  (0, 2, 1, 2, 0, 2, 0, 1, 1)
  (0, 0, 1, 4, 0, 2, 0, 1, 1)
  (0, 0, 1, 4, 0, 2, 0, 2, 0)
  (0, 0, 1, 4, 0, 4, 0, 0, 0)
  (0, 0, 0, 5, 0, 4, 0, 0, 0)

Path 741 (7 moves):
  (1, 1, 1, 1, 1, 1, 1, 1, 1)
  (1, 1, 1, 2, 0, 1, 1, 1, 1)
  (1, 1, 1, 2, 0, 2, 0, 1, 1)
  (0, 2, 1, 2, 0, 2, 0, 1, 1)
  (0, 3, 0, 2, 0, 2, 0, 1, 1)
  (0, 3, 0, 2, 0, 0, 0, 3, 1)
  (0, 5, 0, 0, 0, 0, 0, 3, 1)
  (0, 5, 0, 0, 0, 0, 0, 4, 0)

Path 742 (7 moves):
  (1, 1, 1, 1, 1, 1, 1, 1, 1)
  (1, 1, 1, 2, 0, 1, 1, 1, 1)
  (1, 1, 1, 2, 0, 2, 0, 1, 1)
  (0, 2, 1, 2, 0, 2, 0, 1, 1)
  (0, 3, 0, 2, 0, 2, 0, 1, 1)
  (0, 3, 0, 2, 0, 0, 0, 3, 1)
  (0, 3, 0, 2, 0, 0, 0, 4, 0)
  (0, 5, 0, 0, 0, 0, 0, 4, 0)

Path 743 (7 moves):
  (1, 1, 1, 1, 1, 1, 1, 1, 1)
  (1, 1, 1, 2, 0, 1, 1, 1, 1)
  (1, 1, 1, 2, 0, 2, 0, 1, 1)
  (0, 2, 1, 2, 0, 2, 0, 1, 1)
  (0, 3, 0, 2, 0, 2, 0, 1, 1)
  (0, 3, 0, 2, 0, 0, 0, 3, 1)
  (0, 3, 0, 2, 0, 0, 0, 4, 0)
  (0, 3, 0, 6, 0, 0, 0, 0, 0)

Path 744 (7 moves):
  (1, 1, 1, 1, 1, 1, 1, 1, 1)
  (1, 1, 1, 2, 0, 1, 1, 1, 1)
  (1, 1, 1, 2, 0, 2, 0, 1, 1)
  (0, 2, 1, 2, 0, 2, 0, 1, 1)
  (0, 2, 0, 3, 0, 2, 0, 1, 1)
  (0, 0, 0, 5, 0, 2, 0, 1, 1)
  (0, 0, 0, 0, 0, 2, 0, 1, 6)
  (0, 0, 0, 0, 0, 0, 0, 3, 6)

Path 745 (7 moves):
  (1, 1, 1, 1, 1, 1, 1, 1, 1)
  (1, 1, 1, 2, 0, 1, 1, 1, 1)
  (1, 1, 1, 2, 0, 2, 0, 1, 1)
  (0, 2, 1, 2, 0, 2, 0, 1, 1)
  (0, 2, 0, 3, 0, 2, 0, 1, 1)
  (0, 0, 0, 5, 0, 2, 0, 1, 1)
  (0, 0, 0, 0, 0, 2, 0, 1, 6)
  (0, 0, 0, 0, 0, 2, 0, 0, 7)

Path 746 (7 moves):
  (1, 1, 1, 1, 1, 1, 1, 1, 1)
  (1, 1, 1, 2, 0, 1, 1, 1, 1)
  (1, 1, 1, 2, 0, 2, 0, 1, 1)
  (0, 2, 1, 2, 0, 2, 0, 1, 1)
  (0, 2, 0, 3, 0, 2, 0, 1, 1)
  (0, 0, 0, 5, 0, 2, 0, 1, 1)
  (0, 0, 0, 7, 0, 0, 0, 1, 1)
  (0, 0, 0, 7, 0, 0, 0, 0, 2)

Path 747 (7 moves):
  (1, 1, 1, 1, 1, 1, 1, 1, 1)
  (1, 1, 1, 2, 0, 1, 1, 1, 1)
  (1, 1, 1, 2, 0, 2, 0, 1, 1)
  (0, 2, 1, 2, 0, 2, 0, 1, 1)
  (0, 2, 0, 3, 0, 2, 0, 1, 1)
  (0, 0, 0, 5, 0, 2, 0, 1, 1)
  (0, 0, 0, 7, 0, 0, 0, 1, 1)
  (0, 0, 0, 7, 0, 0, 0, 2, 0)

Path 748 (7 moves):
  (1, 1, 1, 1, 1, 1, 1, 1, 1)
  (1, 1, 1, 2, 0, 1, 1, 1, 1)
  (1, 1, 1, 2, 0, 2, 0, 1, 1)
  (0, 2, 1, 2, 0, 2, 0, 1, 1)
  (0, 2, 0, 3, 0, 2, 0, 1, 1)
  (0, 0, 0, 5, 0, 2, 0, 1, 1)
  (0, 0, 0, 5, 0, 0, 0, 3, 1)
  (0, 0, 0, 0, 0, 0, 0, 3, 6)

Path 749 (7 moves):
  (1, 1, 1, 1, 1, 1, 1, 1, 1)
  (1, 1, 1, 2, 0, 1, 1, 1, 1)
  (1, 1, 1, 2, 0, 2, 0, 1, 1)
  (0, 2, 1, 2, 0, 2, 0, 1, 1)
  (0, 2, 0, 3, 0, 2, 0, 1, 1)
  (0, 0, 0, 5, 0, 2, 0, 1, 1)
  (0, 0, 0, 5, 0, 2, 0, 0, 2)
  (0, 0, 0, 0, 0, 2, 0, 0, 7)

Path 750 (7 moves):
  (1, 1, 1, 1, 1, 1, 1, 1, 1)
  (1, 1, 1, 2, 0, 1, 1, 1, 1)
  (1, 1, 1, 2, 0, 2, 0, 1, 1)
  (0, 2, 1, 2, 0, 2, 0, 1, 1)
  (0, 2, 0, 3, 0, 2, 0, 1, 1)
  (0, 0, 0, 5, 0, 2, 0, 1, 1)
  (0, 0, 0, 5, 0, 2, 0, 0, 2)
  (0, 0, 0, 7, 0, 0, 0, 0, 2)

Path 751 (7 moves):
  (1, 1, 1, 1, 1, 1, 1, 1, 1)
  (1, 1, 1, 2, 0, 1, 1, 1, 1)
  (1, 1, 1, 2, 0, 2, 0, 1, 1)
  (0, 2, 1, 2, 0, 2, 0, 1, 1)
  (0, 2, 0, 3, 0, 2, 0, 1, 1)
  (0, 0, 0, 5, 0, 2, 0, 1, 1)
  (0, 0, 0, 5, 0, 2, 0, 2, 0)
  (0, 0, 0, 7, 0, 0, 0, 2, 0)

Path 752 (7 moves):
  (1, 1, 1, 1, 1, 1, 1, 1, 1)
  (1, 1, 1, 2, 0, 1, 1, 1, 1)
  (1, 1, 1, 2, 0, 2, 0, 1, 1)
  (0, 2, 1, 2, 0, 2, 0, 1, 1)
  (0, 2, 0, 3, 0, 2, 0, 1, 1)
  (0, 0, 0, 5, 0, 2, 0, 1, 1)
  (0, 0, 0, 5, 0, 2, 0, 2, 0)
  (0, 0, 0, 5, 0, 4, 0, 0, 0)

Path 753 (7 moves):
  (1, 1, 1, 1, 1, 1, 1, 1, 1)
  (1, 1, 1, 2, 0, 1, 1, 1, 1)
  (1, 1, 1, 2, 0, 2, 0, 1, 1)
  (0, 2, 1, 2, 0, 2, 0, 1, 1)
  (0, 2, 0, 3, 0, 2, 0, 1, 1)
  (0, 2, 0, 3, 0, 2, 0, 0, 2)
  (0, 0, 0, 5, 0, 2, 0, 0, 2)
  (0, 0, 0, 0, 0, 2, 0, 0, 7)

Path 754 (7 moves):
  (1, 1, 1, 1, 1, 1, 1, 1, 1)
  (1, 1, 1, 2, 0, 1, 1, 1, 1)
  (1, 1, 1, 2, 0, 2, 0, 1, 1)
  (0, 2, 1, 2, 0, 2, 0, 1, 1)
  (0, 2, 0, 3, 0, 2, 0, 1, 1)
  (0, 2, 0, 3, 0, 2, 0, 0, 2)
  (0, 0, 0, 5, 0, 2, 0, 0, 2)
  (0, 0, 0, 7, 0, 0, 0, 0, 2)

Path 755 (7 moves):
  (1, 1, 1, 1, 1, 1, 1, 1, 1)
  (1, 1, 1, 2, 0, 1, 1, 1, 1)
  (1, 1, 1, 2, 0, 2, 0, 1, 1)
  (0, 2, 1, 2, 0, 2, 0, 1, 1)
  (0, 2, 0, 3, 0, 2, 0, 1, 1)
  (0, 2, 0, 3, 0, 2, 0, 0, 2)
  (0, 2, 0, 5, 0, 0, 0, 0, 2)
  (0, 0, 0, 7, 0, 0, 0, 0, 2)

Path 756 (7 moves):
  (1, 1, 1, 1, 1, 1, 1, 1, 1)
  (1, 1, 1, 2, 0, 1, 1, 1, 1)
  (1, 1, 1, 2, 0, 2, 0, 1, 1)
  (0, 2, 1, 2, 0, 2, 0, 1, 1)
  (0, 4, 1, 0, 0, 2, 0, 1, 1)
  (0, 4, 1, 0, 0, 0, 0, 3, 1)
  (0, 5, 0, 0, 0, 0, 0, 3, 1)
  (0, 5, 0, 0, 0, 0, 0, 4, 0)

Path 757 (7 moves):
  (1, 1, 1, 1, 1, 1, 1, 1, 1)
  (1, 1, 1, 2, 0, 1, 1, 1, 1)
  (1, 1, 1, 2, 0, 2, 0, 1, 1)
  (0, 2, 1, 2, 0, 2, 0, 1, 1)
  (0, 4, 1, 0, 0, 2, 0, 1, 1)
  (0, 4, 1, 0, 0, 0, 0, 3, 1)
  (0, 4, 1, 0, 0, 0, 0, 4, 0)
  (0, 5, 0, 0, 0, 0, 0, 4, 0)

Path 758 (7 moves):
  (1, 1, 1, 1, 1, 1, 1, 1, 1)
  (1, 1, 1, 2, 0, 1, 1, 1, 1)
  (1, 1, 1, 2, 0, 2, 0, 1, 1)
  (0, 2, 1, 2, 0, 2, 0, 1, 1)
  (0, 4, 1, 0, 0, 2, 0, 1, 1)
  (0, 4, 1, 0, 0, 2, 0, 2, 0)
  (0, 0, 1, 0, 0, 6, 0, 2, 0)
  (0, 0, 1, 0, 0, 8, 0, 0, 0)

Path 759 (7 moves):
  (1, 1, 1, 1, 1, 1, 1, 1, 1)
  (1, 1, 1, 2, 0, 1, 1, 1, 1)
  (1, 1, 1, 2, 0, 2, 0, 1, 1)
  (0, 2, 1, 2, 0, 2, 0, 1, 1)
  (0, 4, 1, 0, 0, 2, 0, 1, 1)
  (0, 4, 1, 0, 0, 2, 0, 2, 0)
  (0, 5, 0, 0, 0, 2, 0, 2, 0)
  (0, 5, 0, 0, 0, 0, 0, 4, 0)

Path 760 (7 moves):
  (1, 1, 1, 1, 1, 1, 1, 1, 1)
  (1, 1, 1, 2, 0, 1, 1, 1, 1)
  (1, 1, 1, 2, 0, 2, 0, 1, 1)
  (0, 2, 1, 2, 0, 2, 0, 1, 1)
  (0, 4, 1, 0, 0, 2, 0, 1, 1)
  (0, 4, 1, 0, 0, 2, 0, 2, 0)
  (0, 4, 1, 0, 0, 0, 0, 4, 0)
  (0, 5, 0, 0, 0, 0, 0, 4, 0)

Path 761 (7 moves):
  (1, 1, 1, 1, 1, 1, 1, 1, 1)
  (1, 1, 1, 2, 0, 1, 1, 1, 1)
  (1, 1, 1, 2, 0, 2, 0, 1, 1)
  (0, 2, 1, 2, 0, 2, 0, 1, 1)
  (0, 4, 1, 0, 0, 2, 0, 1, 1)
  (0, 4, 1, 0, 0, 2, 0, 2, 0)
  (0, 4, 1, 0, 0, 4, 0, 0, 0)
  (0, 0, 1, 0, 0, 8, 0, 0, 0)

Path 762 (7 moves):
  (1, 1, 1, 1, 1, 1, 1, 1, 1)
  (1, 1, 1, 2, 0, 1, 1, 1, 1)
  (1, 1, 1, 2, 0, 2, 0, 1, 1)
  (0, 2, 1, 2, 0, 2, 0, 1, 1)
  (0, 2, 1, 0, 0, 4, 0, 1, 1)
  (0, 2, 1, 0, 0, 4, 0, 2, 0)
  (0, 3, 0, 0, 0, 4, 0, 2, 0)
  (0, 7, 0, 0, 0, 0, 0, 2, 0)

Path 763 (7 moves):
  (1, 1, 1, 1, 1, 1, 1, 1, 1)
  (1, 1, 1, 2, 0, 1, 1, 1, 1)
  (1, 1, 1, 2, 0, 2, 0, 1, 1)
  (0, 2, 1, 2, 0, 2, 0, 1, 1)
  (0, 2, 1, 0, 0, 4, 0, 1, 1)
  (0, 2, 1, 0, 0, 4, 0, 2, 0)
  (0, 3, 0, 0, 0, 4, 0, 2, 0)
  (0, 3, 0, 0, 0, 6, 0, 0, 0)

Path 764 (7 moves):
  (1, 1, 1, 1, 1, 1, 1, 1, 1)
  (1, 1, 1, 2, 0, 1, 1, 1, 1)
  (1, 1, 1, 2, 0, 2, 0, 1, 1)
  (0, 2, 1, 2, 0, 2, 0, 1, 1)
  (0, 2, 1, 0, 0, 4, 0, 1, 1)
  (0, 2, 1, 0, 0, 4, 0, 2, 0)
  (0, 6, 1, 0, 0, 0, 0, 2, 0)
  (0, 0, 1, 0, 0, 0, 0, 8, 0)

Path 765 (7 moves):
  (1, 1, 1, 1, 1, 1, 1, 1, 1)
  (1, 1, 1, 2, 0, 1, 1, 1, 1)
  (1, 1, 1, 2, 0, 2, 0, 1, 1)
  (0, 2, 1, 2, 0, 2, 0, 1, 1)
  (0, 2, 1, 0, 0, 4, 0, 1, 1)
  (0, 2, 1, 0, 0, 4, 0, 2, 0)
  (0, 6, 1, 0, 0, 0, 0, 2, 0)
  (0, 7, 0, 0, 0, 0, 0, 2, 0)

Path 766 (7 moves):
  (1, 1, 1, 1, 1, 1, 1, 1, 1)
  (1, 1, 1, 2, 0, 1, 1, 1, 1)
  (1, 1, 1, 2, 0, 2, 0, 1, 1)
  (0, 2, 1, 2, 0, 2, 0, 1, 1)
  (0, 2, 1, 0, 0, 4, 0, 1, 1)
  (0, 2, 1, 0, 0, 4, 0, 2, 0)
  (0, 2, 1, 0, 0, 6, 0, 0, 0)
  (0, 3, 0, 0, 0, 6, 0, 0, 0)

Path 767 (7 moves):
  (1, 1, 1, 1, 1, 1, 1, 1, 1)
  (1, 1, 1, 2, 0, 1, 1, 1, 1)
  (1, 1, 1, 2, 0, 2, 0, 1, 1)
  (0, 2, 1, 2, 0, 2, 0, 1, 1)
  (0, 2, 1, 4, 0, 0, 0, 1, 1)
  (0, 0, 1, 6, 0, 0, 0, 1, 1)
  (0, 0, 0, 7, 0, 0, 0, 1, 1)
  (0, 0, 0, 7, 0, 0, 0, 0, 2)

Path 768 (7 moves):
  (1, 1, 1, 1, 1, 1, 1, 1, 1)
  (1, 1, 1, 2, 0, 1, 1, 1, 1)
  (1, 1, 1, 2, 0, 2, 0, 1, 1)
  (0, 2, 1, 2, 0, 2, 0, 1, 1)
  (0, 2, 1, 4, 0, 0, 0, 1, 1)
  (0, 0, 1, 6, 0, 0, 0, 1, 1)
  (0, 0, 0, 7, 0, 0, 0, 1, 1)
  (0, 0, 0, 7, 0, 0, 0, 2, 0)

Path 769 (7 moves):
  (1, 1, 1, 1, 1, 1, 1, 1, 1)
  (1, 1, 1, 2, 0, 1, 1, 1, 1)
  (1, 1, 1, 2, 0, 2, 0, 1, 1)
  (0, 2, 1, 2, 0, 2, 0, 1, 1)
  (0, 2, 1, 4, 0, 0, 0, 1, 1)
  (0, 0, 1, 6, 0, 0, 0, 1, 1)
  (0, 0, 1, 6, 0, 0, 0, 0, 2)
  (0, 0, 0, 7, 0, 0, 0, 0, 2)

Path 770 (7 moves):
  (1, 1, 1, 1, 1, 1, 1, 1, 1)
  (1, 1, 1, 2, 0, 1, 1, 1, 1)
  (1, 1, 1, 2, 0, 2, 0, 1, 1)
  (0, 2, 1, 2, 0, 2, 0, 1, 1)
  (0, 2, 1, 4, 0, 0, 0, 1, 1)
  (0, 0, 1, 6, 0, 0, 0, 1, 1)
  (0, 0, 1, 6, 0, 0, 0, 2, 0)
  (0, 0, 0, 7, 0, 0, 0, 2, 0)

Path 771 (7 moves):
  (1, 1, 1, 1, 1, 1, 1, 1, 1)
  (1, 1, 1, 2, 0, 1, 1, 1, 1)
  (1, 1, 1, 2, 0, 2, 0, 1, 1)
  (0, 2, 1, 2, 0, 2, 0, 1, 1)
  (0, 2, 1, 2, 0, 0, 0, 3, 1)
  (0, 0, 1, 4, 0, 0, 0, 3, 1)
  (0, 0, 0, 5, 0, 0, 0, 3, 1)
  (0, 0, 0, 0, 0, 0, 0, 3, 6)

Path 772 (7 moves):
  (1, 1, 1, 1, 1, 1, 1, 1, 1)
  (1, 1, 1, 2, 0, 1, 1, 1, 1)
  (1, 1, 1, 2, 0, 2, 0, 1, 1)
  (0, 2, 1, 2, 0, 2, 0, 1, 1)
  (0, 2, 1, 2, 0, 0, 0, 3, 1)
  (0, 0, 1, 4, 0, 0, 0, 3, 1)
  (0, 0, 1, 0, 0, 0, 0, 7, 1)
  (0, 0, 1, 0, 0, 0, 0, 8, 0)

Path 773 (7 moves):
  (1, 1, 1, 1, 1, 1, 1, 1, 1)
  (1, 1, 1, 2, 0, 1, 1, 1, 1)
  (1, 1, 1, 2, 0, 2, 0, 1, 1)
  (0, 2, 1, 2, 0, 2, 0, 1, 1)
  (0, 2, 1, 2, 0, 0, 0, 3, 1)
  (0, 0, 1, 4, 0, 0, 0, 3, 1)
  (0, 0, 1, 4, 0, 0, 0, 4, 0)
  (0, 0, 1, 0, 0, 0, 0, 8, 0)

Path 774 (7 moves):
  (1, 1, 1, 1, 1, 1, 1, 1, 1)
  (1, 1, 1, 2, 0, 1, 1, 1, 1)
  (1, 1, 1, 2, 0, 2, 0, 1, 1)
  (0, 2, 1, 2, 0, 2, 0, 1, 1)
  (0, 2, 1, 2, 0, 0, 0, 3, 1)
  (0, 3, 0, 2, 0, 0, 0, 3, 1)
  (0, 5, 0, 0, 0, 0, 0, 3, 1)
  (0, 5, 0, 0, 0, 0, 0, 4, 0)

Path 775 (7 moves):
  (1, 1, 1, 1, 1, 1, 1, 1, 1)
  (1, 1, 1, 2, 0, 1, 1, 1, 1)
  (1, 1, 1, 2, 0, 2, 0, 1, 1)
  (0, 2, 1, 2, 0, 2, 0, 1, 1)
  (0, 2, 1, 2, 0, 0, 0, 3, 1)
  (0, 3, 0, 2, 0, 0, 0, 3, 1)
  (0, 3, 0, 2, 0, 0, 0, 4, 0)
  (0, 5, 0, 0, 0, 0, 0, 4, 0)

Path 776 (7 moves):
  (1, 1, 1, 1, 1, 1, 1, 1, 1)
  (1, 1, 1, 2, 0, 1, 1, 1, 1)
  (1, 1, 1, 2, 0, 2, 0, 1, 1)
  (0, 2, 1, 2, 0, 2, 0, 1, 1)
  (0, 2, 1, 2, 0, 0, 0, 3, 1)
  (0, 3, 0, 2, 0, 0, 0, 3, 1)
  (0, 3, 0, 2, 0, 0, 0, 4, 0)
  (0, 3, 0, 6, 0, 0, 0, 0, 0)

Path 777 (7 moves):
  (1, 1, 1, 1, 1, 1, 1, 1, 1)
  (1, 1, 1, 2, 0, 1, 1, 1, 1)
  (1, 1, 1, 2, 0, 2, 0, 1, 1)
  (0, 2, 1, 2, 0, 2, 0, 1, 1)
  (0, 2, 1, 2, 0, 0, 0, 3, 1)
  (0, 4, 1, 0, 0, 0, 0, 3, 1)
  (0, 5, 0, 0, 0, 0, 0, 3, 1)
  (0, 5, 0, 0, 0, 0, 0, 4, 0)

Path 778 (7 moves):
  (1, 1, 1, 1, 1, 1, 1, 1, 1)
  (1, 1, 1, 2, 0, 1, 1, 1, 1)
  (1, 1, 1, 2, 0, 2, 0, 1, 1)
  (0, 2, 1, 2, 0, 2, 0, 1, 1)
  (0, 2, 1, 2, 0, 0, 0, 3, 1)
  (0, 4, 1, 0, 0, 0, 0, 3, 1)
  (0, 4, 1, 0, 0, 0, 0, 4, 0)
  (0, 5, 0, 0, 0, 0, 0, 4, 0)

Path 779 (7 moves):
  (1, 1, 1, 1, 1, 1, 1, 1, 1)
  (1, 1, 1, 2, 0, 1, 1, 1, 1)
  (1, 1, 1, 2, 0, 2, 0, 1, 1)
  (0, 2, 1, 2, 0, 2, 0, 1, 1)
  (0, 2, 1, 2, 0, 2, 0, 0, 2)
  (0, 0, 1, 4, 0, 2, 0, 0, 2)
  (0, 0, 0, 5, 0, 2, 0, 0, 2)
  (0, 0, 0, 0, 0, 2, 0, 0, 7)

Path 780 (7 moves):
  (1, 1, 1, 1, 1, 1, 1, 1, 1)
  (1, 1, 1, 2, 0, 1, 1, 1, 1)
  (1, 1, 1, 2, 0, 2, 0, 1, 1)
  (0, 2, 1, 2, 0, 2, 0, 1, 1)
  (0, 2, 1, 2, 0, 2, 0, 0, 2)
  (0, 0, 1, 4, 0, 2, 0, 0, 2)
  (0, 0, 0, 5, 0, 2, 0, 0, 2)
  (0, 0, 0, 7, 0, 0, 0, 0, 2)

Path 781 (7 moves):
  (1, 1, 1, 1, 1, 1, 1, 1, 1)
  (1, 1, 1, 2, 0, 1, 1, 1, 1)
  (1, 1, 1, 2, 0, 2, 0, 1, 1)
  (0, 2, 1, 2, 0, 2, 0, 1, 1)
  (0, 2, 1, 2, 0, 2, 0, 0, 2)
  (0, 0, 1, 4, 0, 2, 0, 0, 2)
  (0, 0, 1, 6, 0, 0, 0, 0, 2)
  (0, 0, 0, 7, 0, 0, 0, 0, 2)

Path 782 (7 moves):
  (1, 1, 1, 1, 1, 1, 1, 1, 1)
  (1, 1, 1, 2, 0, 1, 1, 1, 1)
  (1, 1, 1, 2, 0, 2, 0, 1, 1)
  (0, 2, 1, 2, 0, 2, 0, 1, 1)
  (0, 2, 1, 2, 0, 2, 0, 0, 2)
  (0, 2, 0, 3, 0, 2, 0, 0, 2)
  (0, 0, 0, 5, 0, 2, 0, 0, 2)
  (0, 0, 0, 0, 0, 2, 0, 0, 7)

Path 783 (7 moves):
  (1, 1, 1, 1, 1, 1, 1, 1, 1)
  (1, 1, 1, 2, 0, 1, 1, 1, 1)
  (1, 1, 1, 2, 0, 2, 0, 1, 1)
  (0, 2, 1, 2, 0, 2, 0, 1, 1)
  (0, 2, 1, 2, 0, 2, 0, 0, 2)
  (0, 2, 0, 3, 0, 2, 0, 0, 2)
  (0, 0, 0, 5, 0, 2, 0, 0, 2)
  (0, 0, 0, 7, 0, 0, 0, 0, 2)

Path 784 (7 moves):
  (1, 1, 1, 1, 1, 1, 1, 1, 1)
  (1, 1, 1, 2, 0, 1, 1, 1, 1)
  (1, 1, 1, 2, 0, 2, 0, 1, 1)
  (0, 2, 1, 2, 0, 2, 0, 1, 1)
  (0, 2, 1, 2, 0, 2, 0, 0, 2)
  (0, 2, 0, 3, 0, 2, 0, 0, 2)
  (0, 2, 0, 5, 0, 0, 0, 0, 2)
  (0, 0, 0, 7, 0, 0, 0, 0, 2)

Path 785 (7 moves):
  (1, 1, 1, 1, 1, 1, 1, 1, 1)
  (1, 1, 1, 2, 0, 1, 1, 1, 1)
  (1, 1, 1, 2, 0, 2, 0, 1, 1)
  (0, 2, 1, 2, 0, 2, 0, 1, 1)
  (0, 2, 1, 2, 0, 2, 0, 2, 0)
  (0, 0, 1, 4, 0, 2, 0, 2, 0)
  (0, 0, 0, 5, 0, 2, 0, 2, 0)
  (0, 0, 0, 7, 0, 0, 0, 2, 0)

Path 786 (7 moves):
  (1, 1, 1, 1, 1, 1, 1, 1, 1)
  (1, 1, 1, 2, 0, 1, 1, 1, 1)
  (1, 1, 1, 2, 0, 2, 0, 1, 1)
  (0, 2, 1, 2, 0, 2, 0, 1, 1)
  (0, 2, 1, 2, 0, 2, 0, 2, 0)
  (0, 0, 1, 4, 0, 2, 0, 2, 0)
  (0, 0, 0, 5, 0, 2, 0, 2, 0)
  (0, 0, 0, 5, 0, 4, 0, 0, 0)

Path 787 (7 moves):
  (1, 1, 1, 1, 1, 1, 1, 1, 1)
  (1, 1, 1, 2, 0, 1, 1, 1, 1)
  (1, 1, 1, 2, 0, 2, 0, 1, 1)
  (0, 2, 1, 2, 0, 2, 0, 1, 1)
  (0, 2, 1, 2, 0, 2, 0, 2, 0)
  (0, 0, 1, 4, 0, 2, 0, 2, 0)
  (0, 0, 1, 0, 0, 2, 0, 6, 0)
  (0, 0, 1, 0, 0, 0, 0, 8, 0)

Path 788 (7 moves):
  (1, 1, 1, 1, 1, 1, 1, 1, 1)
  (1, 1, 1, 2, 0, 1, 1, 1, 1)
  (1, 1, 1, 2, 0, 2, 0, 1, 1)
  (0, 2, 1, 2, 0, 2, 0, 1, 1)
  (0, 2, 1, 2, 0, 2, 0, 2, 0)
  (0, 0, 1, 4, 0, 2, 0, 2, 0)
  (0, 0, 1, 6, 0, 0, 0, 2, 0)
  (0, 0, 0, 7, 0, 0, 0, 2, 0)

Path 789 (7 moves):
  (1, 1, 1, 1, 1, 1, 1, 1, 1)
  (1, 1, 1, 2, 0, 1, 1, 1, 1)
  (1, 1, 1, 2, 0, 2, 0, 1, 1)
  (0, 2, 1, 2, 0, 2, 0, 1, 1)
  (0, 2, 1, 2, 0, 2, 0, 2, 0)
  (0, 0, 1, 4, 0, 2, 0, 2, 0)
  (0, 0, 1, 4, 0, 0, 0, 4, 0)
  (0, 0, 1, 0, 0, 0, 0, 8, 0)

Path 790 (7 moves):
  (1, 1, 1, 1, 1, 1, 1, 1, 1)
  (1, 1, 1, 2, 0, 1, 1, 1, 1)
  (1, 1, 1, 2, 0, 2, 0, 1, 1)
  (0, 2, 1, 2, 0, 2, 0, 1, 1)
  (0, 2, 1, 2, 0, 2, 0, 2, 0)
  (0, 0, 1, 4, 0, 2, 0, 2, 0)
  (0, 0, 1, 4, 0, 4, 0, 0, 0)
  (0, 0, 0, 5, 0, 4, 0, 0, 0)

Path 791 (7 moves):
  (1, 1, 1, 1, 1, 1, 1, 1, 1)
  (1, 1, 1, 2, 0, 1, 1, 1, 1)
  (1, 1, 1, 2, 0, 2, 0, 1, 1)
  (0, 2, 1, 2, 0, 2, 0, 1, 1)
  (0, 2, 1, 2, 0, 2, 0, 2, 0)
  (0, 4, 1, 0, 0, 2, 0, 2, 0)
  (0, 0, 1, 0, 0, 6, 0, 2, 0)
  (0, 0, 1, 0, 0, 8, 0, 0, 0)

Path 792 (7 moves):
  (1, 1, 1, 1, 1, 1, 1, 1, 1)
  (1, 1, 1, 2, 0, 1, 1, 1, 1)
  (1, 1, 1, 2, 0, 2, 0, 1, 1)
  (0, 2, 1, 2, 0, 2, 0, 1, 1)
  (0, 2, 1, 2, 0, 2, 0, 2, 0)
  (0, 4, 1, 0, 0, 2, 0, 2, 0)
  (0, 5, 0, 0, 0, 2, 0, 2, 0)
  (0, 5, 0, 0, 0, 0, 0, 4, 0)

Path 793 (7 moves):
  (1, 1, 1, 1, 1, 1, 1, 1, 1)
  (1, 1, 1, 2, 0, 1, 1, 1, 1)
  (1, 1, 1, 2, 0, 2, 0, 1, 1)
  (0, 2, 1, 2, 0, 2, 0, 1, 1)
  (0, 2, 1, 2, 0, 2, 0, 2, 0)
  (0, 4, 1, 0, 0, 2, 0, 2, 0)
  (0, 4, 1, 0, 0, 0, 0, 4, 0)
  (0, 5, 0, 0, 0, 0, 0, 4, 0)

Path 794 (7 moves):
  (1, 1, 1, 1, 1, 1, 1, 1, 1)
  (1, 1, 1, 2, 0, 1, 1, 1, 1)
  (1, 1, 1, 2, 0, 2, 0, 1, 1)
  (0, 2, 1, 2, 0, 2, 0, 1, 1)
  (0, 2, 1, 2, 0, 2, 0, 2, 0)
  (0, 4, 1, 0, 0, 2, 0, 2, 0)
  (0, 4, 1, 0, 0, 4, 0, 0, 0)
  (0, 0, 1, 0, 0, 8, 0, 0, 0)

Path 795 (7 moves):
  (1, 1, 1, 1, 1, 1, 1, 1, 1)
  (1, 1, 1, 2, 0, 1, 1, 1, 1)
  (1, 1, 1, 2, 0, 2, 0, 1, 1)
  (0, 2, 1, 2, 0, 2, 0, 1, 1)
  (0, 2, 1, 2, 0, 2, 0, 2, 0)
  (0, 2, 1, 0, 0, 4, 0, 2, 0)
  (0, 3, 0, 0, 0, 4, 0, 2, 0)
  (0, 7, 0, 0, 0, 0, 0, 2, 0)

Path 796 (7 moves):
  (1, 1, 1, 1, 1, 1, 1, 1, 1)
  (1, 1, 1, 2, 0, 1, 1, 1, 1)
  (1, 1, 1, 2, 0, 2, 0, 1, 1)
  (0, 2, 1, 2, 0, 2, 0, 1, 1)
  (0, 2, 1, 2, 0, 2, 0, 2, 0)
  (0, 2, 1, 0, 0, 4, 0, 2, 0)
  (0, 3, 0, 0, 0, 4, 0, 2, 0)
  (0, 3, 0, 0, 0, 6, 0, 0, 0)

Path 797 (7 moves):
  (1, 1, 1, 1, 1, 1, 1, 1, 1)
  (1, 1, 1, 2, 0, 1, 1, 1, 1)
  (1, 1, 1, 2, 0, 2, 0, 1, 1)
  (0, 2, 1, 2, 0, 2, 0, 1, 1)
  (0, 2, 1, 2, 0, 2, 0, 2, 0)
  (0, 2, 1, 0, 0, 4, 0, 2, 0)
  (0, 6, 1, 0, 0, 0, 0, 2, 0)
  (0, 0, 1, 0, 0, 0, 0, 8, 0)

Path 798 (7 moves):
  (1, 1, 1, 1, 1, 1, 1, 1, 1)
  (1, 1, 1, 2, 0, 1, 1, 1, 1)
  (1, 1, 1, 2, 0, 2, 0, 1, 1)
  (0, 2, 1, 2, 0, 2, 0, 1, 1)
  (0, 2, 1, 2, 0, 2, 0, 2, 0)
  (0, 2, 1, 0, 0, 4, 0, 2, 0)
  (0, 6, 1, 0, 0, 0, 0, 2, 0)
  (0, 7, 0, 0, 0, 0, 0, 2, 0)

Path 799 (7 moves):
  (1, 1, 1, 1, 1, 1, 1, 1, 1)
  (1, 1, 1, 2, 0, 1, 1, 1, 1)
  (1, 1, 1, 2, 0, 2, 0, 1, 1)
  (0, 2, 1, 2, 0, 2, 0, 1, 1)
  (0, 2, 1, 2, 0, 2, 0, 2, 0)
  (0, 2, 1, 0, 0, 4, 0, 2, 0)
  (0, 2, 1, 0, 0, 6, 0, 0, 0)
  (0, 3, 0, 0, 0, 6, 0, 0, 0)

Path 800 (7 moves):
  (1, 1, 1, 1, 1, 1, 1, 1, 1)
  (1, 1, 1, 2, 0, 1, 1, 1, 1)
  (1, 1, 1, 2, 0, 2, 0, 1, 1)
  (0, 2, 1, 2, 0, 2, 0, 1, 1)
  (0, 2, 1, 2, 0, 2, 0, 2, 0)
  (0, 2, 1, 2, 0, 4, 0, 0, 0)
  (0, 0, 1, 4, 0, 4, 0, 0, 0)
  (0, 0, 0, 5, 0, 4, 0, 0, 0)

Path 801 (7 moves):
  (1, 1, 1, 1, 1, 1, 1, 1, 1)
  (1, 1, 1, 2, 0, 1, 1, 1, 1)
  (1, 1, 1, 2, 0, 2, 0, 1, 1)
  (0, 2, 1, 2, 0, 2, 0, 1, 1)
  (0, 2, 1, 2, 0, 2, 0, 2, 0)
  (0, 2, 1, 2, 0, 4, 0, 0, 0)
  (0, 3, 0, 2, 0, 4, 0, 0, 0)
  (0, 3, 0, 0, 0, 6, 0, 0, 0)

Path 802 (7 moves):
  (1, 1, 1, 1, 1, 1, 1, 1, 1)
  (1, 1, 1, 2, 0, 1, 1, 1, 1)
  (1, 1, 1, 2, 0, 2, 0, 1, 1)
  (0, 2, 1, 2, 0, 2, 0, 1, 1)
  (0, 2, 1, 2, 0, 2, 0, 2, 0)
  (0, 2, 1, 2, 0, 4, 0, 0, 0)
  (0, 2, 0, 3, 0, 4, 0, 0, 0)
  (0, 0, 0, 5, 0, 4, 0, 0, 0)

Path 803 (7 moves):
  (1, 1, 1, 1, 1, 1, 1, 1, 1)
  (1, 1, 1, 2, 0, 1, 1, 1, 1)
  (1, 1, 1, 2, 0, 2, 0, 1, 1)
  (0, 2, 1, 2, 0, 2, 0, 1, 1)
  (0, 2, 1, 2, 0, 2, 0, 2, 0)
  (0, 2, 1, 2, 0, 4, 0, 0, 0)
  (0, 2, 0, 3, 0, 4, 0, 0, 0)
  (0, 6, 0, 3, 0, 0, 0, 0, 0)

Path 804 (7 moves):
  (1, 1, 1, 1, 1, 1, 1, 1, 1)
  (1, 1, 1, 2, 0, 1, 1, 1, 1)
  (1, 1, 1, 2, 0, 2, 0, 1, 1)
  (0, 2, 1, 2, 0, 2, 0, 1, 1)
  (0, 2, 1, 2, 0, 2, 0, 2, 0)
  (0, 2, 1, 2, 0, 4, 0, 0, 0)
  (0, 4, 1, 0, 0, 4, 0, 0, 0)
  (0, 0, 1, 0, 0, 8, 0, 0, 0)

Path 805 (7 moves):
  (1, 1, 1, 1, 1, 1, 1, 1, 1)
  (1, 1, 1, 2, 0, 1, 1, 1, 1)
  (1, 1, 1, 2, 0, 2, 0, 1, 1)
  (0, 2, 1, 2, 0, 2, 0, 1, 1)
  (0, 2, 1, 2, 0, 2, 0, 2, 0)
  (0, 2, 1, 2, 0, 4, 0, 0, 0)
  (0, 2, 1, 0, 0, 6, 0, 0, 0)
  (0, 3, 0, 0, 0, 6, 0, 0, 0)

Path 806 (7 moves):
  (1, 1, 1, 1, 1, 1, 1, 1, 1)
  (1, 1, 1, 2, 0, 1, 1, 1, 1)
  (1, 1, 1, 2, 0, 2, 0, 1, 1)
  (0, 2, 1, 2, 0, 2, 0, 1, 1)
  (0, 2, 1, 2, 0, 2, 0, 2, 0)
  (0, 2, 1, 2, 0, 4, 0, 0, 0)
  (0, 6, 1, 2, 0, 0, 0, 0, 0)
  (0, 6, 0, 3, 0, 0, 0, 0, 0)

Path 807 (7 moves):
  (1, 1, 1, 1, 1, 1, 1, 1, 1)
  (1, 1, 1, 2, 0, 1, 1, 1, 1)
  (1, 1, 1, 2, 0, 2, 0, 1, 1)
  (2, 0, 1, 2, 0, 2, 0, 1, 1)
  (0, 0, 3, 2, 0, 2, 0, 1, 1)
  (0, 0, 3, 2, 0, 0, 0, 3, 1)
  (0, 0, 3, 2, 0, 0, 0, 4, 0)
  (0, 0, 3, 6, 0, 0, 0, 0, 0)

Path 808 (7 moves):
  (1, 1, 1, 1, 1, 1, 1, 1, 1)
  (1, 1, 1, 2, 0, 1, 1, 1, 1)
  (1, 1, 1, 2, 0, 2, 0, 1, 1)
  (2, 0, 1, 2, 0, 2, 0, 1, 1)
  (2, 0, 0, 3, 0, 2, 0, 1, 1)
  (5, 0, 0, 0, 0, 2, 0, 1, 1)
  (0, 0, 0, 0, 0, 7, 0, 1, 1)
  (0, 0, 0, 0, 0, 7, 0, 0, 2)

Path 809 (7 moves):
  (1, 1, 1, 1, 1, 1, 1, 1, 1)
  (1, 1, 1, 2, 0, 1, 1, 1, 1)
  (1, 1, 1, 2, 0, 2, 0, 1, 1)
  (2, 0, 1, 2, 0, 2, 0, 1, 1)
  (2, 0, 0, 3, 0, 2, 0, 1, 1)
  (5, 0, 0, 0, 0, 2, 0, 1, 1)
  (5, 0, 0, 0, 0, 0, 0, 3, 1)
  (5, 0, 0, 0, 0, 0, 0, 4, 0)

Path 810 (7 moves):
  (1, 1, 1, 1, 1, 1, 1, 1, 1)
  (1, 1, 1, 2, 0, 1, 1, 1, 1)
  (1, 1, 1, 2, 0, 2, 0, 1, 1)
  (2, 0, 1, 2, 0, 2, 0, 1, 1)
  (2, 0, 0, 3, 0, 2, 0, 1, 1)
  (5, 0, 0, 0, 0, 2, 0, 1, 1)
  (5, 0, 0, 0, 0, 2, 0, 0, 2)
  (0, 0, 0, 0, 0, 7, 0, 0, 2)

Path 811 (7 moves):
  (1, 1, 1, 1, 1, 1, 1, 1, 1)
  (1, 1, 1, 2, 0, 1, 1, 1, 1)
  (1, 1, 1, 2, 0, 2, 0, 1, 1)
  (2, 0, 1, 2, 0, 2, 0, 1, 1)
  (2, 0, 0, 3, 0, 2, 0, 1, 1)
  (5, 0, 0, 0, 0, 2, 0, 1, 1)
  (5, 0, 0, 0, 0, 2, 0, 2, 0)
  (5, 0, 0, 0, 0, 0, 0, 4, 0)

Path 812 (7 moves):
  (1, 1, 1, 1, 1, 1, 1, 1, 1)
  (1, 1, 1, 2, 0, 1, 1, 1, 1)
  (1, 1, 1, 2, 0, 2, 0, 1, 1)
  (2, 0, 1, 2, 0, 2, 0, 1, 1)
  (2, 0, 0, 3, 0, 2, 0, 1, 1)
  (2, 0, 0, 3, 0, 0, 0, 3, 1)
  (5, 0, 0, 0, 0, 0, 0, 3, 1)
  (5, 0, 0, 0, 0, 0, 0, 4, 0)

Path 813 (7 moves):
  (1, 1, 1, 1, 1, 1, 1, 1, 1)
  (1, 1, 1, 2, 0, 1, 1, 1, 1)
  (1, 1, 1, 2, 0, 2, 0, 1, 1)
  (2, 0, 1, 2, 0, 2, 0, 1, 1)
  (2, 0, 0, 3, 0, 2, 0, 1, 1)
  (2, 0, 0, 3, 0, 0, 0, 3, 1)
  (2, 0, 0, 3, 0, 0, 0, 4, 0)
  (5, 0, 0, 0, 0, 0, 0, 4, 0)

Path 814 (7 moves):
  (1, 1, 1, 1, 1, 1, 1, 1, 1)
  (1, 1, 1, 2, 0, 1, 1, 1, 1)
  (1, 1, 1, 2, 0, 2, 0, 1, 1)
  (2, 0, 1, 2, 0, 2, 0, 1, 1)
  (2, 0, 0, 3, 0, 2, 0, 1, 1)
  (2, 0, 0, 3, 0, 0, 0, 3, 1)
  (2, 0, 0, 3, 0, 0, 0, 4, 0)
  (2, 0, 0, 7, 0, 0, 0, 0, 0)

Path 815 (7 moves):
  (1, 1, 1, 1, 1, 1, 1, 1, 1)
  (1, 1, 1, 2, 0, 1, 1, 1, 1)
  (1, 1, 1, 2, 0, 2, 0, 1, 1)
  (2, 0, 1, 2, 0, 2, 0, 1, 1)
  (2, 0, 0, 3, 0, 2, 0, 1, 1)
  (2, 0, 0, 3, 0, 2, 0, 0, 2)
  (5, 0, 0, 0, 0, 2, 0, 0, 2)
  (0, 0, 0, 0, 0, 7, 0, 0, 2)

Path 816 (7 moves):
  (1, 1, 1, 1, 1, 1, 1, 1, 1)
  (1, 1, 1, 2, 0, 1, 1, 1, 1)
  (1, 1, 1, 2, 0, 2, 0, 1, 1)
  (2, 0, 1, 2, 0, 2, 0, 1, 1)
  (2, 0, 0, 3, 0, 2, 0, 1, 1)
  (2, 0, 0, 3, 0, 2, 0, 0, 2)
  (2, 0, 0, 5, 0, 0, 0, 0, 2)
  (2, 0, 0, 0, 0, 0, 0, 0, 7)

Path 817 (7 moves):
  (1, 1, 1, 1, 1, 1, 1, 1, 1)
  (1, 1, 1, 2, 0, 1, 1, 1, 1)
  (1, 1, 1, 2, 0, 2, 0, 1, 1)
  (2, 0, 1, 2, 0, 2, 0, 1, 1)
  (2, 0, 1, 0, 0, 4, 0, 1, 1)
  (2, 0, 1, 0, 0, 4, 0, 0, 2)
  (0, 0, 3, 0, 0, 4, 0, 0, 2)
  (0, 0, 0, 0, 0, 7, 0, 0, 2)

Path 818 (7 moves):
  (1, 1, 1, 1, 1, 1, 1, 1, 1)
  (1, 1, 1, 2, 0, 1, 1, 1, 1)
  (1, 1, 1, 2, 0, 2, 0, 1, 1)
  (2, 0, 1, 2, 0, 2, 0, 1, 1)
  (2, 0, 1, 4, 0, 0, 0, 1, 1)
  (2, 0, 1, 0, 0, 0, 0, 5, 1)
  (0, 0, 3, 0, 0, 0, 0, 5, 1)
  (0, 0, 8, 0, 0, 0, 0, 0, 1)

Path 819 (7 moves):
  (1, 1, 1, 1, 1, 1, 1, 1, 1)
  (1, 1, 1, 2, 0, 1, 1, 1, 1)
  (1, 1, 1, 2, 0, 2, 0, 1, 1)
  (2, 0, 1, 2, 0, 2, 0, 1, 1)
  (2, 0, 1, 4, 0, 0, 0, 1, 1)
  (2, 0, 1, 0, 0, 0, 0, 5, 1)
  (0, 0, 3, 0, 0, 0, 0, 5, 1)
  (0, 0, 3, 0, 0, 0, 0, 6, 0)

Path 820 (7 moves):
  (1, 1, 1, 1, 1, 1, 1, 1, 1)
  (1, 1, 1, 2, 0, 1, 1, 1, 1)
  (1, 1, 1, 2, 0, 2, 0, 1, 1)
  (2, 0, 1, 2, 0, 2, 0, 1, 1)
  (2, 0, 1, 4, 0, 0, 0, 1, 1)
  (2, 0, 1, 0, 0, 0, 0, 5, 1)
  (2, 0, 6, 0, 0, 0, 0, 0, 1)
  (0, 0, 8, 0, 0, 0, 0, 0, 1)

Path 821 (7 moves):
  (1, 1, 1, 1, 1, 1, 1, 1, 1)
  (1, 1, 1, 2, 0, 1, 1, 1, 1)
  (1, 1, 1, 2, 0, 2, 0, 1, 1)
  (2, 0, 1, 2, 0, 2, 0, 1, 1)
  (2, 0, 1, 4, 0, 0, 0, 1, 1)
  (2, 0, 1, 0, 0, 0, 0, 5, 1)
  (2, 0, 6, 0, 0, 0, 0, 0, 1)
  (2, 0, 0, 0, 0, 0, 0, 0, 7)

Path 822 (7 moves):
  (1, 1, 1, 1, 1, 1, 1, 1, 1)
  (1, 1, 1, 2, 0, 1, 1, 1, 1)
  (1, 1, 1, 2, 0, 2, 0, 1, 1)
  (2, 0, 1, 2, 0, 2, 0, 1, 1)
  (2, 0, 1, 4, 0, 0, 0, 1, 1)
  (2, 0, 1, 0, 0, 0, 0, 5, 1)
  (2, 0, 1, 0, 0, 0, 0, 6, 0)
  (0, 0, 3, 0, 0, 0, 0, 6, 0)

Path 823 (7 moves):
  (1, 1, 1, 1, 1, 1, 1, 1, 1)
  (1, 1, 1, 2, 0, 1, 1, 1, 1)
  (1, 1, 1, 2, 0, 2, 0, 1, 1)
  (2, 0, 1, 2, 0, 2, 0, 1, 1)
  (2, 0, 1, 2, 0, 0, 0, 3, 1)
  (0, 0, 3, 2, 0, 0, 0, 3, 1)
  (0, 0, 3, 2, 0, 0, 0, 4, 0)
  (0, 0, 3, 6, 0, 0, 0, 0, 0)

Path 824 (7 moves):
  (1, 1, 1, 1, 1, 1, 1, 1, 1)
  (1, 1, 1, 2, 0, 1, 1, 1, 1)
  (1, 1, 1, 2, 0, 2, 0, 1, 1)
  (2, 0, 1, 2, 0, 2, 0, 1, 1)
  (2, 0, 1, 2, 0, 0, 0, 3, 1)
  (2, 0, 0, 3, 0, 0, 0, 3, 1)
  (5, 0, 0, 0, 0, 0, 0, 3, 1)
  (5, 0, 0, 0, 0, 0, 0, 4, 0)

Path 825 (7 moves):
  (1, 1, 1, 1, 1, 1, 1, 1, 1)
  (1, 1, 1, 2, 0, 1, 1, 1, 1)
  (1, 1, 1, 2, 0, 2, 0, 1, 1)
  (2, 0, 1, 2, 0, 2, 0, 1, 1)
  (2, 0, 1, 2, 0, 0, 0, 3, 1)
  (2, 0, 0, 3, 0, 0, 0, 3, 1)
  (2, 0, 0, 3, 0, 0, 0, 4, 0)
  (5, 0, 0, 0, 0, 0, 0, 4, 0)

Path 826 (7 moves):
  (1, 1, 1, 1, 1, 1, 1, 1, 1)
  (1, 1, 1, 2, 0, 1, 1, 1, 1)
  (1, 1, 1, 2, 0, 2, 0, 1, 1)
  (2, 0, 1, 2, 0, 2, 0, 1, 1)
  (2, 0, 1, 2, 0, 0, 0, 3, 1)
  (2, 0, 0, 3, 0, 0, 0, 3, 1)
  (2, 0, 0, 3, 0, 0, 0, 4, 0)
  (2, 0, 0, 7, 0, 0, 0, 0, 0)

Path 827 (7 moves):
  (1, 1, 1, 1, 1, 1, 1, 1, 1)
  (1, 1, 1, 2, 0, 1, 1, 1, 1)
  (1, 1, 1, 2, 0, 2, 0, 1, 1)
  (2, 0, 1, 2, 0, 2, 0, 1, 1)
  (2, 0, 1, 2, 0, 0, 0, 3, 1)
  (2, 0, 1, 2, 0, 0, 0, 4, 0)
  (0, 0, 3, 2, 0, 0, 0, 4, 0)
  (0, 0, 3, 6, 0, 0, 0, 0, 0)

Path 828 (7 moves):
  (1, 1, 1, 1, 1, 1, 1, 1, 1)
  (1, 1, 1, 2, 0, 1, 1, 1, 1)
  (1, 1, 1, 2, 0, 2, 0, 1, 1)
  (2, 0, 1, 2, 0, 2, 0, 1, 1)
  (2, 0, 1, 2, 0, 0, 0, 3, 1)
  (2, 0, 1, 2, 0, 0, 0, 4, 0)
  (2, 0, 0, 3, 0, 0, 0, 4, 0)
  (5, 0, 0, 0, 0, 0, 0, 4, 0)

Path 829 (7 moves):
  (1, 1, 1, 1, 1, 1, 1, 1, 1)
  (1, 1, 1, 2, 0, 1, 1, 1, 1)
  (1, 1, 1, 2, 0, 2, 0, 1, 1)
  (2, 0, 1, 2, 0, 2, 0, 1, 1)
  (2, 0, 1, 2, 0, 0, 0, 3, 1)
  (2, 0, 1, 2, 0, 0, 0, 4, 0)
  (2, 0, 0, 3, 0, 0, 0, 4, 0)
  (2, 0, 0, 7, 0, 0, 0, 0, 0)

Path 830 (7 moves):
  (1, 1, 1, 1, 1, 1, 1, 1, 1)
  (1, 1, 1, 2, 0, 1, 1, 1, 1)
  (1, 1, 1, 2, 0, 2, 0, 1, 1)
  (2, 0, 1, 2, 0, 2, 0, 1, 1)
  (2, 0, 1, 2, 0, 0, 0, 3, 1)
  (2, 0, 1, 2, 0, 0, 0, 4, 0)
  (2, 0, 1, 6, 0, 0, 0, 0, 0)
  (0, 0, 3, 6, 0, 0, 0, 0, 0)

Path 831 (7 moves):
  (1, 1, 1, 1, 1, 1, 1, 1, 1)
  (1, 1, 1, 2, 0, 1, 1, 1, 1)
  (1, 1, 1, 2, 0, 2, 0, 1, 1)
  (2, 0, 1, 2, 0, 2, 0, 1, 1)
  (2, 0, 1, 2, 0, 0, 0, 3, 1)
  (2, 0, 1, 2, 0, 0, 0, 4, 0)
  (2, 0, 1, 6, 0, 0, 0, 0, 0)
  (2, 0, 0, 7, 0, 0, 0, 0, 0)

Path 832 (7 moves):
  (1, 1, 1, 1, 1, 1, 1, 1, 1)
  (1, 1, 1, 2, 0, 1, 1, 1, 1)
  (1, 1, 1, 2, 0, 2, 0, 1, 1)
  (2, 0, 1, 2, 0, 2, 0, 1, 1)
  (2, 0, 1, 2, 0, 2, 0, 0, 2)
  (2, 0, 0, 3, 0, 2, 0, 0, 2)
  (5, 0, 0, 0, 0, 2, 0, 0, 2)
  (0, 0, 0, 0, 0, 7, 0, 0, 2)

Path 833 (7 moves):
  (1, 1, 1, 1, 1, 1, 1, 1, 1)
  (1, 1, 1, 2, 0, 1, 1, 1, 1)
  (1, 1, 1, 2, 0, 2, 0, 1, 1)
  (2, 0, 1, 2, 0, 2, 0, 1, 1)
  (2, 0, 1, 2, 0, 2, 0, 0, 2)
  (2, 0, 0, 3, 0, 2, 0, 0, 2)
  (2, 0, 0, 5, 0, 0, 0, 0, 2)
  (2, 0, 0, 0, 0, 0, 0, 0, 7)

Path 834 (7 moves):
  (1, 1, 1, 1, 1, 1, 1, 1, 1)
  (1, 1, 1, 2, 0, 1, 1, 1, 1)
  (1, 1, 1, 2, 0, 2, 0, 1, 1)
  (2, 0, 1, 2, 0, 2, 0, 1, 1)
  (2, 0, 1, 2, 0, 2, 0, 0, 2)
  (2, 0, 1, 0, 0, 4, 0, 0, 2)
  (0, 0, 3, 0, 0, 4, 0, 0, 2)
  (0, 0, 0, 0, 0, 7, 0, 0, 2)

Path 835 (7 moves):
  (1, 1, 1, 1, 1, 1, 1, 1, 1)
  (1, 1, 1, 2, 0, 1, 1, 1, 1)
  (1, 1, 1, 2, 0, 2, 0, 1, 1)
  (2, 0, 1, 2, 0, 2, 0, 1, 1)
  (2, 0, 1, 2, 0, 2, 0, 2, 0)
  (2, 0, 1, 2, 0, 0, 0, 4, 0)
  (0, 0, 3, 2, 0, 0, 0, 4, 0)
  (0, 0, 3, 6, 0, 0, 0, 0, 0)

Path 836 (7 moves):
  (1, 1, 1, 1, 1, 1, 1, 1, 1)
  (1, 1, 1, 2, 0, 1, 1, 1, 1)
  (1, 1, 1, 2, 0, 2, 0, 1, 1)
  (2, 0, 1, 2, 0, 2, 0, 1, 1)
  (2, 0, 1, 2, 0, 2, 0, 2, 0)
  (2, 0, 1, 2, 0, 0, 0, 4, 0)
  (2, 0, 0, 3, 0, 0, 0, 4, 0)
  (5, 0, 0, 0, 0, 0, 0, 4, 0)

Path 837 (7 moves):
  (1, 1, 1, 1, 1, 1, 1, 1, 1)
  (1, 1, 1, 2, 0, 1, 1, 1, 1)
  (1, 1, 1, 2, 0, 2, 0, 1, 1)
  (2, 0, 1, 2, 0, 2, 0, 1, 1)
  (2, 0, 1, 2, 0, 2, 0, 2, 0)
  (2, 0, 1, 2, 0, 0, 0, 4, 0)
  (2, 0, 0, 3, 0, 0, 0, 4, 0)
  (2, 0, 0, 7, 0, 0, 0, 0, 0)

Path 838 (7 moves):
  (1, 1, 1, 1, 1, 1, 1, 1, 1)
  (1, 1, 1, 2, 0, 1, 1, 1, 1)
  (1, 1, 1, 2, 0, 2, 0, 1, 1)
  (2, 0, 1, 2, 0, 2, 0, 1, 1)
  (2, 0, 1, 2, 0, 2, 0, 2, 0)
  (2, 0, 1, 2, 0, 0, 0, 4, 0)
  (2, 0, 1, 6, 0, 0, 0, 0, 0)
  (0, 0, 3, 6, 0, 0, 0, 0, 0)

Path 839 (7 moves):
  (1, 1, 1, 1, 1, 1, 1, 1, 1)
  (1, 1, 1, 2, 0, 1, 1, 1, 1)
  (1, 1, 1, 2, 0, 2, 0, 1, 1)
  (2, 0, 1, 2, 0, 2, 0, 1, 1)
  (2, 0, 1, 2, 0, 2, 0, 2, 0)
  (2, 0, 1, 2, 0, 0, 0, 4, 0)
  (2, 0, 1, 6, 0, 0, 0, 0, 0)
  (2, 0, 0, 7, 0, 0, 0, 0, 0)

Path 840 (7 moves):
  (1, 1, 1, 1, 1, 1, 1, 1, 1)
  (1, 1, 1, 2, 0, 1, 1, 1, 1)
  (1, 1, 1, 2, 0, 2, 0, 1, 1)
  (1, 1, 0, 3, 0, 2, 0, 1, 1)
  (0, 2, 0, 3, 0, 2, 0, 1, 1)
  (0, 0, 0, 5, 0, 2, 0, 1, 1)
  (0, 0, 0, 0, 0, 2, 0, 1, 6)
  (0, 0, 0, 0, 0, 0, 0, 3, 6)

Path 841 (7 moves):
  (1, 1, 1, 1, 1, 1, 1, 1, 1)
  (1, 1, 1, 2, 0, 1, 1, 1, 1)
  (1, 1, 1, 2, 0, 2, 0, 1, 1)
  (1, 1, 0, 3, 0, 2, 0, 1, 1)
  (0, 2, 0, 3, 0, 2, 0, 1, 1)
  (0, 0, 0, 5, 0, 2, 0, 1, 1)
  (0, 0, 0, 0, 0, 2, 0, 1, 6)
  (0, 0, 0, 0, 0, 2, 0, 0, 7)

Path 842 (7 moves):
  (1, 1, 1, 1, 1, 1, 1, 1, 1)
  (1, 1, 1, 2, 0, 1, 1, 1, 1)
  (1, 1, 1, 2, 0, 2, 0, 1, 1)
  (1, 1, 0, 3, 0, 2, 0, 1, 1)
  (0, 2, 0, 3, 0, 2, 0, 1, 1)
  (0, 0, 0, 5, 0, 2, 0, 1, 1)
  (0, 0, 0, 7, 0, 0, 0, 1, 1)
  (0, 0, 0, 7, 0, 0, 0, 0, 2)

Path 843 (7 moves):
  (1, 1, 1, 1, 1, 1, 1, 1, 1)
  (1, 1, 1, 2, 0, 1, 1, 1, 1)
  (1, 1, 1, 2, 0, 2, 0, 1, 1)
  (1, 1, 0, 3, 0, 2, 0, 1, 1)
  (0, 2, 0, 3, 0, 2, 0, 1, 1)
  (0, 0, 0, 5, 0, 2, 0, 1, 1)
  (0, 0, 0, 7, 0, 0, 0, 1, 1)
  (0, 0, 0, 7, 0, 0, 0, 2, 0)

Path 844 (7 moves):
  (1, 1, 1, 1, 1, 1, 1, 1, 1)
  (1, 1, 1, 2, 0, 1, 1, 1, 1)
  (1, 1, 1, 2, 0, 2, 0, 1, 1)
  (1, 1, 0, 3, 0, 2, 0, 1, 1)
  (0, 2, 0, 3, 0, 2, 0, 1, 1)
  (0, 0, 0, 5, 0, 2, 0, 1, 1)
  (0, 0, 0, 5, 0, 0, 0, 3, 1)
  (0, 0, 0, 0, 0, 0, 0, 3, 6)

Path 845 (7 moves):
  (1, 1, 1, 1, 1, 1, 1, 1, 1)
  (1, 1, 1, 2, 0, 1, 1, 1, 1)
  (1, 1, 1, 2, 0, 2, 0, 1, 1)
  (1, 1, 0, 3, 0, 2, 0, 1, 1)
  (0, 2, 0, 3, 0, 2, 0, 1, 1)
  (0, 0, 0, 5, 0, 2, 0, 1, 1)
  (0, 0, 0, 5, 0, 2, 0, 0, 2)
  (0, 0, 0, 0, 0, 2, 0, 0, 7)

Path 846 (7 moves):
  (1, 1, 1, 1, 1, 1, 1, 1, 1)
  (1, 1, 1, 2, 0, 1, 1, 1, 1)
  (1, 1, 1, 2, 0, 2, 0, 1, 1)
  (1, 1, 0, 3, 0, 2, 0, 1, 1)
  (0, 2, 0, 3, 0, 2, 0, 1, 1)
  (0, 0, 0, 5, 0, 2, 0, 1, 1)
  (0, 0, 0, 5, 0, 2, 0, 0, 2)
  (0, 0, 0, 7, 0, 0, 0, 0, 2)

Path 847 (7 moves):
  (1, 1, 1, 1, 1, 1, 1, 1, 1)
  (1, 1, 1, 2, 0, 1, 1, 1, 1)
  (1, 1, 1, 2, 0, 2, 0, 1, 1)
  (1, 1, 0, 3, 0, 2, 0, 1, 1)
  (0, 2, 0, 3, 0, 2, 0, 1, 1)
  (0, 0, 0, 5, 0, 2, 0, 1, 1)
  (0, 0, 0, 5, 0, 2, 0, 2, 0)
  (0, 0, 0, 7, 0, 0, 0, 2, 0)

Path 848 (7 moves):
  (1, 1, 1, 1, 1, 1, 1, 1, 1)
  (1, 1, 1, 2, 0, 1, 1, 1, 1)
  (1, 1, 1, 2, 0, 2, 0, 1, 1)
  (1, 1, 0, 3, 0, 2, 0, 1, 1)
  (0, 2, 0, 3, 0, 2, 0, 1, 1)
  (0, 0, 0, 5, 0, 2, 0, 1, 1)
  (0, 0, 0, 5, 0, 2, 0, 2, 0)
  (0, 0, 0, 5, 0, 4, 0, 0, 0)

Path 849 (7 moves):
  (1, 1, 1, 1, 1, 1, 1, 1, 1)
  (1, 1, 1, 2, 0, 1, 1, 1, 1)
  (1, 1, 1, 2, 0, 2, 0, 1, 1)
  (1, 1, 0, 3, 0, 2, 0, 1, 1)
  (0, 2, 0, 3, 0, 2, 0, 1, 1)
  (0, 2, 0, 3, 0, 2, 0, 0, 2)
  (0, 0, 0, 5, 0, 2, 0, 0, 2)
  (0, 0, 0, 0, 0, 2, 0, 0, 7)

Path 850 (7 moves):
  (1, 1, 1, 1, 1, 1, 1, 1, 1)
  (1, 1, 1, 2, 0, 1, 1, 1, 1)
  (1, 1, 1, 2, 0, 2, 0, 1, 1)
  (1, 1, 0, 3, 0, 2, 0, 1, 1)
  (0, 2, 0, 3, 0, 2, 0, 1, 1)
  (0, 2, 0, 3, 0, 2, 0, 0, 2)
  (0, 0, 0, 5, 0, 2, 0, 0, 2)
  (0, 0, 0, 7, 0, 0, 0, 0, 2)

Path 851 (7 moves):
  (1, 1, 1, 1, 1, 1, 1, 1, 1)
  (1, 1, 1, 2, 0, 1, 1, 1, 1)
  (1, 1, 1, 2, 0, 2, 0, 1, 1)
  (1, 1, 0, 3, 0, 2, 0, 1, 1)
  (0, 2, 0, 3, 0, 2, 0, 1, 1)
  (0, 2, 0, 3, 0, 2, 0, 0, 2)
  (0, 2, 0, 5, 0, 0, 0, 0, 2)
  (0, 0, 0, 7, 0, 0, 0, 0, 2)

Path 852 (7 moves):
  (1, 1, 1, 1, 1, 1, 1, 1, 1)
  (1, 1, 1, 2, 0, 1, 1, 1, 1)
  (1, 1, 1, 2, 0, 2, 0, 1, 1)
  (1, 1, 0, 3, 0, 2, 0, 1, 1)
  (2, 0, 0, 3, 0, 2, 0, 1, 1)
  (5, 0, 0, 0, 0, 2, 0, 1, 1)
  (0, 0, 0, 0, 0, 7, 0, 1, 1)
  (0, 0, 0, 0, 0, 7, 0, 0, 2)

Path 853 (7 moves):
  (1, 1, 1, 1, 1, 1, 1, 1, 1)
  (1, 1, 1, 2, 0, 1, 1, 1, 1)
  (1, 1, 1, 2, 0, 2, 0, 1, 1)
  (1, 1, 0, 3, 0, 2, 0, 1, 1)
  (2, 0, 0, 3, 0, 2, 0, 1, 1)
  (5, 0, 0, 0, 0, 2, 0, 1, 1)
  (5, 0, 0, 0, 0, 0, 0, 3, 1)
  (5, 0, 0, 0, 0, 0, 0, 4, 0)

Path 854 (7 moves):
  (1, 1, 1, 1, 1, 1, 1, 1, 1)
  (1, 1, 1, 2, 0, 1, 1, 1, 1)
  (1, 1, 1, 2, 0, 2, 0, 1, 1)
  (1, 1, 0, 3, 0, 2, 0, 1, 1)
  (2, 0, 0, 3, 0, 2, 0, 1, 1)
  (5, 0, 0, 0, 0, 2, 0, 1, 1)
  (5, 0, 0, 0, 0, 2, 0, 0, 2)
  (0, 0, 0, 0, 0, 7, 0, 0, 2)

Path 855 (7 moves):
  (1, 1, 1, 1, 1, 1, 1, 1, 1)
  (1, 1, 1, 2, 0, 1, 1, 1, 1)
  (1, 1, 1, 2, 0, 2, 0, 1, 1)
  (1, 1, 0, 3, 0, 2, 0, 1, 1)
  (2, 0, 0, 3, 0, 2, 0, 1, 1)
  (5, 0, 0, 0, 0, 2, 0, 1, 1)
  (5, 0, 0, 0, 0, 2, 0, 2, 0)
  (5, 0, 0, 0, 0, 0, 0, 4, 0)

Path 856 (7 moves):
  (1, 1, 1, 1, 1, 1, 1, 1, 1)
  (1, 1, 1, 2, 0, 1, 1, 1, 1)
  (1, 1, 1, 2, 0, 2, 0, 1, 1)
  (1, 1, 0, 3, 0, 2, 0, 1, 1)
  (2, 0, 0, 3, 0, 2, 0, 1, 1)
  (2, 0, 0, 3, 0, 0, 0, 3, 1)
  (5, 0, 0, 0, 0, 0, 0, 3, 1)
  (5, 0, 0, 0, 0, 0, 0, 4, 0)

Path 857 (7 moves):
  (1, 1, 1, 1, 1, 1, 1, 1, 1)
  (1, 1, 1, 2, 0, 1, 1, 1, 1)
  (1, 1, 1, 2, 0, 2, 0, 1, 1)
  (1, 1, 0, 3, 0, 2, 0, 1, 1)
  (2, 0, 0, 3, 0, 2, 0, 1, 1)
  (2, 0, 0, 3, 0, 0, 0, 3, 1)
  (2, 0, 0, 3, 0, 0, 0, 4, 0)
  (5, 0, 0, 0, 0, 0, 0, 4, 0)

Path 858 (7 moves):
  (1, 1, 1, 1, 1, 1, 1, 1, 1)
  (1, 1, 1, 2, 0, 1, 1, 1, 1)
  (1, 1, 1, 2, 0, 2, 0, 1, 1)
  (1, 1, 0, 3, 0, 2, 0, 1, 1)
  (2, 0, 0, 3, 0, 2, 0, 1, 1)
  (2, 0, 0, 3, 0, 0, 0, 3, 1)
  (2, 0, 0, 3, 0, 0, 0, 4, 0)
  (2, 0, 0, 7, 0, 0, 0, 0, 0)

Path 859 (7 moves):
  (1, 1, 1, 1, 1, 1, 1, 1, 1)
  (1, 1, 1, 2, 0, 1, 1, 1, 1)
  (1, 1, 1, 2, 0, 2, 0, 1, 1)
  (1, 1, 0, 3, 0, 2, 0, 1, 1)
  (2, 0, 0, 3, 0, 2, 0, 1, 1)
  (2, 0, 0, 3, 0, 2, 0, 0, 2)
  (5, 0, 0, 0, 0, 2, 0, 0, 2)
  (0, 0, 0, 0, 0, 7, 0, 0, 2)

Path 860 (7 moves):
  (1, 1, 1, 1, 1, 1, 1, 1, 1)
  (1, 1, 1, 2, 0, 1, 1, 1, 1)
  (1, 1, 1, 2, 0, 2, 0, 1, 1)
  (1, 1, 0, 3, 0, 2, 0, 1, 1)
  (2, 0, 0, 3, 0, 2, 0, 1, 1)
  (2, 0, 0, 3, 0, 2, 0, 0, 2)
  (2, 0, 0, 5, 0, 0, 0, 0, 2)
  (2, 0, 0, 0, 0, 0, 0, 0, 7)

Path 861 (7 moves):
  (1, 1, 1, 1, 1, 1, 1, 1, 1)
  (1, 1, 1, 2, 0, 1, 1, 1, 1)
  (1, 1, 1, 2, 0, 2, 0, 1, 1)
  (1, 1, 0, 3, 0, 2, 0, 1, 1)
  (4, 1, 0, 0, 0, 2, 0, 1, 1)
  (5, 0, 0, 0, 0, 2, 0, 1, 1)
  (0, 0, 0, 0, 0, 7, 0, 1, 1)
  (0, 0, 0, 0, 0, 7, 0, 0, 2)

Path 862 (7 moves):
  (1, 1, 1, 1, 1, 1, 1, 1, 1)
  (1, 1, 1, 2, 0, 1, 1, 1, 1)
  (1, 1, 1, 2, 0, 2, 0, 1, 1)
  (1, 1, 0, 3, 0, 2, 0, 1, 1)
  (4, 1, 0, 0, 0, 2, 0, 1, 1)
  (5, 0, 0, 0, 0, 2, 0, 1, 1)
  (5, 0, 0, 0, 0, 0, 0, 3, 1)
  (5, 0, 0, 0, 0, 0, 0, 4, 0)

Path 863 (7 moves):
  (1, 1, 1, 1, 1, 1, 1, 1, 1)
  (1, 1, 1, 2, 0, 1, 1, 1, 1)
  (1, 1, 1, 2, 0, 2, 0, 1, 1)
  (1, 1, 0, 3, 0, 2, 0, 1, 1)
  (4, 1, 0, 0, 0, 2, 0, 1, 1)
  (5, 0, 0, 0, 0, 2, 0, 1, 1)
  (5, 0, 0, 0, 0, 2, 0, 0, 2)
  (0, 0, 0, 0, 0, 7, 0, 0, 2)

Path 864 (7 moves):
  (1, 1, 1, 1, 1, 1, 1, 1, 1)
  (1, 1, 1, 2, 0, 1, 1, 1, 1)
  (1, 1, 1, 2, 0, 2, 0, 1, 1)
  (1, 1, 0, 3, 0, 2, 0, 1, 1)
  (4, 1, 0, 0, 0, 2, 0, 1, 1)
  (5, 0, 0, 0, 0, 2, 0, 1, 1)
  (5, 0, 0, 0, 0, 2, 0, 2, 0)
  (5, 0, 0, 0, 0, 0, 0, 4, 0)

Path 865 (7 moves):
  (1, 1, 1, 1, 1, 1, 1, 1, 1)
  (1, 1, 1, 2, 0, 1, 1, 1, 1)
  (1, 1, 1, 2, 0, 2, 0, 1, 1)
  (1, 1, 0, 3, 0, 2, 0, 1, 1)
  (4, 1, 0, 0, 0, 2, 0, 1, 1)
  (4, 1, 0, 0, 0, 0, 0, 3, 1)
  (5, 0, 0, 0, 0, 0, 0, 3, 1)
  (5, 0, 0, 0, 0, 0, 0, 4, 0)

Path 866 (7 moves):
  (1, 1, 1, 1, 1, 1, 1, 1, 1)
  (1, 1, 1, 2, 0, 1, 1, 1, 1)
  (1, 1, 1, 2, 0, 2, 0, 1, 1)
  (1, 1, 0, 3, 0, 2, 0, 1, 1)
  (4, 1, 0, 0, 0, 2, 0, 1, 1)
  (4, 1, 0, 0, 0, 0, 0, 3, 1)
  (4, 1, 0, 0, 0, 0, 0, 4, 0)
  (5, 0, 0, 0, 0, 0, 0, 4, 0)

Path 867 (7 moves):
  (1, 1, 1, 1, 1, 1, 1, 1, 1)
  (1, 1, 1, 2, 0, 1, 1, 1, 1)
  (1, 1, 1, 2, 0, 2, 0, 1, 1)
  (1, 1, 0, 3, 0, 2, 0, 1, 1)
  (4, 1, 0, 0, 0, 2, 0, 1, 1)
  (4, 1, 0, 0, 0, 2, 0, 0, 2)
  (5, 0, 0, 0, 0, 2, 0, 0, 2)
  (0, 0, 0, 0, 0, 7, 0, 0, 2)

Path 868 (7 moves):
  (1, 1, 1, 1, 1, 1, 1, 1, 1)
  (1, 1, 1, 2, 0, 1, 1, 1, 1)
  (1, 1, 1, 2, 0, 2, 0, 1, 1)
  (1, 1, 0, 3, 0, 2, 0, 1, 1)
  (4, 1, 0, 0, 0, 2, 0, 1, 1)
  (4, 1, 0, 0, 0, 2, 0, 2, 0)
  (5, 0, 0, 0, 0, 2, 0, 2, 0)
  (5, 0, 0, 0, 0, 0, 0, 4, 0)

Path 869 (7 moves):
  (1, 1, 1, 1, 1, 1, 1, 1, 1)
  (1, 1, 1, 2, 0, 1, 1, 1, 1)
  (1, 1, 1, 2, 0, 2, 0, 1, 1)
  (1, 1, 0, 3, 0, 2, 0, 1, 1)
  (4, 1, 0, 0, 0, 2, 0, 1, 1)
  (4, 1, 0, 0, 0, 2, 0, 2, 0)
  (4, 1, 0, 0, 0, 0, 0, 4, 0)
  (5, 0, 0, 0, 0, 0, 0, 4, 0)

Path 870 (7 moves):
  (1, 1, 1, 1, 1, 1, 1, 1, 1)
  (1, 1, 1, 2, 0, 1, 1, 1, 1)
  (1, 1, 1, 2, 0, 2, 0, 1, 1)
  (1, 1, 0, 3, 0, 2, 0, 1, 1)
  (4, 1, 0, 0, 0, 2, 0, 1, 1)
  (4, 1, 0, 0, 0, 2, 0, 2, 0)
  (4, 1, 0, 0, 0, 4, 0, 0, 0)
  (4, 5, 0, 0, 0, 0, 0, 0, 0)

Path 871 (7 moves):
  (1, 1, 1, 1, 1, 1, 1, 1, 1)
  (1, 1, 1, 2, 0, 1, 1, 1, 1)
  (1, 1, 1, 2, 0, 2, 0, 1, 1)
  (1, 1, 0, 3, 0, 2, 0, 1, 1)
  (1, 1, 0, 5, 0, 0, 0, 1, 1)
  (1, 1, 0, 5, 0, 0, 0, 0, 2)
  (0, 2, 0, 5, 0, 0, 0, 0, 2)
  (0, 0, 0, 7, 0, 0, 0, 0, 2)

Path 872 (7 moves):
  (1, 1, 1, 1, 1, 1, 1, 1, 1)
  (1, 1, 1, 2, 0, 1, 1, 1, 1)
  (1, 1, 1, 2, 0, 2, 0, 1, 1)
  (1, 1, 0, 3, 0, 2, 0, 1, 1)
  (1, 1, 0, 5, 0, 0, 0, 1, 1)
  (1, 1, 0, 5, 0, 0, 0, 0, 2)
  (2, 0, 0, 5, 0, 0, 0, 0, 2)
  (2, 0, 0, 0, 0, 0, 0, 0, 7)

Path 873 (7 moves):
  (1, 1, 1, 1, 1, 1, 1, 1, 1)
  (1, 1, 1, 2, 0, 1, 1, 1, 1)
  (1, 1, 1, 2, 0, 2, 0, 1, 1)
  (1, 1, 0, 3, 0, 2, 0, 1, 1)
  (1, 1, 0, 5, 0, 0, 0, 1, 1)
  (1, 1, 0, 5, 0, 0, 0, 0, 2)
  (1, 1, 0, 0, 0, 0, 0, 0, 7)
  (2, 0, 0, 0, 0, 0, 0, 0, 7)

Path 874 (7 moves):
  (1, 1, 1, 1, 1, 1, 1, 1, 1)
  (1, 1, 1, 2, 0, 1, 1, 1, 1)
  (1, 1, 1, 2, 0, 2, 0, 1, 1)
  (1, 1, 0, 3, 0, 2, 0, 1, 1)
  (1, 1, 0, 3, 0, 0, 0, 3, 1)
  (2, 0, 0, 3, 0, 0, 0, 3, 1)
  (5, 0, 0, 0, 0, 0, 0, 3, 1)
  (5, 0, 0, 0, 0, 0, 0, 4, 0)

Path 875 (7 moves):
  (1, 1, 1, 1, 1, 1, 1, 1, 1)
  (1, 1, 1, 2, 0, 1, 1, 1, 1)
  (1, 1, 1, 2, 0, 2, 0, 1, 1)
  (1, 1, 0, 3, 0, 2, 0, 1, 1)
  (1, 1, 0, 3, 0, 0, 0, 3, 1)
  (2, 0, 0, 3, 0, 0, 0, 3, 1)
  (2, 0, 0, 3, 0, 0, 0, 4, 0)
  (5, 0, 0, 0, 0, 0, 0, 4, 0)

Path 876 (7 moves):
  (1, 1, 1, 1, 1, 1, 1, 1, 1)
  (1, 1, 1, 2, 0, 1, 1, 1, 1)
  (1, 1, 1, 2, 0, 2, 0, 1, 1)
  (1, 1, 0, 3, 0, 2, 0, 1, 1)
  (1, 1, 0, 3, 0, 0, 0, 3, 1)
  (2, 0, 0, 3, 0, 0, 0, 3, 1)
  (2, 0, 0, 3, 0, 0, 0, 4, 0)
  (2, 0, 0, 7, 0, 0, 0, 0, 0)

Path 877 (7 moves):
  (1, 1, 1, 1, 1, 1, 1, 1, 1)
  (1, 1, 1, 2, 0, 1, 1, 1, 1)
  (1, 1, 1, 2, 0, 2, 0, 1, 1)
  (1, 1, 0, 3, 0, 2, 0, 1, 1)
  (1, 1, 0, 3, 0, 0, 0, 3, 1)
  (4, 1, 0, 0, 0, 0, 0, 3, 1)
  (5, 0, 0, 0, 0, 0, 0, 3, 1)
  (5, 0, 0, 0, 0, 0, 0, 4, 0)

Path 878 (7 moves):
  (1, 1, 1, 1, 1, 1, 1, 1, 1)
  (1, 1, 1, 2, 0, 1, 1, 1, 1)
  (1, 1, 1, 2, 0, 2, 0, 1, 1)
  (1, 1, 0, 3, 0, 2, 0, 1, 1)
  (1, 1, 0, 3, 0, 0, 0, 3, 1)
  (4, 1, 0, 0, 0, 0, 0, 3, 1)
  (4, 1, 0, 0, 0, 0, 0, 4, 0)
  (5, 0, 0, 0, 0, 0, 0, 4, 0)

Path 879 (7 moves):
  (1, 1, 1, 1, 1, 1, 1, 1, 1)
  (1, 1, 1, 2, 0, 1, 1, 1, 1)
  (1, 1, 1, 2, 0, 2, 0, 1, 1)
  (1, 1, 0, 3, 0, 2, 0, 1, 1)
  (1, 1, 0, 3, 0, 2, 0, 0, 2)
  (0, 2, 0, 3, 0, 2, 0, 0, 2)
  (0, 0, 0, 5, 0, 2, 0, 0, 2)
  (0, 0, 0, 0, 0, 2, 0, 0, 7)

Path 880 (7 moves):
  (1, 1, 1, 1, 1, 1, 1, 1, 1)
  (1, 1, 1, 2, 0, 1, 1, 1, 1)
  (1, 1, 1, 2, 0, 2, 0, 1, 1)
  (1, 1, 0, 3, 0, 2, 0, 1, 1)
  (1, 1, 0, 3, 0, 2, 0, 0, 2)
  (0, 2, 0, 3, 0, 2, 0, 0, 2)
  (0, 0, 0, 5, 0, 2, 0, 0, 2)
  (0, 0, 0, 7, 0, 0, 0, 0, 2)

Path 881 (7 moves):
  (1, 1, 1, 1, 1, 1, 1, 1, 1)
  (1, 1, 1, 2, 0, 1, 1, 1, 1)
  (1, 1, 1, 2, 0, 2, 0, 1, 1)
  (1, 1, 0, 3, 0, 2, 0, 1, 1)
  (1, 1, 0, 3, 0, 2, 0, 0, 2)
  (0, 2, 0, 3, 0, 2, 0, 0, 2)
  (0, 2, 0, 5, 0, 0, 0, 0, 2)
  (0, 0, 0, 7, 0, 0, 0, 0, 2)

Path 882 (7 moves):
  (1, 1, 1, 1, 1, 1, 1, 1, 1)
  (1, 1, 1, 2, 0, 1, 1, 1, 1)
  (1, 1, 1, 2, 0, 2, 0, 1, 1)
  (1, 1, 0, 3, 0, 2, 0, 1, 1)
  (1, 1, 0, 3, 0, 2, 0, 0, 2)
  (2, 0, 0, 3, 0, 2, 0, 0, 2)
  (5, 0, 0, 0, 0, 2, 0, 0, 2)
  (0, 0, 0, 0, 0, 7, 0, 0, 2)

Path 883 (7 moves):
  (1, 1, 1, 1, 1, 1, 1, 1, 1)
  (1, 1, 1, 2, 0, 1, 1, 1, 1)
  (1, 1, 1, 2, 0, 2, 0, 1, 1)
  (1, 1, 0, 3, 0, 2, 0, 1, 1)
  (1, 1, 0, 3, 0, 2, 0, 0, 2)
  (2, 0, 0, 3, 0, 2, 0, 0, 2)
  (2, 0, 0, 5, 0, 0, 0, 0, 2)
  (2, 0, 0, 0, 0, 0, 0, 0, 7)

Path 884 (7 moves):
  (1, 1, 1, 1, 1, 1, 1, 1, 1)
  (1, 1, 1, 2, 0, 1, 1, 1, 1)
  (1, 1, 1, 2, 0, 2, 0, 1, 1)
  (1, 1, 0, 3, 0, 2, 0, 1, 1)
  (1, 1, 0, 3, 0, 2, 0, 0, 2)
  (4, 1, 0, 0, 0, 2, 0, 0, 2)
  (5, 0, 0, 0, 0, 2, 0, 0, 2)
  (0, 0, 0, 0, 0, 7, 0, 0, 2)

Path 885 (7 moves):
  (1, 1, 1, 1, 1, 1, 1, 1, 1)
  (1, 1, 1, 2, 0, 1, 1, 1, 1)
  (1, 1, 1, 2, 0, 2, 0, 1, 1)
  (1, 1, 0, 3, 0, 2, 0, 1, 1)
  (1, 1, 0, 3, 0, 2, 0, 0, 2)
  (1, 1, 0, 5, 0, 0, 0, 0, 2)
  (0, 2, 0, 5, 0, 0, 0, 0, 2)
  (0, 0, 0, 7, 0, 0, 0, 0, 2)

Path 886 (7 moves):
  (1, 1, 1, 1, 1, 1, 1, 1, 1)
  (1, 1, 1, 2, 0, 1, 1, 1, 1)
  (1, 1, 1, 2, 0, 2, 0, 1, 1)
  (1, 1, 0, 3, 0, 2, 0, 1, 1)
  (1, 1, 0, 3, 0, 2, 0, 0, 2)
  (1, 1, 0, 5, 0, 0, 0, 0, 2)
  (2, 0, 0, 5, 0, 0, 0, 0, 2)
  (2, 0, 0, 0, 0, 0, 0, 0, 7)

Path 887 (7 moves):
  (1, 1, 1, 1, 1, 1, 1, 1, 1)
  (1, 1, 1, 2, 0, 1, 1, 1, 1)
  (1, 1, 1, 2, 0, 2, 0, 1, 1)
  (1, 1, 0, 3, 0, 2, 0, 1, 1)
  (1, 1, 0, 3, 0, 2, 0, 0, 2)
  (1, 1, 0, 5, 0, 0, 0, 0, 2)
  (1, 1, 0, 0, 0, 0, 0, 0, 7)
  (2, 0, 0, 0, 0, 0, 0, 0, 7)

Path 888 (7 moves):
  (1, 1, 1, 1, 1, 1, 1, 1, 1)
  (1, 1, 1, 2, 0, 1, 1, 1, 1)
  (1, 1, 1, 2, 0, 2, 0, 1, 1)
  (1, 1, 0, 3, 0, 2, 0, 1, 1)
  (1, 1, 0, 3, 0, 2, 0, 2, 0)
  (4, 1, 0, 0, 0, 2, 0, 2, 0)
  (5, 0, 0, 0, 0, 2, 0, 2, 0)
  (5, 0, 0, 0, 0, 0, 0, 4, 0)

Path 889 (7 moves):
  (1, 1, 1, 1, 1, 1, 1, 1, 1)
  (1, 1, 1, 2, 0, 1, 1, 1, 1)
  (1, 1, 1, 2, 0, 2, 0, 1, 1)
  (1, 1, 0, 3, 0, 2, 0, 1, 1)
  (1, 1, 0, 3, 0, 2, 0, 2, 0)
  (4, 1, 0, 0, 0, 2, 0, 2, 0)
  (4, 1, 0, 0, 0, 0, 0, 4, 0)
  (5, 0, 0, 0, 0, 0, 0, 4, 0)

Path 890 (7 moves):
  (1, 1, 1, 1, 1, 1, 1, 1, 1)
  (1, 1, 1, 2, 0, 1, 1, 1, 1)
  (1, 1, 1, 2, 0, 2, 0, 1, 1)
  (1, 1, 0, 3, 0, 2, 0, 1, 1)
  (1, 1, 0, 3, 0, 2, 0, 2, 0)
  (4, 1, 0, 0, 0, 2, 0, 2, 0)
  (4, 1, 0, 0, 0, 4, 0, 0, 0)
  (4, 5, 0, 0, 0, 0, 0, 0, 0)

Path 891 (7 moves):
  (1, 1, 1, 1, 1, 1, 1, 1, 1)
  (1, 1, 1, 2, 0, 1, 1, 1, 1)
  (1, 1, 1, 2, 0, 2, 0, 1, 1)
  (1, 1, 1, 0, 0, 4, 0, 1, 1)
  (0, 2, 1, 0, 0, 4, 0, 1, 1)
  (0, 2, 1, 0, 0, 4, 0, 2, 0)
  (0, 3, 0, 0, 0, 4, 0, 2, 0)
  (0, 7, 0, 0, 0, 0, 0, 2, 0)

Path 892 (7 moves):
  (1, 1, 1, 1, 1, 1, 1, 1, 1)
  (1, 1, 1, 2, 0, 1, 1, 1, 1)
  (1, 1, 1, 2, 0, 2, 0, 1, 1)
  (1, 1, 1, 0, 0, 4, 0, 1, 1)
  (0, 2, 1, 0, 0, 4, 0, 1, 1)
  (0, 2, 1, 0, 0, 4, 0, 2, 0)
  (0, 3, 0, 0, 0, 4, 0, 2, 0)
  (0, 3, 0, 0, 0, 6, 0, 0, 0)

Path 893 (7 moves):
  (1, 1, 1, 1, 1, 1, 1, 1, 1)
  (1, 1, 1, 2, 0, 1, 1, 1, 1)
  (1, 1, 1, 2, 0, 2, 0, 1, 1)
  (1, 1, 1, 0, 0, 4, 0, 1, 1)
  (0, 2, 1, 0, 0, 4, 0, 1, 1)
  (0, 2, 1, 0, 0, 4, 0, 2, 0)
  (0, 6, 1, 0, 0, 0, 0, 2, 0)
  (0, 0, 1, 0, 0, 0, 0, 8, 0)

Path 894 (7 moves):
  (1, 1, 1, 1, 1, 1, 1, 1, 1)
  (1, 1, 1, 2, 0, 1, 1, 1, 1)
  (1, 1, 1, 2, 0, 2, 0, 1, 1)
  (1, 1, 1, 0, 0, 4, 0, 1, 1)
  (0, 2, 1, 0, 0, 4, 0, 1, 1)
  (0, 2, 1, 0, 0, 4, 0, 2, 0)
  (0, 6, 1, 0, 0, 0, 0, 2, 0)
  (0, 7, 0, 0, 0, 0, 0, 2, 0)

Path 895 (7 moves):
  (1, 1, 1, 1, 1, 1, 1, 1, 1)
  (1, 1, 1, 2, 0, 1, 1, 1, 1)
  (1, 1, 1, 2, 0, 2, 0, 1, 1)
  (1, 1, 1, 0, 0, 4, 0, 1, 1)
  (0, 2, 1, 0, 0, 4, 0, 1, 1)
  (0, 2, 1, 0, 0, 4, 0, 2, 0)
  (0, 2, 1, 0, 0, 6, 0, 0, 0)
  (0, 3, 0, 0, 0, 6, 0, 0, 0)

Path 896 (7 moves):
  (1, 1, 1, 1, 1, 1, 1, 1, 1)
  (1, 1, 1, 2, 0, 1, 1, 1, 1)
  (1, 1, 1, 2, 0, 2, 0, 1, 1)
  (1, 1, 1, 0, 0, 4, 0, 1, 1)
  (2, 0, 1, 0, 0, 4, 0, 1, 1)
  (2, 0, 1, 0, 0, 4, 0, 0, 2)
  (0, 0, 3, 0, 0, 4, 0, 0, 2)
  (0, 0, 0, 0, 0, 7, 0, 0, 2)

Path 897 (7 moves):
  (1, 1, 1, 1, 1, 1, 1, 1, 1)
  (1, 1, 1, 2, 0, 1, 1, 1, 1)
  (1, 1, 1, 2, 0, 2, 0, 1, 1)
  (1, 1, 1, 0, 0, 4, 0, 1, 1)
  (1, 0, 2, 0, 0, 4, 0, 1, 1)
  (1, 0, 2, 0, 0, 4, 0, 2, 0)
  (3, 0, 0, 0, 0, 4, 0, 2, 0)
  (3, 0, 0, 0, 0, 6, 0, 0, 0)

Path 898 (7 moves):
  (1, 1, 1, 1, 1, 1, 1, 1, 1)
  (1, 1, 1, 2, 0, 1, 1, 1, 1)
  (1, 1, 1, 2, 0, 2, 0, 1, 1)
  (1, 1, 1, 0, 0, 4, 0, 1, 1)
  (1, 0, 2, 0, 0, 4, 0, 1, 1)
  (1, 0, 2, 0, 0, 4, 0, 2, 0)
  (1, 0, 2, 0, 0, 6, 0, 0, 0)
  (3, 0, 0, 0, 0, 6, 0, 0, 0)

Path 899 (7 moves):
  (1, 1, 1, 1, 1, 1, 1, 1, 1)
  (1, 1, 1, 2, 0, 1, 1, 1, 1)
  (1, 1, 1, 2, 0, 2, 0, 1, 1)
  (1, 1, 1, 0, 0, 4, 0, 1, 1)
  (1, 2, 0, 0, 0, 4, 0, 1, 1)
  (1, 2, 0, 0, 0, 4, 0, 2, 0)
  (0, 3, 0, 0, 0, 4, 0, 2, 0)
  (0, 7, 0, 0, 0, 0, 0, 2, 0)

Path 900 (7 moves):
  (1, 1, 1, 1, 1, 1, 1, 1, 1)
  (1, 1, 1, 2, 0, 1, 1, 1, 1)
  (1, 1, 1, 2, 0, 2, 0, 1, 1)
  (1, 1, 1, 0, 0, 4, 0, 1, 1)
  (1, 2, 0, 0, 0, 4, 0, 1, 1)
  (1, 2, 0, 0, 0, 4, 0, 2, 0)
  (0, 3, 0, 0, 0, 4, 0, 2, 0)
  (0, 3, 0, 0, 0, 6, 0, 0, 0)

Path 901 (7 moves):
  (1, 1, 1, 1, 1, 1, 1, 1, 1)
  (1, 1, 1, 2, 0, 1, 1, 1, 1)
  (1, 1, 1, 2, 0, 2, 0, 1, 1)
  (1, 1, 1, 0, 0, 4, 0, 1, 1)
  (1, 2, 0, 0, 0, 4, 0, 1, 1)
  (1, 2, 0, 0, 0, 4, 0, 2, 0)
  (1, 6, 0, 0, 0, 0, 0, 2, 0)
  (0, 7, 0, 0, 0, 0, 0, 2, 0)

Path 902 (7 moves):
  (1, 1, 1, 1, 1, 1, 1, 1, 1)
  (1, 1, 1, 2, 0, 1, 1, 1, 1)
  (1, 1, 1, 2, 0, 2, 0, 1, 1)
  (1, 1, 1, 0, 0, 4, 0, 1, 1)
  (1, 2, 0, 0, 0, 4, 0, 1, 1)
  (1, 2, 0, 0, 0, 4, 0, 2, 0)
  (1, 6, 0, 0, 0, 0, 0, 2, 0)
  (1, 0, 0, 0, 0, 0, 0, 8, 0)

Path 903 (7 moves):
  (1, 1, 1, 1, 1, 1, 1, 1, 1)
  (1, 1, 1, 2, 0, 1, 1, 1, 1)
  (1, 1, 1, 2, 0, 2, 0, 1, 1)
  (1, 1, 1, 0, 0, 4, 0, 1, 1)
  (1, 2, 0, 0, 0, 4, 0, 1, 1)
  (1, 2, 0, 0, 0, 4, 0, 2, 0)
  (1, 2, 0, 0, 0, 6, 0, 0, 0)
  (0, 3, 0, 0, 0, 6, 0, 0, 0)

Path 904 (7 moves):
  (1, 1, 1, 1, 1, 1, 1, 1, 1)
  (1, 1, 1, 2, 0, 1, 1, 1, 1)
  (1, 1, 1, 2, 0, 2, 0, 1, 1)
  (1, 1, 1, 0, 0, 4, 0, 1, 1)
  (1, 5, 1, 0, 0, 0, 0, 1, 1)
  (1, 5, 1, 0, 0, 0, 0, 2, 0)
  (0, 6, 1, 0, 0, 0, 0, 2, 0)
  (0, 0, 1, 0, 0, 0, 0, 8, 0)

Path 905 (7 moves):
  (1, 1, 1, 1, 1, 1, 1, 1, 1)
  (1, 1, 1, 2, 0, 1, 1, 1, 1)
  (1, 1, 1, 2, 0, 2, 0, 1, 1)
  (1, 1, 1, 0, 0, 4, 0, 1, 1)
  (1, 5, 1, 0, 0, 0, 0, 1, 1)
  (1, 5, 1, 0, 0, 0, 0, 2, 0)
  (0, 6, 1, 0, 0, 0, 0, 2, 0)
  (0, 7, 0, 0, 0, 0, 0, 2, 0)

Path 906 (7 moves):
  (1, 1, 1, 1, 1, 1, 1, 1, 1)
  (1, 1, 1, 2, 0, 1, 1, 1, 1)
  (1, 1, 1, 2, 0, 2, 0, 1, 1)
  (1, 1, 1, 0, 0, 4, 0, 1, 1)
  (1, 5, 1, 0, 0, 0, 0, 1, 1)
  (1, 5, 1, 0, 0, 0, 0, 2, 0)
  (1, 6, 0, 0, 0, 0, 0, 2, 0)
  (0, 7, 0, 0, 0, 0, 0, 2, 0)

Path 907 (7 moves):
  (1, 1, 1, 1, 1, 1, 1, 1, 1)
  (1, 1, 1, 2, 0, 1, 1, 1, 1)
  (1, 1, 1, 2, 0, 2, 0, 1, 1)
  (1, 1, 1, 0, 0, 4, 0, 1, 1)
  (1, 5, 1, 0, 0, 0, 0, 1, 1)
  (1, 5, 1, 0, 0, 0, 0, 2, 0)
  (1, 6, 0, 0, 0, 0, 0, 2, 0)
  (1, 0, 0, 0, 0, 0, 0, 8, 0)

Path 908 (7 moves):
  (1, 1, 1, 1, 1, 1, 1, 1, 1)
  (1, 1, 1, 2, 0, 1, 1, 1, 1)
  (1, 1, 1, 2, 0, 2, 0, 1, 1)
  (1, 1, 1, 0, 0, 4, 0, 1, 1)
  (1, 1, 1, 0, 0, 4, 0, 0, 2)
  (2, 0, 1, 0, 0, 4, 0, 0, 2)
  (0, 0, 3, 0, 0, 4, 0, 0, 2)
  (0, 0, 0, 0, 0, 7, 0, 0, 2)

Path 909 (7 moves):
  (1, 1, 1, 1, 1, 1, 1, 1, 1)
  (1, 1, 1, 2, 0, 1, 1, 1, 1)
  (1, 1, 1, 2, 0, 2, 0, 1, 1)
  (1, 1, 1, 0, 0, 4, 0, 1, 1)
  (1, 1, 1, 0, 0, 4, 0, 2, 0)
  (0, 2, 1, 0, 0, 4, 0, 2, 0)
  (0, 3, 0, 0, 0, 4, 0, 2, 0)
  (0, 7, 0, 0, 0, 0, 0, 2, 0)

Path 910 (7 moves):
  (1, 1, 1, 1, 1, 1, 1, 1, 1)
  (1, 1, 1, 2, 0, 1, 1, 1, 1)
  (1, 1, 1, 2, 0, 2, 0, 1, 1)
  (1, 1, 1, 0, 0, 4, 0, 1, 1)
  (1, 1, 1, 0, 0, 4, 0, 2, 0)
  (0, 2, 1, 0, 0, 4, 0, 2, 0)
  (0, 3, 0, 0, 0, 4, 0, 2, 0)
  (0, 3, 0, 0, 0, 6, 0, 0, 0)

Path 911 (7 moves):
  (1, 1, 1, 1, 1, 1, 1, 1, 1)
  (1, 1, 1, 2, 0, 1, 1, 1, 1)
  (1, 1, 1, 2, 0, 2, 0, 1, 1)
  (1, 1, 1, 0, 0, 4, 0, 1, 1)
  (1, 1, 1, 0, 0, 4, 0, 2, 0)
  (0, 2, 1, 0, 0, 4, 0, 2, 0)
  (0, 6, 1, 0, 0, 0, 0, 2, 0)
  (0, 0, 1, 0, 0, 0, 0, 8, 0)

Path 912 (7 moves):
  (1, 1, 1, 1, 1, 1, 1, 1, 1)
  (1, 1, 1, 2, 0, 1, 1, 1, 1)
  (1, 1, 1, 2, 0, 2, 0, 1, 1)
  (1, 1, 1, 0, 0, 4, 0, 1, 1)
  (1, 1, 1, 0, 0, 4, 0, 2, 0)
  (0, 2, 1, 0, 0, 4, 0, 2, 0)
  (0, 6, 1, 0, 0, 0, 0, 2, 0)
  (0, 7, 0, 0, 0, 0, 0, 2, 0)

Path 913 (7 moves):
  (1, 1, 1, 1, 1, 1, 1, 1, 1)
  (1, 1, 1, 2, 0, 1, 1, 1, 1)
  (1, 1, 1, 2, 0, 2, 0, 1, 1)
  (1, 1, 1, 0, 0, 4, 0, 1, 1)
  (1, 1, 1, 0, 0, 4, 0, 2, 0)
  (0, 2, 1, 0, 0, 4, 0, 2, 0)
  (0, 2, 1, 0, 0, 6, 0, 0, 0)
  (0, 3, 0, 0, 0, 6, 0, 0, 0)

Path 914 (7 moves):
  (1, 1, 1, 1, 1, 1, 1, 1, 1)
  (1, 1, 1, 2, 0, 1, 1, 1, 1)
  (1, 1, 1, 2, 0, 2, 0, 1, 1)
  (1, 1, 1, 0, 0, 4, 0, 1, 1)
  (1, 1, 1, 0, 0, 4, 0, 2, 0)
  (1, 0, 2, 0, 0, 4, 0, 2, 0)
  (3, 0, 0, 0, 0, 4, 0, 2, 0)
  (3, 0, 0, 0, 0, 6, 0, 0, 0)

Path 915 (7 moves):
  (1, 1, 1, 1, 1, 1, 1, 1, 1)
  (1, 1, 1, 2, 0, 1, 1, 1, 1)
  (1, 1, 1, 2, 0, 2, 0, 1, 1)
  (1, 1, 1, 0, 0, 4, 0, 1, 1)
  (1, 1, 1, 0, 0, 4, 0, 2, 0)
  (1, 0, 2, 0, 0, 4, 0, 2, 0)
  (1, 0, 2, 0, 0, 6, 0, 0, 0)
  (3, 0, 0, 0, 0, 6, 0, 0, 0)

Path 916 (7 moves):
  (1, 1, 1, 1, 1, 1, 1, 1, 1)
  (1, 1, 1, 2, 0, 1, 1, 1, 1)
  (1, 1, 1, 2, 0, 2, 0, 1, 1)
  (1, 1, 1, 0, 0, 4, 0, 1, 1)
  (1, 1, 1, 0, 0, 4, 0, 2, 0)
  (1, 2, 0, 0, 0, 4, 0, 2, 0)
  (0, 3, 0, 0, 0, 4, 0, 2, 0)
  (0, 7, 0, 0, 0, 0, 0, 2, 0)

Path 917 (7 moves):
  (1, 1, 1, 1, 1, 1, 1, 1, 1)
  (1, 1, 1, 2, 0, 1, 1, 1, 1)
  (1, 1, 1, 2, 0, 2, 0, 1, 1)
  (1, 1, 1, 0, 0, 4, 0, 1, 1)
  (1, 1, 1, 0, 0, 4, 0, 2, 0)
  (1, 2, 0, 0, 0, 4, 0, 2, 0)
  (0, 3, 0, 0, 0, 4, 0, 2, 0)
  (0, 3, 0, 0, 0, 6, 0, 0, 0)

Path 918 (7 moves):
  (1, 1, 1, 1, 1, 1, 1, 1, 1)
  (1, 1, 1, 2, 0, 1, 1, 1, 1)
  (1, 1, 1, 2, 0, 2, 0, 1, 1)
  (1, 1, 1, 0, 0, 4, 0, 1, 1)
  (1, 1, 1, 0, 0, 4, 0, 2, 0)
  (1, 2, 0, 0, 0, 4, 0, 2, 0)
  (1, 6, 0, 0, 0, 0, 0, 2, 0)
  (0, 7, 0, 0, 0, 0, 0, 2, 0)

Path 919 (7 moves):
  (1, 1, 1, 1, 1, 1, 1, 1, 1)
  (1, 1, 1, 2, 0, 1, 1, 1, 1)
  (1, 1, 1, 2, 0, 2, 0, 1, 1)
  (1, 1, 1, 0, 0, 4, 0, 1, 1)
  (1, 1, 1, 0, 0, 4, 0, 2, 0)
  (1, 2, 0, 0, 0, 4, 0, 2, 0)
  (1, 6, 0, 0, 0, 0, 0, 2, 0)
  (1, 0, 0, 0, 0, 0, 0, 8, 0)

Path 920 (7 moves):
  (1, 1, 1, 1, 1, 1, 1, 1, 1)
  (1, 1, 1, 2, 0, 1, 1, 1, 1)
  (1, 1, 1, 2, 0, 2, 0, 1, 1)
  (1, 1, 1, 0, 0, 4, 0, 1, 1)
  (1, 1, 1, 0, 0, 4, 0, 2, 0)
  (1, 2, 0, 0, 0, 4, 0, 2, 0)
  (1, 2, 0, 0, 0, 6, 0, 0, 0)
  (0, 3, 0, 0, 0, 6, 0, 0, 0)

Path 921 (7 moves):
  (1, 1, 1, 1, 1, 1, 1, 1, 1)
  (1, 1, 1, 2, 0, 1, 1, 1, 1)
  (1, 1, 1, 2, 0, 2, 0, 1, 1)
  (1, 1, 1, 0, 0, 4, 0, 1, 1)
  (1, 1, 1, 0, 0, 4, 0, 2, 0)
  (1, 5, 1, 0, 0, 0, 0, 2, 0)
  (0, 6, 1, 0, 0, 0, 0, 2, 0)
  (0, 0, 1, 0, 0, 0, 0, 8, 0)

Path 922 (7 moves):
  (1, 1, 1, 1, 1, 1, 1, 1, 1)
  (1, 1, 1, 2, 0, 1, 1, 1, 1)
  (1, 1, 1, 2, 0, 2, 0, 1, 1)
  (1, 1, 1, 0, 0, 4, 0, 1, 1)
  (1, 1, 1, 0, 0, 4, 0, 2, 0)
  (1, 5, 1, 0, 0, 0, 0, 2, 0)
  (0, 6, 1, 0, 0, 0, 0, 2, 0)
  (0, 7, 0, 0, 0, 0, 0, 2, 0)

Path 923 (7 moves):
  (1, 1, 1, 1, 1, 1, 1, 1, 1)
  (1, 1, 1, 2, 0, 1, 1, 1, 1)
  (1, 1, 1, 2, 0, 2, 0, 1, 1)
  (1, 1, 1, 0, 0, 4, 0, 1, 1)
  (1, 1, 1, 0, 0, 4, 0, 2, 0)
  (1, 5, 1, 0, 0, 0, 0, 2, 0)
  (1, 6, 0, 0, 0, 0, 0, 2, 0)
  (0, 7, 0, 0, 0, 0, 0, 2, 0)

Path 924 (7 moves):
  (1, 1, 1, 1, 1, 1, 1, 1, 1)
  (1, 1, 1, 2, 0, 1, 1, 1, 1)
  (1, 1, 1, 2, 0, 2, 0, 1, 1)
  (1, 1, 1, 0, 0, 4, 0, 1, 1)
  (1, 1, 1, 0, 0, 4, 0, 2, 0)
  (1, 5, 1, 0, 0, 0, 0, 2, 0)
  (1, 6, 0, 0, 0, 0, 0, 2, 0)
  (1, 0, 0, 0, 0, 0, 0, 8, 0)

Path 925 (7 moves):
  (1, 1, 1, 1, 1, 1, 1, 1, 1)
  (1, 1, 1, 2, 0, 1, 1, 1, 1)
  (1, 1, 1, 2, 0, 2, 0, 1, 1)
  (1, 1, 1, 2, 0, 2, 0, 2, 0)
  (0, 2, 1, 2, 0, 2, 0, 2, 0)
  (0, 0, 1, 4, 0, 2, 0, 2, 0)
  (0, 0, 0, 5, 0, 2, 0, 2, 0)
  (0, 0, 0, 7, 0, 0, 0, 2, 0)

Path 926 (7 moves):
  (1, 1, 1, 1, 1, 1, 1, 1, 1)
  (1, 1, 1, 2, 0, 1, 1, 1, 1)
  (1, 1, 1, 2, 0, 2, 0, 1, 1)
  (1, 1, 1, 2, 0, 2, 0, 2, 0)
  (0, 2, 1, 2, 0, 2, 0, 2, 0)
  (0, 0, 1, 4, 0, 2, 0, 2, 0)
  (0, 0, 0, 5, 0, 2, 0, 2, 0)
  (0, 0, 0, 5, 0, 4, 0, 0, 0)

Path 927 (7 moves):
  (1, 1, 1, 1, 1, 1, 1, 1, 1)
  (1, 1, 1, 2, 0, 1, 1, 1, 1)
  (1, 1, 1, 2, 0, 2, 0, 1, 1)
  (1, 1, 1, 2, 0, 2, 0, 2, 0)
  (0, 2, 1, 2, 0, 2, 0, 2, 0)
  (0, 0, 1, 4, 0, 2, 0, 2, 0)
  (0, 0, 1, 0, 0, 2, 0, 6, 0)
  (0, 0, 1, 0, 0, 0, 0, 8, 0)

Path 928 (7 moves):
  (1, 1, 1, 1, 1, 1, 1, 1, 1)
  (1, 1, 1, 2, 0, 1, 1, 1, 1)
  (1, 1, 1, 2, 0, 2, 0, 1, 1)
  (1, 1, 1, 2, 0, 2, 0, 2, 0)
  (0, 2, 1, 2, 0, 2, 0, 2, 0)
  (0, 0, 1, 4, 0, 2, 0, 2, 0)
  (0, 0, 1, 6, 0, 0, 0, 2, 0)
  (0, 0, 0, 7, 0, 0, 0, 2, 0)

Path 929 (7 moves):
  (1, 1, 1, 1, 1, 1, 1, 1, 1)
  (1, 1, 1, 2, 0, 1, 1, 1, 1)
  (1, 1, 1, 2, 0, 2, 0, 1, 1)
  (1, 1, 1, 2, 0, 2, 0, 2, 0)
  (0, 2, 1, 2, 0, 2, 0, 2, 0)
  (0, 0, 1, 4, 0, 2, 0, 2, 0)
  (0, 0, 1, 4, 0, 0, 0, 4, 0)
  (0, 0, 1, 0, 0, 0, 0, 8, 0)

Path 930 (7 moves):
  (1, 1, 1, 1, 1, 1, 1, 1, 1)
  (1, 1, 1, 2, 0, 1, 1, 1, 1)
  (1, 1, 1, 2, 0, 2, 0, 1, 1)
  (1, 1, 1, 2, 0, 2, 0, 2, 0)
  (0, 2, 1, 2, 0, 2, 0, 2, 0)
  (0, 0, 1, 4, 0, 2, 0, 2, 0)
  (0, 0, 1, 4, 0, 4, 0, 0, 0)
  (0, 0, 0, 5, 0, 4, 0, 0, 0)

Path 931 (7 moves):
  (1, 1, 1, 1, 1, 1, 1, 1, 1)
  (1, 1, 1, 2, 0, 1, 1, 1, 1)
  (1, 1, 1, 2, 0, 2, 0, 1, 1)
  (1, 1, 1, 2, 0, 2, 0, 2, 0)
  (0, 2, 1, 2, 0, 2, 0, 2, 0)
  (0, 4, 1, 0, 0, 2, 0, 2, 0)
  (0, 0, 1, 0, 0, 6, 0, 2, 0)
  (0, 0, 1, 0, 0, 8, 0, 0, 0)

Path 932 (7 moves):
  (1, 1, 1, 1, 1, 1, 1, 1, 1)
  (1, 1, 1, 2, 0, 1, 1, 1, 1)
  (1, 1, 1, 2, 0, 2, 0, 1, 1)
  (1, 1, 1, 2, 0, 2, 0, 2, 0)
  (0, 2, 1, 2, 0, 2, 0, 2, 0)
  (0, 4, 1, 0, 0, 2, 0, 2, 0)
  (0, 5, 0, 0, 0, 2, 0, 2, 0)
  (0, 5, 0, 0, 0, 0, 0, 4, 0)

Path 933 (7 moves):
  (1, 1, 1, 1, 1, 1, 1, 1, 1)
  (1, 1, 1, 2, 0, 1, 1, 1, 1)
  (1, 1, 1, 2, 0, 2, 0, 1, 1)
  (1, 1, 1, 2, 0, 2, 0, 2, 0)
  (0, 2, 1, 2, 0, 2, 0, 2, 0)
  (0, 4, 1, 0, 0, 2, 0, 2, 0)
  (0, 4, 1, 0, 0, 0, 0, 4, 0)
  (0, 5, 0, 0, 0, 0, 0, 4, 0)

Path 934 (7 moves):
  (1, 1, 1, 1, 1, 1, 1, 1, 1)
  (1, 1, 1, 2, 0, 1, 1, 1, 1)
  (1, 1, 1, 2, 0, 2, 0, 1, 1)
  (1, 1, 1, 2, 0, 2, 0, 2, 0)
  (0, 2, 1, 2, 0, 2, 0, 2, 0)
  (0, 4, 1, 0, 0, 2, 0, 2, 0)
  (0, 4, 1, 0, 0, 4, 0, 0, 0)
  (0, 0, 1, 0, 0, 8, 0, 0, 0)

Path 935 (7 moves):
  (1, 1, 1, 1, 1, 1, 1, 1, 1)
  (1, 1, 1, 2, 0, 1, 1, 1, 1)
  (1, 1, 1, 2, 0, 2, 0, 1, 1)
  (1, 1, 1, 2, 0, 2, 0, 2, 0)
  (0, 2, 1, 2, 0, 2, 0, 2, 0)
  (0, 2, 1, 0, 0, 4, 0, 2, 0)
  (0, 3, 0, 0, 0, 4, 0, 2, 0)
  (0, 7, 0, 0, 0, 0, 0, 2, 0)

Path 936 (7 moves):
  (1, 1, 1, 1, 1, 1, 1, 1, 1)
  (1, 1, 1, 2, 0, 1, 1, 1, 1)
  (1, 1, 1, 2, 0, 2, 0, 1, 1)
  (1, 1, 1, 2, 0, 2, 0, 2, 0)
  (0, 2, 1, 2, 0, 2, 0, 2, 0)
  (0, 2, 1, 0, 0, 4, 0, 2, 0)
  (0, 3, 0, 0, 0, 4, 0, 2, 0)
  (0, 3, 0, 0, 0, 6, 0, 0, 0)

Path 937 (7 moves):
  (1, 1, 1, 1, 1, 1, 1, 1, 1)
  (1, 1, 1, 2, 0, 1, 1, 1, 1)
  (1, 1, 1, 2, 0, 2, 0, 1, 1)
  (1, 1, 1, 2, 0, 2, 0, 2, 0)
  (0, 2, 1, 2, 0, 2, 0, 2, 0)
  (0, 2, 1, 0, 0, 4, 0, 2, 0)
  (0, 6, 1, 0, 0, 0, 0, 2, 0)
  (0, 0, 1, 0, 0, 0, 0, 8, 0)

Path 938 (7 moves):
  (1, 1, 1, 1, 1, 1, 1, 1, 1)
  (1, 1, 1, 2, 0, 1, 1, 1, 1)
  (1, 1, 1, 2, 0, 2, 0, 1, 1)
  (1, 1, 1, 2, 0, 2, 0, 2, 0)
  (0, 2, 1, 2, 0, 2, 0, 2, 0)
  (0, 2, 1, 0, 0, 4, 0, 2, 0)
  (0, 6, 1, 0, 0, 0, 0, 2, 0)
  (0, 7, 0, 0, 0, 0, 0, 2, 0)

Path 939 (7 moves):
  (1, 1, 1, 1, 1, 1, 1, 1, 1)
  (1, 1, 1, 2, 0, 1, 1, 1, 1)
  (1, 1, 1, 2, 0, 2, 0, 1, 1)
  (1, 1, 1, 2, 0, 2, 0, 2, 0)
  (0, 2, 1, 2, 0, 2, 0, 2, 0)
  (0, 2, 1, 0, 0, 4, 0, 2, 0)
  (0, 2, 1, 0, 0, 6, 0, 0, 0)
  (0, 3, 0, 0, 0, 6, 0, 0, 0)

Path 940 (7 moves):
  (1, 1, 1, 1, 1, 1, 1, 1, 1)
  (1, 1, 1, 2, 0, 1, 1, 1, 1)
  (1, 1, 1, 2, 0, 2, 0, 1, 1)
  (1, 1, 1, 2, 0, 2, 0, 2, 0)
  (0, 2, 1, 2, 0, 2, 0, 2, 0)
  (0, 2, 1, 2, 0, 4, 0, 0, 0)
  (0, 0, 1, 4, 0, 4, 0, 0, 0)
  (0, 0, 0, 5, 0, 4, 0, 0, 0)

Path 941 (7 moves):
  (1, 1, 1, 1, 1, 1, 1, 1, 1)
  (1, 1, 1, 2, 0, 1, 1, 1, 1)
  (1, 1, 1, 2, 0, 2, 0, 1, 1)
  (1, 1, 1, 2, 0, 2, 0, 2, 0)
  (0, 2, 1, 2, 0, 2, 0, 2, 0)
  (0, 2, 1, 2, 0, 4, 0, 0, 0)
  (0, 3, 0, 2, 0, 4, 0, 0, 0)
  (0, 3, 0, 0, 0, 6, 0, 0, 0)

Path 942 (7 moves):
  (1, 1, 1, 1, 1, 1, 1, 1, 1)
  (1, 1, 1, 2, 0, 1, 1, 1, 1)
  (1, 1, 1, 2, 0, 2, 0, 1, 1)
  (1, 1, 1, 2, 0, 2, 0, 2, 0)
  (0, 2, 1, 2, 0, 2, 0, 2, 0)
  (0, 2, 1, 2, 0, 4, 0, 0, 0)
  (0, 2, 0, 3, 0, 4, 0, 0, 0)
  (0, 0, 0, 5, 0, 4, 0, 0, 0)

Path 943 (7 moves):
  (1, 1, 1, 1, 1, 1, 1, 1, 1)
  (1, 1, 1, 2, 0, 1, 1, 1, 1)
  (1, 1, 1, 2, 0, 2, 0, 1, 1)
  (1, 1, 1, 2, 0, 2, 0, 2, 0)
  (0, 2, 1, 2, 0, 2, 0, 2, 0)
  (0, 2, 1, 2, 0, 4, 0, 0, 0)
  (0, 2, 0, 3, 0, 4, 0, 0, 0)
  (0, 6, 0, 3, 0, 0, 0, 0, 0)

Path 944 (7 moves):
  (1, 1, 1, 1, 1, 1, 1, 1, 1)
  (1, 1, 1, 2, 0, 1, 1, 1, 1)
  (1, 1, 1, 2, 0, 2, 0, 1, 1)
  (1, 1, 1, 2, 0, 2, 0, 2, 0)
  (0, 2, 1, 2, 0, 2, 0, 2, 0)
  (0, 2, 1, 2, 0, 4, 0, 0, 0)
  (0, 4, 1, 0, 0, 4, 0, 0, 0)
  (0, 0, 1, 0, 0, 8, 0, 0, 0)

Path 945 (7 moves):
  (1, 1, 1, 1, 1, 1, 1, 1, 1)
  (1, 1, 1, 2, 0, 1, 1, 1, 1)
  (1, 1, 1, 2, 0, 2, 0, 1, 1)
  (1, 1, 1, 2, 0, 2, 0, 2, 0)
  (0, 2, 1, 2, 0, 2, 0, 2, 0)
  (0, 2, 1, 2, 0, 4, 0, 0, 0)
  (0, 2, 1, 0, 0, 6, 0, 0, 0)
  (0, 3, 0, 0, 0, 6, 0, 0, 0)

Path 946 (7 moves):
  (1, 1, 1, 1, 1, 1, 1, 1, 1)
  (1, 1, 1, 2, 0, 1, 1, 1, 1)
  (1, 1, 1, 2, 0, 2, 0, 1, 1)
  (1, 1, 1, 2, 0, 2, 0, 2, 0)
  (0, 2, 1, 2, 0, 2, 0, 2, 0)
  (0, 2, 1, 2, 0, 4, 0, 0, 0)
  (0, 6, 1, 2, 0, 0, 0, 0, 0)
  (0, 6, 0, 3, 0, 0, 0, 0, 0)

Path 947 (7 moves):
  (1, 1, 1, 1, 1, 1, 1, 1, 1)
  (1, 1, 1, 2, 0, 1, 1, 1, 1)
  (1, 1, 1, 2, 0, 2, 0, 1, 1)
  (1, 1, 1, 2, 0, 2, 0, 2, 0)
  (2, 0, 1, 2, 0, 2, 0, 2, 0)
  (2, 0, 1, 2, 0, 0, 0, 4, 0)
  (0, 0, 3, 2, 0, 0, 0, 4, 0)
  (0, 0, 3, 6, 0, 0, 0, 0, 0)

Path 948 (7 moves):
  (1, 1, 1, 1, 1, 1, 1, 1, 1)
  (1, 1, 1, 2, 0, 1, 1, 1, 1)
  (1, 1, 1, 2, 0, 2, 0, 1, 1)
  (1, 1, 1, 2, 0, 2, 0, 2, 0)
  (2, 0, 1, 2, 0, 2, 0, 2, 0)
  (2, 0, 1, 2, 0, 0, 0, 4, 0)
  (2, 0, 0, 3, 0, 0, 0, 4, 0)
  (5, 0, 0, 0, 0, 0, 0, 4, 0)

Path 949 (7 moves):
  (1, 1, 1, 1, 1, 1, 1, 1, 1)
  (1, 1, 1, 2, 0, 1, 1, 1, 1)
  (1, 1, 1, 2, 0, 2, 0, 1, 1)
  (1, 1, 1, 2, 0, 2, 0, 2, 0)
  (2, 0, 1, 2, 0, 2, 0, 2, 0)
  (2, 0, 1, 2, 0, 0, 0, 4, 0)
  (2, 0, 0, 3, 0, 0, 0, 4, 0)
  (2, 0, 0, 7, 0, 0, 0, 0, 0)

Path 950 (7 moves):
  (1, 1, 1, 1, 1, 1, 1, 1, 1)
  (1, 1, 1, 2, 0, 1, 1, 1, 1)
  (1, 1, 1, 2, 0, 2, 0, 1, 1)
  (1, 1, 1, 2, 0, 2, 0, 2, 0)
  (2, 0, 1, 2, 0, 2, 0, 2, 0)
  (2, 0, 1, 2, 0, 0, 0, 4, 0)
  (2, 0, 1, 6, 0, 0, 0, 0, 0)
  (0, 0, 3, 6, 0, 0, 0, 0, 0)

Path 951 (7 moves):
  (1, 1, 1, 1, 1, 1, 1, 1, 1)
  (1, 1, 1, 2, 0, 1, 1, 1, 1)
  (1, 1, 1, 2, 0, 2, 0, 1, 1)
  (1, 1, 1, 2, 0, 2, 0, 2, 0)
  (2, 0, 1, 2, 0, 2, 0, 2, 0)
  (2, 0, 1, 2, 0, 0, 0, 4, 0)
  (2, 0, 1, 6, 0, 0, 0, 0, 0)
  (2, 0, 0, 7, 0, 0, 0, 0, 0)

Path 952 (7 moves):
  (1, 1, 1, 1, 1, 1, 1, 1, 1)
  (1, 1, 1, 2, 0, 1, 1, 1, 1)
  (1, 1, 1, 2, 0, 2, 0, 1, 1)
  (1, 1, 1, 2, 0, 2, 0, 2, 0)
  (1, 0, 2, 2, 0, 2, 0, 2, 0)
  (1, 0, 2, 0, 0, 4, 0, 2, 0)
  (3, 0, 0, 0, 0, 4, 0, 2, 0)
  (3, 0, 0, 0, 0, 6, 0, 0, 0)

Path 953 (7 moves):
  (1, 1, 1, 1, 1, 1, 1, 1, 1)
  (1, 1, 1, 2, 0, 1, 1, 1, 1)
  (1, 1, 1, 2, 0, 2, 0, 1, 1)
  (1, 1, 1, 2, 0, 2, 0, 2, 0)
  (1, 0, 2, 2, 0, 2, 0, 2, 0)
  (1, 0, 2, 0, 0, 4, 0, 2, 0)
  (1, 0, 2, 0, 0, 6, 0, 0, 0)
  (3, 0, 0, 0, 0, 6, 0, 0, 0)

Path 954 (7 moves):
  (1, 1, 1, 1, 1, 1, 1, 1, 1)
  (1, 1, 1, 2, 0, 1, 1, 1, 1)
  (1, 1, 1, 2, 0, 2, 0, 1, 1)
  (1, 1, 1, 2, 0, 2, 0, 2, 0)
  (1, 0, 2, 2, 0, 2, 0, 2, 0)
  (1, 0, 2, 4, 0, 0, 0, 2, 0)
  (3, 0, 0, 4, 0, 0, 0, 2, 0)
  (0, 0, 0, 7, 0, 0, 0, 2, 0)

Path 955 (7 moves):
  (1, 1, 1, 1, 1, 1, 1, 1, 1)
  (1, 1, 1, 2, 0, 1, 1, 1, 1)
  (1, 1, 1, 2, 0, 2, 0, 1, 1)
  (1, 1, 1, 2, 0, 2, 0, 2, 0)
  (1, 0, 2, 2, 0, 2, 0, 2, 0)
  (1, 0, 2, 4, 0, 0, 0, 2, 0)
  (3, 0, 0, 4, 0, 0, 0, 2, 0)
  (3, 0, 0, 0, 0, 0, 0, 6, 0)

Path 956 (7 moves):
  (1, 1, 1, 1, 1, 1, 1, 1, 1)
  (1, 1, 1, 2, 0, 1, 1, 1, 1)
  (1, 1, 1, 2, 0, 2, 0, 1, 1)
  (1, 1, 1, 2, 0, 2, 0, 2, 0)
  (1, 0, 2, 2, 0, 2, 0, 2, 0)
  (1, 0, 2, 4, 0, 0, 0, 2, 0)
  (1, 0, 2, 0, 0, 0, 0, 6, 0)
  (3, 0, 0, 0, 0, 0, 0, 6, 0)

Path 957 (7 moves):
  (1, 1, 1, 1, 1, 1, 1, 1, 1)
  (1, 1, 1, 2, 0, 1, 1, 1, 1)
  (1, 1, 1, 2, 0, 2, 0, 1, 1)
  (1, 1, 1, 2, 0, 2, 0, 2, 0)
  (1, 0, 2, 2, 0, 2, 0, 2, 0)
  (1, 0, 2, 2, 0, 4, 0, 0, 0)
  (3, 0, 0, 2, 0, 4, 0, 0, 0)
  (0, 0, 0, 5, 0, 4, 0, 0, 0)

Path 958 (7 moves):
  (1, 1, 1, 1, 1, 1, 1, 1, 1)
  (1, 1, 1, 2, 0, 1, 1, 1, 1)
  (1, 1, 1, 2, 0, 2, 0, 1, 1)
  (1, 1, 1, 2, 0, 2, 0, 2, 0)
  (1, 0, 2, 2, 0, 2, 0, 2, 0)
  (1, 0, 2, 2, 0, 4, 0, 0, 0)
  (3, 0, 0, 2, 0, 4, 0, 0, 0)
  (3, 0, 0, 0, 0, 6, 0, 0, 0)

Path 959 (7 moves):
  (1, 1, 1, 1, 1, 1, 1, 1, 1)
  (1, 1, 1, 2, 0, 1, 1, 1, 1)
  (1, 1, 1, 2, 0, 2, 0, 1, 1)
  (1, 1, 1, 2, 0, 2, 0, 2, 0)
  (1, 0, 2, 2, 0, 2, 0, 2, 0)
  (1, 0, 2, 2, 0, 4, 0, 0, 0)
  (1, 0, 2, 0, 0, 6, 0, 0, 0)
  (3, 0, 0, 0, 0, 6, 0, 0, 0)

Path 960 (7 moves):
  (1, 1, 1, 1, 1, 1, 1, 1, 1)
  (1, 1, 1, 2, 0, 1, 1, 1, 1)
  (1, 1, 1, 2, 0, 2, 0, 1, 1)
  (1, 1, 1, 2, 0, 2, 0, 2, 0)
  (1, 2, 0, 2, 0, 2, 0, 2, 0)
  (1, 4, 0, 0, 0, 2, 0, 2, 0)
  (0, 5, 0, 0, 0, 2, 0, 2, 0)
  (0, 5, 0, 0, 0, 0, 0, 4, 0)

Path 961 (7 moves):
  (1, 1, 1, 1, 1, 1, 1, 1, 1)
  (1, 1, 1, 2, 0, 1, 1, 1, 1)
  (1, 1, 1, 2, 0, 2, 0, 1, 1)
  (1, 1, 1, 2, 0, 2, 0, 2, 0)
  (1, 2, 0, 2, 0, 2, 0, 2, 0)
  (1, 4, 0, 0, 0, 2, 0, 2, 0)
  (1, 0, 0, 0, 0, 6, 0, 2, 0)
  (1, 0, 0, 0, 0, 8, 0, 0, 0)

Path 962 (7 moves):
  (1, 1, 1, 1, 1, 1, 1, 1, 1)
  (1, 1, 1, 2, 0, 1, 1, 1, 1)
  (1, 1, 1, 2, 0, 2, 0, 1, 1)
  (1, 1, 1, 2, 0, 2, 0, 2, 0)
  (1, 2, 0, 2, 0, 2, 0, 2, 0)
  (1, 4, 0, 0, 0, 2, 0, 2, 0)
  (1, 4, 0, 0, 0, 0, 0, 4, 0)
  (0, 5, 0, 0, 0, 0, 0, 4, 0)

Path 963 (7 moves):
  (1, 1, 1, 1, 1, 1, 1, 1, 1)
  (1, 1, 1, 2, 0, 1, 1, 1, 1)
  (1, 1, 1, 2, 0, 2, 0, 1, 1)
  (1, 1, 1, 2, 0, 2, 0, 2, 0)
  (1, 2, 0, 2, 0, 2, 0, 2, 0)
  (1, 4, 0, 0, 0, 2, 0, 2, 0)
  (1, 4, 0, 0, 0, 4, 0, 0, 0)
  (1, 0, 0, 0, 0, 8, 0, 0, 0)

Path 964 (7 moves):
  (1, 1, 1, 1, 1, 1, 1, 1, 1)
  (1, 1, 1, 2, 0, 1, 1, 1, 1)
  (1, 1, 1, 2, 0, 2, 0, 1, 1)
  (1, 1, 1, 2, 0, 2, 0, 2, 0)
  (1, 2, 0, 2, 0, 2, 0, 2, 0)
  (1, 2, 0, 0, 0, 4, 0, 2, 0)
  (0, 3, 0, 0, 0, 4, 0, 2, 0)
  (0, 7, 0, 0, 0, 0, 0, 2, 0)

Path 965 (7 moves):
  (1, 1, 1, 1, 1, 1, 1, 1, 1)
  (1, 1, 1, 2, 0, 1, 1, 1, 1)
  (1, 1, 1, 2, 0, 2, 0, 1, 1)
  (1, 1, 1, 2, 0, 2, 0, 2, 0)
  (1, 2, 0, 2, 0, 2, 0, 2, 0)
  (1, 2, 0, 0, 0, 4, 0, 2, 0)
  (0, 3, 0, 0, 0, 4, 0, 2, 0)
  (0, 3, 0, 0, 0, 6, 0, 0, 0)

Path 966 (7 moves):
  (1, 1, 1, 1, 1, 1, 1, 1, 1)
  (1, 1, 1, 2, 0, 1, 1, 1, 1)
  (1, 1, 1, 2, 0, 2, 0, 1, 1)
  (1, 1, 1, 2, 0, 2, 0, 2, 0)
  (1, 2, 0, 2, 0, 2, 0, 2, 0)
  (1, 2, 0, 0, 0, 4, 0, 2, 0)
  (1, 6, 0, 0, 0, 0, 0, 2, 0)
  (0, 7, 0, 0, 0, 0, 0, 2, 0)

Path 967 (7 moves):
  (1, 1, 1, 1, 1, 1, 1, 1, 1)
  (1, 1, 1, 2, 0, 1, 1, 1, 1)
  (1, 1, 1, 2, 0, 2, 0, 1, 1)
  (1, 1, 1, 2, 0, 2, 0, 2, 0)
  (1, 2, 0, 2, 0, 2, 0, 2, 0)
  (1, 2, 0, 0, 0, 4, 0, 2, 0)
  (1, 6, 0, 0, 0, 0, 0, 2, 0)
  (1, 0, 0, 0, 0, 0, 0, 8, 0)

Path 968 (7 moves):
  (1, 1, 1, 1, 1, 1, 1, 1, 1)
  (1, 1, 1, 2, 0, 1, 1, 1, 1)
  (1, 1, 1, 2, 0, 2, 0, 1, 1)
  (1, 1, 1, 2, 0, 2, 0, 2, 0)
  (1, 2, 0, 2, 0, 2, 0, 2, 0)
  (1, 2, 0, 0, 0, 4, 0, 2, 0)
  (1, 2, 0, 0, 0, 6, 0, 0, 0)
  (0, 3, 0, 0, 0, 6, 0, 0, 0)

Path 969 (7 moves):
  (1, 1, 1, 1, 1, 1, 1, 1, 1)
  (1, 1, 1, 2, 0, 1, 1, 1, 1)
  (1, 1, 1, 2, 0, 2, 0, 1, 1)
  (1, 1, 1, 2, 0, 2, 0, 2, 0)
  (1, 2, 0, 2, 0, 2, 0, 2, 0)
  (1, 2, 0, 2, 0, 0, 0, 4, 0)
  (0, 3, 0, 2, 0, 0, 0, 4, 0)
  (0, 5, 0, 0, 0, 0, 0, 4, 0)

Path 970 (7 moves):
  (1, 1, 1, 1, 1, 1, 1, 1, 1)
  (1, 1, 1, 2, 0, 1, 1, 1, 1)
  (1, 1, 1, 2, 0, 2, 0, 1, 1)
  (1, 1, 1, 2, 0, 2, 0, 2, 0)
  (1, 2, 0, 2, 0, 2, 0, 2, 0)
  (1, 2, 0, 2, 0, 0, 0, 4, 0)
  (0, 3, 0, 2, 0, 0, 0, 4, 0)
  (0, 3, 0, 6, 0, 0, 0, 0, 0)

Path 971 (7 moves):
  (1, 1, 1, 1, 1, 1, 1, 1, 1)
  (1, 1, 1, 2, 0, 1, 1, 1, 1)
  (1, 1, 1, 2, 0, 2, 0, 1, 1)
  (1, 1, 1, 2, 0, 2, 0, 2, 0)
  (1, 2, 0, 2, 0, 2, 0, 2, 0)
  (1, 2, 0, 2, 0, 0, 0, 4, 0)
  (1, 0, 0, 4, 0, 0, 0, 4, 0)
  (1, 0, 0, 0, 0, 0, 0, 8, 0)

Path 972 (7 moves):
  (1, 1, 1, 1, 1, 1, 1, 1, 1)
  (1, 1, 1, 2, 0, 1, 1, 1, 1)
  (1, 1, 1, 2, 0, 2, 0, 1, 1)
  (1, 1, 1, 2, 0, 2, 0, 2, 0)
  (1, 2, 0, 2, 0, 2, 0, 2, 0)
  (1, 2, 0, 2, 0, 0, 0, 4, 0)
  (1, 0, 0, 4, 0, 0, 0, 4, 0)
  (1, 0, 0, 8, 0, 0, 0, 0, 0)

Path 973 (7 moves):
  (1, 1, 1, 1, 1, 1, 1, 1, 1)
  (1, 1, 1, 2, 0, 1, 1, 1, 1)
  (1, 1, 1, 2, 0, 2, 0, 1, 1)
  (1, 1, 1, 2, 0, 2, 0, 2, 0)
  (1, 2, 0, 2, 0, 2, 0, 2, 0)
  (1, 2, 0, 2, 0, 0, 0, 4, 0)
  (1, 4, 0, 0, 0, 0, 0, 4, 0)
  (0, 5, 0, 0, 0, 0, 0, 4, 0)

Path 974 (7 moves):
  (1, 1, 1, 1, 1, 1, 1, 1, 1)
  (1, 1, 1, 2, 0, 1, 1, 1, 1)
  (1, 1, 1, 2, 0, 2, 0, 1, 1)
  (1, 1, 1, 2, 0, 2, 0, 2, 0)
  (1, 2, 0, 2, 0, 2, 0, 2, 0)
  (1, 2, 0, 2, 0, 0, 0, 4, 0)
  (1, 2, 0, 6, 0, 0, 0, 0, 0)
  (0, 3, 0, 6, 0, 0, 0, 0, 0)

Path 975 (7 moves):
  (1, 1, 1, 1, 1, 1, 1, 1, 1)
  (1, 1, 1, 2, 0, 1, 1, 1, 1)
  (1, 1, 1, 2, 0, 2, 0, 1, 1)
  (1, 1, 1, 2, 0, 2, 0, 2, 0)
  (1, 2, 0, 2, 0, 2, 0, 2, 0)
  (1, 2, 0, 2, 0, 0, 0, 4, 0)
  (1, 2, 0, 6, 0, 0, 0, 0, 0)
  (1, 0, 0, 8, 0, 0, 0, 0, 0)

Path 976 (7 moves):
  (1, 1, 1, 1, 1, 1, 1, 1, 1)
  (1, 1, 1, 2, 0, 1, 1, 1, 1)
  (1, 1, 1, 2, 0, 2, 0, 1, 1)
  (1, 1, 1, 2, 0, 2, 0, 2, 0)
  (1, 1, 0, 3, 0, 2, 0, 2, 0)
  (4, 1, 0, 0, 0, 2, 0, 2, 0)
  (5, 0, 0, 0, 0, 2, 0, 2, 0)
  (5, 0, 0, 0, 0, 0, 0, 4, 0)

Path 977 (7 moves):
  (1, 1, 1, 1, 1, 1, 1, 1, 1)
  (1, 1, 1, 2, 0, 1, 1, 1, 1)
  (1, 1, 1, 2, 0, 2, 0, 1, 1)
  (1, 1, 1, 2, 0, 2, 0, 2, 0)
  (1, 1, 0, 3, 0, 2, 0, 2, 0)
  (4, 1, 0, 0, 0, 2, 0, 2, 0)
  (4, 1, 0, 0, 0, 0, 0, 4, 0)
  (5, 0, 0, 0, 0, 0, 0, 4, 0)

Path 978 (7 moves):
  (1, 1, 1, 1, 1, 1, 1, 1, 1)
  (1, 1, 1, 2, 0, 1, 1, 1, 1)
  (1, 1, 1, 2, 0, 2, 0, 1, 1)
  (1, 1, 1, 2, 0, 2, 0, 2, 0)
  (1, 1, 0, 3, 0, 2, 0, 2, 0)
  (4, 1, 0, 0, 0, 2, 0, 2, 0)
  (4, 1, 0, 0, 0, 4, 0, 0, 0)
  (4, 5, 0, 0, 0, 0, 0, 0, 0)

Path 979 (7 moves):
  (1, 1, 1, 1, 1, 1, 1, 1, 1)
  (1, 1, 1, 2, 0, 1, 1, 1, 1)
  (1, 1, 1, 2, 0, 2, 0, 1, 1)
  (1, 1, 1, 2, 0, 2, 0, 2, 0)
  (1, 3, 1, 0, 0, 2, 0, 2, 0)
  (0, 4, 1, 0, 0, 2, 0, 2, 0)
  (0, 0, 1, 0, 0, 6, 0, 2, 0)
  (0, 0, 1, 0, 0, 8, 0, 0, 0)

Path 980 (7 moves):
  (1, 1, 1, 1, 1, 1, 1, 1, 1)
  (1, 1, 1, 2, 0, 1, 1, 1, 1)
  (1, 1, 1, 2, 0, 2, 0, 1, 1)
  (1, 1, 1, 2, 0, 2, 0, 2, 0)
  (1, 3, 1, 0, 0, 2, 0, 2, 0)
  (0, 4, 1, 0, 0, 2, 0, 2, 0)
  (0, 5, 0, 0, 0, 2, 0, 2, 0)
  (0, 5, 0, 0, 0, 0, 0, 4, 0)

Path 981 (7 moves):
  (1, 1, 1, 1, 1, 1, 1, 1, 1)
  (1, 1, 1, 2, 0, 1, 1, 1, 1)
  (1, 1, 1, 2, 0, 2, 0, 1, 1)
  (1, 1, 1, 2, 0, 2, 0, 2, 0)
  (1, 3, 1, 0, 0, 2, 0, 2, 0)
  (0, 4, 1, 0, 0, 2, 0, 2, 0)
  (0, 4, 1, 0, 0, 0, 0, 4, 0)
  (0, 5, 0, 0, 0, 0, 0, 4, 0)

Path 982 (7 moves):
  (1, 1, 1, 1, 1, 1, 1, 1, 1)
  (1, 1, 1, 2, 0, 1, 1, 1, 1)
  (1, 1, 1, 2, 0, 2, 0, 1, 1)
  (1, 1, 1, 2, 0, 2, 0, 2, 0)
  (1, 3, 1, 0, 0, 2, 0, 2, 0)
  (0, 4, 1, 0, 0, 2, 0, 2, 0)
  (0, 4, 1, 0, 0, 4, 0, 0, 0)
  (0, 0, 1, 0, 0, 8, 0, 0, 0)

Path 983 (7 moves):
  (1, 1, 1, 1, 1, 1, 1, 1, 1)
  (1, 1, 1, 2, 0, 1, 1, 1, 1)
  (1, 1, 1, 2, 0, 2, 0, 1, 1)
  (1, 1, 1, 2, 0, 2, 0, 2, 0)
  (1, 3, 1, 0, 0, 2, 0, 2, 0)
  (1, 4, 0, 0, 0, 2, 0, 2, 0)
  (0, 5, 0, 0, 0, 2, 0, 2, 0)
  (0, 5, 0, 0, 0, 0, 0, 4, 0)

Path 984 (7 moves):
  (1, 1, 1, 1, 1, 1, 1, 1, 1)
  (1, 1, 1, 2, 0, 1, 1, 1, 1)
  (1, 1, 1, 2, 0, 2, 0, 1, 1)
  (1, 1, 1, 2, 0, 2, 0, 2, 0)
  (1, 3, 1, 0, 0, 2, 0, 2, 0)
  (1, 4, 0, 0, 0, 2, 0, 2, 0)
  (1, 0, 0, 0, 0, 6, 0, 2, 0)
  (1, 0, 0, 0, 0, 8, 0, 0, 0)

Path 985 (7 moves):
  (1, 1, 1, 1, 1, 1, 1, 1, 1)
  (1, 1, 1, 2, 0, 1, 1, 1, 1)
  (1, 1, 1, 2, 0, 2, 0, 1, 1)
  (1, 1, 1, 2, 0, 2, 0, 2, 0)
  (1, 3, 1, 0, 0, 2, 0, 2, 0)
  (1, 4, 0, 0, 0, 2, 0, 2, 0)
  (1, 4, 0, 0, 0, 0, 0, 4, 0)
  (0, 5, 0, 0, 0, 0, 0, 4, 0)

Path 986 (7 moves):
  (1, 1, 1, 1, 1, 1, 1, 1, 1)
  (1, 1, 1, 2, 0, 1, 1, 1, 1)
  (1, 1, 1, 2, 0, 2, 0, 1, 1)
  (1, 1, 1, 2, 0, 2, 0, 2, 0)
  (1, 3, 1, 0, 0, 2, 0, 2, 0)
  (1, 4, 0, 0, 0, 2, 0, 2, 0)
  (1, 4, 0, 0, 0, 4, 0, 0, 0)
  (1, 0, 0, 0, 0, 8, 0, 0, 0)

Path 987 (7 moves):
  (1, 1, 1, 1, 1, 1, 1, 1, 1)
  (1, 1, 1, 2, 0, 1, 1, 1, 1)
  (1, 1, 1, 2, 0, 2, 0, 1, 1)
  (1, 1, 1, 2, 0, 2, 0, 2, 0)
  (1, 3, 1, 0, 0, 2, 0, 2, 0)
  (1, 3, 1, 0, 0, 0, 0, 4, 0)
  (0, 4, 1, 0, 0, 0, 0, 4, 0)
  (0, 5, 0, 0, 0, 0, 0, 4, 0)

Path 988 (7 moves):
  (1, 1, 1, 1, 1, 1, 1, 1, 1)
  (1, 1, 1, 2, 0, 1, 1, 1, 1)
  (1, 1, 1, 2, 0, 2, 0, 1, 1)
  (1, 1, 1, 2, 0, 2, 0, 2, 0)
  (1, 3, 1, 0, 0, 2, 0, 2, 0)
  (1, 3, 1, 0, 0, 0, 0, 4, 0)
  (1, 4, 0, 0, 0, 0, 0, 4, 0)
  (0, 5, 0, 0, 0, 0, 0, 4, 0)

Path 989 (7 moves):
  (1, 1, 1, 1, 1, 1, 1, 1, 1)
  (1, 1, 1, 2, 0, 1, 1, 1, 1)
  (1, 1, 1, 2, 0, 2, 0, 1, 1)
  (1, 1, 1, 2, 0, 2, 0, 2, 0)
  (1, 1, 1, 0, 0, 4, 0, 2, 0)
  (0, 2, 1, 0, 0, 4, 0, 2, 0)
  (0, 3, 0, 0, 0, 4, 0, 2, 0)
  (0, 7, 0, 0, 0, 0, 0, 2, 0)

Path 990 (7 moves):
  (1, 1, 1, 1, 1, 1, 1, 1, 1)
  (1, 1, 1, 2, 0, 1, 1, 1, 1)
  (1, 1, 1, 2, 0, 2, 0, 1, 1)
  (1, 1, 1, 2, 0, 2, 0, 2, 0)
  (1, 1, 1, 0, 0, 4, 0, 2, 0)
  (0, 2, 1, 0, 0, 4, 0, 2, 0)
  (0, 3, 0, 0, 0, 4, 0, 2, 0)
  (0, 3, 0, 0, 0, 6, 0, 0, 0)

Path 991 (7 moves):
  (1, 1, 1, 1, 1, 1, 1, 1, 1)
  (1, 1, 1, 2, 0, 1, 1, 1, 1)
  (1, 1, 1, 2, 0, 2, 0, 1, 1)
  (1, 1, 1, 2, 0, 2, 0, 2, 0)
  (1, 1, 1, 0, 0, 4, 0, 2, 0)
  (0, 2, 1, 0, 0, 4, 0, 2, 0)
  (0, 6, 1, 0, 0, 0, 0, 2, 0)
  (0, 0, 1, 0, 0, 0, 0, 8, 0)

Path 992 (7 moves):
  (1, 1, 1, 1, 1, 1, 1, 1, 1)
  (1, 1, 1, 2, 0, 1, 1, 1, 1)
  (1, 1, 1, 2, 0, 2, 0, 1, 1)
  (1, 1, 1, 2, 0, 2, 0, 2, 0)
  (1, 1, 1, 0, 0, 4, 0, 2, 0)
  (0, 2, 1, 0, 0, 4, 0, 2, 0)
  (0, 6, 1, 0, 0, 0, 0, 2, 0)
  (0, 7, 0, 0, 0, 0, 0, 2, 0)

Path 993 (7 moves):
  (1, 1, 1, 1, 1, 1, 1, 1, 1)
  (1, 1, 1, 2, 0, 1, 1, 1, 1)
  (1, 1, 1, 2, 0, 2, 0, 1, 1)
  (1, 1, 1, 2, 0, 2, 0, 2, 0)
  (1, 1, 1, 0, 0, 4, 0, 2, 0)
  (0, 2, 1, 0, 0, 4, 0, 2, 0)
  (0, 2, 1, 0, 0, 6, 0, 0, 0)
  (0, 3, 0, 0, 0, 6, 0, 0, 0)

Path 994 (7 moves):
  (1, 1, 1, 1, 1, 1, 1, 1, 1)
  (1, 1, 1, 2, 0, 1, 1, 1, 1)
  (1, 1, 1, 2, 0, 2, 0, 1, 1)
  (1, 1, 1, 2, 0, 2, 0, 2, 0)
  (1, 1, 1, 0, 0, 4, 0, 2, 0)
  (1, 0, 2, 0, 0, 4, 0, 2, 0)
  (3, 0, 0, 0, 0, 4, 0, 2, 0)
  (3, 0, 0, 0, 0, 6, 0, 0, 0)

Path 995 (7 moves):
  (1, 1, 1, 1, 1, 1, 1, 1, 1)
  (1, 1, 1, 2, 0, 1, 1, 1, 1)
  (1, 1, 1, 2, 0, 2, 0, 1, 1)
  (1, 1, 1, 2, 0, 2, 0, 2, 0)
  (1, 1, 1, 0, 0, 4, 0, 2, 0)
  (1, 0, 2, 0, 0, 4, 0, 2, 0)
  (1, 0, 2, 0, 0, 6, 0, 0, 0)
  (3, 0, 0, 0, 0, 6, 0, 0, 0)

Path 996 (7 moves):
  (1, 1, 1, 1, 1, 1, 1, 1, 1)
  (1, 1, 1, 2, 0, 1, 1, 1, 1)
  (1, 1, 1, 2, 0, 2, 0, 1, 1)
  (1, 1, 1, 2, 0, 2, 0, 2, 0)
  (1, 1, 1, 0, 0, 4, 0, 2, 0)
  (1, 2, 0, 0, 0, 4, 0, 2, 0)
  (0, 3, 0, 0, 0, 4, 0, 2, 0)
  (0, 7, 0, 0, 0, 0, 0, 2, 0)

Path 997 (7 moves):
  (1, 1, 1, 1, 1, 1, 1, 1, 1)
  (1, 1, 1, 2, 0, 1, 1, 1, 1)
  (1, 1, 1, 2, 0, 2, 0, 1, 1)
  (1, 1, 1, 2, 0, 2, 0, 2, 0)
  (1, 1, 1, 0, 0, 4, 0, 2, 0)
  (1, 2, 0, 0, 0, 4, 0, 2, 0)
  (0, 3, 0, 0, 0, 4, 0, 2, 0)
  (0, 3, 0, 0, 0, 6, 0, 0, 0)

Path 998 (7 moves):
  (1, 1, 1, 1, 1, 1, 1, 1, 1)
  (1, 1, 1, 2, 0, 1, 1, 1, 1)
  (1, 1, 1, 2, 0, 2, 0, 1, 1)
  (1, 1, 1, 2, 0, 2, 0, 2, 0)
  (1, 1, 1, 0, 0, 4, 0, 2, 0)
  (1, 2, 0, 0, 0, 4, 0, 2, 0)
  (1, 6, 0, 0, 0, 0, 0, 2, 0)
  (0, 7, 0, 0, 0, 0, 0, 2, 0)

Path 999 (7 moves):
  (1, 1, 1, 1, 1, 1, 1, 1, 1)
  (1, 1, 1, 2, 0, 1, 1, 1, 1)
  (1, 1, 1, 2, 0, 2, 0, 1, 1)
  (1, 1, 1, 2, 0, 2, 0, 2, 0)
  (1, 1, 1, 0, 0, 4, 0, 2, 0)
  (1, 2, 0, 0, 0, 4, 0, 2, 0)
  (1, 6, 0, 0, 0, 0, 0, 2, 0)
  (1, 0, 0, 0, 0, 0, 0, 8, 0)

Path 1000 (7 moves):
  (1, 1, 1, 1, 1, 1, 1, 1, 1)
  (1, 1, 1, 2, 0, 1, 1, 1, 1)
  (1, 1, 1, 2, 0, 2, 0, 1, 1)
  (1, 1, 1, 2, 0, 2, 0, 2, 0)
  (1, 1, 1, 0, 0, 4, 0, 2, 0)
  (1, 2, 0, 0, 0, 4, 0, 2, 0)
  (1, 2, 0, 0, 0, 6, 0, 0, 0)
  (0, 3, 0, 0, 0, 6, 0, 0, 0)

Path 1001 (7 moves):
  (1, 1, 1, 1, 1, 1, 1, 1, 1)
  (1, 1, 1, 2, 0, 1, 1, 1, 1)
  (1, 1, 1, 2, 0, 2, 0, 1, 1)
  (1, 1, 1, 2, 0, 2, 0, 2, 0)
  (1, 1, 1, 0, 0, 4, 0, 2, 0)
  (1, 5, 1, 0, 0, 0, 0, 2, 0)
  (0, 6, 1, 0, 0, 0, 0, 2, 0)
  (0, 0, 1, 0, 0, 0, 0, 8, 0)

Path 1002 (7 moves):
  (1, 1, 1, 1, 1, 1, 1, 1, 1)
  (1, 1, 1, 2, 0, 1, 1, 1, 1)
  (1, 1, 1, 2, 0, 2, 0, 1, 1)
  (1, 1, 1, 2, 0, 2, 0, 2, 0)
  (1, 1, 1, 0, 0, 4, 0, 2, 0)
  (1, 5, 1, 0, 0, 0, 0, 2, 0)
  (0, 6, 1, 0, 0, 0, 0, 2, 0)
  (0, 7, 0, 0, 0, 0, 0, 2, 0)

Path 1003 (7 moves):
  (1, 1, 1, 1, 1, 1, 1, 1, 1)
  (1, 1, 1, 2, 0, 1, 1, 1, 1)
  (1, 1, 1, 2, 0, 2, 0, 1, 1)
  (1, 1, 1, 2, 0, 2, 0, 2, 0)
  (1, 1, 1, 0, 0, 4, 0, 2, 0)
  (1, 5, 1, 0, 0, 0, 0, 2, 0)
  (1, 6, 0, 0, 0, 0, 0, 2, 0)
  (0, 7, 0, 0, 0, 0, 0, 2, 0)

Path 1004 (7 moves):
  (1, 1, 1, 1, 1, 1, 1, 1, 1)
  (1, 1, 1, 2, 0, 1, 1, 1, 1)
  (1, 1, 1, 2, 0, 2, 0, 1, 1)
  (1, 1, 1, 2, 0, 2, 0, 2, 0)
  (1, 1, 1, 0, 0, 4, 0, 2, 0)
  (1, 5, 1, 0, 0, 0, 0, 2, 0)
  (1, 6, 0, 0, 0, 0, 0, 2, 0)
  (1, 0, 0, 0, 0, 0, 0, 8, 0)

Path 1005 (7 moves):
  (1, 1, 1, 1, 1, 1, 1, 1, 1)
  (1, 1, 1, 2, 0, 1, 1, 1, 1)
  (1, 1, 1, 2, 0, 2, 0, 1, 1)
  (1, 1, 1, 2, 0, 2, 0, 2, 0)
  (1, 1, 1, 4, 0, 0, 0, 2, 0)
  (1, 0, 2, 4, 0, 0, 0, 2, 0)
  (3, 0, 0, 4, 0, 0, 0, 2, 0)
  (0, 0, 0, 7, 0, 0, 0, 2, 0)

Path 1006 (7 moves):
  (1, 1, 1, 1, 1, 1, 1, 1, 1)
  (1, 1, 1, 2, 0, 1, 1, 1, 1)
  (1, 1, 1, 2, 0, 2, 0, 1, 1)
  (1, 1, 1, 2, 0, 2, 0, 2, 0)
  (1, 1, 1, 4, 0, 0, 0, 2, 0)
  (1, 0, 2, 4, 0, 0, 0, 2, 0)
  (3, 0, 0, 4, 0, 0, 0, 2, 0)
  (3, 0, 0, 0, 0, 0, 0, 6, 0)

Path 1007 (7 moves):
  (1, 1, 1, 1, 1, 1, 1, 1, 1)
  (1, 1, 1, 2, 0, 1, 1, 1, 1)
  (1, 1, 1, 2, 0, 2, 0, 1, 1)
  (1, 1, 1, 2, 0, 2, 0, 2, 0)
  (1, 1, 1, 4, 0, 0, 0, 2, 0)
  (1, 0, 2, 4, 0, 0, 0, 2, 0)
  (1, 0, 2, 0, 0, 0, 0, 6, 0)
  (3, 0, 0, 0, 0, 0, 0, 6, 0)

Path 1008 (7 moves):
  (1, 1, 1, 1, 1, 1, 1, 1, 1)
  (1, 1, 1, 2, 0, 1, 1, 1, 1)
  (1, 1, 1, 2, 0, 2, 0, 1, 1)
  (1, 1, 1, 2, 0, 2, 0, 2, 0)
  (1, 1, 1, 2, 0, 0, 0, 4, 0)
  (2, 0, 1, 2, 0, 0, 0, 4, 0)
  (0, 0, 3, 2, 0, 0, 0, 4, 0)
  (0, 0, 3, 6, 0, 0, 0, 0, 0)

Path 1009 (7 moves):
  (1, 1, 1, 1, 1, 1, 1, 1, 1)
  (1, 1, 1, 2, 0, 1, 1, 1, 1)
  (1, 1, 1, 2, 0, 2, 0, 1, 1)
  (1, 1, 1, 2, 0, 2, 0, 2, 0)
  (1, 1, 1, 2, 0, 0, 0, 4, 0)
  (2, 0, 1, 2, 0, 0, 0, 4, 0)
  (2, 0, 0, 3, 0, 0, 0, 4, 0)
  (5, 0, 0, 0, 0, 0, 0, 4, 0)

Path 1010 (7 moves):
  (1, 1, 1, 1, 1, 1, 1, 1, 1)
  (1, 1, 1, 2, 0, 1, 1, 1, 1)
  (1, 1, 1, 2, 0, 2, 0, 1, 1)
  (1, 1, 1, 2, 0, 2, 0, 2, 0)
  (1, 1, 1, 2, 0, 0, 0, 4, 0)
  (2, 0, 1, 2, 0, 0, 0, 4, 0)
  (2, 0, 0, 3, 0, 0, 0, 4, 0)
  (2, 0, 0, 7, 0, 0, 0, 0, 0)

Path 1011 (7 moves):
  (1, 1, 1, 1, 1, 1, 1, 1, 1)
  (1, 1, 1, 2, 0, 1, 1, 1, 1)
  (1, 1, 1, 2, 0, 2, 0, 1, 1)
  (1, 1, 1, 2, 0, 2, 0, 2, 0)
  (1, 1, 1, 2, 0, 0, 0, 4, 0)
  (2, 0, 1, 2, 0, 0, 0, 4, 0)
  (2, 0, 1, 6, 0, 0, 0, 0, 0)
  (0, 0, 3, 6, 0, 0, 0, 0, 0)

Path 1012 (7 moves):
  (1, 1, 1, 1, 1, 1, 1, 1, 1)
  (1, 1, 1, 2, 0, 1, 1, 1, 1)
  (1, 1, 1, 2, 0, 2, 0, 1, 1)
  (1, 1, 1, 2, 0, 2, 0, 2, 0)
  (1, 1, 1, 2, 0, 0, 0, 4, 0)
  (2, 0, 1, 2, 0, 0, 0, 4, 0)
  (2, 0, 1, 6, 0, 0, 0, 0, 0)
  (2, 0, 0, 7, 0, 0, 0, 0, 0)

Path 1013 (7 moves):
  (1, 1, 1, 1, 1, 1, 1, 1, 1)
  (1, 1, 1, 2, 0, 1, 1, 1, 1)
  (1, 1, 1, 2, 0, 2, 0, 1, 1)
  (1, 1, 1, 2, 0, 2, 0, 2, 0)
  (1, 1, 1, 2, 0, 0, 0, 4, 0)
  (1, 2, 0, 2, 0, 0, 0, 4, 0)
  (0, 3, 0, 2, 0, 0, 0, 4, 0)
  (0, 5, 0, 0, 0, 0, 0, 4, 0)

Path 1014 (7 moves):
  (1, 1, 1, 1, 1, 1, 1, 1, 1)
  (1, 1, 1, 2, 0, 1, 1, 1, 1)
  (1, 1, 1, 2, 0, 2, 0, 1, 1)
  (1, 1, 1, 2, 0, 2, 0, 2, 0)
  (1, 1, 1, 2, 0, 0, 0, 4, 0)
  (1, 2, 0, 2, 0, 0, 0, 4, 0)
  (0, 3, 0, 2, 0, 0, 0, 4, 0)
  (0, 3, 0, 6, 0, 0, 0, 0, 0)

Path 1015 (7 moves):
  (1, 1, 1, 1, 1, 1, 1, 1, 1)
  (1, 1, 1, 2, 0, 1, 1, 1, 1)
  (1, 1, 1, 2, 0, 2, 0, 1, 1)
  (1, 1, 1, 2, 0, 2, 0, 2, 0)
  (1, 1, 1, 2, 0, 0, 0, 4, 0)
  (1, 2, 0, 2, 0, 0, 0, 4, 0)
  (1, 0, 0, 4, 0, 0, 0, 4, 0)
  (1, 0, 0, 0, 0, 0, 0, 8, 0)

Path 1016 (7 moves):
  (1, 1, 1, 1, 1, 1, 1, 1, 1)
  (1, 1, 1, 2, 0, 1, 1, 1, 1)
  (1, 1, 1, 2, 0, 2, 0, 1, 1)
  (1, 1, 1, 2, 0, 2, 0, 2, 0)
  (1, 1, 1, 2, 0, 0, 0, 4, 0)
  (1, 2, 0, 2, 0, 0, 0, 4, 0)
  (1, 0, 0, 4, 0, 0, 0, 4, 0)
  (1, 0, 0, 8, 0, 0, 0, 0, 0)

Path 1017 (7 moves):
  (1, 1, 1, 1, 1, 1, 1, 1, 1)
  (1, 1, 1, 2, 0, 1, 1, 1, 1)
  (1, 1, 1, 2, 0, 2, 0, 1, 1)
  (1, 1, 1, 2, 0, 2, 0, 2, 0)
  (1, 1, 1, 2, 0, 0, 0, 4, 0)
  (1, 2, 0, 2, 0, 0, 0, 4, 0)
  (1, 4, 0, 0, 0, 0, 0, 4, 0)
  (0, 5, 0, 0, 0, 0, 0, 4, 0)

Path 1018 (7 moves):
  (1, 1, 1, 1, 1, 1, 1, 1, 1)
  (1, 1, 1, 2, 0, 1, 1, 1, 1)
  (1, 1, 1, 2, 0, 2, 0, 1, 1)
  (1, 1, 1, 2, 0, 2, 0, 2, 0)
  (1, 1, 1, 2, 0, 0, 0, 4, 0)
  (1, 2, 0, 2, 0, 0, 0, 4, 0)
  (1, 2, 0, 6, 0, 0, 0, 0, 0)
  (0, 3, 0, 6, 0, 0, 0, 0, 0)

Path 1019 (7 moves):
  (1, 1, 1, 1, 1, 1, 1, 1, 1)
  (1, 1, 1, 2, 0, 1, 1, 1, 1)
  (1, 1, 1, 2, 0, 2, 0, 1, 1)
  (1, 1, 1, 2, 0, 2, 0, 2, 0)
  (1, 1, 1, 2, 0, 0, 0, 4, 0)
  (1, 2, 0, 2, 0, 0, 0, 4, 0)
  (1, 2, 0, 6, 0, 0, 0, 0, 0)
  (1, 0, 0, 8, 0, 0, 0, 0, 0)

Path 1020 (7 moves):
  (1, 1, 1, 1, 1, 1, 1, 1, 1)
  (1, 1, 1, 2, 0, 1, 1, 1, 1)
  (1, 1, 1, 2, 0, 2, 0, 1, 1)
  (1, 1, 1, 2, 0, 2, 0, 2, 0)
  (1, 1, 1, 2, 0, 0, 0, 4, 0)
  (1, 3, 1, 0, 0, 0, 0, 4, 0)
  (0, 4, 1, 0, 0, 0, 0, 4, 0)
  (0, 5, 0, 0, 0, 0, 0, 4, 0)

Path 1021 (7 moves):
  (1, 1, 1, 1, 1, 1, 1, 1, 1)
  (1, 1, 1, 2, 0, 1, 1, 1, 1)
  (1, 1, 1, 2, 0, 2, 0, 1, 1)
  (1, 1, 1, 2, 0, 2, 0, 2, 0)
  (1, 1, 1, 2, 0, 0, 0, 4, 0)
  (1, 3, 1, 0, 0, 0, 0, 4, 0)
  (1, 4, 0, 0, 0, 0, 0, 4, 0)
  (0, 5, 0, 0, 0, 0, 0, 4, 0)

Path 1022 (7 moves):
  (1, 1, 1, 1, 1, 1, 1, 1, 1)
  (1, 1, 1, 2, 0, 1, 1, 1, 1)
  (1, 1, 1, 2, 0, 2, 0, 1, 1)
  (1, 1, 1, 2, 0, 2, 0, 2, 0)
  (1, 1, 1, 2, 0, 4, 0, 0, 0)
  (0, 2, 1, 2, 0, 4, 0, 0, 0)
  (0, 0, 1, 4, 0, 4, 0, 0, 0)
  (0, 0, 0, 5, 0, 4, 0, 0, 0)

Path 1023 (7 moves):
  (1, 1, 1, 1, 1, 1, 1, 1, 1)
  (1, 1, 1, 2, 0, 1, 1, 1, 1)
  (1, 1, 1, 2, 0, 2, 0, 1, 1)
  (1, 1, 1, 2, 0, 2, 0, 2, 0)
  (1, 1, 1, 2, 0, 4, 0, 0, 0)
  (0, 2, 1, 2, 0, 4, 0, 0, 0)
  (0, 3, 0, 2, 0, 4, 0, 0, 0)
  (0, 3, 0, 0, 0, 6, 0, 0, 0)

Path 1024 (7 moves):
  (1, 1, 1, 1, 1, 1, 1, 1, 1)
  (1, 1, 1, 2, 0, 1, 1, 1, 1)
  (1, 1, 1, 2, 0, 2, 0, 1, 1)
  (1, 1, 1, 2, 0, 2, 0, 2, 0)
  (1, 1, 1, 2, 0, 4, 0, 0, 0)
  (0, 2, 1, 2, 0, 4, 0, 0, 0)
  (0, 2, 0, 3, 0, 4, 0, 0, 0)
  (0, 0, 0, 5, 0, 4, 0, 0, 0)

Path 1025 (7 moves):
  (1, 1, 1, 1, 1, 1, 1, 1, 1)
  (1, 1, 1, 2, 0, 1, 1, 1, 1)
  (1, 1, 1, 2, 0, 2, 0, 1, 1)
  (1, 1, 1, 2, 0, 2, 0, 2, 0)
  (1, 1, 1, 2, 0, 4, 0, 0, 0)
  (0, 2, 1, 2, 0, 4, 0, 0, 0)
  (0, 2, 0, 3, 0, 4, 0, 0, 0)
  (0, 6, 0, 3, 0, 0, 0, 0, 0)

Path 1026 (7 moves):
  (1, 1, 1, 1, 1, 1, 1, 1, 1)
  (1, 1, 1, 2, 0, 1, 1, 1, 1)
  (1, 1, 1, 2, 0, 2, 0, 1, 1)
  (1, 1, 1, 2, 0, 2, 0, 2, 0)
  (1, 1, 1, 2, 0, 4, 0, 0, 0)
  (0, 2, 1, 2, 0, 4, 0, 0, 0)
  (0, 4, 1, 0, 0, 4, 0, 0, 0)
  (0, 0, 1, 0, 0, 8, 0, 0, 0)

Path 1027 (7 moves):
  (1, 1, 1, 1, 1, 1, 1, 1, 1)
  (1, 1, 1, 2, 0, 1, 1, 1, 1)
  (1, 1, 1, 2, 0, 2, 0, 1, 1)
  (1, 1, 1, 2, 0, 2, 0, 2, 0)
  (1, 1, 1, 2, 0, 4, 0, 0, 0)
  (0, 2, 1, 2, 0, 4, 0, 0, 0)
  (0, 2, 1, 0, 0, 6, 0, 0, 0)
  (0, 3, 0, 0, 0, 6, 0, 0, 0)

Path 1028 (7 moves):
  (1, 1, 1, 1, 1, 1, 1, 1, 1)
  (1, 1, 1, 2, 0, 1, 1, 1, 1)
  (1, 1, 1, 2, 0, 2, 0, 1, 1)
  (1, 1, 1, 2, 0, 2, 0, 2, 0)
  (1, 1, 1, 2, 0, 4, 0, 0, 0)
  (0, 2, 1, 2, 0, 4, 0, 0, 0)
  (0, 6, 1, 2, 0, 0, 0, 0, 0)
  (0, 6, 0, 3, 0, 0, 0, 0, 0)

Path 1029 (7 moves):
  (1, 1, 1, 1, 1, 1, 1, 1, 1)
  (1, 1, 1, 2, 0, 1, 1, 1, 1)
  (1, 1, 1, 2, 0, 2, 0, 1, 1)
  (1, 1, 1, 2, 0, 2, 0, 2, 0)
  (1, 1, 1, 2, 0, 4, 0, 0, 0)
  (1, 0, 2, 2, 0, 4, 0, 0, 0)
  (3, 0, 0, 2, 0, 4, 0, 0, 0)
  (0, 0, 0, 5, 0, 4, 0, 0, 0)

Path 1030 (7 moves):
  (1, 1, 1, 1, 1, 1, 1, 1, 1)
  (1, 1, 1, 2, 0, 1, 1, 1, 1)
  (1, 1, 1, 2, 0, 2, 0, 1, 1)
  (1, 1, 1, 2, 0, 2, 0, 2, 0)
  (1, 1, 1, 2, 0, 4, 0, 0, 0)
  (1, 0, 2, 2, 0, 4, 0, 0, 0)
  (3, 0, 0, 2, 0, 4, 0, 0, 0)
  (3, 0, 0, 0, 0, 6, 0, 0, 0)

Path 1031 (7 moves):
  (1, 1, 1, 1, 1, 1, 1, 1, 1)
  (1, 1, 1, 2, 0, 1, 1, 1, 1)
  (1, 1, 1, 2, 0, 2, 0, 1, 1)
  (1, 1, 1, 2, 0, 2, 0, 2, 0)
  (1, 1, 1, 2, 0, 4, 0, 0, 0)
  (1, 0, 2, 2, 0, 4, 0, 0, 0)
  (1, 0, 2, 0, 0, 6, 0, 0, 0)
  (3, 0, 0, 0, 0, 6, 0, 0, 0)

Path 1032 (7 moves):
  (1, 1, 1, 1, 1, 1, 1, 1, 1)
  (1, 1, 1, 2, 0, 1, 1, 1, 1)
  (1, 1, 1, 2, 0, 1, 0, 2, 1)
  (2, 0, 1, 2, 0, 1, 0, 2, 1)
  (0, 0, 3, 2, 0, 1, 0, 2, 1)
  (0, 0, 0, 2, 0, 4, 0, 2, 1)
  (0, 0, 0, 0, 0, 6, 0, 2, 1)
  (0, 0, 0, 0, 0, 8, 0, 0, 1)

Path 1033 (7 moves):
  (1, 1, 1, 1, 1, 1, 1, 1, 1)
  (1, 1, 1, 2, 0, 1, 1, 1, 1)
  (1, 1, 1, 2, 0, 1, 0, 2, 1)
  (2, 0, 1, 2, 0, 1, 0, 2, 1)
  (0, 0, 3, 2, 0, 1, 0, 2, 1)
  (0, 0, 0, 2, 0, 4, 0, 2, 1)
  (0, 0, 0, 0, 0, 6, 0, 2, 1)
  (0, 0, 0, 0, 0, 6, 0, 3, 0)

Path 1034 (7 moves):
  (1, 1, 1, 1, 1, 1, 1, 1, 1)
  (1, 1, 1, 2, 0, 1, 1, 1, 1)
  (1, 1, 1, 2, 0, 1, 0, 2, 1)
  (2, 0, 1, 2, 0, 1, 0, 2, 1)
  (0, 0, 3, 2, 0, 1, 0, 2, 1)
  (0, 0, 0, 2, 0, 4, 0, 2, 1)
  (0, 0, 0, 2, 0, 6, 0, 0, 1)
  (0, 0, 0, 0, 0, 8, 0, 0, 1)

Path 1035 (7 moves):
  (1, 1, 1, 1, 1, 1, 1, 1, 1)
  (1, 1, 1, 2, 0, 1, 1, 1, 1)
  (1, 1, 1, 2, 0, 1, 0, 2, 1)
  (2, 0, 1, 2, 0, 1, 0, 2, 1)
  (0, 0, 3, 2, 0, 1, 0, 2, 1)
  (0, 0, 0, 2, 0, 4, 0, 2, 1)
  (0, 0, 0, 2, 0, 4, 0, 3, 0)
  (0, 0, 0, 0, 0, 6, 0, 3, 0)

Path 1036 (7 moves):
  (1, 1, 1, 1, 1, 1, 1, 1, 1)
  (1, 1, 1, 2, 0, 1, 1, 1, 1)
  (1, 1, 1, 2, 0, 1, 0, 2, 1)
  (2, 0, 1, 2, 0, 1, 0, 2, 1)
  (0, 0, 3, 2, 0, 1, 0, 2, 1)
  (0, 0, 3, 2, 0, 1, 0, 3, 0)
  (0, 0, 0, 2, 0, 4, 0, 3, 0)
  (0, 0, 0, 0, 0, 6, 0, 3, 0)

Path 1037 (7 moves):
  (1, 1, 1, 1, 1, 1, 1, 1, 1)
  (1, 1, 1, 2, 0, 1, 1, 1, 1)
  (1, 1, 1, 2, 0, 1, 0, 2, 1)
  (2, 0, 1, 2, 0, 1, 0, 2, 1)
  (0, 0, 3, 2, 0, 1, 0, 2, 1)
  (0, 0, 3, 2, 0, 1, 0, 3, 0)
  (0, 0, 3, 0, 0, 3, 0, 3, 0)
  (0, 0, 0, 0, 0, 6, 0, 3, 0)

Path 1038 (7 moves):
  (1, 1, 1, 1, 1, 1, 1, 1, 1)
  (1, 1, 1, 2, 0, 1, 1, 1, 1)
  (1, 1, 1, 2, 0, 1, 0, 2, 1)
  (2, 0, 1, 2, 0, 1, 0, 2, 1)
  (0, 0, 3, 2, 0, 1, 0, 2, 1)
  (0, 0, 3, 2, 0, 1, 0, 3, 0)
  (0, 0, 3, 0, 0, 3, 0, 3, 0)
  (0, 0, 6, 0, 0, 0, 0, 3, 0)

Path 1039 (7 moves):
  (1, 1, 1, 1, 1, 1, 1, 1, 1)
  (1, 1, 1, 2, 0, 1, 1, 1, 1)
  (1, 1, 1, 2, 0, 1, 0, 2, 1)
  (2, 0, 1, 2, 0, 1, 0, 2, 1)
  (2, 0, 0, 3, 0, 1, 0, 2, 1)
  (5, 0, 0, 0, 0, 1, 0, 2, 1)
  (0, 0, 0, 0, 0, 6, 0, 2, 1)
  (0, 0, 0, 0, 0, 8, 0, 0, 1)

Path 1040 (7 moves):
  (1, 1, 1, 1, 1, 1, 1, 1, 1)
  (1, 1, 1, 2, 0, 1, 1, 1, 1)
  (1, 1, 1, 2, 0, 1, 0, 2, 1)
  (2, 0, 1, 2, 0, 1, 0, 2, 1)
  (2, 0, 0, 3, 0, 1, 0, 2, 1)
  (5, 0, 0, 0, 0, 1, 0, 2, 1)
  (0, 0, 0, 0, 0, 6, 0, 2, 1)
  (0, 0, 0, 0, 0, 6, 0, 3, 0)

Path 1041 (7 moves):
  (1, 1, 1, 1, 1, 1, 1, 1, 1)
  (1, 1, 1, 2, 0, 1, 1, 1, 1)
  (1, 1, 1, 2, 0, 1, 0, 2, 1)
  (2, 0, 1, 2, 0, 1, 0, 2, 1)
  (2, 0, 0, 3, 0, 1, 0, 2, 1)
  (5, 0, 0, 0, 0, 1, 0, 2, 1)
  (5, 0, 0, 0, 0, 3, 0, 0, 1)
  (0, 0, 0, 0, 0, 8, 0, 0, 1)

Path 1042 (7 moves):
  (1, 1, 1, 1, 1, 1, 1, 1, 1)
  (1, 1, 1, 2, 0, 1, 1, 1, 1)
  (1, 1, 1, 2, 0, 1, 0, 2, 1)
  (2, 0, 1, 2, 0, 1, 0, 2, 1)
  (2, 0, 0, 3, 0, 1, 0, 2, 1)
  (5, 0, 0, 0, 0, 1, 0, 2, 1)
  (5, 0, 0, 0, 0, 3, 0, 0, 1)
  (5, 0, 0, 0, 0, 0, 0, 0, 4)

Path 1043 (7 moves):
  (1, 1, 1, 1, 1, 1, 1, 1, 1)
  (1, 1, 1, 2, 0, 1, 1, 1, 1)
  (1, 1, 1, 2, 0, 1, 0, 2, 1)
  (2, 0, 1, 2, 0, 1, 0, 2, 1)
  (2, 0, 0, 3, 0, 1, 0, 2, 1)
  (5, 0, 0, 0, 0, 1, 0, 2, 1)
  (5, 0, 0, 0, 0, 1, 0, 3, 0)
  (0, 0, 0, 0, 0, 6, 0, 3, 0)

Path 1044 (7 moves):
  (1, 1, 1, 1, 1, 1, 1, 1, 1)
  (1, 1, 1, 2, 0, 1, 1, 1, 1)
  (1, 1, 1, 2, 0, 1, 0, 2, 1)
  (2, 0, 1, 2, 0, 1, 0, 2, 1)
  (2, 0, 0, 3, 0, 1, 0, 2, 1)
  (2, 0, 0, 3, 0, 3, 0, 0, 1)
  (5, 0, 0, 0, 0, 3, 0, 0, 1)
  (0, 0, 0, 0, 0, 8, 0, 0, 1)

Path 1045 (7 moves):
  (1, 1, 1, 1, 1, 1, 1, 1, 1)
  (1, 1, 1, 2, 0, 1, 1, 1, 1)
  (1, 1, 1, 2, 0, 1, 0, 2, 1)
  (2, 0, 1, 2, 0, 1, 0, 2, 1)
  (2, 0, 0, 3, 0, 1, 0, 2, 1)
  (2, 0, 0, 3, 0, 3, 0, 0, 1)
  (5, 0, 0, 0, 0, 3, 0, 0, 1)
  (5, 0, 0, 0, 0, 0, 0, 0, 4)

Path 1046 (7 moves):
  (1, 1, 1, 1, 1, 1, 1, 1, 1)
  (1, 1, 1, 2, 0, 1, 1, 1, 1)
  (1, 1, 1, 2, 0, 1, 0, 2, 1)
  (2, 0, 1, 2, 0, 1, 0, 2, 1)
  (2, 0, 0, 3, 0, 1, 0, 2, 1)
  (2, 0, 0, 3, 0, 3, 0, 0, 1)
  (2, 0, 0, 3, 0, 0, 0, 0, 4)
  (5, 0, 0, 0, 0, 0, 0, 0, 4)

Path 1047 (7 moves):
  (1, 1, 1, 1, 1, 1, 1, 1, 1)
  (1, 1, 1, 2, 0, 1, 1, 1, 1)
  (1, 1, 1, 2, 0, 1, 0, 2, 1)
  (2, 0, 1, 2, 0, 1, 0, 2, 1)
  (2, 0, 0, 3, 0, 1, 0, 2, 1)
  (2, 0, 0, 3, 0, 1, 0, 3, 0)
  (5, 0, 0, 0, 0, 1, 0, 3, 0)
  (0, 0, 0, 0, 0, 6, 0, 3, 0)

Path 1048 (7 moves):
  (1, 1, 1, 1, 1, 1, 1, 1, 1)
  (1, 1, 1, 2, 0, 1, 1, 1, 1)
  (1, 1, 1, 2, 0, 1, 0, 2, 1)
  (2, 0, 1, 2, 0, 1, 0, 2, 1)
  (2, 0, 1, 0, 0, 3, 0, 2, 1)
  (2, 0, 4, 0, 0, 0, 0, 2, 1)
  (0, 0, 6, 0, 0, 0, 0, 2, 1)
  (0, 0, 0, 0, 0, 0, 0, 2, 7)

Path 1049 (7 moves):
  (1, 1, 1, 1, 1, 1, 1, 1, 1)
  (1, 1, 1, 2, 0, 1, 1, 1, 1)
  (1, 1, 1, 2, 0, 1, 0, 2, 1)
  (2, 0, 1, 2, 0, 1, 0, 2, 1)
  (2, 0, 1, 0, 0, 3, 0, 2, 1)
  (2, 0, 4, 0, 0, 0, 0, 2, 1)
  (0, 0, 6, 0, 0, 0, 0, 2, 1)
  (0, 0, 6, 0, 0, 0, 0, 3, 0)

Path 1050 (7 moves):
  (1, 1, 1, 1, 1, 1, 1, 1, 1)
  (1, 1, 1, 2, 0, 1, 1, 1, 1)
  (1, 1, 1, 2, 0, 1, 0, 2, 1)
  (2, 0, 1, 2, 0, 1, 0, 2, 1)
  (2, 0, 1, 0, 0, 3, 0, 2, 1)
  (2, 0, 4, 0, 0, 0, 0, 2, 1)
  (2, 0, 4, 0, 0, 0, 0, 3, 0)
  (0, 0, 6, 0, 0, 0, 0, 3, 0)

Path 1051 (7 moves):
  (1, 1, 1, 1, 1, 1, 1, 1, 1)
  (1, 1, 1, 2, 0, 1, 1, 1, 1)
  (1, 1, 1, 2, 0, 1, 0, 2, 1)
  (2, 0, 1, 2, 0, 1, 0, 2, 1)
  (2, 0, 1, 0, 0, 3, 0, 2, 1)
  (2, 0, 1, 0, 0, 3, 0, 3, 0)
  (0, 0, 3, 0, 0, 3, 0, 3, 0)
  (0, 0, 0, 0, 0, 6, 0, 3, 0)

Path 1052 (7 moves):
  (1, 1, 1, 1, 1, 1, 1, 1, 1)
  (1, 1, 1, 2, 0, 1, 1, 1, 1)
  (1, 1, 1, 2, 0, 1, 0, 2, 1)
  (2, 0, 1, 2, 0, 1, 0, 2, 1)
  (2, 0, 1, 0, 0, 3, 0, 2, 1)
  (2, 0, 1, 0, 0, 3, 0, 3, 0)
  (0, 0, 3, 0, 0, 3, 0, 3, 0)
  (0, 0, 6, 0, 0, 0, 0, 3, 0)

Path 1053 (7 moves):
  (1, 1, 1, 1, 1, 1, 1, 1, 1)
  (1, 1, 1, 2, 0, 1, 1, 1, 1)
  (1, 1, 1, 2, 0, 1, 0, 2, 1)
  (2, 0, 1, 2, 0, 1, 0, 2, 1)
  (2, 0, 1, 0, 0, 3, 0, 2, 1)
  (2, 0, 1, 0, 0, 3, 0, 3, 0)
  (2, 0, 4, 0, 0, 0, 0, 3, 0)
  (0, 0, 6, 0, 0, 0, 0, 3, 0)

Path 1054 (7 moves):
  (1, 1, 1, 1, 1, 1, 1, 1, 1)
  (1, 1, 1, 2, 0, 1, 1, 1, 1)
  (1, 1, 1, 2, 0, 1, 0, 2, 1)
  (2, 0, 1, 2, 0, 1, 0, 2, 1)
  (2, 0, 1, 2, 0, 3, 0, 0, 1)
  (2, 0, 0, 3, 0, 3, 0, 0, 1)
  (5, 0, 0, 0, 0, 3, 0, 0, 1)
  (0, 0, 0, 0, 0, 8, 0, 0, 1)

Path 1055 (7 moves):
  (1, 1, 1, 1, 1, 1, 1, 1, 1)
  (1, 1, 1, 2, 0, 1, 1, 1, 1)
  (1, 1, 1, 2, 0, 1, 0, 2, 1)
  (2, 0, 1, 2, 0, 1, 0, 2, 1)
  (2, 0, 1, 2, 0, 3, 0, 0, 1)
  (2, 0, 0, 3, 0, 3, 0, 0, 1)
  (5, 0, 0, 0, 0, 3, 0, 0, 1)
  (5, 0, 0, 0, 0, 0, 0, 0, 4)

Path 1056 (7 moves):
  (1, 1, 1, 1, 1, 1, 1, 1, 1)
  (1, 1, 1, 2, 0, 1, 1, 1, 1)
  (1, 1, 1, 2, 0, 1, 0, 2, 1)
  (2, 0, 1, 2, 0, 1, 0, 2, 1)
  (2, 0, 1, 2, 0, 3, 0, 0, 1)
  (2, 0, 0, 3, 0, 3, 0, 0, 1)
  (2, 0, 0, 3, 0, 0, 0, 0, 4)
  (5, 0, 0, 0, 0, 0, 0, 0, 4)

Path 1057 (7 moves):
  (1, 1, 1, 1, 1, 1, 1, 1, 1)
  (1, 1, 1, 2, 0, 1, 1, 1, 1)
  (1, 1, 1, 2, 0, 1, 0, 2, 1)
  (2, 0, 1, 2, 0, 1, 0, 2, 1)
  (2, 0, 1, 2, 0, 3, 0, 0, 1)
  (2, 0, 4, 2, 0, 0, 0, 0, 1)
  (0, 0, 6, 2, 0, 0, 0, 0, 1)
  (0, 0, 0, 2, 0, 0, 0, 0, 7)

Path 1058 (7 moves):
  (1, 1, 1, 1, 1, 1, 1, 1, 1)
  (1, 1, 1, 2, 0, 1, 1, 1, 1)
  (1, 1, 1, 2, 0, 1, 0, 2, 1)
  (2, 0, 1, 2, 0, 1, 0, 2, 1)
  (2, 0, 1, 2, 0, 1, 0, 3, 0)
  (0, 0, 3, 2, 0, 1, 0, 3, 0)
  (0, 0, 0, 2, 0, 4, 0, 3, 0)
  (0, 0, 0, 0, 0, 6, 0, 3, 0)

Path 1059 (7 moves):
  (1, 1, 1, 1, 1, 1, 1, 1, 1)
  (1, 1, 1, 2, 0, 1, 1, 1, 1)
  (1, 1, 1, 2, 0, 1, 0, 2, 1)
  (2, 0, 1, 2, 0, 1, 0, 2, 1)
  (2, 0, 1, 2, 0, 1, 0, 3, 0)
  (0, 0, 3, 2, 0, 1, 0, 3, 0)
  (0, 0, 3, 0, 0, 3, 0, 3, 0)
  (0, 0, 0, 0, 0, 6, 0, 3, 0)

Path 1060 (7 moves):
  (1, 1, 1, 1, 1, 1, 1, 1, 1)
  (1, 1, 1, 2, 0, 1, 1, 1, 1)
  (1, 1, 1, 2, 0, 1, 0, 2, 1)
  (2, 0, 1, 2, 0, 1, 0, 2, 1)
  (2, 0, 1, 2, 0, 1, 0, 3, 0)
  (0, 0, 3, 2, 0, 1, 0, 3, 0)
  (0, 0, 3, 0, 0, 3, 0, 3, 0)
  (0, 0, 6, 0, 0, 0, 0, 3, 0)

Path 1061 (7 moves):
  (1, 1, 1, 1, 1, 1, 1, 1, 1)
  (1, 1, 1, 2, 0, 1, 1, 1, 1)
  (1, 1, 1, 2, 0, 1, 0, 2, 1)
  (2, 0, 1, 2, 0, 1, 0, 2, 1)
  (2, 0, 1, 2, 0, 1, 0, 3, 0)
  (2, 0, 0, 3, 0, 1, 0, 3, 0)
  (5, 0, 0, 0, 0, 1, 0, 3, 0)
  (0, 0, 0, 0, 0, 6, 0, 3, 0)

Path 1062 (7 moves):
  (1, 1, 1, 1, 1, 1, 1, 1, 1)
  (1, 1, 1, 2, 0, 1, 1, 1, 1)
  (1, 1, 1, 2, 0, 1, 0, 2, 1)
  (2, 0, 1, 2, 0, 1, 0, 2, 1)
  (2, 0, 1, 2, 0, 1, 0, 3, 0)
  (2, 0, 1, 0, 0, 3, 0, 3, 0)
  (0, 0, 3, 0, 0, 3, 0, 3, 0)
  (0, 0, 0, 0, 0, 6, 0, 3, 0)

Path 1063 (7 moves):
  (1, 1, 1, 1, 1, 1, 1, 1, 1)
  (1, 1, 1, 2, 0, 1, 1, 1, 1)
  (1, 1, 1, 2, 0, 1, 0, 2, 1)
  (2, 0, 1, 2, 0, 1, 0, 2, 1)
  (2, 0, 1, 2, 0, 1, 0, 3, 0)
  (2, 0, 1, 0, 0, 3, 0, 3, 0)
  (0, 0, 3, 0, 0, 3, 0, 3, 0)
  (0, 0, 6, 0, 0, 0, 0, 3, 0)

Path 1064 (7 moves):
  (1, 1, 1, 1, 1, 1, 1, 1, 1)
  (1, 1, 1, 2, 0, 1, 1, 1, 1)
  (1, 1, 1, 2, 0, 1, 0, 2, 1)
  (2, 0, 1, 2, 0, 1, 0, 2, 1)
  (2, 0, 1, 2, 0, 1, 0, 3, 0)
  (2, 0, 1, 0, 0, 3, 0, 3, 0)
  (2, 0, 4, 0, 0, 0, 0, 3, 0)
  (0, 0, 6, 0, 0, 0, 0, 3, 0)

Path 1065 (7 moves):
  (1, 1, 1, 1, 1, 1, 1, 1, 1)
  (1, 1, 1, 2, 0, 1, 1, 1, 1)
  (1, 1, 1, 2, 0, 1, 2, 0, 1)
  (0, 2, 1, 2, 0, 1, 2, 0, 1)
  (0, 0, 1, 4, 0, 1, 2, 0, 1)
  (0, 0, 0, 5, 0, 1, 2, 0, 1)
  (0, 0, 0, 0, 0, 1, 2, 0, 6)
  (0, 0, 0, 0, 0, 0, 3, 0, 6)

Path 1066 (7 moves):
  (1, 1, 1, 1, 1, 1, 1, 1, 1)
  (1, 1, 1, 2, 0, 1, 1, 1, 1)
  (1, 1, 1, 2, 0, 1, 2, 0, 1)
  (0, 2, 1, 2, 0, 1, 2, 0, 1)
  (0, 0, 1, 4, 0, 1, 2, 0, 1)
  (0, 0, 0, 5, 0, 1, 2, 0, 1)
  (0, 0, 0, 0, 0, 1, 2, 0, 6)
  (0, 0, 0, 0, 0, 1, 0, 0, 8)

Path 1067 (7 moves):
  (1, 1, 1, 1, 1, 1, 1, 1, 1)
  (1, 1, 1, 2, 0, 1, 1, 1, 1)
  (1, 1, 1, 2, 0, 1, 2, 0, 1)
  (0, 2, 1, 2, 0, 1, 2, 0, 1)
  (0, 0, 1, 4, 0, 1, 2, 0, 1)
  (0, 0, 0, 5, 0, 1, 2, 0, 1)
  (0, 0, 0, 5, 0, 0, 3, 0, 1)
  (0, 0, 0, 0, 0, 0, 3, 0, 6)

Path 1068 (7 moves):
  (1, 1, 1, 1, 1, 1, 1, 1, 1)
  (1, 1, 1, 2, 0, 1, 1, 1, 1)
  (1, 1, 1, 2, 0, 1, 2, 0, 1)
  (0, 2, 1, 2, 0, 1, 2, 0, 1)
  (0, 0, 1, 4, 0, 1, 2, 0, 1)
  (0, 0, 0, 5, 0, 1, 2, 0, 1)
  (0, 0, 0, 5, 0, 0, 3, 0, 1)
  (0, 0, 0, 8, 0, 0, 0, 0, 1)

Path 1069 (7 moves):
  (1, 1, 1, 1, 1, 1, 1, 1, 1)
  (1, 1, 1, 2, 0, 1, 1, 1, 1)
  (1, 1, 1, 2, 0, 1, 2, 0, 1)
  (0, 2, 1, 2, 0, 1, 2, 0, 1)
  (0, 0, 1, 4, 0, 1, 2, 0, 1)
  (0, 0, 0, 5, 0, 1, 2, 0, 1)
  (0, 0, 0, 5, 0, 1, 0, 0, 3)
  (0, 0, 0, 0, 0, 1, 0, 0, 8)

Path 1070 (7 moves):
  (1, 1, 1, 1, 1, 1, 1, 1, 1)
  (1, 1, 1, 2, 0, 1, 1, 1, 1)
  (1, 1, 1, 2, 0, 1, 2, 0, 1)
  (0, 2, 1, 2, 0, 1, 2, 0, 1)
  (0, 0, 1, 4, 0, 1, 2, 0, 1)
  (0, 0, 0, 5, 0, 1, 2, 0, 1)
  (0, 0, 0, 5, 0, 1, 0, 0, 3)
  (0, 0, 0, 5, 0, 4, 0, 0, 0)

Path 1071 (7 moves):
  (1, 1, 1, 1, 1, 1, 1, 1, 1)
  (1, 1, 1, 2, 0, 1, 1, 1, 1)
  (1, 1, 1, 2, 0, 1, 2, 0, 1)
  (0, 2, 1, 2, 0, 1, 2, 0, 1)
  (0, 0, 1, 4, 0, 1, 2, 0, 1)
  (0, 0, 1, 4, 0, 0, 3, 0, 1)
  (0, 0, 0, 5, 0, 0, 3, 0, 1)
  (0, 0, 0, 0, 0, 0, 3, 0, 6)

Path 1072 (7 moves):
  (1, 1, 1, 1, 1, 1, 1, 1, 1)
  (1, 1, 1, 2, 0, 1, 1, 1, 1)
  (1, 1, 1, 2, 0, 1, 2, 0, 1)
  (0, 2, 1, 2, 0, 1, 2, 0, 1)
  (0, 0, 1, 4, 0, 1, 2, 0, 1)
  (0, 0, 1, 4, 0, 0, 3, 0, 1)
  (0, 0, 0, 5, 0, 0, 3, 0, 1)
  (0, 0, 0, 8, 0, 0, 0, 0, 1)

Path 1073 (7 moves):
  (1, 1, 1, 1, 1, 1, 1, 1, 1)
  (1, 1, 1, 2, 0, 1, 1, 1, 1)
  (1, 1, 1, 2, 0, 1, 2, 0, 1)
  (0, 2, 1, 2, 0, 1, 2, 0, 1)
  (0, 0, 1, 4, 0, 1, 2, 0, 1)
  (0, 0, 1, 4, 0, 0, 3, 0, 1)
  (0, 0, 1, 7, 0, 0, 0, 0, 1)
  (0, 0, 0, 8, 0, 0, 0, 0, 1)

Path 1074 (7 moves):
  (1, 1, 1, 1, 1, 1, 1, 1, 1)
  (1, 1, 1, 2, 0, 1, 1, 1, 1)
  (1, 1, 1, 2, 0, 1, 2, 0, 1)
  (0, 2, 1, 2, 0, 1, 2, 0, 1)
  (0, 0, 1, 4, 0, 1, 2, 0, 1)
  (0, 0, 1, 4, 0, 1, 0, 0, 3)
  (0, 0, 0, 5, 0, 1, 0, 0, 3)
  (0, 0, 0, 0, 0, 1, 0, 0, 8)

Path 1075 (7 moves):
  (1, 1, 1, 1, 1, 1, 1, 1, 1)
  (1, 1, 1, 2, 0, 1, 1, 1, 1)
  (1, 1, 1, 2, 0, 1, 2, 0, 1)
  (0, 2, 1, 2, 0, 1, 2, 0, 1)
  (0, 0, 1, 4, 0, 1, 2, 0, 1)
  (0, 0, 1, 4, 0, 1, 0, 0, 3)
  (0, 0, 0, 5, 0, 1, 0, 0, 3)
  (0, 0, 0, 5, 0, 4, 0, 0, 0)

Path 1076 (7 moves):
  (1, 1, 1, 1, 1, 1, 1, 1, 1)
  (1, 1, 1, 2, 0, 1, 1, 1, 1)
  (1, 1, 1, 2, 0, 1, 2, 0, 1)
  (0, 2, 1, 2, 0, 1, 2, 0, 1)
  (0, 0, 1, 4, 0, 1, 2, 0, 1)
  (0, 0, 1, 4, 0, 1, 0, 0, 3)
  (0, 0, 1, 4, 0, 4, 0, 0, 0)
  (0, 0, 0, 5, 0, 4, 0, 0, 0)

Path 1077 (7 moves):
  (1, 1, 1, 1, 1, 1, 1, 1, 1)
  (1, 1, 1, 2, 0, 1, 1, 1, 1)
  (1, 1, 1, 2, 0, 1, 2, 0, 1)
  (0, 2, 1, 2, 0, 1, 2, 0, 1)
  (0, 3, 0, 2, 0, 1, 2, 0, 1)
  (0, 3, 0, 0, 0, 3, 2, 0, 1)
  (0, 3, 0, 0, 0, 0, 2, 0, 4)
  (0, 3, 0, 0, 0, 0, 0, 0, 6)

Path 1078 (7 moves):
  (1, 1, 1, 1, 1, 1, 1, 1, 1)
  (1, 1, 1, 2, 0, 1, 1, 1, 1)
  (1, 1, 1, 2, 0, 1, 2, 0, 1)
  (0, 2, 1, 2, 0, 1, 2, 0, 1)
  (0, 3, 0, 2, 0, 1, 2, 0, 1)
  (0, 3, 0, 0, 0, 3, 2, 0, 1)
  (0, 3, 0, 0, 0, 3, 0, 0, 3)
  (0, 3, 0, 0, 0, 0, 0, 0, 6)

Path 1079 (7 moves):
  (1, 1, 1, 1, 1, 1, 1, 1, 1)
  (1, 1, 1, 2, 0, 1, 1, 1, 1)
  (1, 1, 1, 2, 0, 1, 2, 0, 1)
  (0, 2, 1, 2, 0, 1, 2, 0, 1)
  (0, 3, 0, 2, 0, 1, 2, 0, 1)
  (0, 3, 0, 0, 0, 3, 2, 0, 1)
  (0, 3, 0, 0, 0, 3, 0, 0, 3)
  (0, 3, 0, 0, 0, 6, 0, 0, 0)

Path 1080 (7 moves):
  (1, 1, 1, 1, 1, 1, 1, 1, 1)
  (1, 1, 1, 2, 0, 1, 1, 1, 1)
  (1, 1, 1, 2, 0, 1, 2, 0, 1)
  (0, 2, 1, 2, 0, 1, 2, 0, 1)
  (0, 3, 0, 2, 0, 1, 2, 0, 1)
  (0, 3, 0, 2, 0, 0, 3, 0, 1)
  (0, 5, 0, 0, 0, 0, 3, 0, 1)
  (0, 0, 0, 0, 0, 0, 8, 0, 1)

Path 1081 (7 moves):
  (1, 1, 1, 1, 1, 1, 1, 1, 1)
  (1, 1, 1, 2, 0, 1, 1, 1, 1)
  (1, 1, 1, 2, 0, 1, 2, 0, 1)
  (0, 2, 1, 2, 0, 1, 2, 0, 1)
  (0, 3, 0, 2, 0, 1, 2, 0, 1)
  (0, 3, 0, 2, 0, 0, 3, 0, 1)
  (0, 3, 0, 5, 0, 0, 0, 0, 1)
  (0, 3, 0, 0, 0, 0, 0, 0, 6)

Path 1082 (7 moves):
  (1, 1, 1, 1, 1, 1, 1, 1, 1)
  (1, 1, 1, 2, 0, 1, 1, 1, 1)
  (1, 1, 1, 2, 0, 1, 2, 0, 1)
  (0, 2, 1, 2, 0, 1, 2, 0, 1)
  (0, 2, 0, 3, 0, 1, 2, 0, 1)
  (0, 0, 0, 5, 0, 1, 2, 0, 1)
  (0, 0, 0, 0, 0, 1, 2, 0, 6)
  (0, 0, 0, 0, 0, 0, 3, 0, 6)

Path 1083 (7 moves):
  (1, 1, 1, 1, 1, 1, 1, 1, 1)
  (1, 1, 1, 2, 0, 1, 1, 1, 1)
  (1, 1, 1, 2, 0, 1, 2, 0, 1)
  (0, 2, 1, 2, 0, 1, 2, 0, 1)
  (0, 2, 0, 3, 0, 1, 2, 0, 1)
  (0, 0, 0, 5, 0, 1, 2, 0, 1)
  (0, 0, 0, 0, 0, 1, 2, 0, 6)
  (0, 0, 0, 0, 0, 1, 0, 0, 8)

Path 1084 (7 moves):
  (1, 1, 1, 1, 1, 1, 1, 1, 1)
  (1, 1, 1, 2, 0, 1, 1, 1, 1)
  (1, 1, 1, 2, 0, 1, 2, 0, 1)
  (0, 2, 1, 2, 0, 1, 2, 0, 1)
  (0, 2, 0, 3, 0, 1, 2, 0, 1)
  (0, 0, 0, 5, 0, 1, 2, 0, 1)
  (0, 0, 0, 5, 0, 0, 3, 0, 1)
  (0, 0, 0, 0, 0, 0, 3, 0, 6)

Path 1085 (7 moves):
  (1, 1, 1, 1, 1, 1, 1, 1, 1)
  (1, 1, 1, 2, 0, 1, 1, 1, 1)
  (1, 1, 1, 2, 0, 1, 2, 0, 1)
  (0, 2, 1, 2, 0, 1, 2, 0, 1)
  (0, 2, 0, 3, 0, 1, 2, 0, 1)
  (0, 0, 0, 5, 0, 1, 2, 0, 1)
  (0, 0, 0, 5, 0, 0, 3, 0, 1)
  (0, 0, 0, 8, 0, 0, 0, 0, 1)

Path 1086 (7 moves):
  (1, 1, 1, 1, 1, 1, 1, 1, 1)
  (1, 1, 1, 2, 0, 1, 1, 1, 1)
  (1, 1, 1, 2, 0, 1, 2, 0, 1)
  (0, 2, 1, 2, 0, 1, 2, 0, 1)
  (0, 2, 0, 3, 0, 1, 2, 0, 1)
  (0, 0, 0, 5, 0, 1, 2, 0, 1)
  (0, 0, 0, 5, 0, 1, 0, 0, 3)
  (0, 0, 0, 0, 0, 1, 0, 0, 8)

Path 1087 (7 moves):
  (1, 1, 1, 1, 1, 1, 1, 1, 1)
  (1, 1, 1, 2, 0, 1, 1, 1, 1)
  (1, 1, 1, 2, 0, 1, 2, 0, 1)
  (0, 2, 1, 2, 0, 1, 2, 0, 1)
  (0, 2, 0, 3, 0, 1, 2, 0, 1)
  (0, 0, 0, 5, 0, 1, 2, 0, 1)
  (0, 0, 0, 5, 0, 1, 0, 0, 3)
  (0, 0, 0, 5, 0, 4, 0, 0, 0)

Path 1088 (7 moves):
  (1, 1, 1, 1, 1, 1, 1, 1, 1)
  (1, 1, 1, 2, 0, 1, 1, 1, 1)
  (1, 1, 1, 2, 0, 1, 2, 0, 1)
  (0, 2, 1, 2, 0, 1, 2, 0, 1)
  (0, 2, 0, 3, 0, 1, 2, 0, 1)
  (0, 2, 0, 3, 0, 1, 0, 0, 3)
  (0, 0, 0, 5, 0, 1, 0, 0, 3)
  (0, 0, 0, 0, 0, 1, 0, 0, 8)

Path 1089 (7 moves):
  (1, 1, 1, 1, 1, 1, 1, 1, 1)
  (1, 1, 1, 2, 0, 1, 1, 1, 1)
  (1, 1, 1, 2, 0, 1, 2, 0, 1)
  (0, 2, 1, 2, 0, 1, 2, 0, 1)
  (0, 2, 0, 3, 0, 1, 2, 0, 1)
  (0, 2, 0, 3, 0, 1, 0, 0, 3)
  (0, 0, 0, 5, 0, 1, 0, 0, 3)
  (0, 0, 0, 5, 0, 4, 0, 0, 0)

Path 1090 (7 moves):
  (1, 1, 1, 1, 1, 1, 1, 1, 1)
  (1, 1, 1, 2, 0, 1, 1, 1, 1)
  (1, 1, 1, 2, 0, 1, 2, 0, 1)
  (0, 2, 1, 2, 0, 1, 2, 0, 1)
  (0, 2, 0, 3, 0, 1, 2, 0, 1)
  (0, 2, 0, 3, 0, 1, 0, 0, 3)
  (0, 2, 0, 3, 0, 4, 0, 0, 0)
  (0, 0, 0, 5, 0, 4, 0, 0, 0)

Path 1091 (7 moves):
  (1, 1, 1, 1, 1, 1, 1, 1, 1)
  (1, 1, 1, 2, 0, 1, 1, 1, 1)
  (1, 1, 1, 2, 0, 1, 2, 0, 1)
  (0, 2, 1, 2, 0, 1, 2, 0, 1)
  (0, 2, 0, 3, 0, 1, 2, 0, 1)
  (0, 2, 0, 3, 0, 1, 0, 0, 3)
  (0, 2, 0, 3, 0, 4, 0, 0, 0)
  (0, 6, 0, 3, 0, 0, 0, 0, 0)

Path 1092 (7 moves):
  (1, 1, 1, 1, 1, 1, 1, 1, 1)
  (1, 1, 1, 2, 0, 1, 1, 1, 1)
  (1, 1, 1, 2, 0, 1, 2, 0, 1)
  (0, 2, 1, 2, 0, 1, 2, 0, 1)
  (0, 4, 1, 0, 0, 1, 2, 0, 1)
  (0, 0, 1, 0, 0, 5, 2, 0, 1)
  (0, 0, 1, 0, 0, 5, 0, 0, 3)
  (0, 0, 1, 0, 0, 8, 0, 0, 0)

Path 1093 (7 moves):
  (1, 1, 1, 1, 1, 1, 1, 1, 1)
  (1, 1, 1, 2, 0, 1, 1, 1, 1)
  (1, 1, 1, 2, 0, 1, 2, 0, 1)
  (0, 2, 1, 2, 0, 1, 2, 0, 1)
  (0, 4, 1, 0, 0, 1, 2, 0, 1)
  (0, 4, 1, 0, 0, 0, 3, 0, 1)
  (0, 5, 0, 0, 0, 0, 3, 0, 1)
  (0, 0, 0, 0, 0, 0, 8, 0, 1)

Path 1094 (7 moves):
  (1, 1, 1, 1, 1, 1, 1, 1, 1)
  (1, 1, 1, 2, 0, 1, 1, 1, 1)
  (1, 1, 1, 2, 0, 1, 2, 0, 1)
  (0, 2, 1, 2, 0, 1, 2, 0, 1)
  (0, 2, 1, 0, 0, 3, 2, 0, 1)
  (0, 3, 0, 0, 0, 3, 2, 0, 1)
  (0, 3, 0, 0, 0, 0, 2, 0, 4)
  (0, 3, 0, 0, 0, 0, 0, 0, 6)

Path 1095 (7 moves):
  (1, 1, 1, 1, 1, 1, 1, 1, 1)
  (1, 1, 1, 2, 0, 1, 1, 1, 1)
  (1, 1, 1, 2, 0, 1, 2, 0, 1)
  (0, 2, 1, 2, 0, 1, 2, 0, 1)
  (0, 2, 1, 0, 0, 3, 2, 0, 1)
  (0, 3, 0, 0, 0, 3, 2, 0, 1)
  (0, 3, 0, 0, 0, 3, 0, 0, 3)
  (0, 3, 0, 0, 0, 0, 0, 0, 6)

Path 1096 (7 moves):
  (1, 1, 1, 1, 1, 1, 1, 1, 1)
  (1, 1, 1, 2, 0, 1, 1, 1, 1)
  (1, 1, 1, 2, 0, 1, 2, 0, 1)
  (0, 2, 1, 2, 0, 1, 2, 0, 1)
  (0, 2, 1, 0, 0, 3, 2, 0, 1)
  (0, 3, 0, 0, 0, 3, 2, 0, 1)
  (0, 3, 0, 0, 0, 3, 0, 0, 3)
  (0, 3, 0, 0, 0, 6, 0, 0, 0)

Path 1097 (7 moves):
  (1, 1, 1, 1, 1, 1, 1, 1, 1)
  (1, 1, 1, 2, 0, 1, 1, 1, 1)
  (1, 1, 1, 2, 0, 1, 2, 0, 1)
  (0, 2, 1, 2, 0, 1, 2, 0, 1)
  (0, 2, 1, 0, 0, 3, 2, 0, 1)
  (0, 2, 1, 0, 0, 0, 2, 0, 4)
  (0, 3, 0, 0, 0, 0, 2, 0, 4)
  (0, 3, 0, 0, 0, 0, 0, 0, 6)

Path 1098 (7 moves):
  (1, 1, 1, 1, 1, 1, 1, 1, 1)
  (1, 1, 1, 2, 0, 1, 1, 1, 1)
  (1, 1, 1, 2, 0, 1, 2, 0, 1)
  (0, 2, 1, 2, 0, 1, 2, 0, 1)
  (0, 2, 1, 0, 0, 3, 2, 0, 1)
  (0, 2, 1, 0, 0, 0, 2, 0, 4)
  (0, 2, 1, 0, 0, 0, 0, 0, 6)
  (0, 3, 0, 0, 0, 0, 0, 0, 6)

Path 1099 (7 moves):
  (1, 1, 1, 1, 1, 1, 1, 1, 1)
  (1, 1, 1, 2, 0, 1, 1, 1, 1)
  (1, 1, 1, 2, 0, 1, 2, 0, 1)
  (0, 2, 1, 2, 0, 1, 2, 0, 1)
  (0, 2, 1, 0, 0, 3, 2, 0, 1)
  (0, 2, 1, 0, 0, 0, 2, 0, 4)
  (0, 2, 1, 0, 0, 0, 0, 0, 6)
  (0, 2, 7, 0, 0, 0, 0, 0, 0)

Path 1100 (7 moves):
  (1, 1, 1, 1, 1, 1, 1, 1, 1)
  (1, 1, 1, 2, 0, 1, 1, 1, 1)
  (1, 1, 1, 2, 0, 1, 2, 0, 1)
  (0, 2, 1, 2, 0, 1, 2, 0, 1)
  (0, 2, 1, 2, 0, 0, 3, 0, 1)
  (0, 0, 1, 4, 0, 0, 3, 0, 1)
  (0, 0, 0, 5, 0, 0, 3, 0, 1)
  (0, 0, 0, 0, 0, 0, 3, 0, 6)

Path 1101 (7 moves):
  (1, 1, 1, 1, 1, 1, 1, 1, 1)
  (1, 1, 1, 2, 0, 1, 1, 1, 1)
  (1, 1, 1, 2, 0, 1, 2, 0, 1)
  (0, 2, 1, 2, 0, 1, 2, 0, 1)
  (0, 2, 1, 2, 0, 0, 3, 0, 1)
  (0, 0, 1, 4, 0, 0, 3, 0, 1)
  (0, 0, 0, 5, 0, 0, 3, 0, 1)
  (0, 0, 0, 8, 0, 0, 0, 0, 1)

Path 1102 (7 moves):
  (1, 1, 1, 1, 1, 1, 1, 1, 1)
  (1, 1, 1, 2, 0, 1, 1, 1, 1)
  (1, 1, 1, 2, 0, 1, 2, 0, 1)
  (0, 2, 1, 2, 0, 1, 2, 0, 1)
  (0, 2, 1, 2, 0, 0, 3, 0, 1)
  (0, 0, 1, 4, 0, 0, 3, 0, 1)
  (0, 0, 1, 7, 0, 0, 0, 0, 1)
  (0, 0, 0, 8, 0, 0, 0, 0, 1)

Path 1103 (7 moves):
  (1, 1, 1, 1, 1, 1, 1, 1, 1)
  (1, 1, 1, 2, 0, 1, 1, 1, 1)
  (1, 1, 1, 2, 0, 1, 2, 0, 1)
  (0, 2, 1, 2, 0, 1, 2, 0, 1)
  (0, 2, 1, 2, 0, 0, 3, 0, 1)
  (0, 3, 0, 2, 0, 0, 3, 0, 1)
  (0, 5, 0, 0, 0, 0, 3, 0, 1)
  (0, 0, 0, 0, 0, 0, 8, 0, 1)

Path 1104 (7 moves):
  (1, 1, 1, 1, 1, 1, 1, 1, 1)
  (1, 1, 1, 2, 0, 1, 1, 1, 1)
  (1, 1, 1, 2, 0, 1, 2, 0, 1)
  (0, 2, 1, 2, 0, 1, 2, 0, 1)
  (0, 2, 1, 2, 0, 0, 3, 0, 1)
  (0, 3, 0, 2, 0, 0, 3, 0, 1)
  (0, 3, 0, 5, 0, 0, 0, 0, 1)
  (0, 3, 0, 0, 0, 0, 0, 0, 6)

Path 1105 (7 moves):
  (1, 1, 1, 1, 1, 1, 1, 1, 1)
  (1, 1, 1, 2, 0, 1, 1, 1, 1)
  (1, 1, 1, 2, 0, 1, 2, 0, 1)
  (0, 2, 1, 2, 0, 1, 2, 0, 1)
  (0, 2, 1, 2, 0, 0, 3, 0, 1)
  (0, 4, 1, 0, 0, 0, 3, 0, 1)
  (0, 5, 0, 0, 0, 0, 3, 0, 1)
  (0, 0, 0, 0, 0, 0, 8, 0, 1)

Path 1106 (7 moves):
  (1, 1, 1, 1, 1, 1, 1, 1, 1)
  (1, 1, 1, 2, 0, 1, 1, 1, 1)
  (1, 1, 1, 2, 0, 1, 2, 0, 1)
  (0, 2, 1, 2, 0, 1, 2, 0, 1)
  (0, 2, 1, 2, 0, 0, 3, 0, 1)
  (0, 2, 1, 5, 0, 0, 0, 0, 1)
  (0, 0, 1, 7, 0, 0, 0, 0, 1)
  (0, 0, 0, 8, 0, 0, 0, 0, 1)

Path 1107 (7 moves):
  (1, 1, 1, 1, 1, 1, 1, 1, 1)
  (1, 1, 1, 2, 0, 1, 1, 1, 1)
  (1, 1, 1, 2, 0, 1, 2, 0, 1)
  (0, 2, 1, 2, 0, 1, 2, 0, 1)
  (0, 2, 1, 2, 0, 0, 3, 0, 1)
  (0, 2, 1, 5, 0, 0, 0, 0, 1)
  (0, 3, 0, 5, 0, 0, 0, 0, 1)
  (0, 3, 0, 0, 0, 0, 0, 0, 6)

Path 1108 (7 moves):
  (1, 1, 1, 1, 1, 1, 1, 1, 1)
  (1, 1, 1, 2, 0, 1, 1, 1, 1)
  (1, 1, 1, 2, 0, 1, 2, 0, 1)
  (0, 2, 1, 2, 0, 1, 2, 0, 1)
  (0, 2, 1, 2, 0, 0, 3, 0, 1)
  (0, 2, 1, 5, 0, 0, 0, 0, 1)
  (0, 2, 0, 6, 0, 0, 0, 0, 1)
  (0, 0, 0, 8, 0, 0, 0, 0, 1)

Path 1109 (7 moves):
  (1, 1, 1, 1, 1, 1, 1, 1, 1)
  (1, 1, 1, 2, 0, 1, 1, 1, 1)
  (1, 1, 1, 2, 0, 1, 2, 0, 1)
  (0, 2, 1, 2, 0, 1, 2, 0, 1)
  (0, 2, 1, 2, 0, 0, 3, 0, 1)
  (0, 2, 1, 5, 0, 0, 0, 0, 1)
  (0, 2, 1, 0, 0, 0, 0, 0, 6)
  (0, 3, 0, 0, 0, 0, 0, 0, 6)

Path 1110 (7 moves):
  (1, 1, 1, 1, 1, 1, 1, 1, 1)
  (1, 1, 1, 2, 0, 1, 1, 1, 1)
  (1, 1, 1, 2, 0, 1, 2, 0, 1)
  (0, 2, 1, 2, 0, 1, 2, 0, 1)
  (0, 2, 1, 2, 0, 0, 3, 0, 1)
  (0, 2, 1, 5, 0, 0, 0, 0, 1)
  (0, 2, 1, 0, 0, 0, 0, 0, 6)
  (0, 2, 7, 0, 0, 0, 0, 0, 0)

Path 1111 (7 moves):
  (1, 1, 1, 1, 1, 1, 1, 1, 1)
  (1, 1, 1, 2, 0, 1, 1, 1, 1)
  (1, 1, 1, 2, 0, 1, 2, 0, 1)
  (0, 2, 1, 2, 0, 1, 2, 0, 1)
  (0, 2, 1, 2, 0, 1, 0, 0, 3)
  (0, 0, 1, 4, 0, 1, 0, 0, 3)
  (0, 0, 0, 5, 0, 1, 0, 0, 3)
  (0, 0, 0, 0, 0, 1, 0, 0, 8)

Path 1112 (7 moves):
  (1, 1, 1, 1, 1, 1, 1, 1, 1)
  (1, 1, 1, 2, 0, 1, 1, 1, 1)
  (1, 1, 1, 2, 0, 1, 2, 0, 1)
  (0, 2, 1, 2, 0, 1, 2, 0, 1)
  (0, 2, 1, 2, 0, 1, 0, 0, 3)
  (0, 0, 1, 4, 0, 1, 0, 0, 3)
  (0, 0, 0, 5, 0, 1, 0, 0, 3)
  (0, 0, 0, 5, 0, 4, 0, 0, 0)

Path 1113 (7 moves):
  (1, 1, 1, 1, 1, 1, 1, 1, 1)
  (1, 1, 1, 2, 0, 1, 1, 1, 1)
  (1, 1, 1, 2, 0, 1, 2, 0, 1)
  (0, 2, 1, 2, 0, 1, 2, 0, 1)
  (0, 2, 1, 2, 0, 1, 0, 0, 3)
  (0, 0, 1, 4, 0, 1, 0, 0, 3)
  (0, 0, 1, 4, 0, 4, 0, 0, 0)
  (0, 0, 0, 5, 0, 4, 0, 0, 0)

Path 1114 (7 moves):
  (1, 1, 1, 1, 1, 1, 1, 1, 1)
  (1, 1, 1, 2, 0, 1, 1, 1, 1)
  (1, 1, 1, 2, 0, 1, 2, 0, 1)
  (0, 2, 1, 2, 0, 1, 2, 0, 1)
  (0, 2, 1, 2, 0, 1, 0, 0, 3)
  (0, 2, 0, 3, 0, 1, 0, 0, 3)
  (0, 0, 0, 5, 0, 1, 0, 0, 3)
  (0, 0, 0, 0, 0, 1, 0, 0, 8)

Path 1115 (7 moves):
  (1, 1, 1, 1, 1, 1, 1, 1, 1)
  (1, 1, 1, 2, 0, 1, 1, 1, 1)
  (1, 1, 1, 2, 0, 1, 2, 0, 1)
  (0, 2, 1, 2, 0, 1, 2, 0, 1)
  (0, 2, 1, 2, 0, 1, 0, 0, 3)
  (0, 2, 0, 3, 0, 1, 0, 0, 3)
  (0, 0, 0, 5, 0, 1, 0, 0, 3)
  (0, 0, 0, 5, 0, 4, 0, 0, 0)

Path 1116 (7 moves):
  (1, 1, 1, 1, 1, 1, 1, 1, 1)
  (1, 1, 1, 2, 0, 1, 1, 1, 1)
  (1, 1, 1, 2, 0, 1, 2, 0, 1)
  (0, 2, 1, 2, 0, 1, 2, 0, 1)
  (0, 2, 1, 2, 0, 1, 0, 0, 3)
  (0, 2, 0, 3, 0, 1, 0, 0, 3)
  (0, 2, 0, 3, 0, 4, 0, 0, 0)
  (0, 0, 0, 5, 0, 4, 0, 0, 0)

Path 1117 (7 moves):
  (1, 1, 1, 1, 1, 1, 1, 1, 1)
  (1, 1, 1, 2, 0, 1, 1, 1, 1)
  (1, 1, 1, 2, 0, 1, 2, 0, 1)
  (0, 2, 1, 2, 0, 1, 2, 0, 1)
  (0, 2, 1, 2, 0, 1, 0, 0, 3)
  (0, 2, 0, 3, 0, 1, 0, 0, 3)
  (0, 2, 0, 3, 0, 4, 0, 0, 0)
  (0, 6, 0, 3, 0, 0, 0, 0, 0)

Path 1118 (7 moves):
  (1, 1, 1, 1, 1, 1, 1, 1, 1)
  (1, 1, 1, 2, 0, 1, 1, 1, 1)
  (1, 1, 1, 2, 0, 1, 2, 0, 1)
  (0, 2, 1, 2, 0, 1, 2, 0, 1)
  (0, 2, 1, 2, 0, 1, 0, 0, 3)
  (0, 2, 1, 2, 0, 4, 0, 0, 0)
  (0, 0, 1, 4, 0, 4, 0, 0, 0)
  (0, 0, 0, 5, 0, 4, 0, 0, 0)

Path 1119 (7 moves):
  (1, 1, 1, 1, 1, 1, 1, 1, 1)
  (1, 1, 1, 2, 0, 1, 1, 1, 1)
  (1, 1, 1, 2, 0, 1, 2, 0, 1)
  (0, 2, 1, 2, 0, 1, 2, 0, 1)
  (0, 2, 1, 2, 0, 1, 0, 0, 3)
  (0, 2, 1, 2, 0, 4, 0, 0, 0)
  (0, 3, 0, 2, 0, 4, 0, 0, 0)
  (0, 3, 0, 0, 0, 6, 0, 0, 0)

Path 1120 (7 moves):
  (1, 1, 1, 1, 1, 1, 1, 1, 1)
  (1, 1, 1, 2, 0, 1, 1, 1, 1)
  (1, 1, 1, 2, 0, 1, 2, 0, 1)
  (0, 2, 1, 2, 0, 1, 2, 0, 1)
  (0, 2, 1, 2, 0, 1, 0, 0, 3)
  (0, 2, 1, 2, 0, 4, 0, 0, 0)
  (0, 2, 0, 3, 0, 4, 0, 0, 0)
  (0, 0, 0, 5, 0, 4, 0, 0, 0)

Path 1121 (7 moves):
  (1, 1, 1, 1, 1, 1, 1, 1, 1)
  (1, 1, 1, 2, 0, 1, 1, 1, 1)
  (1, 1, 1, 2, 0, 1, 2, 0, 1)
  (0, 2, 1, 2, 0, 1, 2, 0, 1)
  (0, 2, 1, 2, 0, 1, 0, 0, 3)
  (0, 2, 1, 2, 0, 4, 0, 0, 0)
  (0, 2, 0, 3, 0, 4, 0, 0, 0)
  (0, 6, 0, 3, 0, 0, 0, 0, 0)

Path 1122 (7 moves):
  (1, 1, 1, 1, 1, 1, 1, 1, 1)
  (1, 1, 1, 2, 0, 1, 1, 1, 1)
  (1, 1, 1, 2, 0, 1, 2, 0, 1)
  (0, 2, 1, 2, 0, 1, 2, 0, 1)
  (0, 2, 1, 2, 0, 1, 0, 0, 3)
  (0, 2, 1, 2, 0, 4, 0, 0, 0)
  (0, 4, 1, 0, 0, 4, 0, 0, 0)
  (0, 0, 1, 0, 0, 8, 0, 0, 0)

Path 1123 (7 moves):
  (1, 1, 1, 1, 1, 1, 1, 1, 1)
  (1, 1, 1, 2, 0, 1, 1, 1, 1)
  (1, 1, 1, 2, 0, 1, 2, 0, 1)
  (0, 2, 1, 2, 0, 1, 2, 0, 1)
  (0, 2, 1, 2, 0, 1, 0, 0, 3)
  (0, 2, 1, 2, 0, 4, 0, 0, 0)
  (0, 2, 1, 0, 0, 6, 0, 0, 0)
  (0, 3, 0, 0, 0, 6, 0, 0, 0)

Path 1124 (7 moves):
  (1, 1, 1, 1, 1, 1, 1, 1, 1)
  (1, 1, 1, 2, 0, 1, 1, 1, 1)
  (1, 1, 1, 2, 0, 1, 2, 0, 1)
  (0, 2, 1, 2, 0, 1, 2, 0, 1)
  (0, 2, 1, 2, 0, 1, 0, 0, 3)
  (0, 2, 1, 2, 0, 4, 0, 0, 0)
  (0, 6, 1, 2, 0, 0, 0, 0, 0)
  (0, 6, 0, 3, 0, 0, 0, 0, 0)

Path 1125 (7 moves):
  (1, 1, 1, 1, 1, 1, 1, 1, 1)
  (1, 1, 1, 2, 0, 1, 1, 1, 1)
  (1, 1, 1, 2, 0, 1, 2, 0, 1)
  (1, 0, 2, 2, 0, 1, 2, 0, 1)
  (3, 0, 0, 2, 0, 1, 2, 0, 1)
  (0, 0, 0, 5, 0, 1, 2, 0, 1)
  (0, 0, 0, 0, 0, 1, 2, 0, 6)
  (0, 0, 0, 0, 0, 0, 3, 0, 6)

Path 1126 (7 moves):
  (1, 1, 1, 1, 1, 1, 1, 1, 1)
  (1, 1, 1, 2, 0, 1, 1, 1, 1)
  (1, 1, 1, 2, 0, 1, 2, 0, 1)
  (1, 0, 2, 2, 0, 1, 2, 0, 1)
  (3, 0, 0, 2, 0, 1, 2, 0, 1)
  (0, 0, 0, 5, 0, 1, 2, 0, 1)
  (0, 0, 0, 0, 0, 1, 2, 0, 6)
  (0, 0, 0, 0, 0, 1, 0, 0, 8)

Path 1127 (7 moves):
  (1, 1, 1, 1, 1, 1, 1, 1, 1)
  (1, 1, 1, 2, 0, 1, 1, 1, 1)
  (1, 1, 1, 2, 0, 1, 2, 0, 1)
  (1, 0, 2, 2, 0, 1, 2, 0, 1)
  (3, 0, 0, 2, 0, 1, 2, 0, 1)
  (0, 0, 0, 5, 0, 1, 2, 0, 1)
  (0, 0, 0, 5, 0, 0, 3, 0, 1)
  (0, 0, 0, 0, 0, 0, 3, 0, 6)

Path 1128 (7 moves):
  (1, 1, 1, 1, 1, 1, 1, 1, 1)
  (1, 1, 1, 2, 0, 1, 1, 1, 1)
  (1, 1, 1, 2, 0, 1, 2, 0, 1)
  (1, 0, 2, 2, 0, 1, 2, 0, 1)
  (3, 0, 0, 2, 0, 1, 2, 0, 1)
  (0, 0, 0, 5, 0, 1, 2, 0, 1)
  (0, 0, 0, 5, 0, 0, 3, 0, 1)
  (0, 0, 0, 8, 0, 0, 0, 0, 1)

Path 1129 (7 moves):
  (1, 1, 1, 1, 1, 1, 1, 1, 1)
  (1, 1, 1, 2, 0, 1, 1, 1, 1)
  (1, 1, 1, 2, 0, 1, 2, 0, 1)
  (1, 0, 2, 2, 0, 1, 2, 0, 1)
  (3, 0, 0, 2, 0, 1, 2, 0, 1)
  (0, 0, 0, 5, 0, 1, 2, 0, 1)
  (0, 0, 0, 5, 0, 1, 0, 0, 3)
  (0, 0, 0, 0, 0, 1, 0, 0, 8)

Path 1130 (7 moves):
  (1, 1, 1, 1, 1, 1, 1, 1, 1)
  (1, 1, 1, 2, 0, 1, 1, 1, 1)
  (1, 1, 1, 2, 0, 1, 2, 0, 1)
  (1, 0, 2, 2, 0, 1, 2, 0, 1)
  (3, 0, 0, 2, 0, 1, 2, 0, 1)
  (0, 0, 0, 5, 0, 1, 2, 0, 1)
  (0, 0, 0, 5, 0, 1, 0, 0, 3)
  (0, 0, 0, 5, 0, 4, 0, 0, 0)

Path 1131 (7 moves):
  (1, 1, 1, 1, 1, 1, 1, 1, 1)
  (1, 1, 1, 2, 0, 1, 1, 1, 1)
  (1, 1, 1, 2, 0, 1, 2, 0, 1)
  (1, 0, 2, 2, 0, 1, 2, 0, 1)
  (3, 0, 0, 2, 0, 1, 2, 0, 1)
  (3, 0, 0, 0, 0, 3, 2, 0, 1)
  (3, 0, 0, 0, 0, 0, 2, 0, 4)
  (3, 0, 0, 0, 0, 0, 0, 0, 6)

Path 1132 (7 moves):
  (1, 1, 1, 1, 1, 1, 1, 1, 1)
  (1, 1, 1, 2, 0, 1, 1, 1, 1)
  (1, 1, 1, 2, 0, 1, 2, 0, 1)
  (1, 0, 2, 2, 0, 1, 2, 0, 1)
  (3, 0, 0, 2, 0, 1, 2, 0, 1)
  (3, 0, 0, 0, 0, 3, 2, 0, 1)
  (3, 0, 0, 0, 0, 3, 0, 0, 3)
  (3, 0, 0, 0, 0, 0, 0, 0, 6)

Path 1133 (7 moves):
  (1, 1, 1, 1, 1, 1, 1, 1, 1)
  (1, 1, 1, 2, 0, 1, 1, 1, 1)
  (1, 1, 1, 2, 0, 1, 2, 0, 1)
  (1, 0, 2, 2, 0, 1, 2, 0, 1)
  (3, 0, 0, 2, 0, 1, 2, 0, 1)
  (3, 0, 0, 0, 0, 3, 2, 0, 1)
  (3, 0, 0, 0, 0, 3, 0, 0, 3)
  (3, 0, 0, 0, 0, 6, 0, 0, 0)

Path 1134 (7 moves):
  (1, 1, 1, 1, 1, 1, 1, 1, 1)
  (1, 1, 1, 2, 0, 1, 1, 1, 1)
  (1, 1, 1, 2, 0, 1, 2, 0, 1)
  (1, 0, 2, 2, 0, 1, 2, 0, 1)
  (3, 0, 0, 2, 0, 1, 2, 0, 1)
  (3, 0, 0, 2, 0, 0, 3, 0, 1)
  (0, 0, 0, 5, 0, 0, 3, 0, 1)
  (0, 0, 0, 0, 0, 0, 3, 0, 6)

Path 1135 (7 moves):
  (1, 1, 1, 1, 1, 1, 1, 1, 1)
  (1, 1, 1, 2, 0, 1, 1, 1, 1)
  (1, 1, 1, 2, 0, 1, 2, 0, 1)
  (1, 0, 2, 2, 0, 1, 2, 0, 1)
  (3, 0, 0, 2, 0, 1, 2, 0, 1)
  (3, 0, 0, 2, 0, 0, 3, 0, 1)
  (0, 0, 0, 5, 0, 0, 3, 0, 1)
  (0, 0, 0, 8, 0, 0, 0, 0, 1)

Path 1136 (7 moves):
  (1, 1, 1, 1, 1, 1, 1, 1, 1)
  (1, 1, 1, 2, 0, 1, 1, 1, 1)
  (1, 1, 1, 2, 0, 1, 2, 0, 1)
  (1, 0, 2, 2, 0, 1, 2, 0, 1)
  (3, 0, 0, 2, 0, 1, 2, 0, 1)
  (3, 0, 0, 2, 0, 0, 3, 0, 1)
  (3, 0, 0, 5, 0, 0, 0, 0, 1)
  (0, 0, 0, 8, 0, 0, 0, 0, 1)

Path 1137 (7 moves):
  (1, 1, 1, 1, 1, 1, 1, 1, 1)
  (1, 1, 1, 2, 0, 1, 1, 1, 1)
  (1, 1, 1, 2, 0, 1, 2, 0, 1)
  (1, 0, 2, 2, 0, 1, 2, 0, 1)
  (3, 0, 0, 2, 0, 1, 2, 0, 1)
  (3, 0, 0, 2, 0, 0, 3, 0, 1)
  (3, 0, 0, 5, 0, 0, 0, 0, 1)
  (3, 0, 0, 0, 0, 0, 0, 0, 6)

Path 1138 (7 moves):
  (1, 1, 1, 1, 1, 1, 1, 1, 1)
  (1, 1, 1, 2, 0, 1, 1, 1, 1)
  (1, 1, 1, 2, 0, 1, 2, 0, 1)
  (1, 0, 2, 2, 0, 1, 2, 0, 1)
  (3, 0, 0, 2, 0, 1, 2, 0, 1)
  (3, 0, 0, 2, 0, 1, 0, 0, 3)
  (0, 0, 0, 5, 0, 1, 0, 0, 3)
  (0, 0, 0, 0, 0, 1, 0, 0, 8)

Path 1139 (7 moves):
  (1, 1, 1, 1, 1, 1, 1, 1, 1)
  (1, 1, 1, 2, 0, 1, 1, 1, 1)
  (1, 1, 1, 2, 0, 1, 2, 0, 1)
  (1, 0, 2, 2, 0, 1, 2, 0, 1)
  (3, 0, 0, 2, 0, 1, 2, 0, 1)
  (3, 0, 0, 2, 0, 1, 0, 0, 3)
  (0, 0, 0, 5, 0, 1, 0, 0, 3)
  (0, 0, 0, 5, 0, 4, 0, 0, 0)

Path 1140 (7 moves):
  (1, 1, 1, 1, 1, 1, 1, 1, 1)
  (1, 1, 1, 2, 0, 1, 1, 1, 1)
  (1, 1, 1, 2, 0, 1, 2, 0, 1)
  (1, 0, 2, 2, 0, 1, 2, 0, 1)
  (3, 0, 0, 2, 0, 1, 2, 0, 1)
  (3, 0, 0, 2, 0, 1, 0, 0, 3)
  (3, 0, 0, 0, 0, 3, 0, 0, 3)
  (3, 0, 0, 0, 0, 0, 0, 0, 6)

Path 1141 (7 moves):
  (1, 1, 1, 1, 1, 1, 1, 1, 1)
  (1, 1, 1, 2, 0, 1, 1, 1, 1)
  (1, 1, 1, 2, 0, 1, 2, 0, 1)
  (1, 0, 2, 2, 0, 1, 2, 0, 1)
  (3, 0, 0, 2, 0, 1, 2, 0, 1)
  (3, 0, 0, 2, 0, 1, 0, 0, 3)
  (3, 0, 0, 0, 0, 3, 0, 0, 3)
  (3, 0, 0, 0, 0, 6, 0, 0, 0)

Path 1142 (7 moves):
  (1, 1, 1, 1, 1, 1, 1, 1, 1)
  (1, 1, 1, 2, 0, 1, 1, 1, 1)
  (1, 1, 1, 2, 0, 1, 2, 0, 1)
  (1, 0, 2, 2, 0, 1, 2, 0, 1)
  (3, 0, 0, 2, 0, 1, 2, 0, 1)
  (3, 0, 0, 2, 0, 1, 0, 0, 3)
  (3, 0, 0, 2, 0, 4, 0, 0, 0)
  (0, 0, 0, 5, 0, 4, 0, 0, 0)

Path 1143 (7 moves):
  (1, 1, 1, 1, 1, 1, 1, 1, 1)
  (1, 1, 1, 2, 0, 1, 1, 1, 1)
  (1, 1, 1, 2, 0, 1, 2, 0, 1)
  (1, 0, 2, 2, 0, 1, 2, 0, 1)
  (3, 0, 0, 2, 0, 1, 2, 0, 1)
  (3, 0, 0, 2, 0, 1, 0, 0, 3)
  (3, 0, 0, 2, 0, 4, 0, 0, 0)
  (3, 0, 0, 0, 0, 6, 0, 0, 0)

Path 1144 (7 moves):
  (1, 1, 1, 1, 1, 1, 1, 1, 1)
  (1, 1, 1, 2, 0, 1, 1, 1, 1)
  (1, 1, 1, 2, 0, 1, 2, 0, 1)
  (1, 0, 2, 2, 0, 1, 2, 0, 1)
  (1, 0, 2, 0, 0, 3, 2, 0, 1)
  (3, 0, 0, 0, 0, 3, 2, 0, 1)
  (3, 0, 0, 0, 0, 0, 2, 0, 4)
  (3, 0, 0, 0, 0, 0, 0, 0, 6)

Path 1145 (7 moves):
  (1, 1, 1, 1, 1, 1, 1, 1, 1)
  (1, 1, 1, 2, 0, 1, 1, 1, 1)
  (1, 1, 1, 2, 0, 1, 2, 0, 1)
  (1, 0, 2, 2, 0, 1, 2, 0, 1)
  (1, 0, 2, 0, 0, 3, 2, 0, 1)
  (3, 0, 0, 0, 0, 3, 2, 0, 1)
  (3, 0, 0, 0, 0, 3, 0, 0, 3)
  (3, 0, 0, 0, 0, 0, 0, 0, 6)

Path 1146 (7 moves):
  (1, 1, 1, 1, 1, 1, 1, 1, 1)
  (1, 1, 1, 2, 0, 1, 1, 1, 1)
  (1, 1, 1, 2, 0, 1, 2, 0, 1)
  (1, 0, 2, 2, 0, 1, 2, 0, 1)
  (1, 0, 2, 0, 0, 3, 2, 0, 1)
  (3, 0, 0, 0, 0, 3, 2, 0, 1)
  (3, 0, 0, 0, 0, 3, 0, 0, 3)
  (3, 0, 0, 0, 0, 6, 0, 0, 0)

Path 1147 (7 moves):
  (1, 1, 1, 1, 1, 1, 1, 1, 1)
  (1, 1, 1, 2, 0, 1, 1, 1, 1)
  (1, 1, 1, 2, 0, 1, 2, 0, 1)
  (1, 0, 2, 2, 0, 1, 2, 0, 1)
  (1, 0, 2, 0, 0, 3, 2, 0, 1)
  (1, 0, 2, 0, 0, 0, 2, 0, 4)
  (3, 0, 0, 0, 0, 0, 2, 0, 4)
  (3, 0, 0, 0, 0, 0, 0, 0, 6)

Path 1148 (7 moves):
  (1, 1, 1, 1, 1, 1, 1, 1, 1)
  (1, 1, 1, 2, 0, 1, 1, 1, 1)
  (1, 1, 1, 2, 0, 1, 2, 0, 1)
  (1, 0, 2, 2, 0, 1, 2, 0, 1)
  (1, 0, 2, 0, 0, 3, 2, 0, 1)
  (1, 0, 2, 0, 0, 0, 2, 0, 4)
  (1, 0, 2, 0, 0, 0, 0, 0, 6)
  (3, 0, 0, 0, 0, 0, 0, 0, 6)

Path 1149 (7 moves):
  (1, 1, 1, 1, 1, 1, 1, 1, 1)
  (1, 1, 1, 2, 0, 1, 1, 1, 1)
  (1, 1, 1, 2, 0, 1, 2, 0, 1)
  (1, 0, 2, 2, 0, 1, 2, 0, 1)
  (1, 0, 2, 0, 0, 3, 2, 0, 1)
  (1, 0, 2, 0, 0, 0, 2, 0, 4)
  (1, 0, 2, 0, 0, 0, 0, 0, 6)
  (1, 0, 8, 0, 0, 0, 0, 0, 0)

Path 1150 (7 moves):
  (1, 1, 1, 1, 1, 1, 1, 1, 1)
  (1, 1, 1, 2, 0, 1, 1, 1, 1)
  (1, 1, 1, 2, 0, 1, 2, 0, 1)
  (1, 0, 2, 2, 0, 1, 2, 0, 1)
  (1, 0, 2, 2, 0, 0, 3, 0, 1)
  (3, 0, 0, 2, 0, 0, 3, 0, 1)
  (0, 0, 0, 5, 0, 0, 3, 0, 1)
  (0, 0, 0, 0, 0, 0, 3, 0, 6)

Path 1151 (7 moves):
  (1, 1, 1, 1, 1, 1, 1, 1, 1)
  (1, 1, 1, 2, 0, 1, 1, 1, 1)
  (1, 1, 1, 2, 0, 1, 2, 0, 1)
  (1, 0, 2, 2, 0, 1, 2, 0, 1)
  (1, 0, 2, 2, 0, 0, 3, 0, 1)
  (3, 0, 0, 2, 0, 0, 3, 0, 1)
  (0, 0, 0, 5, 0, 0, 3, 0, 1)
  (0, 0, 0, 8, 0, 0, 0, 0, 1)

Path 1152 (7 moves):
  (1, 1, 1, 1, 1, 1, 1, 1, 1)
  (1, 1, 1, 2, 0, 1, 1, 1, 1)
  (1, 1, 1, 2, 0, 1, 2, 0, 1)
  (1, 0, 2, 2, 0, 1, 2, 0, 1)
  (1, 0, 2, 2, 0, 0, 3, 0, 1)
  (3, 0, 0, 2, 0, 0, 3, 0, 1)
  (3, 0, 0, 5, 0, 0, 0, 0, 1)
  (0, 0, 0, 8, 0, 0, 0, 0, 1)

Path 1153 (7 moves):
  (1, 1, 1, 1, 1, 1, 1, 1, 1)
  (1, 1, 1, 2, 0, 1, 1, 1, 1)
  (1, 1, 1, 2, 0, 1, 2, 0, 1)
  (1, 0, 2, 2, 0, 1, 2, 0, 1)
  (1, 0, 2, 2, 0, 0, 3, 0, 1)
  (3, 0, 0, 2, 0, 0, 3, 0, 1)
  (3, 0, 0, 5, 0, 0, 0, 0, 1)
  (3, 0, 0, 0, 0, 0, 0, 0, 6)

Path 1154 (7 moves):
  (1, 1, 1, 1, 1, 1, 1, 1, 1)
  (1, 1, 1, 2, 0, 1, 1, 1, 1)
  (1, 1, 1, 2, 0, 1, 2, 0, 1)
  (1, 0, 2, 2, 0, 1, 2, 0, 1)
  (1, 0, 2, 2, 0, 0, 3, 0, 1)
  (1, 0, 2, 5, 0, 0, 0, 0, 1)
  (3, 0, 0, 5, 0, 0, 0, 0, 1)
  (0, 0, 0, 8, 0, 0, 0, 0, 1)

Path 1155 (7 moves):
  (1, 1, 1, 1, 1, 1, 1, 1, 1)
  (1, 1, 1, 2, 0, 1, 1, 1, 1)
  (1, 1, 1, 2, 0, 1, 2, 0, 1)
  (1, 0, 2, 2, 0, 1, 2, 0, 1)
  (1, 0, 2, 2, 0, 0, 3, 0, 1)
  (1, 0, 2, 5, 0, 0, 0, 0, 1)
  (3, 0, 0, 5, 0, 0, 0, 0, 1)
  (3, 0, 0, 0, 0, 0, 0, 0, 6)

Path 1156 (7 moves):
  (1, 1, 1, 1, 1, 1, 1, 1, 1)
  (1, 1, 1, 2, 0, 1, 1, 1, 1)
  (1, 1, 1, 2, 0, 1, 2, 0, 1)
  (1, 0, 2, 2, 0, 1, 2, 0, 1)
  (1, 0, 2, 2, 0, 0, 3, 0, 1)
  (1, 0, 2, 5, 0, 0, 0, 0, 1)
  (1, 0, 2, 0, 0, 0, 0, 0, 6)
  (3, 0, 0, 0, 0, 0, 0, 0, 6)

Path 1157 (7 moves):
  (1, 1, 1, 1, 1, 1, 1, 1, 1)
  (1, 1, 1, 2, 0, 1, 1, 1, 1)
  (1, 1, 1, 2, 0, 1, 2, 0, 1)
  (1, 0, 2, 2, 0, 1, 2, 0, 1)
  (1, 0, 2, 2, 0, 0, 3, 0, 1)
  (1, 0, 2, 5, 0, 0, 0, 0, 1)
  (1, 0, 2, 0, 0, 0, 0, 0, 6)
  (1, 0, 8, 0, 0, 0, 0, 0, 0)

Path 1158 (7 moves):
  (1, 1, 1, 1, 1, 1, 1, 1, 1)
  (1, 1, 1, 2, 0, 1, 1, 1, 1)
  (1, 1, 1, 2, 0, 1, 2, 0, 1)
  (1, 0, 2, 2, 0, 1, 2, 0, 1)
  (1, 0, 2, 2, 0, 1, 0, 0, 3)
  (3, 0, 0, 2, 0, 1, 0, 0, 3)
  (0, 0, 0, 5, 0, 1, 0, 0, 3)
  (0, 0, 0, 0, 0, 1, 0, 0, 8)

Path 1159 (7 moves):
  (1, 1, 1, 1, 1, 1, 1, 1, 1)
  (1, 1, 1, 2, 0, 1, 1, 1, 1)
  (1, 1, 1, 2, 0, 1, 2, 0, 1)
  (1, 0, 2, 2, 0, 1, 2, 0, 1)
  (1, 0, 2, 2, 0, 1, 0, 0, 3)
  (3, 0, 0, 2, 0, 1, 0, 0, 3)
  (0, 0, 0, 5, 0, 1, 0, 0, 3)
  (0, 0, 0, 5, 0, 4, 0, 0, 0)

Path 1160 (7 moves):
  (1, 1, 1, 1, 1, 1, 1, 1, 1)
  (1, 1, 1, 2, 0, 1, 1, 1, 1)
  (1, 1, 1, 2, 0, 1, 2, 0, 1)
  (1, 0, 2, 2, 0, 1, 2, 0, 1)
  (1, 0, 2, 2, 0, 1, 0, 0, 3)
  (3, 0, 0, 2, 0, 1, 0, 0, 3)
  (3, 0, 0, 0, 0, 3, 0, 0, 3)
  (3, 0, 0, 0, 0, 0, 0, 0, 6)

Path 1161 (7 moves):
  (1, 1, 1, 1, 1, 1, 1, 1, 1)
  (1, 1, 1, 2, 0, 1, 1, 1, 1)
  (1, 1, 1, 2, 0, 1, 2, 0, 1)
  (1, 0, 2, 2, 0, 1, 2, 0, 1)
  (1, 0, 2, 2, 0, 1, 0, 0, 3)
  (3, 0, 0, 2, 0, 1, 0, 0, 3)
  (3, 0, 0, 0, 0, 3, 0, 0, 3)
  (3, 0, 0, 0, 0, 6, 0, 0, 0)

Path 1162 (7 moves):
  (1, 1, 1, 1, 1, 1, 1, 1, 1)
  (1, 1, 1, 2, 0, 1, 1, 1, 1)
  (1, 1, 1, 2, 0, 1, 2, 0, 1)
  (1, 0, 2, 2, 0, 1, 2, 0, 1)
  (1, 0, 2, 2, 0, 1, 0, 0, 3)
  (3, 0, 0, 2, 0, 1, 0, 0, 3)
  (3, 0, 0, 2, 0, 4, 0, 0, 0)
  (0, 0, 0, 5, 0, 4, 0, 0, 0)

Path 1163 (7 moves):
  (1, 1, 1, 1, 1, 1, 1, 1, 1)
  (1, 1, 1, 2, 0, 1, 1, 1, 1)
  (1, 1, 1, 2, 0, 1, 2, 0, 1)
  (1, 0, 2, 2, 0, 1, 2, 0, 1)
  (1, 0, 2, 2, 0, 1, 0, 0, 3)
  (3, 0, 0, 2, 0, 1, 0, 0, 3)
  (3, 0, 0, 2, 0, 4, 0, 0, 0)
  (3, 0, 0, 0, 0, 6, 0, 0, 0)

Path 1164 (7 moves):
  (1, 1, 1, 1, 1, 1, 1, 1, 1)
  (1, 1, 1, 2, 0, 1, 1, 1, 1)
  (1, 1, 1, 2, 0, 1, 2, 0, 1)
  (1, 0, 2, 2, 0, 1, 2, 0, 1)
  (1, 0, 2, 2, 0, 1, 0, 0, 3)
  (1, 0, 2, 2, 0, 4, 0, 0, 0)
  (3, 0, 0, 2, 0, 4, 0, 0, 0)
  (0, 0, 0, 5, 0, 4, 0, 0, 0)

Path 1165 (7 moves):
  (1, 1, 1, 1, 1, 1, 1, 1, 1)
  (1, 1, 1, 2, 0, 1, 1, 1, 1)
  (1, 1, 1, 2, 0, 1, 2, 0, 1)
  (1, 0, 2, 2, 0, 1, 2, 0, 1)
  (1, 0, 2, 2, 0, 1, 0, 0, 3)
  (1, 0, 2, 2, 0, 4, 0, 0, 0)
  (3, 0, 0, 2, 0, 4, 0, 0, 0)
  (3, 0, 0, 0, 0, 6, 0, 0, 0)

Path 1166 (7 moves):
  (1, 1, 1, 1, 1, 1, 1, 1, 1)
  (1, 1, 1, 2, 0, 1, 1, 1, 1)
  (1, 1, 1, 2, 0, 1, 2, 0, 1)
  (1, 0, 2, 2, 0, 1, 2, 0, 1)
  (1, 0, 2, 2, 0, 1, 0, 0, 3)
  (1, 0, 2, 2, 0, 4, 0, 0, 0)
  (1, 0, 2, 0, 0, 6, 0, 0, 0)
  (3, 0, 0, 0, 0, 6, 0, 0, 0)

Path 1167 (7 moves):
  (1, 1, 1, 1, 1, 1, 1, 1, 1)
  (1, 1, 1, 2, 0, 1, 1, 1, 1)
  (1, 1, 1, 2, 0, 1, 1, 0, 2)
  (2, 0, 1, 2, 0, 1, 1, 0, 2)
  (0, 0, 3, 2, 0, 1, 1, 0, 2)
  (0, 0, 0, 2, 0, 4, 1, 0, 2)
  (0, 0, 0, 0, 0, 6, 1, 0, 2)
  (0, 0, 0, 0, 0, 7, 0, 0, 2)

Path 1168 (7 moves):
  (1, 1, 1, 1, 1, 1, 1, 1, 1)
  (1, 1, 1, 2, 0, 1, 1, 1, 1)
  (1, 1, 1, 2, 0, 1, 1, 0, 2)
  (2, 0, 1, 2, 0, 1, 1, 0, 2)
  (0, 0, 3, 2, 0, 1, 1, 0, 2)
  (0, 0, 0, 2, 0, 4, 1, 0, 2)
  (0, 0, 0, 0, 0, 6, 1, 0, 2)
  (0, 0, 0, 0, 0, 6, 3, 0, 0)

Path 1169 (7 moves):
  (1, 1, 1, 1, 1, 1, 1, 1, 1)
  (1, 1, 1, 2, 0, 1, 1, 1, 1)
  (1, 1, 1, 2, 0, 1, 1, 0, 2)
  (2, 0, 1, 2, 0, 1, 1, 0, 2)
  (0, 0, 3, 2, 0, 1, 1, 0, 2)
  (0, 0, 0, 2, 0, 4, 1, 0, 2)
  (0, 0, 0, 2, 0, 5, 0, 0, 2)
  (0, 0, 0, 0, 0, 7, 0, 0, 2)

Path 1170 (7 moves):
  (1, 1, 1, 1, 1, 1, 1, 1, 1)
  (1, 1, 1, 2, 0, 1, 1, 1, 1)
  (1, 1, 1, 2, 0, 1, 1, 0, 2)
  (2, 0, 1, 2, 0, 1, 1, 0, 2)
  (0, 0, 3, 2, 0, 1, 1, 0, 2)
  (0, 0, 0, 2, 0, 4, 1, 0, 2)
  (0, 0, 0, 2, 0, 4, 3, 0, 0)
  (0, 0, 0, 0, 0, 6, 3, 0, 0)

Path 1171 (7 moves):
  (1, 1, 1, 1, 1, 1, 1, 1, 1)
  (1, 1, 1, 2, 0, 1, 1, 1, 1)
  (1, 1, 1, 2, 0, 1, 1, 0, 2)
  (2, 0, 1, 2, 0, 1, 1, 0, 2)
  (0, 0, 3, 2, 0, 1, 1, 0, 2)
  (0, 0, 0, 2, 0, 4, 1, 0, 2)
  (0, 0, 0, 2, 0, 4, 3, 0, 0)
  (0, 0, 0, 5, 0, 4, 0, 0, 0)

Path 1172 (7 moves):
  (1, 1, 1, 1, 1, 1, 1, 1, 1)
  (1, 1, 1, 2, 0, 1, 1, 1, 1)
  (1, 1, 1, 2, 0, 1, 1, 0, 2)
  (2, 0, 1, 2, 0, 1, 1, 0, 2)
  (0, 0, 3, 2, 0, 1, 1, 0, 2)
  (0, 0, 3, 2, 0, 1, 3, 0, 0)
  (0, 0, 0, 2, 0, 4, 3, 0, 0)
  (0, 0, 0, 0, 0, 6, 3, 0, 0)

Path 1173 (7 moves):
  (1, 1, 1, 1, 1, 1, 1, 1, 1)
  (1, 1, 1, 2, 0, 1, 1, 1, 1)
  (1, 1, 1, 2, 0, 1, 1, 0, 2)
  (2, 0, 1, 2, 0, 1, 1, 0, 2)
  (0, 0, 3, 2, 0, 1, 1, 0, 2)
  (0, 0, 3, 2, 0, 1, 3, 0, 0)
  (0, 0, 0, 2, 0, 4, 3, 0, 0)
  (0, 0, 0, 5, 0, 4, 0, 0, 0)

Path 1174 (7 moves):
  (1, 1, 1, 1, 1, 1, 1, 1, 1)
  (1, 1, 1, 2, 0, 1, 1, 1, 1)
  (1, 1, 1, 2, 0, 1, 1, 0, 2)
  (2, 0, 1, 2, 0, 1, 1, 0, 2)
  (0, 0, 3, 2, 0, 1, 1, 0, 2)
  (0, 0, 3, 2, 0, 1, 3, 0, 0)
  (0, 0, 3, 0, 0, 3, 3, 0, 0)
  (0, 0, 0, 0, 0, 6, 3, 0, 0)

Path 1175 (7 moves):
  (1, 1, 1, 1, 1, 1, 1, 1, 1)
  (1, 1, 1, 2, 0, 1, 1, 1, 1)
  (1, 1, 1, 2, 0, 1, 1, 0, 2)
  (2, 0, 1, 2, 0, 1, 1, 0, 2)
  (0, 0, 3, 2, 0, 1, 1, 0, 2)
  (0, 0, 3, 2, 0, 1, 3, 0, 0)
  (0, 0, 3, 0, 0, 3, 3, 0, 0)
  (0, 0, 6, 0, 0, 0, 3, 0, 0)

Path 1176 (7 moves):
  (1, 1, 1, 1, 1, 1, 1, 1, 1)
  (1, 1, 1, 2, 0, 1, 1, 1, 1)
  (1, 1, 1, 2, 0, 1, 1, 0, 2)
  (2, 0, 1, 2, 0, 1, 1, 0, 2)
  (0, 0, 3, 2, 0, 1, 1, 0, 2)
  (0, 0, 3, 2, 0, 1, 3, 0, 0)
  (0, 0, 3, 2, 0, 0, 4, 0, 0)
  (0, 0, 7, 2, 0, 0, 0, 0, 0)

Path 1177 (7 moves):
  (1, 1, 1, 1, 1, 1, 1, 1, 1)
  (1, 1, 1, 2, 0, 1, 1, 1, 1)
  (1, 1, 1, 2, 0, 1, 1, 0, 2)
  (2, 0, 1, 2, 0, 1, 1, 0, 2)
  (0, 0, 3, 2, 0, 1, 1, 0, 2)
  (0, 0, 3, 2, 0, 1, 3, 0, 0)
  (0, 0, 3, 5, 0, 1, 0, 0, 0)
  (0, 0, 0, 5, 0, 4, 0, 0, 0)

Path 1178 (7 moves):
  (1, 1, 1, 1, 1, 1, 1, 1, 1)
  (1, 1, 1, 2, 0, 1, 1, 1, 1)
  (1, 1, 1, 2, 0, 1, 1, 0, 2)
  (2, 0, 1, 2, 0, 1, 1, 0, 2)
  (2, 0, 0, 3, 0, 1, 1, 0, 2)
  (5, 0, 0, 0, 0, 1, 1, 0, 2)
  (0, 0, 0, 0, 0, 6, 1, 0, 2)
  (0, 0, 0, 0, 0, 7, 0, 0, 2)

Path 1179 (7 moves):
  (1, 1, 1, 1, 1, 1, 1, 1, 1)
  (1, 1, 1, 2, 0, 1, 1, 1, 1)
  (1, 1, 1, 2, 0, 1, 1, 0, 2)
  (2, 0, 1, 2, 0, 1, 1, 0, 2)
  (2, 0, 0, 3, 0, 1, 1, 0, 2)
  (5, 0, 0, 0, 0, 1, 1, 0, 2)
  (0, 0, 0, 0, 0, 6, 1, 0, 2)
  (0, 0, 0, 0, 0, 6, 3, 0, 0)

Path 1180 (7 moves):
  (1, 1, 1, 1, 1, 1, 1, 1, 1)
  (1, 1, 1, 2, 0, 1, 1, 1, 1)
  (1, 1, 1, 2, 0, 1, 1, 0, 2)
  (2, 0, 1, 2, 0, 1, 1, 0, 2)
  (2, 0, 0, 3, 0, 1, 1, 0, 2)
  (5, 0, 0, 0, 0, 1, 1, 0, 2)
  (5, 0, 0, 0, 0, 0, 2, 0, 2)
  (5, 0, 0, 0, 0, 0, 0, 0, 4)

Path 1181 (7 moves):
  (1, 1, 1, 1, 1, 1, 1, 1, 1)
  (1, 1, 1, 2, 0, 1, 1, 1, 1)
  (1, 1, 1, 2, 0, 1, 1, 0, 2)
  (2, 0, 1, 2, 0, 1, 1, 0, 2)
  (2, 0, 0, 3, 0, 1, 1, 0, 2)
  (5, 0, 0, 0, 0, 1, 1, 0, 2)
  (5, 0, 0, 0, 0, 0, 2, 0, 2)
  (5, 0, 0, 0, 0, 0, 4, 0, 0)

Path 1182 (7 moves):
  (1, 1, 1, 1, 1, 1, 1, 1, 1)
  (1, 1, 1, 2, 0, 1, 1, 1, 1)
  (1, 1, 1, 2, 0, 1, 1, 0, 2)
  (2, 0, 1, 2, 0, 1, 1, 0, 2)
  (2, 0, 0, 3, 0, 1, 1, 0, 2)
  (5, 0, 0, 0, 0, 1, 1, 0, 2)
  (5, 0, 0, 0, 0, 2, 0, 0, 2)
  (0, 0, 0, 0, 0, 7, 0, 0, 2)

Path 1183 (7 moves):
  (1, 1, 1, 1, 1, 1, 1, 1, 1)
  (1, 1, 1, 2, 0, 1, 1, 1, 1)
  (1, 1, 1, 2, 0, 1, 1, 0, 2)
  (2, 0, 1, 2, 0, 1, 1, 0, 2)
  (2, 0, 0, 3, 0, 1, 1, 0, 2)
  (5, 0, 0, 0, 0, 1, 1, 0, 2)
  (5, 0, 0, 0, 0, 1, 3, 0, 0)
  (0, 0, 0, 0, 0, 6, 3, 0, 0)

Path 1184 (7 moves):
  (1, 1, 1, 1, 1, 1, 1, 1, 1)
  (1, 1, 1, 2, 0, 1, 1, 1, 1)
  (1, 1, 1, 2, 0, 1, 1, 0, 2)
  (2, 0, 1, 2, 0, 1, 1, 0, 2)
  (2, 0, 0, 3, 0, 1, 1, 0, 2)
  (5, 0, 0, 0, 0, 1, 1, 0, 2)
  (5, 0, 0, 0, 0, 1, 3, 0, 0)
  (5, 0, 0, 0, 0, 0, 4, 0, 0)

Path 1185 (7 moves):
  (1, 1, 1, 1, 1, 1, 1, 1, 1)
  (1, 1, 1, 2, 0, 1, 1, 1, 1)
  (1, 1, 1, 2, 0, 1, 1, 0, 2)
  (2, 0, 1, 2, 0, 1, 1, 0, 2)
  (2, 0, 0, 3, 0, 1, 1, 0, 2)
  (2, 0, 0, 0, 0, 1, 4, 0, 2)
  (2, 0, 0, 0, 0, 0, 5, 0, 2)
  (2, 0, 0, 0, 0, 0, 7, 0, 0)

Path 1186 (7 moves):
  (1, 1, 1, 1, 1, 1, 1, 1, 1)
  (1, 1, 1, 2, 0, 1, 1, 1, 1)
  (1, 1, 1, 2, 0, 1, 1, 0, 2)
  (2, 0, 1, 2, 0, 1, 1, 0, 2)
  (2, 0, 0, 3, 0, 1, 1, 0, 2)
  (2, 0, 0, 0, 0, 1, 4, 0, 2)
  (2, 0, 0, 0, 0, 1, 6, 0, 0)
  (2, 0, 0, 0, 0, 0, 7, 0, 0)

Path 1187 (7 moves):
  (1, 1, 1, 1, 1, 1, 1, 1, 1)
  (1, 1, 1, 2, 0, 1, 1, 1, 1)
  (1, 1, 1, 2, 0, 1, 1, 0, 2)
  (2, 0, 1, 2, 0, 1, 1, 0, 2)
  (2, 0, 0, 3, 0, 1, 1, 0, 2)
  (2, 0, 0, 0, 0, 1, 4, 0, 2)
  (2, 0, 0, 0, 0, 1, 6, 0, 0)
  (8, 0, 0, 0, 0, 1, 0, 0, 0)

Path 1188 (7 moves):
  (1, 1, 1, 1, 1, 1, 1, 1, 1)
  (1, 1, 1, 2, 0, 1, 1, 1, 1)
  (1, 1, 1, 2, 0, 1, 1, 0, 2)
  (2, 0, 1, 2, 0, 1, 1, 0, 2)
  (2, 0, 0, 3, 0, 1, 1, 0, 2)
  (2, 0, 0, 3, 0, 0, 2, 0, 2)
  (5, 0, 0, 0, 0, 0, 2, 0, 2)
  (5, 0, 0, 0, 0, 0, 0, 0, 4)

Path 1189 (7 moves):
  (1, 1, 1, 1, 1, 1, 1, 1, 1)
  (1, 1, 1, 2, 0, 1, 1, 1, 1)
  (1, 1, 1, 2, 0, 1, 1, 0, 2)
  (2, 0, 1, 2, 0, 1, 1, 0, 2)
  (2, 0, 0, 3, 0, 1, 1, 0, 2)
  (2, 0, 0, 3, 0, 0, 2, 0, 2)
  (5, 0, 0, 0, 0, 0, 2, 0, 2)
  (5, 0, 0, 0, 0, 0, 4, 0, 0)

Path 1190 (7 moves):
  (1, 1, 1, 1, 1, 1, 1, 1, 1)
  (1, 1, 1, 2, 0, 1, 1, 1, 1)
  (1, 1, 1, 2, 0, 1, 1, 0, 2)
  (2, 0, 1, 2, 0, 1, 1, 0, 2)
  (2, 0, 0, 3, 0, 1, 1, 0, 2)
  (2, 0, 0, 3, 0, 0, 2, 0, 2)
  (2, 0, 0, 0, 0, 0, 5, 0, 2)
  (2, 0, 0, 0, 0, 0, 7, 0, 0)

Path 1191 (7 moves):
  (1, 1, 1, 1, 1, 1, 1, 1, 1)
  (1, 1, 1, 2, 0, 1, 1, 1, 1)
  (1, 1, 1, 2, 0, 1, 1, 0, 2)
  (2, 0, 1, 2, 0, 1, 1, 0, 2)
  (2, 0, 0, 3, 0, 1, 1, 0, 2)
  (2, 0, 0, 3, 0, 0, 2, 0, 2)
  (2, 0, 0, 3, 0, 0, 0, 0, 4)
  (5, 0, 0, 0, 0, 0, 0, 0, 4)

Path 1192 (7 moves):
  (1, 1, 1, 1, 1, 1, 1, 1, 1)
  (1, 1, 1, 2, 0, 1, 1, 1, 1)
  (1, 1, 1, 2, 0, 1, 1, 0, 2)
  (2, 0, 1, 2, 0, 1, 1, 0, 2)
  (2, 0, 0, 3, 0, 1, 1, 0, 2)
  (2, 0, 0, 3, 0, 0, 2, 0, 2)
  (2, 0, 0, 3, 0, 0, 4, 0, 0)
  (5, 0, 0, 0, 0, 0, 4, 0, 0)

Path 1193 (7 moves):
  (1, 1, 1, 1, 1, 1, 1, 1, 1)
  (1, 1, 1, 2, 0, 1, 1, 1, 1)
  (1, 1, 1, 2, 0, 1, 1, 0, 2)
  (2, 0, 1, 2, 0, 1, 1, 0, 2)
  (2, 0, 0, 3, 0, 1, 1, 0, 2)
  (2, 0, 0, 3, 0, 0, 2, 0, 2)
  (2, 0, 0, 3, 0, 0, 4, 0, 0)
  (2, 0, 0, 0, 0, 0, 7, 0, 0)

Path 1194 (7 moves):
  (1, 1, 1, 1, 1, 1, 1, 1, 1)
  (1, 1, 1, 2, 0, 1, 1, 1, 1)
  (1, 1, 1, 2, 0, 1, 1, 0, 2)
  (2, 0, 1, 2, 0, 1, 1, 0, 2)
  (2, 0, 0, 3, 0, 1, 1, 0, 2)
  (2, 0, 0, 3, 0, 2, 0, 0, 2)
  (5, 0, 0, 0, 0, 2, 0, 0, 2)
  (0, 0, 0, 0, 0, 7, 0, 0, 2)

Path 1195 (7 moves):
  (1, 1, 1, 1, 1, 1, 1, 1, 1)
  (1, 1, 1, 2, 0, 1, 1, 1, 1)
  (1, 1, 1, 2, 0, 1, 1, 0, 2)
  (2, 0, 1, 2, 0, 1, 1, 0, 2)
  (2, 0, 0, 3, 0, 1, 1, 0, 2)
  (2, 0, 0, 3, 0, 2, 0, 0, 2)
  (2, 0, 0, 5, 0, 0, 0, 0, 2)
  (2, 0, 0, 0, 0, 0, 0, 0, 7)

Path 1196 (7 moves):
  (1, 1, 1, 1, 1, 1, 1, 1, 1)
  (1, 1, 1, 2, 0, 1, 1, 1, 1)
  (1, 1, 1, 2, 0, 1, 1, 0, 2)
  (2, 0, 1, 2, 0, 1, 1, 0, 2)
  (2, 0, 1, 0, 0, 3, 1, 0, 2)
  (2, 0, 4, 0, 0, 0, 1, 0, 2)
  (0, 0, 6, 0, 0, 0, 1, 0, 2)
  (0, 0, 0, 0, 0, 0, 1, 0, 8)

Path 1197 (7 moves):
  (1, 1, 1, 1, 1, 1, 1, 1, 1)
  (1, 1, 1, 2, 0, 1, 1, 1, 1)
  (1, 1, 1, 2, 0, 1, 1, 0, 2)
  (2, 0, 1, 2, 0, 1, 1, 0, 2)
  (2, 0, 1, 0, 0, 3, 1, 0, 2)
  (2, 0, 4, 0, 0, 0, 1, 0, 2)
  (0, 0, 6, 0, 0, 0, 1, 0, 2)
  (0, 0, 6, 0, 0, 0, 3, 0, 0)

Path 1198 (7 moves):
  (1, 1, 1, 1, 1, 1, 1, 1, 1)
  (1, 1, 1, 2, 0, 1, 1, 1, 1)
  (1, 1, 1, 2, 0, 1, 1, 0, 2)
  (2, 0, 1, 2, 0, 1, 1, 0, 2)
  (2, 0, 1, 0, 0, 3, 1, 0, 2)
  (2, 0, 4, 0, 0, 0, 1, 0, 2)
  (2, 0, 0, 0, 0, 0, 5, 0, 2)
  (2, 0, 0, 0, 0, 0, 7, 0, 0)

Path 1199 (7 moves):
  (1, 1, 1, 1, 1, 1, 1, 1, 1)
  (1, 1, 1, 2, 0, 1, 1, 1, 1)
  (1, 1, 1, 2, 0, 1, 1, 0, 2)
  (2, 0, 1, 2, 0, 1, 1, 0, 2)
  (2, 0, 1, 0, 0, 3, 1, 0, 2)
  (2, 0, 4, 0, 0, 0, 1, 0, 2)
  (2, 0, 4, 0, 0, 0, 3, 0, 0)
  (0, 0, 6, 0, 0, 0, 3, 0, 0)

Path 1200 (7 moves):
  (1, 1, 1, 1, 1, 1, 1, 1, 1)
  (1, 1, 1, 2, 0, 1, 1, 1, 1)
  (1, 1, 1, 2, 0, 1, 1, 0, 2)
  (2, 0, 1, 2, 0, 1, 1, 0, 2)
  (2, 0, 1, 0, 0, 3, 1, 0, 2)
  (2, 0, 4, 0, 0, 0, 1, 0, 2)
  (2, 0, 4, 0, 0, 0, 3, 0, 0)
  (2, 0, 0, 0, 0, 0, 7, 0, 0)

Path 1201 (7 moves):
  (1, 1, 1, 1, 1, 1, 1, 1, 1)
  (1, 1, 1, 2, 0, 1, 1, 1, 1)
  (1, 1, 1, 2, 0, 1, 1, 0, 2)
  (2, 0, 1, 2, 0, 1, 1, 0, 2)
  (2, 0, 1, 0, 0, 3, 1, 0, 2)
  (2, 0, 1, 0, 0, 4, 0, 0, 2)
  (0, 0, 3, 0, 0, 4, 0, 0, 2)
  (0, 0, 0, 0, 0, 7, 0, 0, 2)

Path 1202 (7 moves):
  (1, 1, 1, 1, 1, 1, 1, 1, 1)
  (1, 1, 1, 2, 0, 1, 1, 1, 1)
  (1, 1, 1, 2, 0, 1, 1, 0, 2)
  (2, 0, 1, 2, 0, 1, 1, 0, 2)
  (2, 0, 1, 0, 0, 3, 1, 0, 2)
  (2, 0, 1, 0, 0, 3, 3, 0, 0)
  (0, 0, 3, 0, 0, 3, 3, 0, 0)
  (0, 0, 0, 0, 0, 6, 3, 0, 0)

Path 1203 (7 moves):
  (1, 1, 1, 1, 1, 1, 1, 1, 1)
  (1, 1, 1, 2, 0, 1, 1, 1, 1)
  (1, 1, 1, 2, 0, 1, 1, 0, 2)
  (2, 0, 1, 2, 0, 1, 1, 0, 2)
  (2, 0, 1, 0, 0, 3, 1, 0, 2)
  (2, 0, 1, 0, 0, 3, 3, 0, 0)
  (0, 0, 3, 0, 0, 3, 3, 0, 0)
  (0, 0, 6, 0, 0, 0, 3, 0, 0)

Path 1204 (7 moves):
  (1, 1, 1, 1, 1, 1, 1, 1, 1)
  (1, 1, 1, 2, 0, 1, 1, 1, 1)
  (1, 1, 1, 2, 0, 1, 1, 0, 2)
  (2, 0, 1, 2, 0, 1, 1, 0, 2)
  (2, 0, 1, 0, 0, 3, 1, 0, 2)
  (2, 0, 1, 0, 0, 3, 3, 0, 0)
  (2, 0, 4, 0, 0, 0, 3, 0, 0)
  (0, 0, 6, 0, 0, 0, 3, 0, 0)

Path 1205 (7 moves):
  (1, 1, 1, 1, 1, 1, 1, 1, 1)
  (1, 1, 1, 2, 0, 1, 1, 1, 1)
  (1, 1, 1, 2, 0, 1, 1, 0, 2)
  (2, 0, 1, 2, 0, 1, 1, 0, 2)
  (2, 0, 1, 0, 0, 3, 1, 0, 2)
  (2, 0, 1, 0, 0, 3, 3, 0, 0)
  (2, 0, 4, 0, 0, 0, 3, 0, 0)
  (2, 0, 0, 0, 0, 0, 7, 0, 0)

Path 1206 (7 moves):
  (1, 1, 1, 1, 1, 1, 1, 1, 1)
  (1, 1, 1, 2, 0, 1, 1, 1, 1)
  (1, 1, 1, 2, 0, 1, 1, 0, 2)
  (2, 0, 1, 2, 0, 1, 1, 0, 2)
  (2, 0, 1, 2, 0, 0, 2, 0, 2)
  (2, 0, 0, 3, 0, 0, 2, 0, 2)
  (5, 0, 0, 0, 0, 0, 2, 0, 2)
  (5, 0, 0, 0, 0, 0, 0, 0, 4)

Path 1207 (7 moves):
  (1, 1, 1, 1, 1, 1, 1, 1, 1)
  (1, 1, 1, 2, 0, 1, 1, 1, 1)
  (1, 1, 1, 2, 0, 1, 1, 0, 2)
  (2, 0, 1, 2, 0, 1, 1, 0, 2)
  (2, 0, 1, 2, 0, 0, 2, 0, 2)
  (2, 0, 0, 3, 0, 0, 2, 0, 2)
  (5, 0, 0, 0, 0, 0, 2, 0, 2)
  (5, 0, 0, 0, 0, 0, 4, 0, 0)

Path 1208 (7 moves):
  (1, 1, 1, 1, 1, 1, 1, 1, 1)
  (1, 1, 1, 2, 0, 1, 1, 1, 1)
  (1, 1, 1, 2, 0, 1, 1, 0, 2)
  (2, 0, 1, 2, 0, 1, 1, 0, 2)
  (2, 0, 1, 2, 0, 0, 2, 0, 2)
  (2, 0, 0, 3, 0, 0, 2, 0, 2)
  (2, 0, 0, 0, 0, 0, 5, 0, 2)
  (2, 0, 0, 0, 0, 0, 7, 0, 0)

Path 1209 (7 moves):
  (1, 1, 1, 1, 1, 1, 1, 1, 1)
  (1, 1, 1, 2, 0, 1, 1, 1, 1)
  (1, 1, 1, 2, 0, 1, 1, 0, 2)
  (2, 0, 1, 2, 0, 1, 1, 0, 2)
  (2, 0, 1, 2, 0, 0, 2, 0, 2)
  (2, 0, 0, 3, 0, 0, 2, 0, 2)
  (2, 0, 0, 3, 0, 0, 0, 0, 4)
  (5, 0, 0, 0, 0, 0, 0, 0, 4)

Path 1210 (7 moves):
  (1, 1, 1, 1, 1, 1, 1, 1, 1)
  (1, 1, 1, 2, 0, 1, 1, 1, 1)
  (1, 1, 1, 2, 0, 1, 1, 0, 2)
  (2, 0, 1, 2, 0, 1, 1, 0, 2)
  (2, 0, 1, 2, 0, 0, 2, 0, 2)
  (2, 0, 0, 3, 0, 0, 2, 0, 2)
  (2, 0, 0, 3, 0, 0, 4, 0, 0)
  (5, 0, 0, 0, 0, 0, 4, 0, 0)

Path 1211 (7 moves):
  (1, 1, 1, 1, 1, 1, 1, 1, 1)
  (1, 1, 1, 2, 0, 1, 1, 1, 1)
  (1, 1, 1, 2, 0, 1, 1, 0, 2)
  (2, 0, 1, 2, 0, 1, 1, 0, 2)
  (2, 0, 1, 2, 0, 0, 2, 0, 2)
  (2, 0, 0, 3, 0, 0, 2, 0, 2)
  (2, 0, 0, 3, 0, 0, 4, 0, 0)
  (2, 0, 0, 0, 0, 0, 7, 0, 0)

Path 1212 (7 moves):
  (1, 1, 1, 1, 1, 1, 1, 1, 1)
  (1, 1, 1, 2, 0, 1, 1, 1, 1)
  (1, 1, 1, 2, 0, 1, 1, 0, 2)
  (2, 0, 1, 2, 0, 1, 1, 0, 2)
  (2, 0, 1, 2, 0, 0, 2, 0, 2)
  (2, 0, 1, 2, 0, 0, 4, 0, 0)
  (0, 0, 3, 2, 0, 0, 4, 0, 0)
  (0, 0, 7, 2, 0, 0, 0, 0, 0)

Path 1213 (7 moves):
  (1, 1, 1, 1, 1, 1, 1, 1, 1)
  (1, 1, 1, 2, 0, 1, 1, 1, 1)
  (1, 1, 1, 2, 0, 1, 1, 0, 2)
  (2, 0, 1, 2, 0, 1, 1, 0, 2)
  (2, 0, 1, 2, 0, 0, 2, 0, 2)
  (2, 0, 1, 2, 0, 0, 4, 0, 0)
  (2, 0, 0, 3, 0, 0, 4, 0, 0)
  (5, 0, 0, 0, 0, 0, 4, 0, 0)

Path 1214 (7 moves):
  (1, 1, 1, 1, 1, 1, 1, 1, 1)
  (1, 1, 1, 2, 0, 1, 1, 1, 1)
  (1, 1, 1, 2, 0, 1, 1, 0, 2)
  (2, 0, 1, 2, 0, 1, 1, 0, 2)
  (2, 0, 1, 2, 0, 0, 2, 0, 2)
  (2, 0, 1, 2, 0, 0, 4, 0, 0)
  (2, 0, 0, 3, 0, 0, 4, 0, 0)
  (2, 0, 0, 0, 0, 0, 7, 0, 0)

Path 1215 (7 moves):
  (1, 1, 1, 1, 1, 1, 1, 1, 1)
  (1, 1, 1, 2, 0, 1, 1, 1, 1)
  (1, 1, 1, 2, 0, 1, 1, 0, 2)
  (2, 0, 1, 2, 0, 1, 1, 0, 2)
  (2, 0, 1, 2, 0, 0, 2, 0, 2)
  (2, 0, 1, 2, 0, 0, 4, 0, 0)
  (2, 0, 5, 2, 0, 0, 0, 0, 0)
  (0, 0, 7, 2, 0, 0, 0, 0, 0)

Path 1216 (7 moves):
  (1, 1, 1, 1, 1, 1, 1, 1, 1)
  (1, 1, 1, 2, 0, 1, 1, 1, 1)
  (1, 1, 1, 2, 0, 1, 1, 0, 2)
  (2, 0, 1, 2, 0, 1, 1, 0, 2)
  (2, 0, 1, 2, 0, 2, 0, 0, 2)
  (2, 0, 0, 3, 0, 2, 0, 0, 2)
  (5, 0, 0, 0, 0, 2, 0, 0, 2)
  (0, 0, 0, 0, 0, 7, 0, 0, 2)

Path 1217 (7 moves):
  (1, 1, 1, 1, 1, 1, 1, 1, 1)
  (1, 1, 1, 2, 0, 1, 1, 1, 1)
  (1, 1, 1, 2, 0, 1, 1, 0, 2)
  (2, 0, 1, 2, 0, 1, 1, 0, 2)
  (2, 0, 1, 2, 0, 2, 0, 0, 2)
  (2, 0, 0, 3, 0, 2, 0, 0, 2)
  (2, 0, 0, 5, 0, 0, 0, 0, 2)
  (2, 0, 0, 0, 0, 0, 0, 0, 7)

Path 1218 (7 moves):
  (1, 1, 1, 1, 1, 1, 1, 1, 1)
  (1, 1, 1, 2, 0, 1, 1, 1, 1)
  (1, 1, 1, 2, 0, 1, 1, 0, 2)
  (2, 0, 1, 2, 0, 1, 1, 0, 2)
  (2, 0, 1, 2, 0, 2, 0, 0, 2)
  (2, 0, 1, 0, 0, 4, 0, 0, 2)
  (0, 0, 3, 0, 0, 4, 0, 0, 2)
  (0, 0, 0, 0, 0, 7, 0, 0, 2)

Path 1219 (7 moves):
  (1, 1, 1, 1, 1, 1, 1, 1, 1)
  (1, 1, 1, 2, 0, 1, 1, 1, 1)
  (1, 1, 1, 2, 0, 1, 1, 0, 2)
  (2, 0, 1, 2, 0, 1, 1, 0, 2)
  (2, 0, 1, 2, 0, 1, 3, 0, 0)
  (0, 0, 3, 2, 0, 1, 3, 0, 0)
  (0, 0, 0, 2, 0, 4, 3, 0, 0)
  (0, 0, 0, 0, 0, 6, 3, 0, 0)

Path 1220 (7 moves):
  (1, 1, 1, 1, 1, 1, 1, 1, 1)
  (1, 1, 1, 2, 0, 1, 1, 1, 1)
  (1, 1, 1, 2, 0, 1, 1, 0, 2)
  (2, 0, 1, 2, 0, 1, 1, 0, 2)
  (2, 0, 1, 2, 0, 1, 3, 0, 0)
  (0, 0, 3, 2, 0, 1, 3, 0, 0)
  (0, 0, 0, 2, 0, 4, 3, 0, 0)
  (0, 0, 0, 5, 0, 4, 0, 0, 0)

Path 1221 (7 moves):
  (1, 1, 1, 1, 1, 1, 1, 1, 1)
  (1, 1, 1, 2, 0, 1, 1, 1, 1)
  (1, 1, 1, 2, 0, 1, 1, 0, 2)
  (2, 0, 1, 2, 0, 1, 1, 0, 2)
  (2, 0, 1, 2, 0, 1, 3, 0, 0)
  (0, 0, 3, 2, 0, 1, 3, 0, 0)
  (0, 0, 3, 0, 0, 3, 3, 0, 0)
  (0, 0, 0, 0, 0, 6, 3, 0, 0)

Path 1222 (7 moves):
  (1, 1, 1, 1, 1, 1, 1, 1, 1)
  (1, 1, 1, 2, 0, 1, 1, 1, 1)
  (1, 1, 1, 2, 0, 1, 1, 0, 2)
  (2, 0, 1, 2, 0, 1, 1, 0, 2)
  (2, 0, 1, 2, 0, 1, 3, 0, 0)
  (0, 0, 3, 2, 0, 1, 3, 0, 0)
  (0, 0, 3, 0, 0, 3, 3, 0, 0)
  (0, 0, 6, 0, 0, 0, 3, 0, 0)

Path 1223 (7 moves):
  (1, 1, 1, 1, 1, 1, 1, 1, 1)
  (1, 1, 1, 2, 0, 1, 1, 1, 1)
  (1, 1, 1, 2, 0, 1, 1, 0, 2)
  (2, 0, 1, 2, 0, 1, 1, 0, 2)
  (2, 0, 1, 2, 0, 1, 3, 0, 0)
  (0, 0, 3, 2, 0, 1, 3, 0, 0)
  (0, 0, 3, 2, 0, 0, 4, 0, 0)
  (0, 0, 7, 2, 0, 0, 0, 0, 0)

Path 1224 (7 moves):
  (1, 1, 1, 1, 1, 1, 1, 1, 1)
  (1, 1, 1, 2, 0, 1, 1, 1, 1)
  (1, 1, 1, 2, 0, 1, 1, 0, 2)
  (2, 0, 1, 2, 0, 1, 1, 0, 2)
  (2, 0, 1, 2, 0, 1, 3, 0, 0)
  (0, 0, 3, 2, 0, 1, 3, 0, 0)
  (0, 0, 3, 5, 0, 1, 0, 0, 0)
  (0, 0, 0, 5, 0, 4, 0, 0, 0)

Path 1225 (7 moves):
  (1, 1, 1, 1, 1, 1, 1, 1, 1)
  (1, 1, 1, 2, 0, 1, 1, 1, 1)
  (1, 1, 1, 2, 0, 1, 1, 0, 2)
  (2, 0, 1, 2, 0, 1, 1, 0, 2)
  (2, 0, 1, 2, 0, 1, 3, 0, 0)
  (2, 0, 1, 0, 0, 3, 3, 0, 0)
  (0, 0, 3, 0, 0, 3, 3, 0, 0)
  (0, 0, 0, 0, 0, 6, 3, 0, 0)

Path 1226 (7 moves):
  (1, 1, 1, 1, 1, 1, 1, 1, 1)
  (1, 1, 1, 2, 0, 1, 1, 1, 1)
  (1, 1, 1, 2, 0, 1, 1, 0, 2)
  (2, 0, 1, 2, 0, 1, 1, 0, 2)
  (2, 0, 1, 2, 0, 1, 3, 0, 0)
  (2, 0, 1, 0, 0, 3, 3, 0, 0)
  (0, 0, 3, 0, 0, 3, 3, 0, 0)
  (0, 0, 6, 0, 0, 0, 3, 0, 0)

Path 1227 (7 moves):
  (1, 1, 1, 1, 1, 1, 1, 1, 1)
  (1, 1, 1, 2, 0, 1, 1, 1, 1)
  (1, 1, 1, 2, 0, 1, 1, 0, 2)
  (2, 0, 1, 2, 0, 1, 1, 0, 2)
  (2, 0, 1, 2, 0, 1, 3, 0, 0)
  (2, 0, 1, 0, 0, 3, 3, 0, 0)
  (2, 0, 4, 0, 0, 0, 3, 0, 0)
  (0, 0, 6, 0, 0, 0, 3, 0, 0)

Path 1228 (7 moves):
  (1, 1, 1, 1, 1, 1, 1, 1, 1)
  (1, 1, 1, 2, 0, 1, 1, 1, 1)
  (1, 1, 1, 2, 0, 1, 1, 0, 2)
  (2, 0, 1, 2, 0, 1, 1, 0, 2)
  (2, 0, 1, 2, 0, 1, 3, 0, 0)
  (2, 0, 1, 0, 0, 3, 3, 0, 0)
  (2, 0, 4, 0, 0, 0, 3, 0, 0)
  (2, 0, 0, 0, 0, 0, 7, 0, 0)

Path 1229 (7 moves):
  (1, 1, 1, 1, 1, 1, 1, 1, 1)
  (1, 1, 1, 2, 0, 1, 1, 1, 1)
  (1, 1, 1, 2, 0, 1, 1, 0, 2)
  (2, 0, 1, 2, 0, 1, 1, 0, 2)
  (2, 0, 1, 2, 0, 1, 3, 0, 0)
  (2, 0, 1, 2, 0, 0, 4, 0, 0)
  (0, 0, 3, 2, 0, 0, 4, 0, 0)
  (0, 0, 7, 2, 0, 0, 0, 0, 0)

Path 1230 (7 moves):
  (1, 1, 1, 1, 1, 1, 1, 1, 1)
  (1, 1, 1, 2, 0, 1, 1, 1, 1)
  (1, 1, 1, 2, 0, 1, 1, 0, 2)
  (2, 0, 1, 2, 0, 1, 1, 0, 2)
  (2, 0, 1, 2, 0, 1, 3, 0, 0)
  (2, 0, 1, 2, 0, 0, 4, 0, 0)
  (2, 0, 0, 3, 0, 0, 4, 0, 0)
  (5, 0, 0, 0, 0, 0, 4, 0, 0)

Path 1231 (7 moves):
  (1, 1, 1, 1, 1, 1, 1, 1, 1)
  (1, 1, 1, 2, 0, 1, 1, 1, 1)
  (1, 1, 1, 2, 0, 1, 1, 0, 2)
  (2, 0, 1, 2, 0, 1, 1, 0, 2)
  (2, 0, 1, 2, 0, 1, 3, 0, 0)
  (2, 0, 1, 2, 0, 0, 4, 0, 0)
  (2, 0, 0, 3, 0, 0, 4, 0, 0)
  (2, 0, 0, 0, 0, 0, 7, 0, 0)

Path 1232 (7 moves):
  (1, 1, 1, 1, 1, 1, 1, 1, 1)
  (1, 1, 1, 2, 0, 1, 1, 1, 1)
  (1, 1, 1, 2, 0, 1, 1, 0, 2)
  (2, 0, 1, 2, 0, 1, 1, 0, 2)
  (2, 0, 1, 2, 0, 1, 3, 0, 0)
  (2, 0, 1, 2, 0, 0, 4, 0, 0)
  (2, 0, 5, 2, 0, 0, 0, 0, 0)
  (0, 0, 7, 2, 0, 0, 0, 0, 0)

Path 1233 (7 moves):
  (1, 1, 1, 1, 1, 1, 1, 1, 1)
  (1, 1, 1, 2, 0, 1, 1, 1, 1)
  (1, 1, 1, 2, 0, 1, 1, 0, 2)
  (1, 1, 0, 3, 0, 1, 1, 0, 2)
  (0, 2, 0, 3, 0, 1, 1, 0, 2)
  (0, 0, 0, 5, 0, 1, 1, 0, 2)
  (0, 0, 0, 0, 0, 1, 1, 0, 7)
  (0, 0, 0, 0, 0, 2, 0, 0, 7)

Path 1234 (7 moves):
  (1, 1, 1, 1, 1, 1, 1, 1, 1)
  (1, 1, 1, 2, 0, 1, 1, 1, 1)
  (1, 1, 1, 2, 0, 1, 1, 0, 2)
  (1, 1, 0, 3, 0, 1, 1, 0, 2)
  (0, 2, 0, 3, 0, 1, 1, 0, 2)
  (0, 0, 0, 5, 0, 1, 1, 0, 2)
  (0, 0, 0, 5, 0, 0, 2, 0, 2)
  (0, 0, 0, 5, 0, 0, 4, 0, 0)

Path 1235 (7 moves):
  (1, 1, 1, 1, 1, 1, 1, 1, 1)
  (1, 1, 1, 2, 0, 1, 1, 1, 1)
  (1, 1, 1, 2, 0, 1, 1, 0, 2)
  (1, 1, 0, 3, 0, 1, 1, 0, 2)
  (0, 2, 0, 3, 0, 1, 1, 0, 2)
  (0, 0, 0, 5, 0, 1, 1, 0, 2)
  (0, 0, 0, 5, 0, 2, 0, 0, 2)
  (0, 0, 0, 0, 0, 2, 0, 0, 7)

Path 1236 (7 moves):
  (1, 1, 1, 1, 1, 1, 1, 1, 1)
  (1, 1, 1, 2, 0, 1, 1, 1, 1)
  (1, 1, 1, 2, 0, 1, 1, 0, 2)
  (1, 1, 0, 3, 0, 1, 1, 0, 2)
  (0, 2, 0, 3, 0, 1, 1, 0, 2)
  (0, 0, 0, 5, 0, 1, 1, 0, 2)
  (0, 0, 0, 5, 0, 2, 0, 0, 2)
  (0, 0, 0, 7, 0, 0, 0, 0, 2)

Path 1237 (7 moves):
  (1, 1, 1, 1, 1, 1, 1, 1, 1)
  (1, 1, 1, 2, 0, 1, 1, 1, 1)
  (1, 1, 1, 2, 0, 1, 1, 0, 2)
  (1, 1, 0, 3, 0, 1, 1, 0, 2)
  (0, 2, 0, 3, 0, 1, 1, 0, 2)
  (0, 0, 0, 5, 0, 1, 1, 0, 2)
  (0, 0, 0, 5, 0, 1, 3, 0, 0)
  (0, 0, 0, 5, 0, 0, 4, 0, 0)

Path 1238 (7 moves):
  (1, 1, 1, 1, 1, 1, 1, 1, 1)
  (1, 1, 1, 2, 0, 1, 1, 1, 1)
  (1, 1, 1, 2, 0, 1, 1, 0, 2)
  (1, 1, 0, 3, 0, 1, 1, 0, 2)
  (0, 2, 0, 3, 0, 1, 1, 0, 2)
  (0, 0, 0, 5, 0, 1, 1, 0, 2)
  (0, 0, 0, 5, 0, 1, 3, 0, 0)
  (0, 0, 0, 8, 0, 1, 0, 0, 0)

Path 1239 (7 moves):
  (1, 1, 1, 1, 1, 1, 1, 1, 1)
  (1, 1, 1, 2, 0, 1, 1, 1, 1)
  (1, 1, 1, 2, 0, 1, 1, 0, 2)
  (1, 1, 0, 3, 0, 1, 1, 0, 2)
  (0, 2, 0, 3, 0, 1, 1, 0, 2)
  (0, 2, 0, 0, 0, 1, 4, 0, 2)
  (0, 2, 0, 0, 0, 0, 5, 0, 2)
  (0, 2, 0, 0, 0, 0, 7, 0, 0)

Path 1240 (7 moves):
  (1, 1, 1, 1, 1, 1, 1, 1, 1)
  (1, 1, 1, 2, 0, 1, 1, 1, 1)
  (1, 1, 1, 2, 0, 1, 1, 0, 2)
  (1, 1, 0, 3, 0, 1, 1, 0, 2)
  (0, 2, 0, 3, 0, 1, 1, 0, 2)
  (0, 2, 0, 0, 0, 1, 4, 0, 2)
  (0, 2, 0, 0, 0, 1, 6, 0, 0)
  (0, 2, 0, 0, 0, 0, 7, 0, 0)

Path 1241 (7 moves):
  (1, 1, 1, 1, 1, 1, 1, 1, 1)
  (1, 1, 1, 2, 0, 1, 1, 1, 1)
  (1, 1, 1, 2, 0, 1, 1, 0, 2)
  (1, 1, 0, 3, 0, 1, 1, 0, 2)
  (0, 2, 0, 3, 0, 1, 1, 0, 2)
  (0, 2, 0, 3, 0, 2, 0, 0, 2)
  (0, 0, 0, 5, 0, 2, 0, 0, 2)
  (0, 0, 0, 0, 0, 2, 0, 0, 7)

Path 1242 (7 moves):
  (1, 1, 1, 1, 1, 1, 1, 1, 1)
  (1, 1, 1, 2, 0, 1, 1, 1, 1)
  (1, 1, 1, 2, 0, 1, 1, 0, 2)
  (1, 1, 0, 3, 0, 1, 1, 0, 2)
  (0, 2, 0, 3, 0, 1, 1, 0, 2)
  (0, 2, 0, 3, 0, 2, 0, 0, 2)
  (0, 0, 0, 5, 0, 2, 0, 0, 2)
  (0, 0, 0, 7, 0, 0, 0, 0, 2)

Path 1243 (7 moves):
  (1, 1, 1, 1, 1, 1, 1, 1, 1)
  (1, 1, 1, 2, 0, 1, 1, 1, 1)
  (1, 1, 1, 2, 0, 1, 1, 0, 2)
  (1, 1, 0, 3, 0, 1, 1, 0, 2)
  (0, 2, 0, 3, 0, 1, 1, 0, 2)
  (0, 2, 0, 3, 0, 2, 0, 0, 2)
  (0, 2, 0, 5, 0, 0, 0, 0, 2)
  (0, 0, 0, 7, 0, 0, 0, 0, 2)

Path 1244 (7 moves):
  (1, 1, 1, 1, 1, 1, 1, 1, 1)
  (1, 1, 1, 2, 0, 1, 1, 1, 1)
  (1, 1, 1, 2, 0, 1, 1, 0, 2)
  (1, 1, 0, 3, 0, 1, 1, 0, 2)
  (0, 2, 0, 3, 0, 1, 1, 0, 2)
  (0, 2, 0, 3, 0, 1, 3, 0, 0)
  (0, 0, 0, 5, 0, 1, 3, 0, 0)
  (0, 0, 0, 5, 0, 0, 4, 0, 0)

Path 1245 (7 moves):
  (1, 1, 1, 1, 1, 1, 1, 1, 1)
  (1, 1, 1, 2, 0, 1, 1, 1, 1)
  (1, 1, 1, 2, 0, 1, 1, 0, 2)
  (1, 1, 0, 3, 0, 1, 1, 0, 2)
  (0, 2, 0, 3, 0, 1, 1, 0, 2)
  (0, 2, 0, 3, 0, 1, 3, 0, 0)
  (0, 0, 0, 5, 0, 1, 3, 0, 0)
  (0, 0, 0, 8, 0, 1, 0, 0, 0)

Path 1246 (7 moves):
  (1, 1, 1, 1, 1, 1, 1, 1, 1)
  (1, 1, 1, 2, 0, 1, 1, 1, 1)
  (1, 1, 1, 2, 0, 1, 1, 0, 2)
  (1, 1, 0, 3, 0, 1, 1, 0, 2)
  (0, 2, 0, 3, 0, 1, 1, 0, 2)
  (0, 2, 0, 3, 0, 1, 3, 0, 0)
  (0, 2, 0, 0, 0, 1, 6, 0, 0)
  (0, 2, 0, 0, 0, 0, 7, 0, 0)

Path 1247 (7 moves):
  (1, 1, 1, 1, 1, 1, 1, 1, 1)
  (1, 1, 1, 2, 0, 1, 1, 1, 1)
  (1, 1, 1, 2, 0, 1, 1, 0, 2)
  (1, 1, 0, 3, 0, 1, 1, 0, 2)
  (0, 2, 0, 3, 0, 1, 1, 0, 2)
  (0, 2, 0, 3, 0, 1, 3, 0, 0)
  (0, 2, 0, 3, 0, 0, 4, 0, 0)
  (0, 0, 0, 5, 0, 0, 4, 0, 0)

Path 1248 (7 moves):
  (1, 1, 1, 1, 1, 1, 1, 1, 1)
  (1, 1, 1, 2, 0, 1, 1, 1, 1)
  (1, 1, 1, 2, 0, 1, 1, 0, 2)
  (1, 1, 0, 3, 0, 1, 1, 0, 2)
  (0, 2, 0, 3, 0, 1, 1, 0, 2)
  (0, 2, 0, 3, 0, 1, 3, 0, 0)
  (0, 2, 0, 3, 0, 0, 4, 0, 0)
  (0, 2, 0, 0, 0, 0, 7, 0, 0)

Path 1249 (7 moves):
  (1, 1, 1, 1, 1, 1, 1, 1, 1)
  (1, 1, 1, 2, 0, 1, 1, 1, 1)
  (1, 1, 1, 2, 0, 1, 1, 0, 2)
  (1, 1, 0, 3, 0, 1, 1, 0, 2)
  (0, 2, 0, 3, 0, 1, 1, 0, 2)
  (0, 2, 0, 3, 0, 1, 3, 0, 0)
  (0, 2, 0, 6, 0, 1, 0, 0, 0)
  (0, 0, 0, 8, 0, 1, 0, 0, 0)

Path 1250 (7 moves):
  (1, 1, 1, 1, 1, 1, 1, 1, 1)
  (1, 1, 1, 2, 0, 1, 1, 1, 1)
  (1, 1, 1, 2, 0, 1, 1, 0, 2)
  (1, 1, 0, 3, 0, 1, 1, 0, 2)
  (2, 0, 0, 3, 0, 1, 1, 0, 2)
  (5, 0, 0, 0, 0, 1, 1, 0, 2)
  (0, 0, 0, 0, 0, 6, 1, 0, 2)
  (0, 0, 0, 0, 0, 7, 0, 0, 2)

Path 1251 (7 moves):
  (1, 1, 1, 1, 1, 1, 1, 1, 1)
  (1, 1, 1, 2, 0, 1, 1, 1, 1)
  (1, 1, 1, 2, 0, 1, 1, 0, 2)
  (1, 1, 0, 3, 0, 1, 1, 0, 2)
  (2, 0, 0, 3, 0, 1, 1, 0, 2)
  (5, 0, 0, 0, 0, 1, 1, 0, 2)
  (0, 0, 0, 0, 0, 6, 1, 0, 2)
  (0, 0, 0, 0, 0, 6, 3, 0, 0)

Path 1252 (7 moves):
  (1, 1, 1, 1, 1, 1, 1, 1, 1)
  (1, 1, 1, 2, 0, 1, 1, 1, 1)
  (1, 1, 1, 2, 0, 1, 1, 0, 2)
  (1, 1, 0, 3, 0, 1, 1, 0, 2)
  (2, 0, 0, 3, 0, 1, 1, 0, 2)
  (5, 0, 0, 0, 0, 1, 1, 0, 2)
  (5, 0, 0, 0, 0, 0, 2, 0, 2)
  (5, 0, 0, 0, 0, 0, 0, 0, 4)

Path 1253 (7 moves):
  (1, 1, 1, 1, 1, 1, 1, 1, 1)
  (1, 1, 1, 2, 0, 1, 1, 1, 1)
  (1, 1, 1, 2, 0, 1, 1, 0, 2)
  (1, 1, 0, 3, 0, 1, 1, 0, 2)
  (2, 0, 0, 3, 0, 1, 1, 0, 2)
  (5, 0, 0, 0, 0, 1, 1, 0, 2)
  (5, 0, 0, 0, 0, 0, 2, 0, 2)
  (5, 0, 0, 0, 0, 0, 4, 0, 0)

Path 1254 (7 moves):
  (1, 1, 1, 1, 1, 1, 1, 1, 1)
  (1, 1, 1, 2, 0, 1, 1, 1, 1)
  (1, 1, 1, 2, 0, 1, 1, 0, 2)
  (1, 1, 0, 3, 0, 1, 1, 0, 2)
  (2, 0, 0, 3, 0, 1, 1, 0, 2)
  (5, 0, 0, 0, 0, 1, 1, 0, 2)
  (5, 0, 0, 0, 0, 2, 0, 0, 2)
  (0, 0, 0, 0, 0, 7, 0, 0, 2)

Path 1255 (7 moves):
  (1, 1, 1, 1, 1, 1, 1, 1, 1)
  (1, 1, 1, 2, 0, 1, 1, 1, 1)
  (1, 1, 1, 2, 0, 1, 1, 0, 2)
  (1, 1, 0, 3, 0, 1, 1, 0, 2)
  (2, 0, 0, 3, 0, 1, 1, 0, 2)
  (5, 0, 0, 0, 0, 1, 1, 0, 2)
  (5, 0, 0, 0, 0, 1, 3, 0, 0)
  (0, 0, 0, 0, 0, 6, 3, 0, 0)

Path 1256 (7 moves):
  (1, 1, 1, 1, 1, 1, 1, 1, 1)
  (1, 1, 1, 2, 0, 1, 1, 1, 1)
  (1, 1, 1, 2, 0, 1, 1, 0, 2)
  (1, 1, 0, 3, 0, 1, 1, 0, 2)
  (2, 0, 0, 3, 0, 1, 1, 0, 2)
  (5, 0, 0, 0, 0, 1, 1, 0, 2)
  (5, 0, 0, 0, 0, 1, 3, 0, 0)
  (5, 0, 0, 0, 0, 0, 4, 0, 0)

Path 1257 (7 moves):
  (1, 1, 1, 1, 1, 1, 1, 1, 1)
  (1, 1, 1, 2, 0, 1, 1, 1, 1)
  (1, 1, 1, 2, 0, 1, 1, 0, 2)
  (1, 1, 0, 3, 0, 1, 1, 0, 2)
  (2, 0, 0, 3, 0, 1, 1, 0, 2)
  (2, 0, 0, 0, 0, 1, 4, 0, 2)
  (2, 0, 0, 0, 0, 0, 5, 0, 2)
  (2, 0, 0, 0, 0, 0, 7, 0, 0)

Path 1258 (7 moves):
  (1, 1, 1, 1, 1, 1, 1, 1, 1)
  (1, 1, 1, 2, 0, 1, 1, 1, 1)
  (1, 1, 1, 2, 0, 1, 1, 0, 2)
  (1, 1, 0, 3, 0, 1, 1, 0, 2)
  (2, 0, 0, 3, 0, 1, 1, 0, 2)
  (2, 0, 0, 0, 0, 1, 4, 0, 2)
  (2, 0, 0, 0, 0, 1, 6, 0, 0)
  (2, 0, 0, 0, 0, 0, 7, 0, 0)

Path 1259 (7 moves):
  (1, 1, 1, 1, 1, 1, 1, 1, 1)
  (1, 1, 1, 2, 0, 1, 1, 1, 1)
  (1, 1, 1, 2, 0, 1, 1, 0, 2)
  (1, 1, 0, 3, 0, 1, 1, 0, 2)
  (2, 0, 0, 3, 0, 1, 1, 0, 2)
  (2, 0, 0, 0, 0, 1, 4, 0, 2)
  (2, 0, 0, 0, 0, 1, 6, 0, 0)
  (8, 0, 0, 0, 0, 1, 0, 0, 0)

Path 1260 (7 moves):
  (1, 1, 1, 1, 1, 1, 1, 1, 1)
  (1, 1, 1, 2, 0, 1, 1, 1, 1)
  (1, 1, 1, 2, 0, 1, 1, 0, 2)
  (1, 1, 0, 3, 0, 1, 1, 0, 2)
  (2, 0, 0, 3, 0, 1, 1, 0, 2)
  (2, 0, 0, 3, 0, 0, 2, 0, 2)
  (5, 0, 0, 0, 0, 0, 2, 0, 2)
  (5, 0, 0, 0, 0, 0, 0, 0, 4)

Path 1261 (7 moves):
  (1, 1, 1, 1, 1, 1, 1, 1, 1)
  (1, 1, 1, 2, 0, 1, 1, 1, 1)
  (1, 1, 1, 2, 0, 1, 1, 0, 2)
  (1, 1, 0, 3, 0, 1, 1, 0, 2)
  (2, 0, 0, 3, 0, 1, 1, 0, 2)
  (2, 0, 0, 3, 0, 0, 2, 0, 2)
  (5, 0, 0, 0, 0, 0, 2, 0, 2)
  (5, 0, 0, 0, 0, 0, 4, 0, 0)

Path 1262 (7 moves):
  (1, 1, 1, 1, 1, 1, 1, 1, 1)
  (1, 1, 1, 2, 0, 1, 1, 1, 1)
  (1, 1, 1, 2, 0, 1, 1, 0, 2)
  (1, 1, 0, 3, 0, 1, 1, 0, 2)
  (2, 0, 0, 3, 0, 1, 1, 0, 2)
  (2, 0, 0, 3, 0, 0, 2, 0, 2)
  (2, 0, 0, 0, 0, 0, 5, 0, 2)
  (2, 0, 0, 0, 0, 0, 7, 0, 0)

Path 1263 (7 moves):
  (1, 1, 1, 1, 1, 1, 1, 1, 1)
  (1, 1, 1, 2, 0, 1, 1, 1, 1)
  (1, 1, 1, 2, 0, 1, 1, 0, 2)
  (1, 1, 0, 3, 0, 1, 1, 0, 2)
  (2, 0, 0, 3, 0, 1, 1, 0, 2)
  (2, 0, 0, 3, 0, 0, 2, 0, 2)
  (2, 0, 0, 3, 0, 0, 0, 0, 4)
  (5, 0, 0, 0, 0, 0, 0, 0, 4)

Path 1264 (7 moves):
  (1, 1, 1, 1, 1, 1, 1, 1, 1)
  (1, 1, 1, 2, 0, 1, 1, 1, 1)
  (1, 1, 1, 2, 0, 1, 1, 0, 2)
  (1, 1, 0, 3, 0, 1, 1, 0, 2)
  (2, 0, 0, 3, 0, 1, 1, 0, 2)
  (2, 0, 0, 3, 0, 0, 2, 0, 2)
  (2, 0, 0, 3, 0, 0, 4, 0, 0)
  (5, 0, 0, 0, 0, 0, 4, 0, 0)

Path 1265 (7 moves):
  (1, 1, 1, 1, 1, 1, 1, 1, 1)
  (1, 1, 1, 2, 0, 1, 1, 1, 1)
  (1, 1, 1, 2, 0, 1, 1, 0, 2)
  (1, 1, 0, 3, 0, 1, 1, 0, 2)
  (2, 0, 0, 3, 0, 1, 1, 0, 2)
  (2, 0, 0, 3, 0, 0, 2, 0, 2)
  (2, 0, 0, 3, 0, 0, 4, 0, 0)
  (2, 0, 0, 0, 0, 0, 7, 0, 0)

Path 1266 (7 moves):
  (1, 1, 1, 1, 1, 1, 1, 1, 1)
  (1, 1, 1, 2, 0, 1, 1, 1, 1)
  (1, 1, 1, 2, 0, 1, 1, 0, 2)
  (1, 1, 0, 3, 0, 1, 1, 0, 2)
  (2, 0, 0, 3, 0, 1, 1, 0, 2)
  (2, 0, 0, 3, 0, 2, 0, 0, 2)
  (5, 0, 0, 0, 0, 2, 0, 0, 2)
  (0, 0, 0, 0, 0, 7, 0, 0, 2)

Path 1267 (7 moves):
  (1, 1, 1, 1, 1, 1, 1, 1, 1)
  (1, 1, 1, 2, 0, 1, 1, 1, 1)
  (1, 1, 1, 2, 0, 1, 1, 0, 2)
  (1, 1, 0, 3, 0, 1, 1, 0, 2)
  (2, 0, 0, 3, 0, 1, 1, 0, 2)
  (2, 0, 0, 3, 0, 2, 0, 0, 2)
  (2, 0, 0, 5, 0, 0, 0, 0, 2)
  (2, 0, 0, 0, 0, 0, 0, 0, 7)

Path 1268 (7 moves):
  (1, 1, 1, 1, 1, 1, 1, 1, 1)
  (1, 1, 1, 2, 0, 1, 1, 1, 1)
  (1, 1, 1, 2, 0, 1, 1, 0, 2)
  (1, 1, 0, 3, 0, 1, 1, 0, 2)
  (4, 1, 0, 0, 0, 1, 1, 0, 2)
  (5, 0, 0, 0, 0, 1, 1, 0, 2)
  (0, 0, 0, 0, 0, 6, 1, 0, 2)
  (0, 0, 0, 0, 0, 7, 0, 0, 2)

Path 1269 (7 moves):
  (1, 1, 1, 1, 1, 1, 1, 1, 1)
  (1, 1, 1, 2, 0, 1, 1, 1, 1)
  (1, 1, 1, 2, 0, 1, 1, 0, 2)
  (1, 1, 0, 3, 0, 1, 1, 0, 2)
  (4, 1, 0, 0, 0, 1, 1, 0, 2)
  (5, 0, 0, 0, 0, 1, 1, 0, 2)
  (0, 0, 0, 0, 0, 6, 1, 0, 2)
  (0, 0, 0, 0, 0, 6, 3, 0, 0)

Path 1270 (7 moves):
  (1, 1, 1, 1, 1, 1, 1, 1, 1)
  (1, 1, 1, 2, 0, 1, 1, 1, 1)
  (1, 1, 1, 2, 0, 1, 1, 0, 2)
  (1, 1, 0, 3, 0, 1, 1, 0, 2)
  (4, 1, 0, 0, 0, 1, 1, 0, 2)
  (5, 0, 0, 0, 0, 1, 1, 0, 2)
  (5, 0, 0, 0, 0, 0, 2, 0, 2)
  (5, 0, 0, 0, 0, 0, 0, 0, 4)

Path 1271 (7 moves):
  (1, 1, 1, 1, 1, 1, 1, 1, 1)
  (1, 1, 1, 2, 0, 1, 1, 1, 1)
  (1, 1, 1, 2, 0, 1, 1, 0, 2)
  (1, 1, 0, 3, 0, 1, 1, 0, 2)
  (4, 1, 0, 0, 0, 1, 1, 0, 2)
  (5, 0, 0, 0, 0, 1, 1, 0, 2)
  (5, 0, 0, 0, 0, 0, 2, 0, 2)
  (5, 0, 0, 0, 0, 0, 4, 0, 0)

Path 1272 (7 moves):
  (1, 1, 1, 1, 1, 1, 1, 1, 1)
  (1, 1, 1, 2, 0, 1, 1, 1, 1)
  (1, 1, 1, 2, 0, 1, 1, 0, 2)
  (1, 1, 0, 3, 0, 1, 1, 0, 2)
  (4, 1, 0, 0, 0, 1, 1, 0, 2)
  (5, 0, 0, 0, 0, 1, 1, 0, 2)
  (5, 0, 0, 0, 0, 2, 0, 0, 2)
  (0, 0, 0, 0, 0, 7, 0, 0, 2)

Path 1273 (7 moves):
  (1, 1, 1, 1, 1, 1, 1, 1, 1)
  (1, 1, 1, 2, 0, 1, 1, 1, 1)
  (1, 1, 1, 2, 0, 1, 1, 0, 2)
  (1, 1, 0, 3, 0, 1, 1, 0, 2)
  (4, 1, 0, 0, 0, 1, 1, 0, 2)
  (5, 0, 0, 0, 0, 1, 1, 0, 2)
  (5, 0, 0, 0, 0, 1, 3, 0, 0)
  (0, 0, 0, 0, 0, 6, 3, 0, 0)

Path 1274 (7 moves):
  (1, 1, 1, 1, 1, 1, 1, 1, 1)
  (1, 1, 1, 2, 0, 1, 1, 1, 1)
  (1, 1, 1, 2, 0, 1, 1, 0, 2)
  (1, 1, 0, 3, 0, 1, 1, 0, 2)
  (4, 1, 0, 0, 0, 1, 1, 0, 2)
  (5, 0, 0, 0, 0, 1, 1, 0, 2)
  (5, 0, 0, 0, 0, 1, 3, 0, 0)
  (5, 0, 0, 0, 0, 0, 4, 0, 0)

Path 1275 (7 moves):
  (1, 1, 1, 1, 1, 1, 1, 1, 1)
  (1, 1, 1, 2, 0, 1, 1, 1, 1)
  (1, 1, 1, 2, 0, 1, 1, 0, 2)
  (1, 1, 0, 3, 0, 1, 1, 0, 2)
  (4, 1, 0, 0, 0, 1, 1, 0, 2)
  (4, 1, 0, 0, 0, 0, 2, 0, 2)
  (5, 0, 0, 0, 0, 0, 2, 0, 2)
  (5, 0, 0, 0, 0, 0, 0, 0, 4)

Path 1276 (7 moves):
  (1, 1, 1, 1, 1, 1, 1, 1, 1)
  (1, 1, 1, 2, 0, 1, 1, 1, 1)
  (1, 1, 1, 2, 0, 1, 1, 0, 2)
  (1, 1, 0, 3, 0, 1, 1, 0, 2)
  (4, 1, 0, 0, 0, 1, 1, 0, 2)
  (4, 1, 0, 0, 0, 0, 2, 0, 2)
  (5, 0, 0, 0, 0, 0, 2, 0, 2)
  (5, 0, 0, 0, 0, 0, 4, 0, 0)

Path 1277 (7 moves):
  (1, 1, 1, 1, 1, 1, 1, 1, 1)
  (1, 1, 1, 2, 0, 1, 1, 1, 1)
  (1, 1, 1, 2, 0, 1, 1, 0, 2)
  (1, 1, 0, 3, 0, 1, 1, 0, 2)
  (4, 1, 0, 0, 0, 1, 1, 0, 2)
  (4, 1, 0, 0, 0, 0, 2, 0, 2)
  (4, 1, 0, 0, 0, 0, 0, 0, 4)
  (5, 0, 0, 0, 0, 0, 0, 0, 4)

Path 1278 (7 moves):
  (1, 1, 1, 1, 1, 1, 1, 1, 1)
  (1, 1, 1, 2, 0, 1, 1, 1, 1)
  (1, 1, 1, 2, 0, 1, 1, 0, 2)
  (1, 1, 0, 3, 0, 1, 1, 0, 2)
  (4, 1, 0, 0, 0, 1, 1, 0, 2)
  (4, 1, 0, 0, 0, 0, 2, 0, 2)
  (4, 1, 0, 0, 0, 0, 4, 0, 0)
  (5, 0, 0, 0, 0, 0, 4, 0, 0)

Path 1279 (7 moves):
  (1, 1, 1, 1, 1, 1, 1, 1, 1)
  (1, 1, 1, 2, 0, 1, 1, 1, 1)
  (1, 1, 1, 2, 0, 1, 1, 0, 2)
  (1, 1, 0, 3, 0, 1, 1, 0, 2)
  (4, 1, 0, 0, 0, 1, 1, 0, 2)
  (4, 1, 0, 0, 0, 2, 0, 0, 2)
  (5, 0, 0, 0, 0, 2, 0, 0, 2)
  (0, 0, 0, 0, 0, 7, 0, 0, 2)

Path 1280 (7 moves):
  (1, 1, 1, 1, 1, 1, 1, 1, 1)
  (1, 1, 1, 2, 0, 1, 1, 1, 1)
  (1, 1, 1, 2, 0, 1, 1, 0, 2)
  (1, 1, 0, 3, 0, 1, 1, 0, 2)
  (4, 1, 0, 0, 0, 1, 1, 0, 2)
  (4, 1, 0, 0, 0, 1, 3, 0, 0)
  (5, 0, 0, 0, 0, 1, 3, 0, 0)
  (0, 0, 0, 0, 0, 6, 3, 0, 0)

Path 1281 (7 moves):
  (1, 1, 1, 1, 1, 1, 1, 1, 1)
  (1, 1, 1, 2, 0, 1, 1, 1, 1)
  (1, 1, 1, 2, 0, 1, 1, 0, 2)
  (1, 1, 0, 3, 0, 1, 1, 0, 2)
  (4, 1, 0, 0, 0, 1, 1, 0, 2)
  (4, 1, 0, 0, 0, 1, 3, 0, 0)
  (5, 0, 0, 0, 0, 1, 3, 0, 0)
  (5, 0, 0, 0, 0, 0, 4, 0, 0)

Path 1282 (7 moves):
  (1, 1, 1, 1, 1, 1, 1, 1, 1)
  (1, 1, 1, 2, 0, 1, 1, 1, 1)
  (1, 1, 1, 2, 0, 1, 1, 0, 2)
  (1, 1, 0, 3, 0, 1, 1, 0, 2)
  (4, 1, 0, 0, 0, 1, 1, 0, 2)
  (4, 1, 0, 0, 0, 1, 3, 0, 0)
  (4, 1, 0, 0, 0, 0, 4, 0, 0)
  (5, 0, 0, 0, 0, 0, 4, 0, 0)

Path 1283 (7 moves):
  (1, 1, 1, 1, 1, 1, 1, 1, 1)
  (1, 1, 1, 2, 0, 1, 1, 1, 1)
  (1, 1, 1, 2, 0, 1, 1, 0, 2)
  (1, 1, 0, 3, 0, 1, 1, 0, 2)
  (1, 1, 0, 0, 0, 1, 4, 0, 2)
  (0, 2, 0, 0, 0, 1, 4, 0, 2)
  (0, 2, 0, 0, 0, 0, 5, 0, 2)
  (0, 2, 0, 0, 0, 0, 7, 0, 0)

Path 1284 (7 moves):
  (1, 1, 1, 1, 1, 1, 1, 1, 1)
  (1, 1, 1, 2, 0, 1, 1, 1, 1)
  (1, 1, 1, 2, 0, 1, 1, 0, 2)
  (1, 1, 0, 3, 0, 1, 1, 0, 2)
  (1, 1, 0, 0, 0, 1, 4, 0, 2)
  (0, 2, 0, 0, 0, 1, 4, 0, 2)
  (0, 2, 0, 0, 0, 1, 6, 0, 0)
  (0, 2, 0, 0, 0, 0, 7, 0, 0)

Path 1285 (7 moves):
  (1, 1, 1, 1, 1, 1, 1, 1, 1)
  (1, 1, 1, 2, 0, 1, 1, 1, 1)
  (1, 1, 1, 2, 0, 1, 1, 0, 2)
  (1, 1, 0, 3, 0, 1, 1, 0, 2)
  (1, 1, 0, 0, 0, 1, 4, 0, 2)
  (2, 0, 0, 0, 0, 1, 4, 0, 2)
  (2, 0, 0, 0, 0, 0, 5, 0, 2)
  (2, 0, 0, 0, 0, 0, 7, 0, 0)

Path 1286 (7 moves):
  (1, 1, 1, 1, 1, 1, 1, 1, 1)
  (1, 1, 1, 2, 0, 1, 1, 1, 1)
  (1, 1, 1, 2, 0, 1, 1, 0, 2)
  (1, 1, 0, 3, 0, 1, 1, 0, 2)
  (1, 1, 0, 0, 0, 1, 4, 0, 2)
  (2, 0, 0, 0, 0, 1, 4, 0, 2)
  (2, 0, 0, 0, 0, 1, 6, 0, 0)
  (2, 0, 0, 0, 0, 0, 7, 0, 0)

Path 1287 (7 moves):
  (1, 1, 1, 1, 1, 1, 1, 1, 1)
  (1, 1, 1, 2, 0, 1, 1, 1, 1)
  (1, 1, 1, 2, 0, 1, 1, 0, 2)
  (1, 1, 0, 3, 0, 1, 1, 0, 2)
  (1, 1, 0, 0, 0, 1, 4, 0, 2)
  (2, 0, 0, 0, 0, 1, 4, 0, 2)
  (2, 0, 0, 0, 0, 1, 6, 0, 0)
  (8, 0, 0, 0, 0, 1, 0, 0, 0)

Path 1288 (7 moves):
  (1, 1, 1, 1, 1, 1, 1, 1, 1)
  (1, 1, 1, 2, 0, 1, 1, 1, 1)
  (1, 1, 1, 2, 0, 1, 1, 0, 2)
  (1, 1, 0, 3, 0, 1, 1, 0, 2)
  (1, 1, 0, 0, 0, 1, 4, 0, 2)
  (1, 1, 0, 0, 0, 1, 6, 0, 0)
  (0, 2, 0, 0, 0, 1, 6, 0, 0)
  (0, 2, 0, 0, 0, 0, 7, 0, 0)

Path 1289 (7 moves):
  (1, 1, 1, 1, 1, 1, 1, 1, 1)
  (1, 1, 1, 2, 0, 1, 1, 1, 1)
  (1, 1, 1, 2, 0, 1, 1, 0, 2)
  (1, 1, 0, 3, 0, 1, 1, 0, 2)
  (1, 1, 0, 0, 0, 1, 4, 0, 2)
  (1, 1, 0, 0, 0, 1, 6, 0, 0)
  (2, 0, 0, 0, 0, 1, 6, 0, 0)
  (2, 0, 0, 0, 0, 0, 7, 0, 0)

Path 1290 (7 moves):
  (1, 1, 1, 1, 1, 1, 1, 1, 1)
  (1, 1, 1, 2, 0, 1, 1, 1, 1)
  (1, 1, 1, 2, 0, 1, 1, 0, 2)
  (1, 1, 0, 3, 0, 1, 1, 0, 2)
  (1, 1, 0, 0, 0, 1, 4, 0, 2)
  (1, 1, 0, 0, 0, 1, 6, 0, 0)
  (2, 0, 0, 0, 0, 1, 6, 0, 0)
  (8, 0, 0, 0, 0, 1, 0, 0, 0)

Path 1291 (7 moves):
  (1, 1, 1, 1, 1, 1, 1, 1, 1)
  (1, 1, 1, 2, 0, 1, 1, 1, 1)
  (1, 1, 1, 2, 0, 1, 1, 0, 2)
  (1, 1, 0, 3, 0, 1, 1, 0, 2)
  (1, 1, 0, 0, 0, 1, 4, 0, 2)
  (1, 1, 0, 0, 0, 1, 6, 0, 0)
  (1, 1, 0, 0, 0, 0, 7, 0, 0)
  (0, 2, 0, 0, 0, 0, 7, 0, 0)

Path 1292 (7 moves):
  (1, 1, 1, 1, 1, 1, 1, 1, 1)
  (1, 1, 1, 2, 0, 1, 1, 1, 1)
  (1, 1, 1, 2, 0, 1, 1, 0, 2)
  (1, 1, 0, 3, 0, 1, 1, 0, 2)
  (1, 1, 0, 0, 0, 1, 4, 0, 2)
  (1, 1, 0, 0, 0, 1, 6, 0, 0)
  (1, 1, 0, 0, 0, 0, 7, 0, 0)
  (2, 0, 0, 0, 0, 0, 7, 0, 0)

Path 1293 (7 moves):
  (1, 1, 1, 1, 1, 1, 1, 1, 1)
  (1, 1, 1, 2, 0, 1, 1, 1, 1)
  (1, 1, 1, 2, 0, 1, 1, 0, 2)
  (1, 1, 0, 3, 0, 1, 1, 0, 2)
  (1, 1, 0, 0, 0, 1, 4, 0, 2)
  (1, 1, 0, 0, 0, 1, 6, 0, 0)
  (7, 1, 0, 0, 0, 1, 0, 0, 0)
  (8, 0, 0, 0, 0, 1, 0, 0, 0)

Path 1294 (7 moves):
  (1, 1, 1, 1, 1, 1, 1, 1, 1)
  (1, 1, 1, 2, 0, 1, 1, 1, 1)
  (1, 1, 1, 2, 0, 1, 1, 0, 2)
  (1, 1, 0, 3, 0, 1, 1, 0, 2)
  (1, 1, 0, 3, 0, 0, 2, 0, 2)
  (2, 0, 0, 3, 0, 0, 2, 0, 2)
  (5, 0, 0, 0, 0, 0, 2, 0, 2)
  (5, 0, 0, 0, 0, 0, 0, 0, 4)

Path 1295 (7 moves):
  (1, 1, 1, 1, 1, 1, 1, 1, 1)
  (1, 1, 1, 2, 0, 1, 1, 1, 1)
  (1, 1, 1, 2, 0, 1, 1, 0, 2)
  (1, 1, 0, 3, 0, 1, 1, 0, 2)
  (1, 1, 0, 3, 0, 0, 2, 0, 2)
  (2, 0, 0, 3, 0, 0, 2, 0, 2)
  (5, 0, 0, 0, 0, 0, 2, 0, 2)
  (5, 0, 0, 0, 0, 0, 4, 0, 0)

Path 1296 (7 moves):
  (1, 1, 1, 1, 1, 1, 1, 1, 1)
  (1, 1, 1, 2, 0, 1, 1, 1, 1)
  (1, 1, 1, 2, 0, 1, 1, 0, 2)
  (1, 1, 0, 3, 0, 1, 1, 0, 2)
  (1, 1, 0, 3, 0, 0, 2, 0, 2)
  (2, 0, 0, 3, 0, 0, 2, 0, 2)
  (2, 0, 0, 0, 0, 0, 5, 0, 2)
  (2, 0, 0, 0, 0, 0, 7, 0, 0)

Path 1297 (7 moves):
  (1, 1, 1, 1, 1, 1, 1, 1, 1)
  (1, 1, 1, 2, 0, 1, 1, 1, 1)
  (1, 1, 1, 2, 0, 1, 1, 0, 2)
  (1, 1, 0, 3, 0, 1, 1, 0, 2)
  (1, 1, 0, 3, 0, 0, 2, 0, 2)
  (2, 0, 0, 3, 0, 0, 2, 0, 2)
  (2, 0, 0, 3, 0, 0, 0, 0, 4)
  (5, 0, 0, 0, 0, 0, 0, 0, 4)

Path 1298 (7 moves):
  (1, 1, 1, 1, 1, 1, 1, 1, 1)
  (1, 1, 1, 2, 0, 1, 1, 1, 1)
  (1, 1, 1, 2, 0, 1, 1, 0, 2)
  (1, 1, 0, 3, 0, 1, 1, 0, 2)
  (1, 1, 0, 3, 0, 0, 2, 0, 2)
  (2, 0, 0, 3, 0, 0, 2, 0, 2)
  (2, 0, 0, 3, 0, 0, 4, 0, 0)
  (5, 0, 0, 0, 0, 0, 4, 0, 0)

Path 1299 (7 moves):
  (1, 1, 1, 1, 1, 1, 1, 1, 1)
  (1, 1, 1, 2, 0, 1, 1, 1, 1)
  (1, 1, 1, 2, 0, 1, 1, 0, 2)
  (1, 1, 0, 3, 0, 1, 1, 0, 2)
  (1, 1, 0, 3, 0, 0, 2, 0, 2)
  (2, 0, 0, 3, 0, 0, 2, 0, 2)
  (2, 0, 0, 3, 0, 0, 4, 0, 0)
  (2, 0, 0, 0, 0, 0, 7, 0, 0)

Path 1300 (7 moves):
  (1, 1, 1, 1, 1, 1, 1, 1, 1)
  (1, 1, 1, 2, 0, 1, 1, 1, 1)
  (1, 1, 1, 2, 0, 1, 1, 0, 2)
  (1, 1, 0, 3, 0, 1, 1, 0, 2)
  (1, 1, 0, 3, 0, 0, 2, 0, 2)
  (4, 1, 0, 0, 0, 0, 2, 0, 2)
  (5, 0, 0, 0, 0, 0, 2, 0, 2)
  (5, 0, 0, 0, 0, 0, 0, 0, 4)

Path 1301 (7 moves):
  (1, 1, 1, 1, 1, 1, 1, 1, 1)
  (1, 1, 1, 2, 0, 1, 1, 1, 1)
  (1, 1, 1, 2, 0, 1, 1, 0, 2)
  (1, 1, 0, 3, 0, 1, 1, 0, 2)
  (1, 1, 0, 3, 0, 0, 2, 0, 2)
  (4, 1, 0, 0, 0, 0, 2, 0, 2)
  (5, 0, 0, 0, 0, 0, 2, 0, 2)
  (5, 0, 0, 0, 0, 0, 4, 0, 0)

Path 1302 (7 moves):
  (1, 1, 1, 1, 1, 1, 1, 1, 1)
  (1, 1, 1, 2, 0, 1, 1, 1, 1)
  (1, 1, 1, 2, 0, 1, 1, 0, 2)
  (1, 1, 0, 3, 0, 1, 1, 0, 2)
  (1, 1, 0, 3, 0, 0, 2, 0, 2)
  (4, 1, 0, 0, 0, 0, 2, 0, 2)
  (4, 1, 0, 0, 0, 0, 0, 0, 4)
  (5, 0, 0, 0, 0, 0, 0, 0, 4)

Path 1303 (7 moves):
  (1, 1, 1, 1, 1, 1, 1, 1, 1)
  (1, 1, 1, 2, 0, 1, 1, 1, 1)
  (1, 1, 1, 2, 0, 1, 1, 0, 2)
  (1, 1, 0, 3, 0, 1, 1, 0, 2)
  (1, 1, 0, 3, 0, 0, 2, 0, 2)
  (4, 1, 0, 0, 0, 0, 2, 0, 2)
  (4, 1, 0, 0, 0, 0, 4, 0, 0)
  (5, 0, 0, 0, 0, 0, 4, 0, 0)

Path 1304 (7 moves):
  (1, 1, 1, 1, 1, 1, 1, 1, 1)
  (1, 1, 1, 2, 0, 1, 1, 1, 1)
  (1, 1, 1, 2, 0, 1, 1, 0, 2)
  (1, 1, 0, 3, 0, 1, 1, 0, 2)
  (1, 1, 0, 3, 0, 0, 2, 0, 2)
  (1, 1, 0, 3, 0, 0, 4, 0, 0)
  (0, 2, 0, 3, 0, 0, 4, 0, 0)
  (0, 0, 0, 5, 0, 0, 4, 0, 0)

Path 1305 (7 moves):
  (1, 1, 1, 1, 1, 1, 1, 1, 1)
  (1, 1, 1, 2, 0, 1, 1, 1, 1)
  (1, 1, 1, 2, 0, 1, 1, 0, 2)
  (1, 1, 0, 3, 0, 1, 1, 0, 2)
  (1, 1, 0, 3, 0, 0, 2, 0, 2)
  (1, 1, 0, 3, 0, 0, 4, 0, 0)
  (0, 2, 0, 3, 0, 0, 4, 0, 0)
  (0, 2, 0, 0, 0, 0, 7, 0, 0)

Path 1306 (7 moves):
  (1, 1, 1, 1, 1, 1, 1, 1, 1)
  (1, 1, 1, 2, 0, 1, 1, 1, 1)
  (1, 1, 1, 2, 0, 1, 1, 0, 2)
  (1, 1, 0, 3, 0, 1, 1, 0, 2)
  (1, 1, 0, 3, 0, 0, 2, 0, 2)
  (1, 1, 0, 3, 0, 0, 4, 0, 0)
  (2, 0, 0, 3, 0, 0, 4, 0, 0)
  (5, 0, 0, 0, 0, 0, 4, 0, 0)

Path 1307 (7 moves):
  (1, 1, 1, 1, 1, 1, 1, 1, 1)
  (1, 1, 1, 2, 0, 1, 1, 1, 1)
  (1, 1, 1, 2, 0, 1, 1, 0, 2)
  (1, 1, 0, 3, 0, 1, 1, 0, 2)
  (1, 1, 0, 3, 0, 0, 2, 0, 2)
  (1, 1, 0, 3, 0, 0, 4, 0, 0)
  (2, 0, 0, 3, 0, 0, 4, 0, 0)
  (2, 0, 0, 0, 0, 0, 7, 0, 0)

Path 1308 (7 moves):
  (1, 1, 1, 1, 1, 1, 1, 1, 1)
  (1, 1, 1, 2, 0, 1, 1, 1, 1)
  (1, 1, 1, 2, 0, 1, 1, 0, 2)
  (1, 1, 0, 3, 0, 1, 1, 0, 2)
  (1, 1, 0, 3, 0, 0, 2, 0, 2)
  (1, 1, 0, 3, 0, 0, 4, 0, 0)
  (4, 1, 0, 0, 0, 0, 4, 0, 0)
  (5, 0, 0, 0, 0, 0, 4, 0, 0)

Path 1309 (7 moves):
  (1, 1, 1, 1, 1, 1, 1, 1, 1)
  (1, 1, 1, 2, 0, 1, 1, 1, 1)
  (1, 1, 1, 2, 0, 1, 1, 0, 2)
  (1, 1, 0, 3, 0, 1, 1, 0, 2)
  (1, 1, 0, 3, 0, 0, 2, 0, 2)
  (1, 1, 0, 3, 0, 0, 4, 0, 0)
  (1, 1, 0, 0, 0, 0, 7, 0, 0)
  (0, 2, 0, 0, 0, 0, 7, 0, 0)

Path 1310 (7 moves):
  (1, 1, 1, 1, 1, 1, 1, 1, 1)
  (1, 1, 1, 2, 0, 1, 1, 1, 1)
  (1, 1, 1, 2, 0, 1, 1, 0, 2)
  (1, 1, 0, 3, 0, 1, 1, 0, 2)
  (1, 1, 0, 3, 0, 0, 2, 0, 2)
  (1, 1, 0, 3, 0, 0, 4, 0, 0)
  (1, 1, 0, 0, 0, 0, 7, 0, 0)
  (2, 0, 0, 0, 0, 0, 7, 0, 0)

Path 1311 (7 moves):
  (1, 1, 1, 1, 1, 1, 1, 1, 1)
  (1, 1, 1, 2, 0, 1, 1, 1, 1)
  (1, 1, 1, 2, 0, 1, 1, 0, 2)
  (1, 1, 0, 3, 0, 1, 1, 0, 2)
  (1, 1, 0, 3, 0, 2, 0, 0, 2)
  (0, 2, 0, 3, 0, 2, 0, 0, 2)
  (0, 0, 0, 5, 0, 2, 0, 0, 2)
  (0, 0, 0, 0, 0, 2, 0, 0, 7)

Path 1312 (7 moves):
  (1, 1, 1, 1, 1, 1, 1, 1, 1)
  (1, 1, 1, 2, 0, 1, 1, 1, 1)
  (1, 1, 1, 2, 0, 1, 1, 0, 2)
  (1, 1, 0, 3, 0, 1, 1, 0, 2)
  (1, 1, 0, 3, 0, 2, 0, 0, 2)
  (0, 2, 0, 3, 0, 2, 0, 0, 2)
  (0, 0, 0, 5, 0, 2, 0, 0, 2)
  (0, 0, 0, 7, 0, 0, 0, 0, 2)

Path 1313 (7 moves):
  (1, 1, 1, 1, 1, 1, 1, 1, 1)
  (1, 1, 1, 2, 0, 1, 1, 1, 1)
  (1, 1, 1, 2, 0, 1, 1, 0, 2)
  (1, 1, 0, 3, 0, 1, 1, 0, 2)
  (1, 1, 0, 3, 0, 2, 0, 0, 2)
  (0, 2, 0, 3, 0, 2, 0, 0, 2)
  (0, 2, 0, 5, 0, 0, 0, 0, 2)
  (0, 0, 0, 7, 0, 0, 0, 0, 2)

Path 1314 (7 moves):
  (1, 1, 1, 1, 1, 1, 1, 1, 1)
  (1, 1, 1, 2, 0, 1, 1, 1, 1)
  (1, 1, 1, 2, 0, 1, 1, 0, 2)
  (1, 1, 0, 3, 0, 1, 1, 0, 2)
  (1, 1, 0, 3, 0, 2, 0, 0, 2)
  (2, 0, 0, 3, 0, 2, 0, 0, 2)
  (5, 0, 0, 0, 0, 2, 0, 0, 2)
  (0, 0, 0, 0, 0, 7, 0, 0, 2)

Path 1315 (7 moves):
  (1, 1, 1, 1, 1, 1, 1, 1, 1)
  (1, 1, 1, 2, 0, 1, 1, 1, 1)
  (1, 1, 1, 2, 0, 1, 1, 0, 2)
  (1, 1, 0, 3, 0, 1, 1, 0, 2)
  (1, 1, 0, 3, 0, 2, 0, 0, 2)
  (2, 0, 0, 3, 0, 2, 0, 0, 2)
  (2, 0, 0, 5, 0, 0, 0, 0, 2)
  (2, 0, 0, 0, 0, 0, 0, 0, 7)

Path 1316 (7 moves):
  (1, 1, 1, 1, 1, 1, 1, 1, 1)
  (1, 1, 1, 2, 0, 1, 1, 1, 1)
  (1, 1, 1, 2, 0, 1, 1, 0, 2)
  (1, 1, 0, 3, 0, 1, 1, 0, 2)
  (1, 1, 0, 3, 0, 2, 0, 0, 2)
  (4, 1, 0, 0, 0, 2, 0, 0, 2)
  (5, 0, 0, 0, 0, 2, 0, 0, 2)
  (0, 0, 0, 0, 0, 7, 0, 0, 2)

Path 1317 (7 moves):
  (1, 1, 1, 1, 1, 1, 1, 1, 1)
  (1, 1, 1, 2, 0, 1, 1, 1, 1)
  (1, 1, 1, 2, 0, 1, 1, 0, 2)
  (1, 1, 0, 3, 0, 1, 1, 0, 2)
  (1, 1, 0, 3, 0, 2, 0, 0, 2)
  (1, 1, 0, 5, 0, 0, 0, 0, 2)
  (0, 2, 0, 5, 0, 0, 0, 0, 2)
  (0, 0, 0, 7, 0, 0, 0, 0, 2)

Path 1318 (7 moves):
  (1, 1, 1, 1, 1, 1, 1, 1, 1)
  (1, 1, 1, 2, 0, 1, 1, 1, 1)
  (1, 1, 1, 2, 0, 1, 1, 0, 2)
  (1, 1, 0, 3, 0, 1, 1, 0, 2)
  (1, 1, 0, 3, 0, 2, 0, 0, 2)
  (1, 1, 0, 5, 0, 0, 0, 0, 2)
  (2, 0, 0, 5, 0, 0, 0, 0, 2)
  (2, 0, 0, 0, 0, 0, 0, 0, 7)

Path 1319 (7 moves):
  (1, 1, 1, 1, 1, 1, 1, 1, 1)
  (1, 1, 1, 2, 0, 1, 1, 1, 1)
  (1, 1, 1, 2, 0, 1, 1, 0, 2)
  (1, 1, 0, 3, 0, 1, 1, 0, 2)
  (1, 1, 0, 3, 0, 2, 0, 0, 2)
  (1, 1, 0, 5, 0, 0, 0, 0, 2)
  (1, 1, 0, 0, 0, 0, 0, 0, 7)
  (2, 0, 0, 0, 0, 0, 0, 0, 7)

Path 1320 (7 moves):
  (1, 1, 1, 1, 1, 1, 1, 1, 1)
  (1, 1, 1, 2, 0, 1, 1, 1, 1)
  (1, 1, 1, 2, 0, 1, 1, 0, 2)
  (1, 1, 0, 3, 0, 1, 1, 0, 2)
  (1, 1, 0, 3, 0, 1, 3, 0, 0)
  (0, 2, 0, 3, 0, 1, 3, 0, 0)
  (0, 0, 0, 5, 0, 1, 3, 0, 0)
  (0, 0, 0, 5, 0, 0, 4, 0, 0)

Path 1321 (7 moves):
  (1, 1, 1, 1, 1, 1, 1, 1, 1)
  (1, 1, 1, 2, 0, 1, 1, 1, 1)
  (1, 1, 1, 2, 0, 1, 1, 0, 2)
  (1, 1, 0, 3, 0, 1, 1, 0, 2)
  (1, 1, 0, 3, 0, 1, 3, 0, 0)
  (0, 2, 0, 3, 0, 1, 3, 0, 0)
  (0, 0, 0, 5, 0, 1, 3, 0, 0)
  (0, 0, 0, 8, 0, 1, 0, 0, 0)

Path 1322 (7 moves):
  (1, 1, 1, 1, 1, 1, 1, 1, 1)
  (1, 1, 1, 2, 0, 1, 1, 1, 1)
  (1, 1, 1, 2, 0, 1, 1, 0, 2)
  (1, 1, 0, 3, 0, 1, 1, 0, 2)
  (1, 1, 0, 3, 0, 1, 3, 0, 0)
  (0, 2, 0, 3, 0, 1, 3, 0, 0)
  (0, 2, 0, 0, 0, 1, 6, 0, 0)
  (0, 2, 0, 0, 0, 0, 7, 0, 0)

Path 1323 (7 moves):
  (1, 1, 1, 1, 1, 1, 1, 1, 1)
  (1, 1, 1, 2, 0, 1, 1, 1, 1)
  (1, 1, 1, 2, 0, 1, 1, 0, 2)
  (1, 1, 0, 3, 0, 1, 1, 0, 2)
  (1, 1, 0, 3, 0, 1, 3, 0, 0)
  (0, 2, 0, 3, 0, 1, 3, 0, 0)
  (0, 2, 0, 3, 0, 0, 4, 0, 0)
  (0, 0, 0, 5, 0, 0, 4, 0, 0)

Path 1324 (7 moves):
  (1, 1, 1, 1, 1, 1, 1, 1, 1)
  (1, 1, 1, 2, 0, 1, 1, 1, 1)
  (1, 1, 1, 2, 0, 1, 1, 0, 2)
  (1, 1, 0, 3, 0, 1, 1, 0, 2)
  (1, 1, 0, 3, 0, 1, 3, 0, 0)
  (0, 2, 0, 3, 0, 1, 3, 0, 0)
  (0, 2, 0, 3, 0, 0, 4, 0, 0)
  (0, 2, 0, 0, 0, 0, 7, 0, 0)

Path 1325 (7 moves):
  (1, 1, 1, 1, 1, 1, 1, 1, 1)
  (1, 1, 1, 2, 0, 1, 1, 1, 1)
  (1, 1, 1, 2, 0, 1, 1, 0, 2)
  (1, 1, 0, 3, 0, 1, 1, 0, 2)
  (1, 1, 0, 3, 0, 1, 3, 0, 0)
  (0, 2, 0, 3, 0, 1, 3, 0, 0)
  (0, 2, 0, 6, 0, 1, 0, 0, 0)
  (0, 0, 0, 8, 0, 1, 0, 0, 0)

Path 1326 (7 moves):
  (1, 1, 1, 1, 1, 1, 1, 1, 1)
  (1, 1, 1, 2, 0, 1, 1, 1, 1)
  (1, 1, 1, 2, 0, 1, 1, 0, 2)
  (1, 1, 0, 3, 0, 1, 1, 0, 2)
  (1, 1, 0, 3, 0, 1, 3, 0, 0)
  (4, 1, 0, 0, 0, 1, 3, 0, 0)
  (5, 0, 0, 0, 0, 1, 3, 0, 0)
  (0, 0, 0, 0, 0, 6, 3, 0, 0)

Path 1327 (7 moves):
  (1, 1, 1, 1, 1, 1, 1, 1, 1)
  (1, 1, 1, 2, 0, 1, 1, 1, 1)
  (1, 1, 1, 2, 0, 1, 1, 0, 2)
  (1, 1, 0, 3, 0, 1, 1, 0, 2)
  (1, 1, 0, 3, 0, 1, 3, 0, 0)
  (4, 1, 0, 0, 0, 1, 3, 0, 0)
  (5, 0, 0, 0, 0, 1, 3, 0, 0)
  (5, 0, 0, 0, 0, 0, 4, 0, 0)

Path 1328 (7 moves):
  (1, 1, 1, 1, 1, 1, 1, 1, 1)
  (1, 1, 1, 2, 0, 1, 1, 1, 1)
  (1, 1, 1, 2, 0, 1, 1, 0, 2)
  (1, 1, 0, 3, 0, 1, 1, 0, 2)
  (1, 1, 0, 3, 0, 1, 3, 0, 0)
  (4, 1, 0, 0, 0, 1, 3, 0, 0)
  (4, 1, 0, 0, 0, 0, 4, 0, 0)
  (5, 0, 0, 0, 0, 0, 4, 0, 0)

Path 1329 (7 moves):
  (1, 1, 1, 1, 1, 1, 1, 1, 1)
  (1, 1, 1, 2, 0, 1, 1, 1, 1)
  (1, 1, 1, 2, 0, 1, 1, 0, 2)
  (1, 1, 0, 3, 0, 1, 1, 0, 2)
  (1, 1, 0, 3, 0, 1, 3, 0, 0)
  (1, 1, 0, 0, 0, 1, 6, 0, 0)
  (0, 2, 0, 0, 0, 1, 6, 0, 0)
  (0, 2, 0, 0, 0, 0, 7, 0, 0)

Path 1330 (7 moves):
  (1, 1, 1, 1, 1, 1, 1, 1, 1)
  (1, 1, 1, 2, 0, 1, 1, 1, 1)
  (1, 1, 1, 2, 0, 1, 1, 0, 2)
  (1, 1, 0, 3, 0, 1, 1, 0, 2)
  (1, 1, 0, 3, 0, 1, 3, 0, 0)
  (1, 1, 0, 0, 0, 1, 6, 0, 0)
  (2, 0, 0, 0, 0, 1, 6, 0, 0)
  (2, 0, 0, 0, 0, 0, 7, 0, 0)

Path 1331 (7 moves):
  (1, 1, 1, 1, 1, 1, 1, 1, 1)
  (1, 1, 1, 2, 0, 1, 1, 1, 1)
  (1, 1, 1, 2, 0, 1, 1, 0, 2)
  (1, 1, 0, 3, 0, 1, 1, 0, 2)
  (1, 1, 0, 3, 0, 1, 3, 0, 0)
  (1, 1, 0, 0, 0, 1, 6, 0, 0)
  (2, 0, 0, 0, 0, 1, 6, 0, 0)
  (8, 0, 0, 0, 0, 1, 0, 0, 0)

Path 1332 (7 moves):
  (1, 1, 1, 1, 1, 1, 1, 1, 1)
  (1, 1, 1, 2, 0, 1, 1, 1, 1)
  (1, 1, 1, 2, 0, 1, 1, 0, 2)
  (1, 1, 0, 3, 0, 1, 1, 0, 2)
  (1, 1, 0, 3, 0, 1, 3, 0, 0)
  (1, 1, 0, 0, 0, 1, 6, 0, 0)
  (1, 1, 0, 0, 0, 0, 7, 0, 0)
  (0, 2, 0, 0, 0, 0, 7, 0, 0)

Path 1333 (7 moves):
  (1, 1, 1, 1, 1, 1, 1, 1, 1)
  (1, 1, 1, 2, 0, 1, 1, 1, 1)
  (1, 1, 1, 2, 0, 1, 1, 0, 2)
  (1, 1, 0, 3, 0, 1, 1, 0, 2)
  (1, 1, 0, 3, 0, 1, 3, 0, 0)
  (1, 1, 0, 0, 0, 1, 6, 0, 0)
  (1, 1, 0, 0, 0, 0, 7, 0, 0)
  (2, 0, 0, 0, 0, 0, 7, 0, 0)

Path 1334 (7 moves):
  (1, 1, 1, 1, 1, 1, 1, 1, 1)
  (1, 1, 1, 2, 0, 1, 1, 1, 1)
  (1, 1, 1, 2, 0, 1, 1, 0, 2)
  (1, 1, 0, 3, 0, 1, 1, 0, 2)
  (1, 1, 0, 3, 0, 1, 3, 0, 0)
  (1, 1, 0, 0, 0, 1, 6, 0, 0)
  (7, 1, 0, 0, 0, 1, 0, 0, 0)
  (8, 0, 0, 0, 0, 1, 0, 0, 0)

Path 1335 (7 moves):
  (1, 1, 1, 1, 1, 1, 1, 1, 1)
  (1, 1, 1, 2, 0, 1, 1, 1, 1)
  (1, 1, 1, 2, 0, 1, 1, 0, 2)
  (1, 1, 0, 3, 0, 1, 1, 0, 2)
  (1, 1, 0, 3, 0, 1, 3, 0, 0)
  (1, 1, 0, 3, 0, 0, 4, 0, 0)
  (0, 2, 0, 3, 0, 0, 4, 0, 0)
  (0, 0, 0, 5, 0, 0, 4, 0, 0)

Path 1336 (7 moves):
  (1, 1, 1, 1, 1, 1, 1, 1, 1)
  (1, 1, 1, 2, 0, 1, 1, 1, 1)
  (1, 1, 1, 2, 0, 1, 1, 0, 2)
  (1, 1, 0, 3, 0, 1, 1, 0, 2)
  (1, 1, 0, 3, 0, 1, 3, 0, 0)
  (1, 1, 0, 3, 0, 0, 4, 0, 0)
  (0, 2, 0, 3, 0, 0, 4, 0, 0)
  (0, 2, 0, 0, 0, 0, 7, 0, 0)

Path 1337 (7 moves):
  (1, 1, 1, 1, 1, 1, 1, 1, 1)
  (1, 1, 1, 2, 0, 1, 1, 1, 1)
  (1, 1, 1, 2, 0, 1, 1, 0, 2)
  (1, 1, 0, 3, 0, 1, 1, 0, 2)
  (1, 1, 0, 3, 0, 1, 3, 0, 0)
  (1, 1, 0, 3, 0, 0, 4, 0, 0)
  (2, 0, 0, 3, 0, 0, 4, 0, 0)
  (5, 0, 0, 0, 0, 0, 4, 0, 0)

Path 1338 (7 moves):
  (1, 1, 1, 1, 1, 1, 1, 1, 1)
  (1, 1, 1, 2, 0, 1, 1, 1, 1)
  (1, 1, 1, 2, 0, 1, 1, 0, 2)
  (1, 1, 0, 3, 0, 1, 1, 0, 2)
  (1, 1, 0, 3, 0, 1, 3, 0, 0)
  (1, 1, 0, 3, 0, 0, 4, 0, 0)
  (2, 0, 0, 3, 0, 0, 4, 0, 0)
  (2, 0, 0, 0, 0, 0, 7, 0, 0)

Path 1339 (7 moves):
  (1, 1, 1, 1, 1, 1, 1, 1, 1)
  (1, 1, 1, 2, 0, 1, 1, 1, 1)
  (1, 1, 1, 2, 0, 1, 1, 0, 2)
  (1, 1, 0, 3, 0, 1, 1, 0, 2)
  (1, 1, 0, 3, 0, 1, 3, 0, 0)
  (1, 1, 0, 3, 0, 0, 4, 0, 0)
  (4, 1, 0, 0, 0, 0, 4, 0, 0)
  (5, 0, 0, 0, 0, 0, 4, 0, 0)

Path 1340 (7 moves):
  (1, 1, 1, 1, 1, 1, 1, 1, 1)
  (1, 1, 1, 2, 0, 1, 1, 1, 1)
  (1, 1, 1, 2, 0, 1, 1, 0, 2)
  (1, 1, 0, 3, 0, 1, 1, 0, 2)
  (1, 1, 0, 3, 0, 1, 3, 0, 0)
  (1, 1, 0, 3, 0, 0, 4, 0, 0)
  (1, 1, 0, 0, 0, 0, 7, 0, 0)
  (0, 2, 0, 0, 0, 0, 7, 0, 0)

Path 1341 (7 moves):
  (1, 1, 1, 1, 1, 1, 1, 1, 1)
  (1, 1, 1, 2, 0, 1, 1, 1, 1)
  (1, 1, 1, 2, 0, 1, 1, 0, 2)
  (1, 1, 0, 3, 0, 1, 1, 0, 2)
  (1, 1, 0, 3, 0, 1, 3, 0, 0)
  (1, 1, 0, 3, 0, 0, 4, 0, 0)
  (1, 1, 0, 0, 0, 0, 7, 0, 0)
  (2, 0, 0, 0, 0, 0, 7, 0, 0)

Path 1342 (7 moves):
  (1, 1, 1, 1, 1, 1, 1, 1, 1)
  (1, 1, 1, 2, 0, 1, 1, 1, 1)
  (1, 1, 1, 2, 0, 1, 1, 2, 0)
  (1, 2, 0, 2, 0, 1, 1, 2, 0)
  (0, 3, 0, 2, 0, 1, 1, 2, 0)
  (0, 3, 0, 2, 0, 0, 2, 2, 0)
  (0, 5, 0, 0, 0, 0, 2, 2, 0)
  (0, 0, 0, 0, 0, 0, 7, 2, 0)

Path 1343 (7 moves):
  (1, 1, 1, 1, 1, 1, 1, 1, 1)
  (1, 1, 1, 2, 0, 1, 1, 1, 1)
  (1, 1, 1, 2, 0, 1, 1, 2, 0)
  (1, 2, 0, 2, 0, 1, 1, 2, 0)
  (0, 3, 0, 2, 0, 1, 1, 2, 0)
  (0, 3, 0, 2, 0, 3, 1, 0, 0)
  (0, 5, 0, 0, 0, 3, 1, 0, 0)
  (0, 0, 0, 0, 0, 3, 6, 0, 0)

Path 1344 (7 moves):
  (1, 1, 1, 1, 1, 1, 1, 1, 1)
  (1, 1, 1, 2, 0, 1, 1, 1, 1)
  (1, 1, 1, 2, 0, 1, 1, 2, 0)
  (1, 2, 0, 2, 0, 1, 1, 2, 0)
  (0, 3, 0, 2, 0, 1, 1, 2, 0)
  (0, 3, 0, 2, 0, 3, 1, 0, 0)
  (0, 3, 0, 0, 0, 5, 1, 0, 0)
  (0, 3, 0, 0, 0, 6, 0, 0, 0)

Path 1345 (7 moves):
  (1, 1, 1, 1, 1, 1, 1, 1, 1)
  (1, 1, 1, 2, 0, 1, 1, 1, 1)
  (1, 1, 1, 2, 0, 1, 1, 2, 0)
  (1, 2, 0, 2, 0, 1, 1, 2, 0)
  (0, 3, 0, 2, 0, 1, 1, 2, 0)
  (0, 3, 0, 2, 0, 3, 1, 0, 0)
  (0, 3, 0, 2, 0, 4, 0, 0, 0)
  (0, 3, 0, 0, 0, 6, 0, 0, 0)

Path 1346 (7 moves):
  (1, 1, 1, 1, 1, 1, 1, 1, 1)
  (1, 1, 1, 2, 0, 1, 1, 1, 1)
  (1, 1, 1, 2, 0, 1, 1, 2, 0)
  (1, 2, 0, 2, 0, 1, 1, 2, 0)
  (1, 0, 0, 4, 0, 1, 1, 2, 0)
  (1, 0, 0, 4, 0, 1, 0, 3, 0)
  (1, 0, 0, 0, 0, 1, 0, 7, 0)
  (8, 0, 0, 0, 0, 1, 0, 0, 0)

Path 1347 (7 moves):
  (1, 1, 1, 1, 1, 1, 1, 1, 1)
  (1, 1, 1, 2, 0, 1, 1, 1, 1)
  (1, 1, 1, 2, 0, 1, 1, 2, 0)
  (1, 2, 0, 2, 0, 1, 1, 2, 0)
  (1, 4, 0, 0, 0, 1, 1, 2, 0)
  (1, 0, 0, 0, 0, 5, 1, 2, 0)
  (6, 0, 0, 0, 0, 0, 1, 2, 0)
  (0, 0, 0, 0, 0, 0, 7, 2, 0)

Path 1348 (7 moves):
  (1, 1, 1, 1, 1, 1, 1, 1, 1)
  (1, 1, 1, 2, 0, 1, 1, 1, 1)
  (1, 1, 1, 2, 0, 1, 1, 2, 0)
  (1, 2, 0, 2, 0, 1, 1, 2, 0)
  (1, 4, 0, 0, 0, 1, 1, 2, 0)
  (1, 0, 0, 0, 0, 5, 1, 2, 0)
  (6, 0, 0, 0, 0, 0, 1, 2, 0)
  (6, 0, 0, 0, 0, 0, 0, 3, 0)

Path 1349 (7 moves):
  (1, 1, 1, 1, 1, 1, 1, 1, 1)
  (1, 1, 1, 2, 0, 1, 1, 1, 1)
  (1, 1, 1, 2, 0, 1, 1, 2, 0)
  (1, 2, 0, 2, 0, 1, 1, 2, 0)
  (1, 4, 0, 0, 0, 1, 1, 2, 0)
  (1, 0, 0, 0, 0, 5, 1, 2, 0)
  (1, 0, 0, 0, 0, 6, 0, 2, 0)
  (1, 0, 0, 0, 0, 8, 0, 0, 0)

Path 1350 (7 moves):
  (1, 1, 1, 1, 1, 1, 1, 1, 1)
  (1, 1, 1, 2, 0, 1, 1, 1, 1)
  (1, 1, 1, 2, 0, 1, 1, 2, 0)
  (1, 2, 0, 2, 0, 1, 1, 2, 0)
  (1, 4, 0, 0, 0, 1, 1, 2, 0)
  (1, 0, 0, 0, 0, 5, 1, 2, 0)
  (1, 0, 0, 0, 0, 5, 0, 3, 0)
  (6, 0, 0, 0, 0, 0, 0, 3, 0)

Path 1351 (7 moves):
  (1, 1, 1, 1, 1, 1, 1, 1, 1)
  (1, 1, 1, 2, 0, 1, 1, 1, 1)
  (1, 1, 1, 2, 0, 1, 1, 2, 0)
  (1, 2, 0, 2, 0, 1, 1, 2, 0)
  (1, 4, 0, 0, 0, 1, 1, 2, 0)
  (1, 0, 0, 0, 0, 5, 1, 2, 0)
  (1, 0, 0, 0, 0, 7, 1, 0, 0)
  (1, 0, 0, 0, 0, 8, 0, 0, 0)

Path 1352 (7 moves):
  (1, 1, 1, 1, 1, 1, 1, 1, 1)
  (1, 1, 1, 2, 0, 1, 1, 1, 1)
  (1, 1, 1, 2, 0, 1, 1, 2, 0)
  (1, 2, 0, 2, 0, 1, 1, 2, 0)
  (1, 4, 0, 0, 0, 1, 1, 2, 0)
  (1, 4, 0, 0, 0, 0, 2, 2, 0)
  (0, 5, 0, 0, 0, 0, 2, 2, 0)
  (0, 0, 0, 0, 0, 0, 7, 2, 0)

Path 1353 (7 moves):
  (1, 1, 1, 1, 1, 1, 1, 1, 1)
  (1, 1, 1, 2, 0, 1, 1, 1, 1)
  (1, 1, 1, 2, 0, 1, 1, 2, 0)
  (1, 2, 0, 2, 0, 1, 1, 2, 0)
  (1, 4, 0, 0, 0, 1, 1, 2, 0)
  (1, 4, 0, 0, 0, 2, 0, 2, 0)
  (0, 5, 0, 0, 0, 2, 0, 2, 0)
  (0, 5, 0, 0, 0, 0, 0, 4, 0)

Path 1354 (7 moves):
  (1, 1, 1, 1, 1, 1, 1, 1, 1)
  (1, 1, 1, 2, 0, 1, 1, 1, 1)
  (1, 1, 1, 2, 0, 1, 1, 2, 0)
  (1, 2, 0, 2, 0, 1, 1, 2, 0)
  (1, 4, 0, 0, 0, 1, 1, 2, 0)
  (1, 4, 0, 0, 0, 2, 0, 2, 0)
  (1, 0, 0, 0, 0, 6, 0, 2, 0)
  (1, 0, 0, 0, 0, 8, 0, 0, 0)

Path 1355 (7 moves):
  (1, 1, 1, 1, 1, 1, 1, 1, 1)
  (1, 1, 1, 2, 0, 1, 1, 1, 1)
  (1, 1, 1, 2, 0, 1, 1, 2, 0)
  (1, 2, 0, 2, 0, 1, 1, 2, 0)
  (1, 4, 0, 0, 0, 1, 1, 2, 0)
  (1, 4, 0, 0, 0, 2, 0, 2, 0)
  (1, 4, 0, 0, 0, 0, 0, 4, 0)
  (0, 5, 0, 0, 0, 0, 0, 4, 0)

Path 1356 (7 moves):
  (1, 1, 1, 1, 1, 1, 1, 1, 1)
  (1, 1, 1, 2, 0, 1, 1, 1, 1)
  (1, 1, 1, 2, 0, 1, 1, 2, 0)
  (1, 2, 0, 2, 0, 1, 1, 2, 0)
  (1, 4, 0, 0, 0, 1, 1, 2, 0)
  (1, 4, 0, 0, 0, 2, 0, 2, 0)
  (1, 4, 0, 0, 0, 4, 0, 0, 0)
  (1, 0, 0, 0, 0, 8, 0, 0, 0)

Path 1357 (7 moves):
  (1, 1, 1, 1, 1, 1, 1, 1, 1)
  (1, 1, 1, 2, 0, 1, 1, 1, 1)
  (1, 1, 1, 2, 0, 1, 1, 2, 0)
  (1, 2, 0, 2, 0, 1, 1, 2, 0)
  (1, 4, 0, 0, 0, 1, 1, 2, 0)
  (1, 4, 0, 0, 0, 3, 1, 0, 0)
  (0, 5, 0, 0, 0, 3, 1, 0, 0)
  (0, 0, 0, 0, 0, 3, 6, 0, 0)

Path 1358 (7 moves):
  (1, 1, 1, 1, 1, 1, 1, 1, 1)
  (1, 1, 1, 2, 0, 1, 1, 1, 1)
  (1, 1, 1, 2, 0, 1, 1, 2, 0)
  (1, 2, 0, 2, 0, 1, 1, 2, 0)
  (1, 4, 0, 0, 0, 1, 1, 2, 0)
  (1, 4, 0, 0, 0, 3, 1, 0, 0)
  (1, 0, 0, 0, 0, 7, 1, 0, 0)
  (1, 0, 0, 0, 0, 8, 0, 0, 0)

Path 1359 (7 moves):
  (1, 1, 1, 1, 1, 1, 1, 1, 1)
  (1, 1, 1, 2, 0, 1, 1, 1, 1)
  (1, 1, 1, 2, 0, 1, 1, 2, 0)
  (1, 2, 0, 2, 0, 1, 1, 2, 0)
  (1, 4, 0, 0, 0, 1, 1, 2, 0)
  (1, 4, 0, 0, 0, 3, 1, 0, 0)
  (1, 4, 0, 0, 0, 4, 0, 0, 0)
  (1, 0, 0, 0, 0, 8, 0, 0, 0)

Path 1360 (7 moves):
  (1, 1, 1, 1, 1, 1, 1, 1, 1)
  (1, 1, 1, 2, 0, 1, 1, 1, 1)
  (1, 1, 1, 2, 0, 1, 1, 2, 0)
  (1, 2, 0, 2, 0, 1, 1, 2, 0)
  (1, 2, 0, 0, 0, 3, 1, 2, 0)
  (1, 2, 0, 0, 0, 4, 0, 2, 0)
  (0, 3, 0, 0, 0, 4, 0, 2, 0)
  (0, 7, 0, 0, 0, 0, 0, 2, 0)

Path 1361 (7 moves):
  (1, 1, 1, 1, 1, 1, 1, 1, 1)
  (1, 1, 1, 2, 0, 1, 1, 1, 1)
  (1, 1, 1, 2, 0, 1, 1, 2, 0)
  (1, 2, 0, 2, 0, 1, 1, 2, 0)
  (1, 2, 0, 0, 0, 3, 1, 2, 0)
  (1, 2, 0, 0, 0, 4, 0, 2, 0)
  (0, 3, 0, 0, 0, 4, 0, 2, 0)
  (0, 3, 0, 0, 0, 6, 0, 0, 0)

Path 1362 (7 moves):
  (1, 1, 1, 1, 1, 1, 1, 1, 1)
  (1, 1, 1, 2, 0, 1, 1, 1, 1)
  (1, 1, 1, 2, 0, 1, 1, 2, 0)
  (1, 2, 0, 2, 0, 1, 1, 2, 0)
  (1, 2, 0, 0, 0, 3, 1, 2, 0)
  (1, 2, 0, 0, 0, 4, 0, 2, 0)
  (1, 6, 0, 0, 0, 0, 0, 2, 0)
  (0, 7, 0, 0, 0, 0, 0, 2, 0)

Path 1363 (7 moves):
  (1, 1, 1, 1, 1, 1, 1, 1, 1)
  (1, 1, 1, 2, 0, 1, 1, 1, 1)
  (1, 1, 1, 2, 0, 1, 1, 2, 0)
  (1, 2, 0, 2, 0, 1, 1, 2, 0)
  (1, 2, 0, 0, 0, 3, 1, 2, 0)
  (1, 2, 0, 0, 0, 4, 0, 2, 0)
  (1, 6, 0, 0, 0, 0, 0, 2, 0)
  (1, 0, 0, 0, 0, 0, 0, 8, 0)

Path 1364 (7 moves):
  (1, 1, 1, 1, 1, 1, 1, 1, 1)
  (1, 1, 1, 2, 0, 1, 1, 1, 1)
  (1, 1, 1, 2, 0, 1, 1, 2, 0)
  (1, 2, 0, 2, 0, 1, 1, 2, 0)
  (1, 2, 0, 0, 0, 3, 1, 2, 0)
  (1, 2, 0, 0, 0, 4, 0, 2, 0)
  (1, 2, 0, 0, 0, 6, 0, 0, 0)
  (0, 3, 0, 0, 0, 6, 0, 0, 0)

Path 1365 (7 moves):
  (1, 1, 1, 1, 1, 1, 1, 1, 1)
  (1, 1, 1, 2, 0, 1, 1, 1, 1)
  (1, 1, 1, 2, 0, 1, 1, 2, 0)
  (1, 2, 0, 2, 0, 1, 1, 2, 0)
  (1, 2, 0, 0, 0, 3, 1, 2, 0)
  (1, 2, 0, 0, 0, 5, 1, 0, 0)
  (0, 3, 0, 0, 0, 5, 1, 0, 0)
  (0, 3, 0, 0, 0, 6, 0, 0, 0)

Path 1366 (7 moves):
  (1, 1, 1, 1, 1, 1, 1, 1, 1)
  (1, 1, 1, 2, 0, 1, 1, 1, 1)
  (1, 1, 1, 2, 0, 1, 1, 2, 0)
  (1, 2, 0, 2, 0, 1, 1, 2, 0)
  (1, 2, 0, 0, 0, 3, 1, 2, 0)
  (1, 2, 0, 0, 0, 5, 1, 0, 0)
  (6, 2, 0, 0, 0, 0, 1, 0, 0)
  (0, 2, 0, 0, 0, 0, 7, 0, 0)

Path 1367 (7 moves):
  (1, 1, 1, 1, 1, 1, 1, 1, 1)
  (1, 1, 1, 2, 0, 1, 1, 1, 1)
  (1, 1, 1, 2, 0, 1, 1, 2, 0)
  (1, 2, 0, 2, 0, 1, 1, 2, 0)
  (1, 2, 0, 0, 0, 3, 1, 2, 0)
  (1, 2, 0, 0, 0, 5, 1, 0, 0)
  (1, 2, 0, 0, 0, 6, 0, 0, 0)
  (0, 3, 0, 0, 0, 6, 0, 0, 0)

Path 1368 (7 moves):
  (1, 1, 1, 1, 1, 1, 1, 1, 1)
  (1, 1, 1, 2, 0, 1, 1, 1, 1)
  (1, 1, 1, 2, 0, 1, 1, 2, 0)
  (1, 2, 0, 2, 0, 1, 1, 2, 0)
  (1, 2, 0, 2, 0, 0, 2, 2, 0)
  (0, 3, 0, 2, 0, 0, 2, 2, 0)
  (0, 5, 0, 0, 0, 0, 2, 2, 0)
  (0, 0, 0, 0, 0, 0, 7, 2, 0)

Path 1369 (7 moves):
  (1, 1, 1, 1, 1, 1, 1, 1, 1)
  (1, 1, 1, 2, 0, 1, 1, 1, 1)
  (1, 1, 1, 2, 0, 1, 1, 2, 0)
  (1, 2, 0, 2, 0, 1, 1, 2, 0)
  (1, 2, 0, 2, 0, 0, 2, 2, 0)
  (1, 4, 0, 0, 0, 0, 2, 2, 0)
  (0, 5, 0, 0, 0, 0, 2, 2, 0)
  (0, 0, 0, 0, 0, 0, 7, 2, 0)

Path 1370 (7 moves):
  (1, 1, 1, 1, 1, 1, 1, 1, 1)
  (1, 1, 1, 2, 0, 1, 1, 1, 1)
  (1, 1, 1, 2, 0, 1, 1, 2, 0)
  (1, 2, 0, 2, 0, 1, 1, 2, 0)
  (1, 2, 0, 2, 0, 2, 0, 2, 0)
  (1, 4, 0, 0, 0, 2, 0, 2, 0)
  (0, 5, 0, 0, 0, 2, 0, 2, 0)
  (0, 5, 0, 0, 0, 0, 0, 4, 0)

Path 1371 (7 moves):
  (1, 1, 1, 1, 1, 1, 1, 1, 1)
  (1, 1, 1, 2, 0, 1, 1, 1, 1)
  (1, 1, 1, 2, 0, 1, 1, 2, 0)
  (1, 2, 0, 2, 0, 1, 1, 2, 0)
  (1, 2, 0, 2, 0, 2, 0, 2, 0)
  (1, 4, 0, 0, 0, 2, 0, 2, 0)
  (1, 0, 0, 0, 0, 6, 0, 2, 0)
  (1, 0, 0, 0, 0, 8, 0, 0, 0)

Path 1372 (7 moves):
  (1, 1, 1, 1, 1, 1, 1, 1, 1)
  (1, 1, 1, 2, 0, 1, 1, 1, 1)
  (1, 1, 1, 2, 0, 1, 1, 2, 0)
  (1, 2, 0, 2, 0, 1, 1, 2, 0)
  (1, 2, 0, 2, 0, 2, 0, 2, 0)
  (1, 4, 0, 0, 0, 2, 0, 2, 0)
  (1, 4, 0, 0, 0, 0, 0, 4, 0)
  (0, 5, 0, 0, 0, 0, 0, 4, 0)

Path 1373 (7 moves):
  (1, 1, 1, 1, 1, 1, 1, 1, 1)
  (1, 1, 1, 2, 0, 1, 1, 1, 1)
  (1, 1, 1, 2, 0, 1, 1, 2, 0)
  (1, 2, 0, 2, 0, 1, 1, 2, 0)
  (1, 2, 0, 2, 0, 2, 0, 2, 0)
  (1, 4, 0, 0, 0, 2, 0, 2, 0)
  (1, 4, 0, 0, 0, 4, 0, 0, 0)
  (1, 0, 0, 0, 0, 8, 0, 0, 0)

Path 1374 (7 moves):
  (1, 1, 1, 1, 1, 1, 1, 1, 1)
  (1, 1, 1, 2, 0, 1, 1, 1, 1)
  (1, 1, 1, 2, 0, 1, 1, 2, 0)
  (1, 2, 0, 2, 0, 1, 1, 2, 0)
  (1, 2, 0, 2, 0, 2, 0, 2, 0)
  (1, 2, 0, 0, 0, 4, 0, 2, 0)
  (0, 3, 0, 0, 0, 4, 0, 2, 0)
  (0, 7, 0, 0, 0, 0, 0, 2, 0)

Path 1375 (7 moves):
  (1, 1, 1, 1, 1, 1, 1, 1, 1)
  (1, 1, 1, 2, 0, 1, 1, 1, 1)
  (1, 1, 1, 2, 0, 1, 1, 2, 0)
  (1, 2, 0, 2, 0, 1, 1, 2, 0)
  (1, 2, 0, 2, 0, 2, 0, 2, 0)
  (1, 2, 0, 0, 0, 4, 0, 2, 0)
  (0, 3, 0, 0, 0, 4, 0, 2, 0)
  (0, 3, 0, 0, 0, 6, 0, 0, 0)

Path 1376 (7 moves):
  (1, 1, 1, 1, 1, 1, 1, 1, 1)
  (1, 1, 1, 2, 0, 1, 1, 1, 1)
  (1, 1, 1, 2, 0, 1, 1, 2, 0)
  (1, 2, 0, 2, 0, 1, 1, 2, 0)
  (1, 2, 0, 2, 0, 2, 0, 2, 0)
  (1, 2, 0, 0, 0, 4, 0, 2, 0)
  (1, 6, 0, 0, 0, 0, 0, 2, 0)
  (0, 7, 0, 0, 0, 0, 0, 2, 0)

Path 1377 (7 moves):
  (1, 1, 1, 1, 1, 1, 1, 1, 1)
  (1, 1, 1, 2, 0, 1, 1, 1, 1)
  (1, 1, 1, 2, 0, 1, 1, 2, 0)
  (1, 2, 0, 2, 0, 1, 1, 2, 0)
  (1, 2, 0, 2, 0, 2, 0, 2, 0)
  (1, 2, 0, 0, 0, 4, 0, 2, 0)
  (1, 6, 0, 0, 0, 0, 0, 2, 0)
  (1, 0, 0, 0, 0, 0, 0, 8, 0)

Path 1378 (7 moves):
  (1, 1, 1, 1, 1, 1, 1, 1, 1)
  (1, 1, 1, 2, 0, 1, 1, 1, 1)
  (1, 1, 1, 2, 0, 1, 1, 2, 0)
  (1, 2, 0, 2, 0, 1, 1, 2, 0)
  (1, 2, 0, 2, 0, 2, 0, 2, 0)
  (1, 2, 0, 0, 0, 4, 0, 2, 0)
  (1, 2, 0, 0, 0, 6, 0, 0, 0)
  (0, 3, 0, 0, 0, 6, 0, 0, 0)

Path 1379 (7 moves):
  (1, 1, 1, 1, 1, 1, 1, 1, 1)
  (1, 1, 1, 2, 0, 1, 1, 1, 1)
  (1, 1, 1, 2, 0, 1, 1, 2, 0)
  (1, 2, 0, 2, 0, 1, 1, 2, 0)
  (1, 2, 0, 2, 0, 2, 0, 2, 0)
  (1, 2, 0, 2, 0, 0, 0, 4, 0)
  (0, 3, 0, 2, 0, 0, 0, 4, 0)
  (0, 5, 0, 0, 0, 0, 0, 4, 0)

Path 1380 (7 moves):
  (1, 1, 1, 1, 1, 1, 1, 1, 1)
  (1, 1, 1, 2, 0, 1, 1, 1, 1)
  (1, 1, 1, 2, 0, 1, 1, 2, 0)
  (1, 2, 0, 2, 0, 1, 1, 2, 0)
  (1, 2, 0, 2, 0, 2, 0, 2, 0)
  (1, 2, 0, 2, 0, 0, 0, 4, 0)
  (0, 3, 0, 2, 0, 0, 0, 4, 0)
  (0, 3, 0, 6, 0, 0, 0, 0, 0)

Path 1381 (7 moves):
  (1, 1, 1, 1, 1, 1, 1, 1, 1)
  (1, 1, 1, 2, 0, 1, 1, 1, 1)
  (1, 1, 1, 2, 0, 1, 1, 2, 0)
  (1, 2, 0, 2, 0, 1, 1, 2, 0)
  (1, 2, 0, 2, 0, 2, 0, 2, 0)
  (1, 2, 0, 2, 0, 0, 0, 4, 0)
  (1, 0, 0, 4, 0, 0, 0, 4, 0)
  (1, 0, 0, 0, 0, 0, 0, 8, 0)

Path 1382 (7 moves):
  (1, 1, 1, 1, 1, 1, 1, 1, 1)
  (1, 1, 1, 2, 0, 1, 1, 1, 1)
  (1, 1, 1, 2, 0, 1, 1, 2, 0)
  (1, 2, 0, 2, 0, 1, 1, 2, 0)
  (1, 2, 0, 2, 0, 2, 0, 2, 0)
  (1, 2, 0, 2, 0, 0, 0, 4, 0)
  (1, 0, 0, 4, 0, 0, 0, 4, 0)
  (1, 0, 0, 8, 0, 0, 0, 0, 0)

Path 1383 (7 moves):
  (1, 1, 1, 1, 1, 1, 1, 1, 1)
  (1, 1, 1, 2, 0, 1, 1, 1, 1)
  (1, 1, 1, 2, 0, 1, 1, 2, 0)
  (1, 2, 0, 2, 0, 1, 1, 2, 0)
  (1, 2, 0, 2, 0, 2, 0, 2, 0)
  (1, 2, 0, 2, 0, 0, 0, 4, 0)
  (1, 4, 0, 0, 0, 0, 0, 4, 0)
  (0, 5, 0, 0, 0, 0, 0, 4, 0)

Path 1384 (7 moves):
  (1, 1, 1, 1, 1, 1, 1, 1, 1)
  (1, 1, 1, 2, 0, 1, 1, 1, 1)
  (1, 1, 1, 2, 0, 1, 1, 2, 0)
  (1, 2, 0, 2, 0, 1, 1, 2, 0)
  (1, 2, 0, 2, 0, 2, 0, 2, 0)
  (1, 2, 0, 2, 0, 0, 0, 4, 0)
  (1, 2, 0, 6, 0, 0, 0, 0, 0)
  (0, 3, 0, 6, 0, 0, 0, 0, 0)

Path 1385 (7 moves):
  (1, 1, 1, 1, 1, 1, 1, 1, 1)
  (1, 1, 1, 2, 0, 1, 1, 1, 1)
  (1, 1, 1, 2, 0, 1, 1, 2, 0)
  (1, 2, 0, 2, 0, 1, 1, 2, 0)
  (1, 2, 0, 2, 0, 2, 0, 2, 0)
  (1, 2, 0, 2, 0, 0, 0, 4, 0)
  (1, 2, 0, 6, 0, 0, 0, 0, 0)
  (1, 0, 0, 8, 0, 0, 0, 0, 0)

Path 1386 (7 moves):
  (1, 1, 1, 1, 1, 1, 1, 1, 1)
  (1, 1, 1, 2, 0, 1, 1, 1, 1)
  (1, 1, 1, 2, 0, 1, 1, 2, 0)
  (1, 2, 0, 2, 0, 1, 1, 2, 0)
  (1, 2, 0, 2, 0, 1, 0, 3, 0)
  (1, 0, 0, 4, 0, 1, 0, 3, 0)
  (1, 0, 0, 0, 0, 1, 0, 7, 0)
  (8, 0, 0, 0, 0, 1, 0, 0, 0)

Path 1387 (7 moves):
  (1, 1, 1, 1, 1, 1, 1, 1, 1)
  (1, 1, 1, 2, 0, 1, 1, 1, 1)
  (1, 1, 1, 2, 0, 1, 1, 2, 0)
  (1, 2, 0, 2, 0, 1, 1, 2, 0)
  (1, 2, 0, 2, 0, 3, 1, 0, 0)
  (0, 3, 0, 2, 0, 3, 1, 0, 0)
  (0, 5, 0, 0, 0, 3, 1, 0, 0)
  (0, 0, 0, 0, 0, 3, 6, 0, 0)

Path 1388 (7 moves):
  (1, 1, 1, 1, 1, 1, 1, 1, 1)
  (1, 1, 1, 2, 0, 1, 1, 1, 1)
  (1, 1, 1, 2, 0, 1, 1, 2, 0)
  (1, 2, 0, 2, 0, 1, 1, 2, 0)
  (1, 2, 0, 2, 0, 3, 1, 0, 0)
  (0, 3, 0, 2, 0, 3, 1, 0, 0)
  (0, 3, 0, 0, 0, 5, 1, 0, 0)
  (0, 3, 0, 0, 0, 6, 0, 0, 0)

Path 1389 (7 moves):
  (1, 1, 1, 1, 1, 1, 1, 1, 1)
  (1, 1, 1, 2, 0, 1, 1, 1, 1)
  (1, 1, 1, 2, 0, 1, 1, 2, 0)
  (1, 2, 0, 2, 0, 1, 1, 2, 0)
  (1, 2, 0, 2, 0, 3, 1, 0, 0)
  (0, 3, 0, 2, 0, 3, 1, 0, 0)
  (0, 3, 0, 2, 0, 4, 0, 0, 0)
  (0, 3, 0, 0, 0, 6, 0, 0, 0)

Path 1390 (7 moves):
  (1, 1, 1, 1, 1, 1, 1, 1, 1)
  (1, 1, 1, 2, 0, 1, 1, 1, 1)
  (1, 1, 1, 2, 0, 1, 1, 2, 0)
  (1, 2, 0, 2, 0, 1, 1, 2, 0)
  (1, 2, 0, 2, 0, 3, 1, 0, 0)
  (1, 4, 0, 0, 0, 3, 1, 0, 0)
  (0, 5, 0, 0, 0, 3, 1, 0, 0)
  (0, 0, 0, 0, 0, 3, 6, 0, 0)

Path 1391 (7 moves):
  (1, 1, 1, 1, 1, 1, 1, 1, 1)
  (1, 1, 1, 2, 0, 1, 1, 1, 1)
  (1, 1, 1, 2, 0, 1, 1, 2, 0)
  (1, 2, 0, 2, 0, 1, 1, 2, 0)
  (1, 2, 0, 2, 0, 3, 1, 0, 0)
  (1, 4, 0, 0, 0, 3, 1, 0, 0)
  (1, 0, 0, 0, 0, 7, 1, 0, 0)
  (1, 0, 0, 0, 0, 8, 0, 0, 0)

Path 1392 (7 moves):
  (1, 1, 1, 1, 1, 1, 1, 1, 1)
  (1, 1, 1, 2, 0, 1, 1, 1, 1)
  (1, 1, 1, 2, 0, 1, 1, 2, 0)
  (1, 2, 0, 2, 0, 1, 1, 2, 0)
  (1, 2, 0, 2, 0, 3, 1, 0, 0)
  (1, 4, 0, 0, 0, 3, 1, 0, 0)
  (1, 4, 0, 0, 0, 4, 0, 0, 0)
  (1, 0, 0, 0, 0, 8, 0, 0, 0)

Path 1393 (7 moves):
  (1, 1, 1, 1, 1, 1, 1, 1, 1)
  (1, 1, 1, 2, 0, 1, 1, 1, 1)
  (1, 1, 1, 2, 0, 1, 1, 2, 0)
  (1, 2, 0, 2, 0, 1, 1, 2, 0)
  (1, 2, 0, 2, 0, 3, 1, 0, 0)
  (1, 2, 0, 0, 0, 5, 1, 0, 0)
  (0, 3, 0, 0, 0, 5, 1, 0, 0)
  (0, 3, 0, 0, 0, 6, 0, 0, 0)

Path 1394 (7 moves):
  (1, 1, 1, 1, 1, 1, 1, 1, 1)
  (1, 1, 1, 2, 0, 1, 1, 1, 1)
  (1, 1, 1, 2, 0, 1, 1, 2, 0)
  (1, 2, 0, 2, 0, 1, 1, 2, 0)
  (1, 2, 0, 2, 0, 3, 1, 0, 0)
  (1, 2, 0, 0, 0, 5, 1, 0, 0)
  (6, 2, 0, 0, 0, 0, 1, 0, 0)
  (0, 2, 0, 0, 0, 0, 7, 0, 0)

Path 1395 (7 moves):
  (1, 1, 1, 1, 1, 1, 1, 1, 1)
  (1, 1, 1, 2, 0, 1, 1, 1, 1)
  (1, 1, 1, 2, 0, 1, 1, 2, 0)
  (1, 2, 0, 2, 0, 1, 1, 2, 0)
  (1, 2, 0, 2, 0, 3, 1, 0, 0)
  (1, 2, 0, 0, 0, 5, 1, 0, 0)
  (1, 2, 0, 0, 0, 6, 0, 0, 0)
  (0, 3, 0, 0, 0, 6, 0, 0, 0)

Path 1396 (7 moves):
  (1, 1, 1, 1, 1, 1, 1, 1, 1)
  (1, 1, 1, 2, 0, 1, 1, 1, 1)
  (1, 1, 1, 2, 0, 1, 1, 2, 0)
  (1, 1, 1, 0, 0, 3, 1, 2, 0)
  (0, 2, 1, 0, 0, 3, 1, 2, 0)
  (0, 2, 1, 0, 0, 4, 0, 2, 0)
  (0, 3, 0, 0, 0, 4, 0, 2, 0)
  (0, 7, 0, 0, 0, 0, 0, 2, 0)

Path 1397 (7 moves):
  (1, 1, 1, 1, 1, 1, 1, 1, 1)
  (1, 1, 1, 2, 0, 1, 1, 1, 1)
  (1, 1, 1, 2, 0, 1, 1, 2, 0)
  (1, 1, 1, 0, 0, 3, 1, 2, 0)
  (0, 2, 1, 0, 0, 3, 1, 2, 0)
  (0, 2, 1, 0, 0, 4, 0, 2, 0)
  (0, 3, 0, 0, 0, 4, 0, 2, 0)
  (0, 3, 0, 0, 0, 6, 0, 0, 0)

Path 1398 (7 moves):
  (1, 1, 1, 1, 1, 1, 1, 1, 1)
  (1, 1, 1, 2, 0, 1, 1, 1, 1)
  (1, 1, 1, 2, 0, 1, 1, 2, 0)
  (1, 1, 1, 0, 0, 3, 1, 2, 0)
  (0, 2, 1, 0, 0, 3, 1, 2, 0)
  (0, 2, 1, 0, 0, 4, 0, 2, 0)
  (0, 6, 1, 0, 0, 0, 0, 2, 0)
  (0, 0, 1, 0, 0, 0, 0, 8, 0)

Path 1399 (7 moves):
  (1, 1, 1, 1, 1, 1, 1, 1, 1)
  (1, 1, 1, 2, 0, 1, 1, 1, 1)
  (1, 1, 1, 2, 0, 1, 1, 2, 0)
  (1, 1, 1, 0, 0, 3, 1, 2, 0)
  (0, 2, 1, 0, 0, 3, 1, 2, 0)
  (0, 2, 1, 0, 0, 4, 0, 2, 0)
  (0, 6, 1, 0, 0, 0, 0, 2, 0)
  (0, 7, 0, 0, 0, 0, 0, 2, 0)

Path 1400 (7 moves):
  (1, 1, 1, 1, 1, 1, 1, 1, 1)
  (1, 1, 1, 2, 0, 1, 1, 1, 1)
  (1, 1, 1, 2, 0, 1, 1, 2, 0)
  (1, 1, 1, 0, 0, 3, 1, 2, 0)
  (0, 2, 1, 0, 0, 3, 1, 2, 0)
  (0, 2, 1, 0, 0, 4, 0, 2, 0)
  (0, 2, 1, 0, 0, 6, 0, 0, 0)
  (0, 3, 0, 0, 0, 6, 0, 0, 0)

Path 1401 (7 moves):
  (1, 1, 1, 1, 1, 1, 1, 1, 1)
  (1, 1, 1, 2, 0, 1, 1, 1, 1)
  (1, 1, 1, 2, 0, 1, 1, 2, 0)
  (1, 1, 1, 0, 0, 3, 1, 2, 0)
  (0, 2, 1, 0, 0, 3, 1, 2, 0)
  (0, 2, 1, 0, 0, 5, 1, 0, 0)
  (0, 3, 0, 0, 0, 5, 1, 0, 0)
  (0, 3, 0, 0, 0, 6, 0, 0, 0)

Path 1402 (7 moves):
  (1, 1, 1, 1, 1, 1, 1, 1, 1)
  (1, 1, 1, 2, 0, 1, 1, 1, 1)
  (1, 1, 1, 2, 0, 1, 1, 2, 0)
  (1, 1, 1, 0, 0, 3, 1, 2, 0)
  (0, 2, 1, 0, 0, 3, 1, 2, 0)
  (0, 2, 1, 0, 0, 5, 1, 0, 0)
  (0, 2, 1, 0, 0, 6, 0, 0, 0)
  (0, 3, 0, 0, 0, 6, 0, 0, 0)

Path 1403 (7 moves):
  (1, 1, 1, 1, 1, 1, 1, 1, 1)
  (1, 1, 1, 2, 0, 1, 1, 1, 1)
  (1, 1, 1, 2, 0, 1, 1, 2, 0)
  (1, 1, 1, 0, 0, 3, 1, 2, 0)
  (2, 0, 1, 0, 0, 3, 1, 2, 0)
  (2, 0, 1, 0, 0, 3, 0, 3, 0)
  (0, 0, 3, 0, 0, 3, 0, 3, 0)
  (0, 0, 0, 0, 0, 6, 0, 3, 0)

Path 1404 (7 moves):
  (1, 1, 1, 1, 1, 1, 1, 1, 1)
  (1, 1, 1, 2, 0, 1, 1, 1, 1)
  (1, 1, 1, 2, 0, 1, 1, 2, 0)
  (1, 1, 1, 0, 0, 3, 1, 2, 0)
  (2, 0, 1, 0, 0, 3, 1, 2, 0)
  (2, 0, 1, 0, 0, 3, 0, 3, 0)
  (0, 0, 3, 0, 0, 3, 0, 3, 0)
  (0, 0, 6, 0, 0, 0, 0, 3, 0)

Path 1405 (7 moves):
  (1, 1, 1, 1, 1, 1, 1, 1, 1)
  (1, 1, 1, 2, 0, 1, 1, 1, 1)
  (1, 1, 1, 2, 0, 1, 1, 2, 0)
  (1, 1, 1, 0, 0, 3, 1, 2, 0)
  (2, 0, 1, 0, 0, 3, 1, 2, 0)
  (2, 0, 1, 0, 0, 3, 0, 3, 0)
  (2, 0, 4, 0, 0, 0, 0, 3, 0)
  (0, 0, 6, 0, 0, 0, 0, 3, 0)

Path 1406 (7 moves):
  (1, 1, 1, 1, 1, 1, 1, 1, 1)
  (1, 1, 1, 2, 0, 1, 1, 1, 1)
  (1, 1, 1, 2, 0, 1, 1, 2, 0)
  (1, 1, 1, 0, 0, 3, 1, 2, 0)
  (1, 0, 2, 0, 0, 3, 1, 2, 0)
  (1, 0, 5, 0, 0, 0, 1, 2, 0)
  (1, 0, 0, 0, 0, 0, 1, 7, 0)
  (1, 0, 0, 0, 0, 0, 0, 8, 0)

Path 1407 (7 moves):
  (1, 1, 1, 1, 1, 1, 1, 1, 1)
  (1, 1, 1, 2, 0, 1, 1, 1, 1)
  (1, 1, 1, 2, 0, 1, 1, 2, 0)
  (1, 1, 1, 0, 0, 3, 1, 2, 0)
  (1, 0, 2, 0, 0, 3, 1, 2, 0)
  (1, 0, 5, 0, 0, 0, 1, 2, 0)
  (1, 0, 0, 0, 0, 0, 1, 7, 0)
  (8, 0, 0, 0, 0, 0, 1, 0, 0)

Path 1408 (7 moves):
  (1, 1, 1, 1, 1, 1, 1, 1, 1)
  (1, 1, 1, 2, 0, 1, 1, 1, 1)
  (1, 1, 1, 2, 0, 1, 1, 2, 0)
  (1, 1, 1, 0, 0, 3, 1, 2, 0)
  (1, 0, 2, 0, 0, 3, 1, 2, 0)
  (1, 0, 5, 0, 0, 0, 1, 2, 0)
  (1, 0, 5, 0, 0, 0, 0, 3, 0)
  (1, 0, 0, 0, 0, 0, 0, 8, 0)

Path 1409 (7 moves):
  (1, 1, 1, 1, 1, 1, 1, 1, 1)
  (1, 1, 1, 2, 0, 1, 1, 1, 1)
  (1, 1, 1, 2, 0, 1, 1, 2, 0)
  (1, 1, 1, 0, 0, 3, 1, 2, 0)
  (1, 0, 2, 0, 0, 3, 1, 2, 0)
  (1, 0, 2, 0, 0, 4, 0, 2, 0)
  (3, 0, 0, 0, 0, 4, 0, 2, 0)
  (3, 0, 0, 0, 0, 6, 0, 0, 0)

Path 1410 (7 moves):
  (1, 1, 1, 1, 1, 1, 1, 1, 1)
  (1, 1, 1, 2, 0, 1, 1, 1, 1)
  (1, 1, 1, 2, 0, 1, 1, 2, 0)
  (1, 1, 1, 0, 0, 3, 1, 2, 0)
  (1, 0, 2, 0, 0, 3, 1, 2, 0)
  (1, 0, 2, 0, 0, 4, 0, 2, 0)
  (1, 0, 2, 0, 0, 6, 0, 0, 0)
  (3, 0, 0, 0, 0, 6, 0, 0, 0)

Path 1411 (7 moves):
  (1, 1, 1, 1, 1, 1, 1, 1, 1)
  (1, 1, 1, 2, 0, 1, 1, 1, 1)
  (1, 1, 1, 2, 0, 1, 1, 2, 0)
  (1, 1, 1, 0, 0, 3, 1, 2, 0)
  (1, 0, 2, 0, 0, 3, 1, 2, 0)
  (1, 0, 2, 0, 0, 5, 1, 0, 0)
  (3, 0, 0, 0, 0, 5, 1, 0, 0)
  (8, 0, 0, 0, 0, 0, 1, 0, 0)

Path 1412 (7 moves):
  (1, 1, 1, 1, 1, 1, 1, 1, 1)
  (1, 1, 1, 2, 0, 1, 1, 1, 1)
  (1, 1, 1, 2, 0, 1, 1, 2, 0)
  (1, 1, 1, 0, 0, 3, 1, 2, 0)
  (1, 0, 2, 0, 0, 3, 1, 2, 0)
  (1, 0, 2, 0, 0, 5, 1, 0, 0)
  (3, 0, 0, 0, 0, 5, 1, 0, 0)
  (3, 0, 0, 0, 0, 6, 0, 0, 0)

Path 1413 (7 moves):
  (1, 1, 1, 1, 1, 1, 1, 1, 1)
  (1, 1, 1, 2, 0, 1, 1, 1, 1)
  (1, 1, 1, 2, 0, 1, 1, 2, 0)
  (1, 1, 1, 0, 0, 3, 1, 2, 0)
  (1, 0, 2, 0, 0, 3, 1, 2, 0)
  (1, 0, 2, 0, 0, 5, 1, 0, 0)
  (6, 0, 2, 0, 0, 0, 1, 0, 0)
  (0, 0, 2, 0, 0, 0, 7, 0, 0)

Path 1414 (7 moves):
  (1, 1, 1, 1, 1, 1, 1, 1, 1)
  (1, 1, 1, 2, 0, 1, 1, 1, 1)
  (1, 1, 1, 2, 0, 1, 1, 2, 0)
  (1, 1, 1, 0, 0, 3, 1, 2, 0)
  (1, 0, 2, 0, 0, 3, 1, 2, 0)
  (1, 0, 2, 0, 0, 5, 1, 0, 0)
  (6, 0, 2, 0, 0, 0, 1, 0, 0)
  (8, 0, 0, 0, 0, 0, 1, 0, 0)

Path 1415 (7 moves):
  (1, 1, 1, 1, 1, 1, 1, 1, 1)
  (1, 1, 1, 2, 0, 1, 1, 1, 1)
  (1, 1, 1, 2, 0, 1, 1, 2, 0)
  (1, 1, 1, 0, 0, 3, 1, 2, 0)
  (1, 0, 2, 0, 0, 3, 1, 2, 0)
  (1, 0, 2, 0, 0, 5, 1, 0, 0)
  (1, 0, 2, 0, 0, 6, 0, 0, 0)
  (3, 0, 0, 0, 0, 6, 0, 0, 0)

Path 1416 (7 moves):
  (1, 1, 1, 1, 1, 1, 1, 1, 1)
  (1, 1, 1, 2, 0, 1, 1, 1, 1)
  (1, 1, 1, 2, 0, 1, 1, 2, 0)
  (1, 1, 1, 0, 0, 3, 1, 2, 0)
  (1, 2, 0, 0, 0, 3, 1, 2, 0)
  (1, 2, 0, 0, 0, 4, 0, 2, 0)
  (0, 3, 0, 0, 0, 4, 0, 2, 0)
  (0, 7, 0, 0, 0, 0, 0, 2, 0)

Path 1417 (7 moves):
  (1, 1, 1, 1, 1, 1, 1, 1, 1)
  (1, 1, 1, 2, 0, 1, 1, 1, 1)
  (1, 1, 1, 2, 0, 1, 1, 2, 0)
  (1, 1, 1, 0, 0, 3, 1, 2, 0)
  (1, 2, 0, 0, 0, 3, 1, 2, 0)
  (1, 2, 0, 0, 0, 4, 0, 2, 0)
  (0, 3, 0, 0, 0, 4, 0, 2, 0)
  (0, 3, 0, 0, 0, 6, 0, 0, 0)

Path 1418 (7 moves):
  (1, 1, 1, 1, 1, 1, 1, 1, 1)
  (1, 1, 1, 2, 0, 1, 1, 1, 1)
  (1, 1, 1, 2, 0, 1, 1, 2, 0)
  (1, 1, 1, 0, 0, 3, 1, 2, 0)
  (1, 2, 0, 0, 0, 3, 1, 2, 0)
  (1, 2, 0, 0, 0, 4, 0, 2, 0)
  (1, 6, 0, 0, 0, 0, 0, 2, 0)
  (0, 7, 0, 0, 0, 0, 0, 2, 0)

Path 1419 (7 moves):
  (1, 1, 1, 1, 1, 1, 1, 1, 1)
  (1, 1, 1, 2, 0, 1, 1, 1, 1)
  (1, 1, 1, 2, 0, 1, 1, 2, 0)
  (1, 1, 1, 0, 0, 3, 1, 2, 0)
  (1, 2, 0, 0, 0, 3, 1, 2, 0)
  (1, 2, 0, 0, 0, 4, 0, 2, 0)
  (1, 6, 0, 0, 0, 0, 0, 2, 0)
  (1, 0, 0, 0, 0, 0, 0, 8, 0)

Path 1420 (7 moves):
  (1, 1, 1, 1, 1, 1, 1, 1, 1)
  (1, 1, 1, 2, 0, 1, 1, 1, 1)
  (1, 1, 1, 2, 0, 1, 1, 2, 0)
  (1, 1, 1, 0, 0, 3, 1, 2, 0)
  (1, 2, 0, 0, 0, 3, 1, 2, 0)
  (1, 2, 0, 0, 0, 4, 0, 2, 0)
  (1, 2, 0, 0, 0, 6, 0, 0, 0)
  (0, 3, 0, 0, 0, 6, 0, 0, 0)

Path 1421 (7 moves):
  (1, 1, 1, 1, 1, 1, 1, 1, 1)
  (1, 1, 1, 2, 0, 1, 1, 1, 1)
  (1, 1, 1, 2, 0, 1, 1, 2, 0)
  (1, 1, 1, 0, 0, 3, 1, 2, 0)
  (1, 2, 0, 0, 0, 3, 1, 2, 0)
  (1, 2, 0, 0, 0, 5, 1, 0, 0)
  (0, 3, 0, 0, 0, 5, 1, 0, 0)
  (0, 3, 0, 0, 0, 6, 0, 0, 0)

Path 1422 (7 moves):
  (1, 1, 1, 1, 1, 1, 1, 1, 1)
  (1, 1, 1, 2, 0, 1, 1, 1, 1)
  (1, 1, 1, 2, 0, 1, 1, 2, 0)
  (1, 1, 1, 0, 0, 3, 1, 2, 0)
  (1, 2, 0, 0, 0, 3, 1, 2, 0)
  (1, 2, 0, 0, 0, 5, 1, 0, 0)
  (6, 2, 0, 0, 0, 0, 1, 0, 0)
  (0, 2, 0, 0, 0, 0, 7, 0, 0)

Path 1423 (7 moves):
  (1, 1, 1, 1, 1, 1, 1, 1, 1)
  (1, 1, 1, 2, 0, 1, 1, 1, 1)
  (1, 1, 1, 2, 0, 1, 1, 2, 0)
  (1, 1, 1, 0, 0, 3, 1, 2, 0)
  (1, 2, 0, 0, 0, 3, 1, 2, 0)
  (1, 2, 0, 0, 0, 5, 1, 0, 0)
  (1, 2, 0, 0, 0, 6, 0, 0, 0)
  (0, 3, 0, 0, 0, 6, 0, 0, 0)

Path 1424 (7 moves):
  (1, 1, 1, 1, 1, 1, 1, 1, 1)
  (1, 1, 1, 2, 0, 1, 1, 1, 1)
  (1, 1, 1, 2, 0, 1, 1, 2, 0)
  (1, 1, 1, 0, 0, 3, 1, 2, 0)
  (1, 1, 4, 0, 0, 0, 1, 2, 0)
  (1, 0, 5, 0, 0, 0, 1, 2, 0)
  (1, 0, 0, 0, 0, 0, 1, 7, 0)
  (1, 0, 0, 0, 0, 0, 0, 8, 0)

Path 1425 (7 moves):
  (1, 1, 1, 1, 1, 1, 1, 1, 1)
  (1, 1, 1, 2, 0, 1, 1, 1, 1)
  (1, 1, 1, 2, 0, 1, 1, 2, 0)
  (1, 1, 1, 0, 0, 3, 1, 2, 0)
  (1, 1, 4, 0, 0, 0, 1, 2, 0)
  (1, 0, 5, 0, 0, 0, 1, 2, 0)
  (1, 0, 0, 0, 0, 0, 1, 7, 0)
  (8, 0, 0, 0, 0, 0, 1, 0, 0)

Path 1426 (7 moves):
  (1, 1, 1, 1, 1, 1, 1, 1, 1)
  (1, 1, 1, 2, 0, 1, 1, 1, 1)
  (1, 1, 1, 2, 0, 1, 1, 2, 0)
  (1, 1, 1, 0, 0, 3, 1, 2, 0)
  (1, 1, 4, 0, 0, 0, 1, 2, 0)
  (1, 0, 5, 0, 0, 0, 1, 2, 0)
  (1, 0, 5, 0, 0, 0, 0, 3, 0)
  (1, 0, 0, 0, 0, 0, 0, 8, 0)

Path 1427 (7 moves):
  (1, 1, 1, 1, 1, 1, 1, 1, 1)
  (1, 1, 1, 2, 0, 1, 1, 1, 1)
  (1, 1, 1, 2, 0, 1, 1, 2, 0)
  (1, 1, 1, 0, 0, 3, 1, 2, 0)
  (1, 1, 1, 0, 0, 4, 0, 2, 0)
  (0, 2, 1, 0, 0, 4, 0, 2, 0)
  (0, 3, 0, 0, 0, 4, 0, 2, 0)
  (0, 7, 0, 0, 0, 0, 0, 2, 0)

Path 1428 (7 moves):
  (1, 1, 1, 1, 1, 1, 1, 1, 1)
  (1, 1, 1, 2, 0, 1, 1, 1, 1)
  (1, 1, 1, 2, 0, 1, 1, 2, 0)
  (1, 1, 1, 0, 0, 3, 1, 2, 0)
  (1, 1, 1, 0, 0, 4, 0, 2, 0)
  (0, 2, 1, 0, 0, 4, 0, 2, 0)
  (0, 3, 0, 0, 0, 4, 0, 2, 0)
  (0, 3, 0, 0, 0, 6, 0, 0, 0)

Path 1429 (7 moves):
  (1, 1, 1, 1, 1, 1, 1, 1, 1)
  (1, 1, 1, 2, 0, 1, 1, 1, 1)
  (1, 1, 1, 2, 0, 1, 1, 2, 0)
  (1, 1, 1, 0, 0, 3, 1, 2, 0)
  (1, 1, 1, 0, 0, 4, 0, 2, 0)
  (0, 2, 1, 0, 0, 4, 0, 2, 0)
  (0, 6, 1, 0, 0, 0, 0, 2, 0)
  (0, 0, 1, 0, 0, 0, 0, 8, 0)

Path 1430 (7 moves):
  (1, 1, 1, 1, 1, 1, 1, 1, 1)
  (1, 1, 1, 2, 0, 1, 1, 1, 1)
  (1, 1, 1, 2, 0, 1, 1, 2, 0)
  (1, 1, 1, 0, 0, 3, 1, 2, 0)
  (1, 1, 1, 0, 0, 4, 0, 2, 0)
  (0, 2, 1, 0, 0, 4, 0, 2, 0)
  (0, 6, 1, 0, 0, 0, 0, 2, 0)
  (0, 7, 0, 0, 0, 0, 0, 2, 0)

Path 1431 (7 moves):
  (1, 1, 1, 1, 1, 1, 1, 1, 1)
  (1, 1, 1, 2, 0, 1, 1, 1, 1)
  (1, 1, 1, 2, 0, 1, 1, 2, 0)
  (1, 1, 1, 0, 0, 3, 1, 2, 0)
  (1, 1, 1, 0, 0, 4, 0, 2, 0)
  (0, 2, 1, 0, 0, 4, 0, 2, 0)
  (0, 2, 1, 0, 0, 6, 0, 0, 0)
  (0, 3, 0, 0, 0, 6, 0, 0, 0)

Path 1432 (7 moves):
  (1, 1, 1, 1, 1, 1, 1, 1, 1)
  (1, 1, 1, 2, 0, 1, 1, 1, 1)
  (1, 1, 1, 2, 0, 1, 1, 2, 0)
  (1, 1, 1, 0, 0, 3, 1, 2, 0)
  (1, 1, 1, 0, 0, 4, 0, 2, 0)
  (1, 0, 2, 0, 0, 4, 0, 2, 0)
  (3, 0, 0, 0, 0, 4, 0, 2, 0)
  (3, 0, 0, 0, 0, 6, 0, 0, 0)

Path 1433 (7 moves):
  (1, 1, 1, 1, 1, 1, 1, 1, 1)
  (1, 1, 1, 2, 0, 1, 1, 1, 1)
  (1, 1, 1, 2, 0, 1, 1, 2, 0)
  (1, 1, 1, 0, 0, 3, 1, 2, 0)
  (1, 1, 1, 0, 0, 4, 0, 2, 0)
  (1, 0, 2, 0, 0, 4, 0, 2, 0)
  (1, 0, 2, 0, 0, 6, 0, 0, 0)
  (3, 0, 0, 0, 0, 6, 0, 0, 0)

Path 1434 (7 moves):
  (1, 1, 1, 1, 1, 1, 1, 1, 1)
  (1, 1, 1, 2, 0, 1, 1, 1, 1)
  (1, 1, 1, 2, 0, 1, 1, 2, 0)
  (1, 1, 1, 0, 0, 3, 1, 2, 0)
  (1, 1, 1, 0, 0, 4, 0, 2, 0)
  (1, 2, 0, 0, 0, 4, 0, 2, 0)
  (0, 3, 0, 0, 0, 4, 0, 2, 0)
  (0, 7, 0, 0, 0, 0, 0, 2, 0)

Path 1435 (7 moves):
  (1, 1, 1, 1, 1, 1, 1, 1, 1)
  (1, 1, 1, 2, 0, 1, 1, 1, 1)
  (1, 1, 1, 2, 0, 1, 1, 2, 0)
  (1, 1, 1, 0, 0, 3, 1, 2, 0)
  (1, 1, 1, 0, 0, 4, 0, 2, 0)
  (1, 2, 0, 0, 0, 4, 0, 2, 0)
  (0, 3, 0, 0, 0, 4, 0, 2, 0)
  (0, 3, 0, 0, 0, 6, 0, 0, 0)

Path 1436 (7 moves):
  (1, 1, 1, 1, 1, 1, 1, 1, 1)
  (1, 1, 1, 2, 0, 1, 1, 1, 1)
  (1, 1, 1, 2, 0, 1, 1, 2, 0)
  (1, 1, 1, 0, 0, 3, 1, 2, 0)
  (1, 1, 1, 0, 0, 4, 0, 2, 0)
  (1, 2, 0, 0, 0, 4, 0, 2, 0)
  (1, 6, 0, 0, 0, 0, 0, 2, 0)
  (0, 7, 0, 0, 0, 0, 0, 2, 0)

Path 1437 (7 moves):
  (1, 1, 1, 1, 1, 1, 1, 1, 1)
  (1, 1, 1, 2, 0, 1, 1, 1, 1)
  (1, 1, 1, 2, 0, 1, 1, 2, 0)
  (1, 1, 1, 0, 0, 3, 1, 2, 0)
  (1, 1, 1, 0, 0, 4, 0, 2, 0)
  (1, 2, 0, 0, 0, 4, 0, 2, 0)
  (1, 6, 0, 0, 0, 0, 0, 2, 0)
  (1, 0, 0, 0, 0, 0, 0, 8, 0)

Path 1438 (7 moves):
  (1, 1, 1, 1, 1, 1, 1, 1, 1)
  (1, 1, 1, 2, 0, 1, 1, 1, 1)
  (1, 1, 1, 2, 0, 1, 1, 2, 0)
  (1, 1, 1, 0, 0, 3, 1, 2, 0)
  (1, 1, 1, 0, 0, 4, 0, 2, 0)
  (1, 2, 0, 0, 0, 4, 0, 2, 0)
  (1, 2, 0, 0, 0, 6, 0, 0, 0)
  (0, 3, 0, 0, 0, 6, 0, 0, 0)

Path 1439 (7 moves):
  (1, 1, 1, 1, 1, 1, 1, 1, 1)
  (1, 1, 1, 2, 0, 1, 1, 1, 1)
  (1, 1, 1, 2, 0, 1, 1, 2, 0)
  (1, 1, 1, 0, 0, 3, 1, 2, 0)
  (1, 1, 1, 0, 0, 4, 0, 2, 0)
  (1, 5, 1, 0, 0, 0, 0, 2, 0)
  (0, 6, 1, 0, 0, 0, 0, 2, 0)
  (0, 0, 1, 0, 0, 0, 0, 8, 0)

Path 1440 (7 moves):
  (1, 1, 1, 1, 1, 1, 1, 1, 1)
  (1, 1, 1, 2, 0, 1, 1, 1, 1)
  (1, 1, 1, 2, 0, 1, 1, 2, 0)
  (1, 1, 1, 0, 0, 3, 1, 2, 0)
  (1, 1, 1, 0, 0, 4, 0, 2, 0)
  (1, 5, 1, 0, 0, 0, 0, 2, 0)
  (0, 6, 1, 0, 0, 0, 0, 2, 0)
  (0, 7, 0, 0, 0, 0, 0, 2, 0)

Path 1441 (7 moves):
  (1, 1, 1, 1, 1, 1, 1, 1, 1)
  (1, 1, 1, 2, 0, 1, 1, 1, 1)
  (1, 1, 1, 2, 0, 1, 1, 2, 0)
  (1, 1, 1, 0, 0, 3, 1, 2, 0)
  (1, 1, 1, 0, 0, 4, 0, 2, 0)
  (1, 5, 1, 0, 0, 0, 0, 2, 0)
  (1, 6, 0, 0, 0, 0, 0, 2, 0)
  (0, 7, 0, 0, 0, 0, 0, 2, 0)

Path 1442 (7 moves):
  (1, 1, 1, 1, 1, 1, 1, 1, 1)
  (1, 1, 1, 2, 0, 1, 1, 1, 1)
  (1, 1, 1, 2, 0, 1, 1, 2, 0)
  (1, 1, 1, 0, 0, 3, 1, 2, 0)
  (1, 1, 1, 0, 0, 4, 0, 2, 0)
  (1, 5, 1, 0, 0, 0, 0, 2, 0)
  (1, 6, 0, 0, 0, 0, 0, 2, 0)
  (1, 0, 0, 0, 0, 0, 0, 8, 0)

Path 1443 (7 moves):
  (1, 1, 1, 1, 1, 1, 1, 1, 1)
  (1, 1, 1, 2, 0, 1, 1, 1, 1)
  (1, 1, 1, 2, 0, 1, 1, 2, 0)
  (1, 1, 1, 0, 0, 3, 1, 2, 0)
  (1, 1, 1, 0, 0, 3, 0, 3, 0)
  (2, 0, 1, 0, 0, 3, 0, 3, 0)
  (0, 0, 3, 0, 0, 3, 0, 3, 0)
  (0, 0, 0, 0, 0, 6, 0, 3, 0)

Path 1444 (7 moves):
  (1, 1, 1, 1, 1, 1, 1, 1, 1)
  (1, 1, 1, 2, 0, 1, 1, 1, 1)
  (1, 1, 1, 2, 0, 1, 1, 2, 0)
  (1, 1, 1, 0, 0, 3, 1, 2, 0)
  (1, 1, 1, 0, 0, 3, 0, 3, 0)
  (2, 0, 1, 0, 0, 3, 0, 3, 0)
  (0, 0, 3, 0, 0, 3, 0, 3, 0)
  (0, 0, 6, 0, 0, 0, 0, 3, 0)

Path 1445 (7 moves):
  (1, 1, 1, 1, 1, 1, 1, 1, 1)
  (1, 1, 1, 2, 0, 1, 1, 1, 1)
  (1, 1, 1, 2, 0, 1, 1, 2, 0)
  (1, 1, 1, 0, 0, 3, 1, 2, 0)
  (1, 1, 1, 0, 0, 3, 0, 3, 0)
  (2, 0, 1, 0, 0, 3, 0, 3, 0)
  (2, 0, 4, 0, 0, 0, 0, 3, 0)
  (0, 0, 6, 0, 0, 0, 0, 3, 0)

Path 1446 (7 moves):
  (1, 1, 1, 1, 1, 1, 1, 1, 1)
  (1, 1, 1, 2, 0, 1, 1, 1, 1)
  (1, 1, 1, 2, 0, 1, 1, 2, 0)
  (1, 1, 1, 0, 0, 3, 1, 2, 0)
  (1, 1, 1, 0, 0, 5, 1, 0, 0)
  (0, 2, 1, 0, 0, 5, 1, 0, 0)
  (0, 3, 0, 0, 0, 5, 1, 0, 0)
  (0, 3, 0, 0, 0, 6, 0, 0, 0)

Path 1447 (7 moves):
  (1, 1, 1, 1, 1, 1, 1, 1, 1)
  (1, 1, 1, 2, 0, 1, 1, 1, 1)
  (1, 1, 1, 2, 0, 1, 1, 2, 0)
  (1, 1, 1, 0, 0, 3, 1, 2, 0)
  (1, 1, 1, 0, 0, 5, 1, 0, 0)
  (0, 2, 1, 0, 0, 5, 1, 0, 0)
  (0, 2, 1, 0, 0, 6, 0, 0, 0)
  (0, 3, 0, 0, 0, 6, 0, 0, 0)

Path 1448 (7 moves):
  (1, 1, 1, 1, 1, 1, 1, 1, 1)
  (1, 1, 1, 2, 0, 1, 1, 1, 1)
  (1, 1, 1, 2, 0, 1, 1, 2, 0)
  (1, 1, 1, 0, 0, 3, 1, 2, 0)
  (1, 1, 1, 0, 0, 5, 1, 0, 0)
  (1, 0, 2, 0, 0, 5, 1, 0, 0)
  (3, 0, 0, 0, 0, 5, 1, 0, 0)
  (8, 0, 0, 0, 0, 0, 1, 0, 0)

Path 1449 (7 moves):
  (1, 1, 1, 1, 1, 1, 1, 1, 1)
  (1, 1, 1, 2, 0, 1, 1, 1, 1)
  (1, 1, 1, 2, 0, 1, 1, 2, 0)
  (1, 1, 1, 0, 0, 3, 1, 2, 0)
  (1, 1, 1, 0, 0, 5, 1, 0, 0)
  (1, 0, 2, 0, 0, 5, 1, 0, 0)
  (3, 0, 0, 0, 0, 5, 1, 0, 0)
  (3, 0, 0, 0, 0, 6, 0, 0, 0)

Path 1450 (7 moves):
  (1, 1, 1, 1, 1, 1, 1, 1, 1)
  (1, 1, 1, 2, 0, 1, 1, 1, 1)
  (1, 1, 1, 2, 0, 1, 1, 2, 0)
  (1, 1, 1, 0, 0, 3, 1, 2, 0)
  (1, 1, 1, 0, 0, 5, 1, 0, 0)
  (1, 0, 2, 0, 0, 5, 1, 0, 0)
  (6, 0, 2, 0, 0, 0, 1, 0, 0)
  (0, 0, 2, 0, 0, 0, 7, 0, 0)

Path 1451 (7 moves):
  (1, 1, 1, 1, 1, 1, 1, 1, 1)
  (1, 1, 1, 2, 0, 1, 1, 1, 1)
  (1, 1, 1, 2, 0, 1, 1, 2, 0)
  (1, 1, 1, 0, 0, 3, 1, 2, 0)
  (1, 1, 1, 0, 0, 5, 1, 0, 0)
  (1, 0, 2, 0, 0, 5, 1, 0, 0)
  (6, 0, 2, 0, 0, 0, 1, 0, 0)
  (8, 0, 0, 0, 0, 0, 1, 0, 0)

Path 1452 (7 moves):
  (1, 1, 1, 1, 1, 1, 1, 1, 1)
  (1, 1, 1, 2, 0, 1, 1, 1, 1)
  (1, 1, 1, 2, 0, 1, 1, 2, 0)
  (1, 1, 1, 0, 0, 3, 1, 2, 0)
  (1, 1, 1, 0, 0, 5, 1, 0, 0)
  (1, 0, 2, 0, 0, 5, 1, 0, 0)
  (1, 0, 2, 0, 0, 6, 0, 0, 0)
  (3, 0, 0, 0, 0, 6, 0, 0, 0)

Path 1453 (7 moves):
  (1, 1, 1, 1, 1, 1, 1, 1, 1)
  (1, 1, 1, 2, 0, 1, 1, 1, 1)
  (1, 1, 1, 2, 0, 1, 1, 2, 0)
  (1, 1, 1, 0, 0, 3, 1, 2, 0)
  (1, 1, 1, 0, 0, 5, 1, 0, 0)
  (1, 2, 0, 0, 0, 5, 1, 0, 0)
  (0, 3, 0, 0, 0, 5, 1, 0, 0)
  (0, 3, 0, 0, 0, 6, 0, 0, 0)

Path 1454 (7 moves):
  (1, 1, 1, 1, 1, 1, 1, 1, 1)
  (1, 1, 1, 2, 0, 1, 1, 1, 1)
  (1, 1, 1, 2, 0, 1, 1, 2, 0)
  (1, 1, 1, 0, 0, 3, 1, 2, 0)
  (1, 1, 1, 0, 0, 5, 1, 0, 0)
  (1, 2, 0, 0, 0, 5, 1, 0, 0)
  (6, 2, 0, 0, 0, 0, 1, 0, 0)
  (0, 2, 0, 0, 0, 0, 7, 0, 0)

Path 1455 (7 moves):
  (1, 1, 1, 1, 1, 1, 1, 1, 1)
  (1, 1, 1, 2, 0, 1, 1, 1, 1)
  (1, 1, 1, 2, 0, 1, 1, 2, 0)
  (1, 1, 1, 0, 0, 3, 1, 2, 0)
  (1, 1, 1, 0, 0, 5, 1, 0, 0)
  (1, 2, 0, 0, 0, 5, 1, 0, 0)
  (1, 2, 0, 0, 0, 6, 0, 0, 0)
  (0, 3, 0, 0, 0, 6, 0, 0, 0)

Path 1456 (7 moves):
  (1, 1, 1, 1, 1, 1, 1, 1, 1)
  (1, 1, 1, 2, 0, 1, 1, 1, 1)
  (1, 1, 1, 2, 0, 1, 1, 2, 0)
  (1, 1, 1, 2, 0, 2, 0, 2, 0)
  (0, 2, 1, 2, 0, 2, 0, 2, 0)
  (0, 0, 1, 4, 0, 2, 0, 2, 0)
  (0, 0, 0, 5, 0, 2, 0, 2, 0)
  (0, 0, 0, 7, 0, 0, 0, 2, 0)

Path 1457 (7 moves):
  (1, 1, 1, 1, 1, 1, 1, 1, 1)
  (1, 1, 1, 2, 0, 1, 1, 1, 1)
  (1, 1, 1, 2, 0, 1, 1, 2, 0)
  (1, 1, 1, 2, 0, 2, 0, 2, 0)
  (0, 2, 1, 2, 0, 2, 0, 2, 0)
  (0, 0, 1, 4, 0, 2, 0, 2, 0)
  (0, 0, 0, 5, 0, 2, 0, 2, 0)
  (0, 0, 0, 5, 0, 4, 0, 0, 0)

Path 1458 (7 moves):
  (1, 1, 1, 1, 1, 1, 1, 1, 1)
  (1, 1, 1, 2, 0, 1, 1, 1, 1)
  (1, 1, 1, 2, 0, 1, 1, 2, 0)
  (1, 1, 1, 2, 0, 2, 0, 2, 0)
  (0, 2, 1, 2, 0, 2, 0, 2, 0)
  (0, 0, 1, 4, 0, 2, 0, 2, 0)
  (0, 0, 1, 0, 0, 2, 0, 6, 0)
  (0, 0, 1, 0, 0, 0, 0, 8, 0)

Path 1459 (7 moves):
  (1, 1, 1, 1, 1, 1, 1, 1, 1)
  (1, 1, 1, 2, 0, 1, 1, 1, 1)
  (1, 1, 1, 2, 0, 1, 1, 2, 0)
  (1, 1, 1, 2, 0, 2, 0, 2, 0)
  (0, 2, 1, 2, 0, 2, 0, 2, 0)
  (0, 0, 1, 4, 0, 2, 0, 2, 0)
  (0, 0, 1, 6, 0, 0, 0, 2, 0)
  (0, 0, 0, 7, 0, 0, 0, 2, 0)

Path 1460 (7 moves):
  (1, 1, 1, 1, 1, 1, 1, 1, 1)
  (1, 1, 1, 2, 0, 1, 1, 1, 1)
  (1, 1, 1, 2, 0, 1, 1, 2, 0)
  (1, 1, 1, 2, 0, 2, 0, 2, 0)
  (0, 2, 1, 2, 0, 2, 0, 2, 0)
  (0, 0, 1, 4, 0, 2, 0, 2, 0)
  (0, 0, 1, 4, 0, 0, 0, 4, 0)
  (0, 0, 1, 0, 0, 0, 0, 8, 0)

Path 1461 (7 moves):
  (1, 1, 1, 1, 1, 1, 1, 1, 1)
  (1, 1, 1, 2, 0, 1, 1, 1, 1)
  (1, 1, 1, 2, 0, 1, 1, 2, 0)
  (1, 1, 1, 2, 0, 2, 0, 2, 0)
  (0, 2, 1, 2, 0, 2, 0, 2, 0)
  (0, 0, 1, 4, 0, 2, 0, 2, 0)
  (0, 0, 1, 4, 0, 4, 0, 0, 0)
  (0, 0, 0, 5, 0, 4, 0, 0, 0)

Path 1462 (7 moves):
  (1, 1, 1, 1, 1, 1, 1, 1, 1)
  (1, 1, 1, 2, 0, 1, 1, 1, 1)
  (1, 1, 1, 2, 0, 1, 1, 2, 0)
  (1, 1, 1, 2, 0, 2, 0, 2, 0)
  (0, 2, 1, 2, 0, 2, 0, 2, 0)
  (0, 4, 1, 0, 0, 2, 0, 2, 0)
  (0, 0, 1, 0, 0, 6, 0, 2, 0)
  (0, 0, 1, 0, 0, 8, 0, 0, 0)

Path 1463 (7 moves):
  (1, 1, 1, 1, 1, 1, 1, 1, 1)
  (1, 1, 1, 2, 0, 1, 1, 1, 1)
  (1, 1, 1, 2, 0, 1, 1, 2, 0)
  (1, 1, 1, 2, 0, 2, 0, 2, 0)
  (0, 2, 1, 2, 0, 2, 0, 2, 0)
  (0, 4, 1, 0, 0, 2, 0, 2, 0)
  (0, 5, 0, 0, 0, 2, 0, 2, 0)
  (0, 5, 0, 0, 0, 0, 0, 4, 0)

Path 1464 (7 moves):
  (1, 1, 1, 1, 1, 1, 1, 1, 1)
  (1, 1, 1, 2, 0, 1, 1, 1, 1)
  (1, 1, 1, 2, 0, 1, 1, 2, 0)
  (1, 1, 1, 2, 0, 2, 0, 2, 0)
  (0, 2, 1, 2, 0, 2, 0, 2, 0)
  (0, 4, 1, 0, 0, 2, 0, 2, 0)
  (0, 4, 1, 0, 0, 0, 0, 4, 0)
  (0, 5, 0, 0, 0, 0, 0, 4, 0)

Path 1465 (7 moves):
  (1, 1, 1, 1, 1, 1, 1, 1, 1)
  (1, 1, 1, 2, 0, 1, 1, 1, 1)
  (1, 1, 1, 2, 0, 1, 1, 2, 0)
  (1, 1, 1, 2, 0, 2, 0, 2, 0)
  (0, 2, 1, 2, 0, 2, 0, 2, 0)
  (0, 4, 1, 0, 0, 2, 0, 2, 0)
  (0, 4, 1, 0, 0, 4, 0, 0, 0)
  (0, 0, 1, 0, 0, 8, 0, 0, 0)

Path 1466 (7 moves):
  (1, 1, 1, 1, 1, 1, 1, 1, 1)
  (1, 1, 1, 2, 0, 1, 1, 1, 1)
  (1, 1, 1, 2, 0, 1, 1, 2, 0)
  (1, 1, 1, 2, 0, 2, 0, 2, 0)
  (0, 2, 1, 2, 0, 2, 0, 2, 0)
  (0, 2, 1, 0, 0, 4, 0, 2, 0)
  (0, 3, 0, 0, 0, 4, 0, 2, 0)
  (0, 7, 0, 0, 0, 0, 0, 2, 0)

Path 1467 (7 moves):
  (1, 1, 1, 1, 1, 1, 1, 1, 1)
  (1, 1, 1, 2, 0, 1, 1, 1, 1)
  (1, 1, 1, 2, 0, 1, 1, 2, 0)
  (1, 1, 1, 2, 0, 2, 0, 2, 0)
  (0, 2, 1, 2, 0, 2, 0, 2, 0)
  (0, 2, 1, 0, 0, 4, 0, 2, 0)
  (0, 3, 0, 0, 0, 4, 0, 2, 0)
  (0, 3, 0, 0, 0, 6, 0, 0, 0)

Path 1468 (7 moves):
  (1, 1, 1, 1, 1, 1, 1, 1, 1)
  (1, 1, 1, 2, 0, 1, 1, 1, 1)
  (1, 1, 1, 2, 0, 1, 1, 2, 0)
  (1, 1, 1, 2, 0, 2, 0, 2, 0)
  (0, 2, 1, 2, 0, 2, 0, 2, 0)
  (0, 2, 1, 0, 0, 4, 0, 2, 0)
  (0, 6, 1, 0, 0, 0, 0, 2, 0)
  (0, 0, 1, 0, 0, 0, 0, 8, 0)

Path 1469 (7 moves):
  (1, 1, 1, 1, 1, 1, 1, 1, 1)
  (1, 1, 1, 2, 0, 1, 1, 1, 1)
  (1, 1, 1, 2, 0, 1, 1, 2, 0)
  (1, 1, 1, 2, 0, 2, 0, 2, 0)
  (0, 2, 1, 2, 0, 2, 0, 2, 0)
  (0, 2, 1, 0, 0, 4, 0, 2, 0)
  (0, 6, 1, 0, 0, 0, 0, 2, 0)
  (0, 7, 0, 0, 0, 0, 0, 2, 0)

Path 1470 (7 moves):
  (1, 1, 1, 1, 1, 1, 1, 1, 1)
  (1, 1, 1, 2, 0, 1, 1, 1, 1)
  (1, 1, 1, 2, 0, 1, 1, 2, 0)
  (1, 1, 1, 2, 0, 2, 0, 2, 0)
  (0, 2, 1, 2, 0, 2, 0, 2, 0)
  (0, 2, 1, 0, 0, 4, 0, 2, 0)
  (0, 2, 1, 0, 0, 6, 0, 0, 0)
  (0, 3, 0, 0, 0, 6, 0, 0, 0)

Path 1471 (7 moves):
  (1, 1, 1, 1, 1, 1, 1, 1, 1)
  (1, 1, 1, 2, 0, 1, 1, 1, 1)
  (1, 1, 1, 2, 0, 1, 1, 2, 0)
  (1, 1, 1, 2, 0, 2, 0, 2, 0)
  (0, 2, 1, 2, 0, 2, 0, 2, 0)
  (0, 2, 1, 2, 0, 4, 0, 0, 0)
  (0, 0, 1, 4, 0, 4, 0, 0, 0)
  (0, 0, 0, 5, 0, 4, 0, 0, 0)

Path 1472 (7 moves):
  (1, 1, 1, 1, 1, 1, 1, 1, 1)
  (1, 1, 1, 2, 0, 1, 1, 1, 1)
  (1, 1, 1, 2, 0, 1, 1, 2, 0)
  (1, 1, 1, 2, 0, 2, 0, 2, 0)
  (0, 2, 1, 2, 0, 2, 0, 2, 0)
  (0, 2, 1, 2, 0, 4, 0, 0, 0)
  (0, 3, 0, 2, 0, 4, 0, 0, 0)
  (0, 3, 0, 0, 0, 6, 0, 0, 0)

Path 1473 (7 moves):
  (1, 1, 1, 1, 1, 1, 1, 1, 1)
  (1, 1, 1, 2, 0, 1, 1, 1, 1)
  (1, 1, 1, 2, 0, 1, 1, 2, 0)
  (1, 1, 1, 2, 0, 2, 0, 2, 0)
  (0, 2, 1, 2, 0, 2, 0, 2, 0)
  (0, 2, 1, 2, 0, 4, 0, 0, 0)
  (0, 2, 0, 3, 0, 4, 0, 0, 0)
  (0, 0, 0, 5, 0, 4, 0, 0, 0)

Path 1474 (7 moves):
  (1, 1, 1, 1, 1, 1, 1, 1, 1)
  (1, 1, 1, 2, 0, 1, 1, 1, 1)
  (1, 1, 1, 2, 0, 1, 1, 2, 0)
  (1, 1, 1, 2, 0, 2, 0, 2, 0)
  (0, 2, 1, 2, 0, 2, 0, 2, 0)
  (0, 2, 1, 2, 0, 4, 0, 0, 0)
  (0, 2, 0, 3, 0, 4, 0, 0, 0)
  (0, 6, 0, 3, 0, 0, 0, 0, 0)

Path 1475 (7 moves):
  (1, 1, 1, 1, 1, 1, 1, 1, 1)
  (1, 1, 1, 2, 0, 1, 1, 1, 1)
  (1, 1, 1, 2, 0, 1, 1, 2, 0)
  (1, 1, 1, 2, 0, 2, 0, 2, 0)
  (0, 2, 1, 2, 0, 2, 0, 2, 0)
  (0, 2, 1, 2, 0, 4, 0, 0, 0)
  (0, 4, 1, 0, 0, 4, 0, 0, 0)
  (0, 0, 1, 0, 0, 8, 0, 0, 0)

Path 1476 (7 moves):
  (1, 1, 1, 1, 1, 1, 1, 1, 1)
  (1, 1, 1, 2, 0, 1, 1, 1, 1)
  (1, 1, 1, 2, 0, 1, 1, 2, 0)
  (1, 1, 1, 2, 0, 2, 0, 2, 0)
  (0, 2, 1, 2, 0, 2, 0, 2, 0)
  (0, 2, 1, 2, 0, 4, 0, 0, 0)
  (0, 2, 1, 0, 0, 6, 0, 0, 0)
  (0, 3, 0, 0, 0, 6, 0, 0, 0)

Path 1477 (7 moves):
  (1, 1, 1, 1, 1, 1, 1, 1, 1)
  (1, 1, 1, 2, 0, 1, 1, 1, 1)
  (1, 1, 1, 2, 0, 1, 1, 2, 0)
  (1, 1, 1, 2, 0, 2, 0, 2, 0)
  (0, 2, 1, 2, 0, 2, 0, 2, 0)
  (0, 2, 1, 2, 0, 4, 0, 0, 0)
  (0, 6, 1, 2, 0, 0, 0, 0, 0)
  (0, 6, 0, 3, 0, 0, 0, 0, 0)

Path 1478 (7 moves):
  (1, 1, 1, 1, 1, 1, 1, 1, 1)
  (1, 1, 1, 2, 0, 1, 1, 1, 1)
  (1, 1, 1, 2, 0, 1, 1, 2, 0)
  (1, 1, 1, 2, 0, 2, 0, 2, 0)
  (2, 0, 1, 2, 0, 2, 0, 2, 0)
  (2, 0, 1, 2, 0, 0, 0, 4, 0)
  (0, 0, 3, 2, 0, 0, 0, 4, 0)
  (0, 0, 3, 6, 0, 0, 0, 0, 0)

Path 1479 (7 moves):
  (1, 1, 1, 1, 1, 1, 1, 1, 1)
  (1, 1, 1, 2, 0, 1, 1, 1, 1)
  (1, 1, 1, 2, 0, 1, 1, 2, 0)
  (1, 1, 1, 2, 0, 2, 0, 2, 0)
  (2, 0, 1, 2, 0, 2, 0, 2, 0)
  (2, 0, 1, 2, 0, 0, 0, 4, 0)
  (2, 0, 0, 3, 0, 0, 0, 4, 0)
  (5, 0, 0, 0, 0, 0, 0, 4, 0)

Path 1480 (7 moves):
  (1, 1, 1, 1, 1, 1, 1, 1, 1)
  (1, 1, 1, 2, 0, 1, 1, 1, 1)
  (1, 1, 1, 2, 0, 1, 1, 2, 0)
  (1, 1, 1, 2, 0, 2, 0, 2, 0)
  (2, 0, 1, 2, 0, 2, 0, 2, 0)
  (2, 0, 1, 2, 0, 0, 0, 4, 0)
  (2, 0, 0, 3, 0, 0, 0, 4, 0)
  (2, 0, 0, 7, 0, 0, 0, 0, 0)

Path 1481 (7 moves):
  (1, 1, 1, 1, 1, 1, 1, 1, 1)
  (1, 1, 1, 2, 0, 1, 1, 1, 1)
  (1, 1, 1, 2, 0, 1, 1, 2, 0)
  (1, 1, 1, 2, 0, 2, 0, 2, 0)
  (2, 0, 1, 2, 0, 2, 0, 2, 0)
  (2, 0, 1, 2, 0, 0, 0, 4, 0)
  (2, 0, 1, 6, 0, 0, 0, 0, 0)
  (0, 0, 3, 6, 0, 0, 0, 0, 0)

Path 1482 (7 moves):
  (1, 1, 1, 1, 1, 1, 1, 1, 1)
  (1, 1, 1, 2, 0, 1, 1, 1, 1)
  (1, 1, 1, 2, 0, 1, 1, 2, 0)
  (1, 1, 1, 2, 0, 2, 0, 2, 0)
  (2, 0, 1, 2, 0, 2, 0, 2, 0)
  (2, 0, 1, 2, 0, 0, 0, 4, 0)
  (2, 0, 1, 6, 0, 0, 0, 0, 0)
  (2, 0, 0, 7, 0, 0, 0, 0, 0)

Path 1483 (7 moves):
  (1, 1, 1, 1, 1, 1, 1, 1, 1)
  (1, 1, 1, 2, 0, 1, 1, 1, 1)
  (1, 1, 1, 2, 0, 1, 1, 2, 0)
  (1, 1, 1, 2, 0, 2, 0, 2, 0)
  (1, 0, 2, 2, 0, 2, 0, 2, 0)
  (1, 0, 2, 0, 0, 4, 0, 2, 0)
  (3, 0, 0, 0, 0, 4, 0, 2, 0)
  (3, 0, 0, 0, 0, 6, 0, 0, 0)

Path 1484 (7 moves):
  (1, 1, 1, 1, 1, 1, 1, 1, 1)
  (1, 1, 1, 2, 0, 1, 1, 1, 1)
  (1, 1, 1, 2, 0, 1, 1, 2, 0)
  (1, 1, 1, 2, 0, 2, 0, 2, 0)
  (1, 0, 2, 2, 0, 2, 0, 2, 0)
  (1, 0, 2, 0, 0, 4, 0, 2, 0)
  (1, 0, 2, 0, 0, 6, 0, 0, 0)
  (3, 0, 0, 0, 0, 6, 0, 0, 0)

Path 1485 (7 moves):
  (1, 1, 1, 1, 1, 1, 1, 1, 1)
  (1, 1, 1, 2, 0, 1, 1, 1, 1)
  (1, 1, 1, 2, 0, 1, 1, 2, 0)
  (1, 1, 1, 2, 0, 2, 0, 2, 0)
  (1, 0, 2, 2, 0, 2, 0, 2, 0)
  (1, 0, 2, 4, 0, 0, 0, 2, 0)
  (3, 0, 0, 4, 0, 0, 0, 2, 0)
  (0, 0, 0, 7, 0, 0, 0, 2, 0)

Path 1486 (7 moves):
  (1, 1, 1, 1, 1, 1, 1, 1, 1)
  (1, 1, 1, 2, 0, 1, 1, 1, 1)
  (1, 1, 1, 2, 0, 1, 1, 2, 0)
  (1, 1, 1, 2, 0, 2, 0, 2, 0)
  (1, 0, 2, 2, 0, 2, 0, 2, 0)
  (1, 0, 2, 4, 0, 0, 0, 2, 0)
  (3, 0, 0, 4, 0, 0, 0, 2, 0)
  (3, 0, 0, 0, 0, 0, 0, 6, 0)

Path 1487 (7 moves):
  (1, 1, 1, 1, 1, 1, 1, 1, 1)
  (1, 1, 1, 2, 0, 1, 1, 1, 1)
  (1, 1, 1, 2, 0, 1, 1, 2, 0)
  (1, 1, 1, 2, 0, 2, 0, 2, 0)
  (1, 0, 2, 2, 0, 2, 0, 2, 0)
  (1, 0, 2, 4, 0, 0, 0, 2, 0)
  (1, 0, 2, 0, 0, 0, 0, 6, 0)
  (3, 0, 0, 0, 0, 0, 0, 6, 0)

Path 1488 (7 moves):
  (1, 1, 1, 1, 1, 1, 1, 1, 1)
  (1, 1, 1, 2, 0, 1, 1, 1, 1)
  (1, 1, 1, 2, 0, 1, 1, 2, 0)
  (1, 1, 1, 2, 0, 2, 0, 2, 0)
  (1, 0, 2, 2, 0, 2, 0, 2, 0)
  (1, 0, 2, 2, 0, 4, 0, 0, 0)
  (3, 0, 0, 2, 0, 4, 0, 0, 0)
  (0, 0, 0, 5, 0, 4, 0, 0, 0)

Path 1489 (7 moves):
  (1, 1, 1, 1, 1, 1, 1, 1, 1)
  (1, 1, 1, 2, 0, 1, 1, 1, 1)
  (1, 1, 1, 2, 0, 1, 1, 2, 0)
  (1, 1, 1, 2, 0, 2, 0, 2, 0)
  (1, 0, 2, 2, 0, 2, 0, 2, 0)
  (1, 0, 2, 2, 0, 4, 0, 0, 0)
  (3, 0, 0, 2, 0, 4, 0, 0, 0)
  (3, 0, 0, 0, 0, 6, 0, 0, 0)

Path 1490 (7 moves):
  (1, 1, 1, 1, 1, 1, 1, 1, 1)
  (1, 1, 1, 2, 0, 1, 1, 1, 1)
  (1, 1, 1, 2, 0, 1, 1, 2, 0)
  (1, 1, 1, 2, 0, 2, 0, 2, 0)
  (1, 0, 2, 2, 0, 2, 0, 2, 0)
  (1, 0, 2, 2, 0, 4, 0, 0, 0)
  (1, 0, 2, 0, 0, 6, 0, 0, 0)
  (3, 0, 0, 0, 0, 6, 0, 0, 0)

Path 1491 (7 moves):
  (1, 1, 1, 1, 1, 1, 1, 1, 1)
  (1, 1, 1, 2, 0, 1, 1, 1, 1)
  (1, 1, 1, 2, 0, 1, 1, 2, 0)
  (1, 1, 1, 2, 0, 2, 0, 2, 0)
  (1, 2, 0, 2, 0, 2, 0, 2, 0)
  (1, 4, 0, 0, 0, 2, 0, 2, 0)
  (0, 5, 0, 0, 0, 2, 0, 2, 0)
  (0, 5, 0, 0, 0, 0, 0, 4, 0)

Path 1492 (7 moves):
  (1, 1, 1, 1, 1, 1, 1, 1, 1)
  (1, 1, 1, 2, 0, 1, 1, 1, 1)
  (1, 1, 1, 2, 0, 1, 1, 2, 0)
  (1, 1, 1, 2, 0, 2, 0, 2, 0)
  (1, 2, 0, 2, 0, 2, 0, 2, 0)
  (1, 4, 0, 0, 0, 2, 0, 2, 0)
  (1, 0, 0, 0, 0, 6, 0, 2, 0)
  (1, 0, 0, 0, 0, 8, 0, 0, 0)

Path 1493 (7 moves):
  (1, 1, 1, 1, 1, 1, 1, 1, 1)
  (1, 1, 1, 2, 0, 1, 1, 1, 1)
  (1, 1, 1, 2, 0, 1, 1, 2, 0)
  (1, 1, 1, 2, 0, 2, 0, 2, 0)
  (1, 2, 0, 2, 0, 2, 0, 2, 0)
  (1, 4, 0, 0, 0, 2, 0, 2, 0)
  (1, 4, 0, 0, 0, 0, 0, 4, 0)
  (0, 5, 0, 0, 0, 0, 0, 4, 0)

Path 1494 (7 moves):
  (1, 1, 1, 1, 1, 1, 1, 1, 1)
  (1, 1, 1, 2, 0, 1, 1, 1, 1)
  (1, 1, 1, 2, 0, 1, 1, 2, 0)
  (1, 1, 1, 2, 0, 2, 0, 2, 0)
  (1, 2, 0, 2, 0, 2, 0, 2, 0)
  (1, 4, 0, 0, 0, 2, 0, 2, 0)
  (1, 4, 0, 0, 0, 4, 0, 0, 0)
  (1, 0, 0, 0, 0, 8, 0, 0, 0)

Path 1495 (7 moves):
  (1, 1, 1, 1, 1, 1, 1, 1, 1)
  (1, 1, 1, 2, 0, 1, 1, 1, 1)
  (1, 1, 1, 2, 0, 1, 1, 2, 0)
  (1, 1, 1, 2, 0, 2, 0, 2, 0)
  (1, 2, 0, 2, 0, 2, 0, 2, 0)
  (1, 2, 0, 0, 0, 4, 0, 2, 0)
  (0, 3, 0, 0, 0, 4, 0, 2, 0)
  (0, 7, 0, 0, 0, 0, 0, 2, 0)

Path 1496 (7 moves):
  (1, 1, 1, 1, 1, 1, 1, 1, 1)
  (1, 1, 1, 2, 0, 1, 1, 1, 1)
  (1, 1, 1, 2, 0, 1, 1, 2, 0)
  (1, 1, 1, 2, 0, 2, 0, 2, 0)
  (1, 2, 0, 2, 0, 2, 0, 2, 0)
  (1, 2, 0, 0, 0, 4, 0, 2, 0)
  (0, 3, 0, 0, 0, 4, 0, 2, 0)
  (0, 3, 0, 0, 0, 6, 0, 0, 0)

Path 1497 (7 moves):
  (1, 1, 1, 1, 1, 1, 1, 1, 1)
  (1, 1, 1, 2, 0, 1, 1, 1, 1)
  (1, 1, 1, 2, 0, 1, 1, 2, 0)
  (1, 1, 1, 2, 0, 2, 0, 2, 0)
  (1, 2, 0, 2, 0, 2, 0, 2, 0)
  (1, 2, 0, 0, 0, 4, 0, 2, 0)
  (1, 6, 0, 0, 0, 0, 0, 2, 0)
  (0, 7, 0, 0, 0, 0, 0, 2, 0)

Path 1498 (7 moves):
  (1, 1, 1, 1, 1, 1, 1, 1, 1)
  (1, 1, 1, 2, 0, 1, 1, 1, 1)
  (1, 1, 1, 2, 0, 1, 1, 2, 0)
  (1, 1, 1, 2, 0, 2, 0, 2, 0)
  (1, 2, 0, 2, 0, 2, 0, 2, 0)
  (1, 2, 0, 0, 0, 4, 0, 2, 0)
  (1, 6, 0, 0, 0, 0, 0, 2, 0)
  (1, 0, 0, 0, 0, 0, 0, 8, 0)

Path 1499 (7 moves):
  (1, 1, 1, 1, 1, 1, 1, 1, 1)
  (1, 1, 1, 2, 0, 1, 1, 1, 1)
  (1, 1, 1, 2, 0, 1, 1, 2, 0)
  (1, 1, 1, 2, 0, 2, 0, 2, 0)
  (1, 2, 0, 2, 0, 2, 0, 2, 0)
  (1, 2, 0, 0, 0, 4, 0, 2, 0)
  (1, 2, 0, 0, 0, 6, 0, 0, 0)
  (0, 3, 0, 0, 0, 6, 0, 0, 0)

Path 1500 (7 moves):
  (1, 1, 1, 1, 1, 1, 1, 1, 1)
  (1, 1, 1, 2, 0, 1, 1, 1, 1)
  (1, 1, 1, 2, 0, 1, 1, 2, 0)
  (1, 1, 1, 2, 0, 2, 0, 2, 0)
  (1, 2, 0, 2, 0, 2, 0, 2, 0)
  (1, 2, 0, 2, 0, 0, 0, 4, 0)
  (0, 3, 0, 2, 0, 0, 0, 4, 0)
  (0, 5, 0, 0, 0, 0, 0, 4, 0)

Path 1501 (7 moves):
  (1, 1, 1, 1, 1, 1, 1, 1, 1)
  (1, 1, 1, 2, 0, 1, 1, 1, 1)
  (1, 1, 1, 2, 0, 1, 1, 2, 0)
  (1, 1, 1, 2, 0, 2, 0, 2, 0)
  (1, 2, 0, 2, 0, 2, 0, 2, 0)
  (1, 2, 0, 2, 0, 0, 0, 4, 0)
  (0, 3, 0, 2, 0, 0, 0, 4, 0)
  (0, 3, 0, 6, 0, 0, 0, 0, 0)

Path 1502 (7 moves):
  (1, 1, 1, 1, 1, 1, 1, 1, 1)
  (1, 1, 1, 2, 0, 1, 1, 1, 1)
  (1, 1, 1, 2, 0, 1, 1, 2, 0)
  (1, 1, 1, 2, 0, 2, 0, 2, 0)
  (1, 2, 0, 2, 0, 2, 0, 2, 0)
  (1, 2, 0, 2, 0, 0, 0, 4, 0)
  (1, 0, 0, 4, 0, 0, 0, 4, 0)
  (1, 0, 0, 0, 0, 0, 0, 8, 0)

Path 1503 (7 moves):
  (1, 1, 1, 1, 1, 1, 1, 1, 1)
  (1, 1, 1, 2, 0, 1, 1, 1, 1)
  (1, 1, 1, 2, 0, 1, 1, 2, 0)
  (1, 1, 1, 2, 0, 2, 0, 2, 0)
  (1, 2, 0, 2, 0, 2, 0, 2, 0)
  (1, 2, 0, 2, 0, 0, 0, 4, 0)
  (1, 0, 0, 4, 0, 0, 0, 4, 0)
  (1, 0, 0, 8, 0, 0, 0, 0, 0)

Path 1504 (7 moves):
  (1, 1, 1, 1, 1, 1, 1, 1, 1)
  (1, 1, 1, 2, 0, 1, 1, 1, 1)
  (1, 1, 1, 2, 0, 1, 1, 2, 0)
  (1, 1, 1, 2, 0, 2, 0, 2, 0)
  (1, 2, 0, 2, 0, 2, 0, 2, 0)
  (1, 2, 0, 2, 0, 0, 0, 4, 0)
  (1, 4, 0, 0, 0, 0, 0, 4, 0)
  (0, 5, 0, 0, 0, 0, 0, 4, 0)

Path 1505 (7 moves):
  (1, 1, 1, 1, 1, 1, 1, 1, 1)
  (1, 1, 1, 2, 0, 1, 1, 1, 1)
  (1, 1, 1, 2, 0, 1, 1, 2, 0)
  (1, 1, 1, 2, 0, 2, 0, 2, 0)
  (1, 2, 0, 2, 0, 2, 0, 2, 0)
  (1, 2, 0, 2, 0, 0, 0, 4, 0)
  (1, 2, 0, 6, 0, 0, 0, 0, 0)
  (0, 3, 0, 6, 0, 0, 0, 0, 0)

Path 1506 (7 moves):
  (1, 1, 1, 1, 1, 1, 1, 1, 1)
  (1, 1, 1, 2, 0, 1, 1, 1, 1)
  (1, 1, 1, 2, 0, 1, 1, 2, 0)
  (1, 1, 1, 2, 0, 2, 0, 2, 0)
  (1, 2, 0, 2, 0, 2, 0, 2, 0)
  (1, 2, 0, 2, 0, 0, 0, 4, 0)
  (1, 2, 0, 6, 0, 0, 0, 0, 0)
  (1, 0, 0, 8, 0, 0, 0, 0, 0)

Path 1507 (7 moves):
  (1, 1, 1, 1, 1, 1, 1, 1, 1)
  (1, 1, 1, 2, 0, 1, 1, 1, 1)
  (1, 1, 1, 2, 0, 1, 1, 2, 0)
  (1, 1, 1, 2, 0, 2, 0, 2, 0)
  (1, 1, 0, 3, 0, 2, 0, 2, 0)
  (4, 1, 0, 0, 0, 2, 0, 2, 0)
  (5, 0, 0, 0, 0, 2, 0, 2, 0)
  (5, 0, 0, 0, 0, 0, 0, 4, 0)

Path 1508 (7 moves):
  (1, 1, 1, 1, 1, 1, 1, 1, 1)
  (1, 1, 1, 2, 0, 1, 1, 1, 1)
  (1, 1, 1, 2, 0, 1, 1, 2, 0)
  (1, 1, 1, 2, 0, 2, 0, 2, 0)
  (1, 1, 0, 3, 0, 2, 0, 2, 0)
  (4, 1, 0, 0, 0, 2, 0, 2, 0)
  (4, 1, 0, 0, 0, 0, 0, 4, 0)
  (5, 0, 0, 0, 0, 0, 0, 4, 0)

Path 1509 (7 moves):
  (1, 1, 1, 1, 1, 1, 1, 1, 1)
  (1, 1, 1, 2, 0, 1, 1, 1, 1)
  (1, 1, 1, 2, 0, 1, 1, 2, 0)
  (1, 1, 1, 2, 0, 2, 0, 2, 0)
  (1, 1, 0, 3, 0, 2, 0, 2, 0)
  (4, 1, 0, 0, 0, 2, 0, 2, 0)
  (4, 1, 0, 0, 0, 4, 0, 0, 0)
  (4, 5, 0, 0, 0, 0, 0, 0, 0)

Path 1510 (7 moves):
  (1, 1, 1, 1, 1, 1, 1, 1, 1)
  (1, 1, 1, 2, 0, 1, 1, 1, 1)
  (1, 1, 1, 2, 0, 1, 1, 2, 0)
  (1, 1, 1, 2, 0, 2, 0, 2, 0)
  (1, 3, 1, 0, 0, 2, 0, 2, 0)
  (0, 4, 1, 0, 0, 2, 0, 2, 0)
  (0, 0, 1, 0, 0, 6, 0, 2, 0)
  (0, 0, 1, 0, 0, 8, 0, 0, 0)

Path 1511 (7 moves):
  (1, 1, 1, 1, 1, 1, 1, 1, 1)
  (1, 1, 1, 2, 0, 1, 1, 1, 1)
  (1, 1, 1, 2, 0, 1, 1, 2, 0)
  (1, 1, 1, 2, 0, 2, 0, 2, 0)
  (1, 3, 1, 0, 0, 2, 0, 2, 0)
  (0, 4, 1, 0, 0, 2, 0, 2, 0)
  (0, 5, 0, 0, 0, 2, 0, 2, 0)
  (0, 5, 0, 0, 0, 0, 0, 4, 0)

Path 1512 (7 moves):
  (1, 1, 1, 1, 1, 1, 1, 1, 1)
  (1, 1, 1, 2, 0, 1, 1, 1, 1)
  (1, 1, 1, 2, 0, 1, 1, 2, 0)
  (1, 1, 1, 2, 0, 2, 0, 2, 0)
  (1, 3, 1, 0, 0, 2, 0, 2, 0)
  (0, 4, 1, 0, 0, 2, 0, 2, 0)
  (0, 4, 1, 0, 0, 0, 0, 4, 0)
  (0, 5, 0, 0, 0, 0, 0, 4, 0)

Path 1513 (7 moves):
  (1, 1, 1, 1, 1, 1, 1, 1, 1)
  (1, 1, 1, 2, 0, 1, 1, 1, 1)
  (1, 1, 1, 2, 0, 1, 1, 2, 0)
  (1, 1, 1, 2, 0, 2, 0, 2, 0)
  (1, 3, 1, 0, 0, 2, 0, 2, 0)
  (0, 4, 1, 0, 0, 2, 0, 2, 0)
  (0, 4, 1, 0, 0, 4, 0, 0, 0)
  (0, 0, 1, 0, 0, 8, 0, 0, 0)

Path 1514 (7 moves):
  (1, 1, 1, 1, 1, 1, 1, 1, 1)
  (1, 1, 1, 2, 0, 1, 1, 1, 1)
  (1, 1, 1, 2, 0, 1, 1, 2, 0)
  (1, 1, 1, 2, 0, 2, 0, 2, 0)
  (1, 3, 1, 0, 0, 2, 0, 2, 0)
  (1, 4, 0, 0, 0, 2, 0, 2, 0)
  (0, 5, 0, 0, 0, 2, 0, 2, 0)
  (0, 5, 0, 0, 0, 0, 0, 4, 0)

Path 1515 (7 moves):
  (1, 1, 1, 1, 1, 1, 1, 1, 1)
  (1, 1, 1, 2, 0, 1, 1, 1, 1)
  (1, 1, 1, 2, 0, 1, 1, 2, 0)
  (1, 1, 1, 2, 0, 2, 0, 2, 0)
  (1, 3, 1, 0, 0, 2, 0, 2, 0)
  (1, 4, 0, 0, 0, 2, 0, 2, 0)
  (1, 0, 0, 0, 0, 6, 0, 2, 0)
  (1, 0, 0, 0, 0, 8, 0, 0, 0)

Path 1516 (7 moves):
  (1, 1, 1, 1, 1, 1, 1, 1, 1)
  (1, 1, 1, 2, 0, 1, 1, 1, 1)
  (1, 1, 1, 2, 0, 1, 1, 2, 0)
  (1, 1, 1, 2, 0, 2, 0, 2, 0)
  (1, 3, 1, 0, 0, 2, 0, 2, 0)
  (1, 4, 0, 0, 0, 2, 0, 2, 0)
  (1, 4, 0, 0, 0, 0, 0, 4, 0)
  (0, 5, 0, 0, 0, 0, 0, 4, 0)

Path 1517 (7 moves):
  (1, 1, 1, 1, 1, 1, 1, 1, 1)
  (1, 1, 1, 2, 0, 1, 1, 1, 1)
  (1, 1, 1, 2, 0, 1, 1, 2, 0)
  (1, 1, 1, 2, 0, 2, 0, 2, 0)
  (1, 3, 1, 0, 0, 2, 0, 2, 0)
  (1, 4, 0, 0, 0, 2, 0, 2, 0)
  (1, 4, 0, 0, 0, 4, 0, 0, 0)
  (1, 0, 0, 0, 0, 8, 0, 0, 0)

Path 1518 (7 moves):
  (1, 1, 1, 1, 1, 1, 1, 1, 1)
  (1, 1, 1, 2, 0, 1, 1, 1, 1)
  (1, 1, 1, 2, 0, 1, 1, 2, 0)
  (1, 1, 1, 2, 0, 2, 0, 2, 0)
  (1, 3, 1, 0, 0, 2, 0, 2, 0)
  (1, 3, 1, 0, 0, 0, 0, 4, 0)
  (0, 4, 1, 0, 0, 0, 0, 4, 0)
  (0, 5, 0, 0, 0, 0, 0, 4, 0)

Path 1519 (7 moves):
  (1, 1, 1, 1, 1, 1, 1, 1, 1)
  (1, 1, 1, 2, 0, 1, 1, 1, 1)
  (1, 1, 1, 2, 0, 1, 1, 2, 0)
  (1, 1, 1, 2, 0, 2, 0, 2, 0)
  (1, 3, 1, 0, 0, 2, 0, 2, 0)
  (1, 3, 1, 0, 0, 0, 0, 4, 0)
  (1, 4, 0, 0, 0, 0, 0, 4, 0)
  (0, 5, 0, 0, 0, 0, 0, 4, 0)

Path 1520 (7 moves):
  (1, 1, 1, 1, 1, 1, 1, 1, 1)
  (1, 1, 1, 2, 0, 1, 1, 1, 1)
  (1, 1, 1, 2, 0, 1, 1, 2, 0)
  (1, 1, 1, 2, 0, 2, 0, 2, 0)
  (1, 1, 1, 0, 0, 4, 0, 2, 0)
  (0, 2, 1, 0, 0, 4, 0, 2, 0)
  (0, 3, 0, 0, 0, 4, 0, 2, 0)
  (0, 7, 0, 0, 0, 0, 0, 2, 0)

Path 1521 (7 moves):
  (1, 1, 1, 1, 1, 1, 1, 1, 1)
  (1, 1, 1, 2, 0, 1, 1, 1, 1)
  (1, 1, 1, 2, 0, 1, 1, 2, 0)
  (1, 1, 1, 2, 0, 2, 0, 2, 0)
  (1, 1, 1, 0, 0, 4, 0, 2, 0)
  (0, 2, 1, 0, 0, 4, 0, 2, 0)
  (0, 3, 0, 0, 0, 4, 0, 2, 0)
  (0, 3, 0, 0, 0, 6, 0, 0, 0)

Path 1522 (7 moves):
  (1, 1, 1, 1, 1, 1, 1, 1, 1)
  (1, 1, 1, 2, 0, 1, 1, 1, 1)
  (1, 1, 1, 2, 0, 1, 1, 2, 0)
  (1, 1, 1, 2, 0, 2, 0, 2, 0)
  (1, 1, 1, 0, 0, 4, 0, 2, 0)
  (0, 2, 1, 0, 0, 4, 0, 2, 0)
  (0, 6, 1, 0, 0, 0, 0, 2, 0)
  (0, 0, 1, 0, 0, 0, 0, 8, 0)

Path 1523 (7 moves):
  (1, 1, 1, 1, 1, 1, 1, 1, 1)
  (1, 1, 1, 2, 0, 1, 1, 1, 1)
  (1, 1, 1, 2, 0, 1, 1, 2, 0)
  (1, 1, 1, 2, 0, 2, 0, 2, 0)
  (1, 1, 1, 0, 0, 4, 0, 2, 0)
  (0, 2, 1, 0, 0, 4, 0, 2, 0)
  (0, 6, 1, 0, 0, 0, 0, 2, 0)
  (0, 7, 0, 0, 0, 0, 0, 2, 0)

Path 1524 (7 moves):
  (1, 1, 1, 1, 1, 1, 1, 1, 1)
  (1, 1, 1, 2, 0, 1, 1, 1, 1)
  (1, 1, 1, 2, 0, 1, 1, 2, 0)
  (1, 1, 1, 2, 0, 2, 0, 2, 0)
  (1, 1, 1, 0, 0, 4, 0, 2, 0)
  (0, 2, 1, 0, 0, 4, 0, 2, 0)
  (0, 2, 1, 0, 0, 6, 0, 0, 0)
  (0, 3, 0, 0, 0, 6, 0, 0, 0)

Path 1525 (7 moves):
  (1, 1, 1, 1, 1, 1, 1, 1, 1)
  (1, 1, 1, 2, 0, 1, 1, 1, 1)
  (1, 1, 1, 2, 0, 1, 1, 2, 0)
  (1, 1, 1, 2, 0, 2, 0, 2, 0)
  (1, 1, 1, 0, 0, 4, 0, 2, 0)
  (1, 0, 2, 0, 0, 4, 0, 2, 0)
  (3, 0, 0, 0, 0, 4, 0, 2, 0)
  (3, 0, 0, 0, 0, 6, 0, 0, 0)

Path 1526 (7 moves):
  (1, 1, 1, 1, 1, 1, 1, 1, 1)
  (1, 1, 1, 2, 0, 1, 1, 1, 1)
  (1, 1, 1, 2, 0, 1, 1, 2, 0)
  (1, 1, 1, 2, 0, 2, 0, 2, 0)
  (1, 1, 1, 0, 0, 4, 0, 2, 0)
  (1, 0, 2, 0, 0, 4, 0, 2, 0)
  (1, 0, 2, 0, 0, 6, 0, 0, 0)
  (3, 0, 0, 0, 0, 6, 0, 0, 0)

Path 1527 (7 moves):
  (1, 1, 1, 1, 1, 1, 1, 1, 1)
  (1, 1, 1, 2, 0, 1, 1, 1, 1)
  (1, 1, 1, 2, 0, 1, 1, 2, 0)
  (1, 1, 1, 2, 0, 2, 0, 2, 0)
  (1, 1, 1, 0, 0, 4, 0, 2, 0)
  (1, 2, 0, 0, 0, 4, 0, 2, 0)
  (0, 3, 0, 0, 0, 4, 0, 2, 0)
  (0, 7, 0, 0, 0, 0, 0, 2, 0)

Path 1528 (7 moves):
  (1, 1, 1, 1, 1, 1, 1, 1, 1)
  (1, 1, 1, 2, 0, 1, 1, 1, 1)
  (1, 1, 1, 2, 0, 1, 1, 2, 0)
  (1, 1, 1, 2, 0, 2, 0, 2, 0)
  (1, 1, 1, 0, 0, 4, 0, 2, 0)
  (1, 2, 0, 0, 0, 4, 0, 2, 0)
  (0, 3, 0, 0, 0, 4, 0, 2, 0)
  (0, 3, 0, 0, 0, 6, 0, 0, 0)

Path 1529 (7 moves):
  (1, 1, 1, 1, 1, 1, 1, 1, 1)
  (1, 1, 1, 2, 0, 1, 1, 1, 1)
  (1, 1, 1, 2, 0, 1, 1, 2, 0)
  (1, 1, 1, 2, 0, 2, 0, 2, 0)
  (1, 1, 1, 0, 0, 4, 0, 2, 0)
  (1, 2, 0, 0, 0, 4, 0, 2, 0)
  (1, 6, 0, 0, 0, 0, 0, 2, 0)
  (0, 7, 0, 0, 0, 0, 0, 2, 0)

Path 1530 (7 moves):
  (1, 1, 1, 1, 1, 1, 1, 1, 1)
  (1, 1, 1, 2, 0, 1, 1, 1, 1)
  (1, 1, 1, 2, 0, 1, 1, 2, 0)
  (1, 1, 1, 2, 0, 2, 0, 2, 0)
  (1, 1, 1, 0, 0, 4, 0, 2, 0)
  (1, 2, 0, 0, 0, 4, 0, 2, 0)
  (1, 6, 0, 0, 0, 0, 0, 2, 0)
  (1, 0, 0, 0, 0, 0, 0, 8, 0)

Path 1531 (7 moves):
  (1, 1, 1, 1, 1, 1, 1, 1, 1)
  (1, 1, 1, 2, 0, 1, 1, 1, 1)
  (1, 1, 1, 2, 0, 1, 1, 2, 0)
  (1, 1, 1, 2, 0, 2, 0, 2, 0)
  (1, 1, 1, 0, 0, 4, 0, 2, 0)
  (1, 2, 0, 0, 0, 4, 0, 2, 0)
  (1, 2, 0, 0, 0, 6, 0, 0, 0)
  (0, 3, 0, 0, 0, 6, 0, 0, 0)

Path 1532 (7 moves):
  (1, 1, 1, 1, 1, 1, 1, 1, 1)
  (1, 1, 1, 2, 0, 1, 1, 1, 1)
  (1, 1, 1, 2, 0, 1, 1, 2, 0)
  (1, 1, 1, 2, 0, 2, 0, 2, 0)
  (1, 1, 1, 0, 0, 4, 0, 2, 0)
  (1, 5, 1, 0, 0, 0, 0, 2, 0)
  (0, 6, 1, 0, 0, 0, 0, 2, 0)
  (0, 0, 1, 0, 0, 0, 0, 8, 0)

Path 1533 (7 moves):
  (1, 1, 1, 1, 1, 1, 1, 1, 1)
  (1, 1, 1, 2, 0, 1, 1, 1, 1)
  (1, 1, 1, 2, 0, 1, 1, 2, 0)
  (1, 1, 1, 2, 0, 2, 0, 2, 0)
  (1, 1, 1, 0, 0, 4, 0, 2, 0)
  (1, 5, 1, 0, 0, 0, 0, 2, 0)
  (0, 6, 1, 0, 0, 0, 0, 2, 0)
  (0, 7, 0, 0, 0, 0, 0, 2, 0)

Path 1534 (7 moves):
  (1, 1, 1, 1, 1, 1, 1, 1, 1)
  (1, 1, 1, 2, 0, 1, 1, 1, 1)
  (1, 1, 1, 2, 0, 1, 1, 2, 0)
  (1, 1, 1, 2, 0, 2, 0, 2, 0)
  (1, 1, 1, 0, 0, 4, 0, 2, 0)
  (1, 5, 1, 0, 0, 0, 0, 2, 0)
  (1, 6, 0, 0, 0, 0, 0, 2, 0)
  (0, 7, 0, 0, 0, 0, 0, 2, 0)

Path 1535 (7 moves):
  (1, 1, 1, 1, 1, 1, 1, 1, 1)
  (1, 1, 1, 2, 0, 1, 1, 1, 1)
  (1, 1, 1, 2, 0, 1, 1, 2, 0)
  (1, 1, 1, 2, 0, 2, 0, 2, 0)
  (1, 1, 1, 0, 0, 4, 0, 2, 0)
  (1, 5, 1, 0, 0, 0, 0, 2, 0)
  (1, 6, 0, 0, 0, 0, 0, 2, 0)
  (1, 0, 0, 0, 0, 0, 0, 8, 0)

Path 1536 (7 moves):
  (1, 1, 1, 1, 1, 1, 1, 1, 1)
  (1, 1, 1, 2, 0, 1, 1, 1, 1)
  (1, 1, 1, 2, 0, 1, 1, 2, 0)
  (1, 1, 1, 2, 0, 2, 0, 2, 0)
  (1, 1, 1, 4, 0, 0, 0, 2, 0)
  (1, 0, 2, 4, 0, 0, 0, 2, 0)
  (3, 0, 0, 4, 0, 0, 0, 2, 0)
  (0, 0, 0, 7, 0, 0, 0, 2, 0)

Path 1537 (7 moves):
  (1, 1, 1, 1, 1, 1, 1, 1, 1)
  (1, 1, 1, 2, 0, 1, 1, 1, 1)
  (1, 1, 1, 2, 0, 1, 1, 2, 0)
  (1, 1, 1, 2, 0, 2, 0, 2, 0)
  (1, 1, 1, 4, 0, 0, 0, 2, 0)
  (1, 0, 2, 4, 0, 0, 0, 2, 0)
  (3, 0, 0, 4, 0, 0, 0, 2, 0)
  (3, 0, 0, 0, 0, 0, 0, 6, 0)

Path 1538 (7 moves):
  (1, 1, 1, 1, 1, 1, 1, 1, 1)
  (1, 1, 1, 2, 0, 1, 1, 1, 1)
  (1, 1, 1, 2, 0, 1, 1, 2, 0)
  (1, 1, 1, 2, 0, 2, 0, 2, 0)
  (1, 1, 1, 4, 0, 0, 0, 2, 0)
  (1, 0, 2, 4, 0, 0, 0, 2, 0)
  (1, 0, 2, 0, 0, 0, 0, 6, 0)
  (3, 0, 0, 0, 0, 0, 0, 6, 0)

Path 1539 (7 moves):
  (1, 1, 1, 1, 1, 1, 1, 1, 1)
  (1, 1, 1, 2, 0, 1, 1, 1, 1)
  (1, 1, 1, 2, 0, 1, 1, 2, 0)
  (1, 1, 1, 2, 0, 2, 0, 2, 0)
  (1, 1, 1, 2, 0, 0, 0, 4, 0)
  (2, 0, 1, 2, 0, 0, 0, 4, 0)
  (0, 0, 3, 2, 0, 0, 0, 4, 0)
  (0, 0, 3, 6, 0, 0, 0, 0, 0)

Path 1540 (7 moves):
  (1, 1, 1, 1, 1, 1, 1, 1, 1)
  (1, 1, 1, 2, 0, 1, 1, 1, 1)
  (1, 1, 1, 2, 0, 1, 1, 2, 0)
  (1, 1, 1, 2, 0, 2, 0, 2, 0)
  (1, 1, 1, 2, 0, 0, 0, 4, 0)
  (2, 0, 1, 2, 0, 0, 0, 4, 0)
  (2, 0, 0, 3, 0, 0, 0, 4, 0)
  (5, 0, 0, 0, 0, 0, 0, 4, 0)

Path 1541 (7 moves):
  (1, 1, 1, 1, 1, 1, 1, 1, 1)
  (1, 1, 1, 2, 0, 1, 1, 1, 1)
  (1, 1, 1, 2, 0, 1, 1, 2, 0)
  (1, 1, 1, 2, 0, 2, 0, 2, 0)
  (1, 1, 1, 2, 0, 0, 0, 4, 0)
  (2, 0, 1, 2, 0, 0, 0, 4, 0)
  (2, 0, 0, 3, 0, 0, 0, 4, 0)
  (2, 0, 0, 7, 0, 0, 0, 0, 0)

Path 1542 (7 moves):
  (1, 1, 1, 1, 1, 1, 1, 1, 1)
  (1, 1, 1, 2, 0, 1, 1, 1, 1)
  (1, 1, 1, 2, 0, 1, 1, 2, 0)
  (1, 1, 1, 2, 0, 2, 0, 2, 0)
  (1, 1, 1, 2, 0, 0, 0, 4, 0)
  (2, 0, 1, 2, 0, 0, 0, 4, 0)
  (2, 0, 1, 6, 0, 0, 0, 0, 0)
  (0, 0, 3, 6, 0, 0, 0, 0, 0)

Path 1543 (7 moves):
  (1, 1, 1, 1, 1, 1, 1, 1, 1)
  (1, 1, 1, 2, 0, 1, 1, 1, 1)
  (1, 1, 1, 2, 0, 1, 1, 2, 0)
  (1, 1, 1, 2, 0, 2, 0, 2, 0)
  (1, 1, 1, 2, 0, 0, 0, 4, 0)
  (2, 0, 1, 2, 0, 0, 0, 4, 0)
  (2, 0, 1, 6, 0, 0, 0, 0, 0)
  (2, 0, 0, 7, 0, 0, 0, 0, 0)

Path 1544 (7 moves):
  (1, 1, 1, 1, 1, 1, 1, 1, 1)
  (1, 1, 1, 2, 0, 1, 1, 1, 1)
  (1, 1, 1, 2, 0, 1, 1, 2, 0)
  (1, 1, 1, 2, 0, 2, 0, 2, 0)
  (1, 1, 1, 2, 0, 0, 0, 4, 0)
  (1, 2, 0, 2, 0, 0, 0, 4, 0)
  (0, 3, 0, 2, 0, 0, 0, 4, 0)
  (0, 5, 0, 0, 0, 0, 0, 4, 0)

Path 1545 (7 moves):
  (1, 1, 1, 1, 1, 1, 1, 1, 1)
  (1, 1, 1, 2, 0, 1, 1, 1, 1)
  (1, 1, 1, 2, 0, 1, 1, 2, 0)
  (1, 1, 1, 2, 0, 2, 0, 2, 0)
  (1, 1, 1, 2, 0, 0, 0, 4, 0)
  (1, 2, 0, 2, 0, 0, 0, 4, 0)
  (0, 3, 0, 2, 0, 0, 0, 4, 0)
  (0, 3, 0, 6, 0, 0, 0, 0, 0)

Path 1546 (7 moves):
  (1, 1, 1, 1, 1, 1, 1, 1, 1)
  (1, 1, 1, 2, 0, 1, 1, 1, 1)
  (1, 1, 1, 2, 0, 1, 1, 2, 0)
  (1, 1, 1, 2, 0, 2, 0, 2, 0)
  (1, 1, 1, 2, 0, 0, 0, 4, 0)
  (1, 2, 0, 2, 0, 0, 0, 4, 0)
  (1, 0, 0, 4, 0, 0, 0, 4, 0)
  (1, 0, 0, 0, 0, 0, 0, 8, 0)

Path 1547 (7 moves):
  (1, 1, 1, 1, 1, 1, 1, 1, 1)
  (1, 1, 1, 2, 0, 1, 1, 1, 1)
  (1, 1, 1, 2, 0, 1, 1, 2, 0)
  (1, 1, 1, 2, 0, 2, 0, 2, 0)
  (1, 1, 1, 2, 0, 0, 0, 4, 0)
  (1, 2, 0, 2, 0, 0, 0, 4, 0)
  (1, 0, 0, 4, 0, 0, 0, 4, 0)
  (1, 0, 0, 8, 0, 0, 0, 0, 0)

Path 1548 (7 moves):
  (1, 1, 1, 1, 1, 1, 1, 1, 1)
  (1, 1, 1, 2, 0, 1, 1, 1, 1)
  (1, 1, 1, 2, 0, 1, 1, 2, 0)
  (1, 1, 1, 2, 0, 2, 0, 2, 0)
  (1, 1, 1, 2, 0, 0, 0, 4, 0)
  (1, 2, 0, 2, 0, 0, 0, 4, 0)
  (1, 4, 0, 0, 0, 0, 0, 4, 0)
  (0, 5, 0, 0, 0, 0, 0, 4, 0)

Path 1549 (7 moves):
  (1, 1, 1, 1, 1, 1, 1, 1, 1)
  (1, 1, 1, 2, 0, 1, 1, 1, 1)
  (1, 1, 1, 2, 0, 1, 1, 2, 0)
  (1, 1, 1, 2, 0, 2, 0, 2, 0)
  (1, 1, 1, 2, 0, 0, 0, 4, 0)
  (1, 2, 0, 2, 0, 0, 0, 4, 0)
  (1, 2, 0, 6, 0, 0, 0, 0, 0)
  (0, 3, 0, 6, 0, 0, 0, 0, 0)

Path 1550 (7 moves):
  (1, 1, 1, 1, 1, 1, 1, 1, 1)
  (1, 1, 1, 2, 0, 1, 1, 1, 1)
  (1, 1, 1, 2, 0, 1, 1, 2, 0)
  (1, 1, 1, 2, 0, 2, 0, 2, 0)
  (1, 1, 1, 2, 0, 0, 0, 4, 0)
  (1, 2, 0, 2, 0, 0, 0, 4, 0)
  (1, 2, 0, 6, 0, 0, 0, 0, 0)
  (1, 0, 0, 8, 0, 0, 0, 0, 0)

Path 1551 (7 moves):
  (1, 1, 1, 1, 1, 1, 1, 1, 1)
  (1, 1, 1, 2, 0, 1, 1, 1, 1)
  (1, 1, 1, 2, 0, 1, 1, 2, 0)
  (1, 1, 1, 2, 0, 2, 0, 2, 0)
  (1, 1, 1, 2, 0, 0, 0, 4, 0)
  (1, 3, 1, 0, 0, 0, 0, 4, 0)
  (0, 4, 1, 0, 0, 0, 0, 4, 0)
  (0, 5, 0, 0, 0, 0, 0, 4, 0)

Path 1552 (7 moves):
  (1, 1, 1, 1, 1, 1, 1, 1, 1)
  (1, 1, 1, 2, 0, 1, 1, 1, 1)
  (1, 1, 1, 2, 0, 1, 1, 2, 0)
  (1, 1, 1, 2, 0, 2, 0, 2, 0)
  (1, 1, 1, 2, 0, 0, 0, 4, 0)
  (1, 3, 1, 0, 0, 0, 0, 4, 0)
  (1, 4, 0, 0, 0, 0, 0, 4, 0)
  (0, 5, 0, 0, 0, 0, 0, 4, 0)

Path 1553 (7 moves):
  (1, 1, 1, 1, 1, 1, 1, 1, 1)
  (1, 1, 1, 2, 0, 1, 1, 1, 1)
  (1, 1, 1, 2, 0, 1, 1, 2, 0)
  (1, 1, 1, 2, 0, 2, 0, 2, 0)
  (1, 1, 1, 2, 0, 4, 0, 0, 0)
  (0, 2, 1, 2, 0, 4, 0, 0, 0)
  (0, 0, 1, 4, 0, 4, 0, 0, 0)
  (0, 0, 0, 5, 0, 4, 0, 0, 0)

Path 1554 (7 moves):
  (1, 1, 1, 1, 1, 1, 1, 1, 1)
  (1, 1, 1, 2, 0, 1, 1, 1, 1)
  (1, 1, 1, 2, 0, 1, 1, 2, 0)
  (1, 1, 1, 2, 0, 2, 0, 2, 0)
  (1, 1, 1, 2, 0, 4, 0, 0, 0)
  (0, 2, 1, 2, 0, 4, 0, 0, 0)
  (0, 3, 0, 2, 0, 4, 0, 0, 0)
  (0, 3, 0, 0, 0, 6, 0, 0, 0)

Path 1555 (7 moves):
  (1, 1, 1, 1, 1, 1, 1, 1, 1)
  (1, 1, 1, 2, 0, 1, 1, 1, 1)
  (1, 1, 1, 2, 0, 1, 1, 2, 0)
  (1, 1, 1, 2, 0, 2, 0, 2, 0)
  (1, 1, 1, 2, 0, 4, 0, 0, 0)
  (0, 2, 1, 2, 0, 4, 0, 0, 0)
  (0, 2, 0, 3, 0, 4, 0, 0, 0)
  (0, 0, 0, 5, 0, 4, 0, 0, 0)

Path 1556 (7 moves):
  (1, 1, 1, 1, 1, 1, 1, 1, 1)
  (1, 1, 1, 2, 0, 1, 1, 1, 1)
  (1, 1, 1, 2, 0, 1, 1, 2, 0)
  (1, 1, 1, 2, 0, 2, 0, 2, 0)
  (1, 1, 1, 2, 0, 4, 0, 0, 0)
  (0, 2, 1, 2, 0, 4, 0, 0, 0)
  (0, 2, 0, 3, 0, 4, 0, 0, 0)
  (0, 6, 0, 3, 0, 0, 0, 0, 0)

Path 1557 (7 moves):
  (1, 1, 1, 1, 1, 1, 1, 1, 1)
  (1, 1, 1, 2, 0, 1, 1, 1, 1)
  (1, 1, 1, 2, 0, 1, 1, 2, 0)
  (1, 1, 1, 2, 0, 2, 0, 2, 0)
  (1, 1, 1, 2, 0, 4, 0, 0, 0)
  (0, 2, 1, 2, 0, 4, 0, 0, 0)
  (0, 4, 1, 0, 0, 4, 0, 0, 0)
  (0, 0, 1, 0, 0, 8, 0, 0, 0)

Path 1558 (7 moves):
  (1, 1, 1, 1, 1, 1, 1, 1, 1)
  (1, 1, 1, 2, 0, 1, 1, 1, 1)
  (1, 1, 1, 2, 0, 1, 1, 2, 0)
  (1, 1, 1, 2, 0, 2, 0, 2, 0)
  (1, 1, 1, 2, 0, 4, 0, 0, 0)
  (0, 2, 1, 2, 0, 4, 0, 0, 0)
  (0, 2, 1, 0, 0, 6, 0, 0, 0)
  (0, 3, 0, 0, 0, 6, 0, 0, 0)

Path 1559 (7 moves):
  (1, 1, 1, 1, 1, 1, 1, 1, 1)
  (1, 1, 1, 2, 0, 1, 1, 1, 1)
  (1, 1, 1, 2, 0, 1, 1, 2, 0)
  (1, 1, 1, 2, 0, 2, 0, 2, 0)
  (1, 1, 1, 2, 0, 4, 0, 0, 0)
  (0, 2, 1, 2, 0, 4, 0, 0, 0)
  (0, 6, 1, 2, 0, 0, 0, 0, 0)
  (0, 6, 0, 3, 0, 0, 0, 0, 0)

Path 1560 (7 moves):
  (1, 1, 1, 1, 1, 1, 1, 1, 1)
  (1, 1, 1, 2, 0, 1, 1, 1, 1)
  (1, 1, 1, 2, 0, 1, 1, 2, 0)
  (1, 1, 1, 2, 0, 2, 0, 2, 0)
  (1, 1, 1, 2, 0, 4, 0, 0, 0)
  (1, 0, 2, 2, 0, 4, 0, 0, 0)
  (3, 0, 0, 2, 0, 4, 0, 0, 0)
  (0, 0, 0, 5, 0, 4, 0, 0, 0)

Path 1561 (7 moves):
  (1, 1, 1, 1, 1, 1, 1, 1, 1)
  (1, 1, 1, 2, 0, 1, 1, 1, 1)
  (1, 1, 1, 2, 0, 1, 1, 2, 0)
  (1, 1, 1, 2, 0, 2, 0, 2, 0)
  (1, 1, 1, 2, 0, 4, 0, 0, 0)
  (1, 0, 2, 2, 0, 4, 0, 0, 0)
  (3, 0, 0, 2, 0, 4, 0, 0, 0)
  (3, 0, 0, 0, 0, 6, 0, 0, 0)

Path 1562 (7 moves):
  (1, 1, 1, 1, 1, 1, 1, 1, 1)
  (1, 1, 1, 2, 0, 1, 1, 1, 1)
  (1, 1, 1, 2, 0, 1, 1, 2, 0)
  (1, 1, 1, 2, 0, 2, 0, 2, 0)
  (1, 1, 1, 2, 0, 4, 0, 0, 0)
  (1, 0, 2, 2, 0, 4, 0, 0, 0)
  (1, 0, 2, 0, 0, 6, 0, 0, 0)
  (3, 0, 0, 0, 0, 6, 0, 0, 0)

Path 1563 (7 moves):
  (1, 1, 1, 1, 1, 1, 1, 1, 1)
  (1, 1, 1, 1, 0, 2, 1, 1, 1)
  (0, 2, 1, 1, 0, 2, 1, 1, 1)
  (0, 2, 0, 2, 0, 2, 1, 1, 1)
  (0, 0, 0, 4, 0, 2, 1, 1, 1)
  (0, 0, 0, 4, 0, 2, 2, 0, 1)
  (0, 0, 0, 6, 0, 0, 2, 0, 1)
  (0, 0, 0, 6, 0, 0, 0, 0, 3)

Path 1564 (7 moves):
  (1, 1, 1, 1, 1, 1, 1, 1, 1)
  (1, 1, 1, 1, 0, 2, 1, 1, 1)
  (0, 2, 1, 1, 0, 2, 1, 1, 1)
  (0, 2, 0, 2, 0, 2, 1, 1, 1)
  (0, 0, 0, 4, 0, 2, 1, 1, 1)
  (0, 0, 0, 4, 0, 2, 2, 0, 1)
  (0, 0, 0, 4, 0, 2, 0, 0, 3)
  (0, 0, 0, 6, 0, 0, 0, 0, 3)

Path 1565 (7 moves):
  (1, 1, 1, 1, 1, 1, 1, 1, 1)
  (1, 1, 1, 1, 0, 2, 1, 1, 1)
  (0, 2, 1, 1, 0, 2, 1, 1, 1)
  (0, 2, 0, 2, 0, 2, 1, 1, 1)
  (0, 0, 0, 4, 0, 2, 1, 1, 1)
  (0, 0, 0, 4, 0, 2, 2, 0, 1)
  (0, 0, 0, 4, 0, 2, 0, 0, 3)
  (0, 0, 0, 4, 0, 5, 0, 0, 0)

Path 1566 (7 moves):
  (1, 1, 1, 1, 1, 1, 1, 1, 1)
  (1, 1, 1, 1, 0, 2, 1, 1, 1)
  (0, 2, 1, 1, 0, 2, 1, 1, 1)
  (0, 2, 0, 2, 0, 2, 1, 1, 1)
  (0, 0, 0, 4, 0, 2, 1, 1, 1)
  (0, 0, 0, 4, 0, 2, 1, 2, 0)
  (0, 0, 0, 0, 0, 2, 1, 6, 0)
  (0, 0, 0, 0, 0, 3, 0, 6, 0)

Path 1567 (7 moves):
  (1, 1, 1, 1, 1, 1, 1, 1, 1)
  (1, 1, 1, 1, 0, 2, 1, 1, 1)
  (0, 2, 1, 1, 0, 2, 1, 1, 1)
  (0, 2, 0, 2, 0, 2, 1, 1, 1)
  (0, 0, 0, 4, 0, 2, 1, 1, 1)
  (0, 0, 0, 4, 0, 2, 1, 2, 0)
  (0, 0, 0, 6, 0, 0, 1, 2, 0)
  (0, 0, 0, 6, 0, 0, 0, 3, 0)

Path 1568 (7 moves):
  (1, 1, 1, 1, 1, 1, 1, 1, 1)
  (1, 1, 1, 1, 0, 2, 1, 1, 1)
  (0, 2, 1, 1, 0, 2, 1, 1, 1)
  (0, 2, 0, 2, 0, 2, 1, 1, 1)
  (0, 0, 0, 4, 0, 2, 1, 1, 1)
  (0, 0, 0, 4, 0, 2, 1, 2, 0)
  (0, 0, 0, 4, 0, 0, 1, 4, 0)
  (0, 0, 0, 8, 0, 0, 1, 0, 0)

Path 1569 (7 moves):
  (1, 1, 1, 1, 1, 1, 1, 1, 1)
  (1, 1, 1, 1, 0, 2, 1, 1, 1)
  (0, 2, 1, 1, 0, 2, 1, 1, 1)
  (0, 2, 0, 2, 0, 2, 1, 1, 1)
  (0, 0, 0, 4, 0, 2, 1, 1, 1)
  (0, 0, 0, 4, 0, 2, 1, 2, 0)
  (0, 0, 0, 4, 0, 3, 0, 2, 0)
  (0, 0, 0, 0, 0, 3, 0, 6, 0)

Path 1570 (7 moves):
  (1, 1, 1, 1, 1, 1, 1, 1, 1)
  (1, 1, 1, 1, 0, 2, 1, 1, 1)
  (0, 2, 1, 1, 0, 2, 1, 1, 1)
  (0, 2, 0, 2, 0, 2, 1, 1, 1)
  (0, 0, 0, 4, 0, 2, 1, 1, 1)
  (0, 0, 0, 4, 0, 2, 1, 2, 0)
  (0, 0, 0, 4, 0, 3, 0, 2, 0)
  (0, 0, 0, 4, 0, 5, 0, 0, 0)

Path 1571 (7 moves):
  (1, 1, 1, 1, 1, 1, 1, 1, 1)
  (1, 1, 1, 1, 0, 2, 1, 1, 1)
  (0, 2, 1, 1, 0, 2, 1, 1, 1)
  (0, 2, 0, 2, 0, 2, 1, 1, 1)
  (0, 0, 0, 4, 0, 2, 1, 1, 1)
  (0, 0, 0, 4, 0, 2, 1, 2, 0)
  (0, 0, 0, 4, 0, 2, 0, 3, 0)
  (0, 0, 0, 6, 0, 0, 0, 3, 0)

Path 1572 (7 moves):
  (1, 1, 1, 1, 1, 1, 1, 1, 1)
  (1, 1, 1, 1, 0, 2, 1, 1, 1)
  (0, 2, 1, 1, 0, 2, 1, 1, 1)
  (0, 2, 0, 2, 0, 2, 1, 1, 1)
  (0, 0, 0, 4, 0, 2, 1, 1, 1)
  (0, 0, 0, 4, 0, 2, 1, 2, 0)
  (0, 0, 0, 4, 0, 4, 1, 0, 0)
  (0, 0, 0, 4, 0, 5, 0, 0, 0)

Path 1573 (7 moves):
  (1, 1, 1, 1, 1, 1, 1, 1, 1)
  (1, 1, 1, 1, 0, 2, 1, 1, 1)
  (0, 2, 1, 1, 0, 2, 1, 1, 1)
  (0, 2, 0, 2, 0, 2, 1, 1, 1)
  (0, 4, 0, 0, 0, 2, 1, 1, 1)
  (0, 4, 0, 0, 0, 0, 1, 3, 1)
  (0, 4, 0, 0, 0, 0, 0, 4, 1)
  (0, 4, 0, 0, 0, 0, 0, 5, 0)

Path 1574 (7 moves):
  (1, 1, 1, 1, 1, 1, 1, 1, 1)
  (1, 1, 1, 1, 0, 2, 1, 1, 1)
  (0, 2, 1, 1, 0, 2, 1, 1, 1)
  (0, 2, 0, 2, 0, 2, 1, 1, 1)
  (0, 4, 0, 0, 0, 2, 1, 1, 1)
  (0, 4, 0, 0, 0, 0, 1, 3, 1)
  (0, 4, 0, 0, 0, 0, 1, 4, 0)
  (0, 4, 0, 0, 0, 0, 0, 5, 0)

Path 1575 (7 moves):
  (1, 1, 1, 1, 1, 1, 1, 1, 1)
  (1, 1, 1, 1, 0, 2, 1, 1, 1)
  (0, 2, 1, 1, 0, 2, 1, 1, 1)
  (0, 2, 0, 2, 0, 2, 1, 1, 1)
  (0, 4, 0, 0, 0, 2, 1, 1, 1)
  (0, 4, 0, 0, 0, 2, 0, 2, 1)
  (0, 0, 0, 0, 0, 6, 0, 2, 1)
  (0, 0, 0, 0, 0, 8, 0, 0, 1)

Path 1576 (7 moves):
  (1, 1, 1, 1, 1, 1, 1, 1, 1)
  (1, 1, 1, 1, 0, 2, 1, 1, 1)
  (0, 2, 1, 1, 0, 2, 1, 1, 1)
  (0, 2, 0, 2, 0, 2, 1, 1, 1)
  (0, 4, 0, 0, 0, 2, 1, 1, 1)
  (0, 4, 0, 0, 0, 2, 0, 2, 1)
  (0, 0, 0, 0, 0, 6, 0, 2, 1)
  (0, 0, 0, 0, 0, 6, 0, 3, 0)

Path 1577 (7 moves):
  (1, 1, 1, 1, 1, 1, 1, 1, 1)
  (1, 1, 1, 1, 0, 2, 1, 1, 1)
  (0, 2, 1, 1, 0, 2, 1, 1, 1)
  (0, 2, 0, 2, 0, 2, 1, 1, 1)
  (0, 4, 0, 0, 0, 2, 1, 1, 1)
  (0, 4, 0, 0, 0, 2, 0, 2, 1)
  (0, 4, 0, 0, 0, 0, 0, 4, 1)
  (0, 4, 0, 0, 0, 0, 0, 5, 0)

Path 1578 (7 moves):
  (1, 1, 1, 1, 1, 1, 1, 1, 1)
  (1, 1, 1, 1, 0, 2, 1, 1, 1)
  (0, 2, 1, 1, 0, 2, 1, 1, 1)
  (0, 2, 0, 2, 0, 2, 1, 1, 1)
  (0, 4, 0, 0, 0, 2, 1, 1, 1)
  (0, 4, 0, 0, 0, 2, 0, 2, 1)
  (0, 4, 0, 0, 0, 4, 0, 0, 1)
  (0, 0, 0, 0, 0, 8, 0, 0, 1)

Path 1579 (7 moves):
  (1, 1, 1, 1, 1, 1, 1, 1, 1)
  (1, 1, 1, 1, 0, 2, 1, 1, 1)
  (0, 2, 1, 1, 0, 2, 1, 1, 1)
  (0, 2, 0, 2, 0, 2, 1, 1, 1)
  (0, 4, 0, 0, 0, 2, 1, 1, 1)
  (0, 4, 0, 0, 0, 2, 0, 2, 1)
  (0, 4, 0, 0, 0, 4, 0, 0, 1)
  (0, 8, 0, 0, 0, 0, 0, 0, 1)

Path 1580 (7 moves):
  (1, 1, 1, 1, 1, 1, 1, 1, 1)
  (1, 1, 1, 1, 0, 2, 1, 1, 1)
  (0, 2, 1, 1, 0, 2, 1, 1, 1)
  (0, 2, 0, 2, 0, 2, 1, 1, 1)
  (0, 4, 0, 0, 0, 2, 1, 1, 1)
  (0, 4, 0, 0, 0, 2, 0, 2, 1)
  (0, 4, 0, 0, 0, 2, 0, 3, 0)
  (0, 0, 0, 0, 0, 6, 0, 3, 0)

Path 1581 (7 moves):
  (1, 1, 1, 1, 1, 1, 1, 1, 1)
  (1, 1, 1, 1, 0, 2, 1, 1, 1)
  (0, 2, 1, 1, 0, 2, 1, 1, 1)
  (0, 2, 0, 2, 0, 2, 1, 1, 1)
  (0, 4, 0, 0, 0, 2, 1, 1, 1)
  (0, 4, 0, 0, 0, 2, 0, 2, 1)
  (0, 4, 0, 0, 0, 2, 0, 3, 0)
  (0, 4, 0, 0, 0, 0, 0, 5, 0)

Path 1582 (7 moves):
  (1, 1, 1, 1, 1, 1, 1, 1, 1)
  (1, 1, 1, 1, 0, 2, 1, 1, 1)
  (0, 2, 1, 1, 0, 2, 1, 1, 1)
  (0, 2, 0, 2, 0, 2, 1, 1, 1)
  (0, 4, 0, 0, 0, 2, 1, 1, 1)
  (0, 4, 0, 0, 0, 2, 1, 0, 2)
  (0, 0, 0, 0, 0, 6, 1, 0, 2)
  (0, 0, 0, 0, 0, 7, 0, 0, 2)

Path 1583 (7 moves):
  (1, 1, 1, 1, 1, 1, 1, 1, 1)
  (1, 1, 1, 1, 0, 2, 1, 1, 1)
  (0, 2, 1, 1, 0, 2, 1, 1, 1)
  (0, 2, 0, 2, 0, 2, 1, 1, 1)
  (0, 4, 0, 0, 0, 2, 1, 1, 1)
  (0, 4, 0, 0, 0, 2, 1, 0, 2)
  (0, 0, 0, 0, 0, 6, 1, 0, 2)
  (0, 0, 0, 0, 0, 6, 3, 0, 0)

Path 1584 (7 moves):
  (1, 1, 1, 1, 1, 1, 1, 1, 1)
  (1, 1, 1, 1, 0, 2, 1, 1, 1)
  (0, 2, 1, 1, 0, 2, 1, 1, 1)
  (0, 2, 0, 2, 0, 2, 1, 1, 1)
  (0, 4, 0, 0, 0, 2, 1, 1, 1)
  (0, 4, 0, 0, 0, 2, 1, 0, 2)
  (0, 4, 0, 0, 0, 3, 0, 0, 2)
  (0, 0, 0, 0, 0, 7, 0, 0, 2)

Path 1585 (7 moves):
  (1, 1, 1, 1, 1, 1, 1, 1, 1)
  (1, 1, 1, 1, 0, 2, 1, 1, 1)
  (0, 2, 1, 1, 0, 2, 1, 1, 1)
  (0, 2, 0, 2, 0, 2, 1, 1, 1)
  (0, 4, 0, 0, 0, 2, 1, 1, 1)
  (0, 4, 0, 0, 0, 2, 1, 0, 2)
  (0, 4, 0, 0, 0, 3, 0, 0, 2)
  (0, 4, 0, 0, 0, 0, 0, 0, 5)

Path 1586 (7 moves):
  (1, 1, 1, 1, 1, 1, 1, 1, 1)
  (1, 1, 1, 1, 0, 2, 1, 1, 1)
  (0, 2, 1, 1, 0, 2, 1, 1, 1)
  (0, 2, 0, 2, 0, 2, 1, 1, 1)
  (0, 4, 0, 0, 0, 2, 1, 1, 1)
  (0, 4, 0, 0, 0, 2, 1, 0, 2)
  (0, 4, 0, 0, 0, 2, 3, 0, 0)
  (0, 0, 0, 0, 0, 6, 3, 0, 0)

Path 1587 (7 moves):
  (1, 1, 1, 1, 1, 1, 1, 1, 1)
  (1, 1, 1, 1, 0, 2, 1, 1, 1)
  (0, 2, 1, 1, 0, 2, 1, 1, 1)
  (0, 2, 0, 2, 0, 2, 1, 1, 1)
  (0, 2, 0, 0, 0, 4, 1, 1, 1)
  (0, 2, 0, 0, 0, 4, 2, 0, 1)
  (0, 6, 0, 0, 0, 0, 2, 0, 1)
  (0, 6, 0, 0, 0, 0, 0, 0, 3)

Path 1588 (7 moves):
  (1, 1, 1, 1, 1, 1, 1, 1, 1)
  (1, 1, 1, 1, 0, 2, 1, 1, 1)
  (0, 2, 1, 1, 0, 2, 1, 1, 1)
  (0, 2, 0, 2, 0, 2, 1, 1, 1)
  (0, 2, 0, 0, 0, 4, 1, 1, 1)
  (0, 2, 0, 0, 0, 4, 2, 0, 1)
  (0, 2, 0, 0, 0, 4, 0, 0, 3)
  (0, 6, 0, 0, 0, 0, 0, 0, 3)

Path 1589 (7 moves):
  (1, 1, 1, 1, 1, 1, 1, 1, 1)
  (1, 1, 1, 1, 0, 2, 1, 1, 1)
  (0, 2, 1, 1, 0, 2, 1, 1, 1)
  (0, 2, 0, 2, 0, 2, 1, 1, 1)
  (0, 2, 0, 0, 0, 4, 1, 1, 1)
  (0, 2, 0, 0, 0, 4, 2, 0, 1)
  (0, 2, 0, 0, 0, 4, 0, 0, 3)
  (0, 2, 0, 0, 0, 7, 0, 0, 0)

Path 1590 (7 moves):
  (1, 1, 1, 1, 1, 1, 1, 1, 1)
  (1, 1, 1, 1, 0, 2, 1, 1, 1)
  (0, 2, 1, 1, 0, 2, 1, 1, 1)
  (0, 2, 0, 2, 0, 2, 1, 1, 1)
  (0, 2, 0, 4, 0, 0, 1, 1, 1)
  (0, 2, 0, 0, 0, 0, 1, 5, 1)
  (0, 2, 0, 0, 0, 0, 0, 6, 1)
  (0, 8, 0, 0, 0, 0, 0, 0, 1)

Path 1591 (7 moves):
  (1, 1, 1, 1, 1, 1, 1, 1, 1)
  (1, 1, 1, 1, 0, 2, 1, 1, 1)
  (0, 2, 1, 1, 0, 2, 1, 1, 1)
  (0, 2, 0, 2, 0, 2, 1, 1, 1)
  (0, 2, 0, 4, 0, 0, 1, 1, 1)
  (0, 2, 0, 0, 0, 0, 1, 5, 1)
  (0, 2, 0, 0, 0, 0, 0, 6, 1)
  (0, 2, 0, 0, 0, 0, 0, 7, 0)

Path 1592 (7 moves):
  (1, 1, 1, 1, 1, 1, 1, 1, 1)
  (1, 1, 1, 1, 0, 2, 1, 1, 1)
  (0, 2, 1, 1, 0, 2, 1, 1, 1)
  (0, 2, 0, 2, 0, 2, 1, 1, 1)
  (0, 2, 0, 4, 0, 0, 1, 1, 1)
  (0, 2, 0, 0, 0, 0, 1, 5, 1)
  (0, 2, 0, 0, 0, 0, 1, 6, 0)
  (0, 2, 0, 0, 0, 0, 0, 7, 0)

Path 1593 (7 moves):
  (1, 1, 1, 1, 1, 1, 1, 1, 1)
  (1, 1, 1, 1, 0, 2, 1, 1, 1)
  (0, 2, 1, 1, 0, 2, 1, 1, 1)
  (0, 2, 0, 2, 0, 2, 1, 1, 1)
  (0, 2, 0, 4, 0, 0, 1, 1, 1)
  (0, 2, 0, 0, 0, 0, 1, 5, 1)
  (0, 2, 0, 0, 0, 0, 1, 6, 0)
  (0, 8, 0, 0, 0, 0, 1, 0, 0)

Path 1594 (7 moves):
  (1, 1, 1, 1, 1, 1, 1, 1, 1)
  (1, 1, 1, 1, 0, 2, 1, 1, 1)
  (0, 2, 1, 1, 0, 2, 1, 1, 1)
  (0, 2, 0, 2, 0, 2, 1, 1, 1)
  (0, 2, 0, 4, 0, 0, 1, 1, 1)
  (0, 2, 0, 4, 0, 0, 0, 2, 1)
  (0, 0, 0, 6, 0, 0, 0, 2, 1)
  (0, 0, 0, 6, 0, 0, 0, 3, 0)

Path 1595 (7 moves):
  (1, 1, 1, 1, 1, 1, 1, 1, 1)
  (1, 1, 1, 1, 0, 2, 1, 1, 1)
  (0, 2, 1, 1, 0, 2, 1, 1, 1)
  (0, 2, 0, 2, 0, 2, 1, 1, 1)
  (0, 2, 0, 4, 0, 0, 1, 1, 1)
  (0, 2, 0, 4, 0, 0, 0, 2, 1)
  (0, 2, 0, 0, 0, 0, 0, 6, 1)
  (0, 8, 0, 0, 0, 0, 0, 0, 1)

Path 1596 (7 moves):
  (1, 1, 1, 1, 1, 1, 1, 1, 1)
  (1, 1, 1, 1, 0, 2, 1, 1, 1)
  (0, 2, 1, 1, 0, 2, 1, 1, 1)
  (0, 2, 0, 2, 0, 2, 1, 1, 1)
  (0, 2, 0, 4, 0, 0, 1, 1, 1)
  (0, 2, 0, 4, 0, 0, 0, 2, 1)
  (0, 2, 0, 0, 0, 0, 0, 6, 1)
  (0, 2, 0, 0, 0, 0, 0, 7, 0)

Path 1597 (7 moves):
  (1, 1, 1, 1, 1, 1, 1, 1, 1)
  (1, 1, 1, 1, 0, 2, 1, 1, 1)
  (0, 2, 1, 1, 0, 2, 1, 1, 1)
  (0, 2, 0, 2, 0, 2, 1, 1, 1)
  (0, 2, 0, 4, 0, 0, 1, 1, 1)
  (0, 2, 0, 4, 0, 0, 0, 2, 1)
  (0, 2, 0, 4, 0, 0, 0, 3, 0)
  (0, 0, 0, 6, 0, 0, 0, 3, 0)

Path 1598 (7 moves):
  (1, 1, 1, 1, 1, 1, 1, 1, 1)
  (1, 1, 1, 1, 0, 2, 1, 1, 1)
  (0, 2, 1, 1, 0, 2, 1, 1, 1)
  (0, 2, 0, 2, 0, 2, 1, 1, 1)
  (0, 2, 0, 4, 0, 0, 1, 1, 1)
  (0, 2, 0, 4, 0, 0, 0, 2, 1)
  (0, 2, 0, 4, 0, 0, 0, 3, 0)
  (0, 2, 0, 0, 0, 0, 0, 7, 0)

Path 1599 (7 moves):
  (1, 1, 1, 1, 1, 1, 1, 1, 1)
  (1, 1, 1, 1, 0, 2, 1, 1, 1)
  (0, 2, 1, 1, 0, 2, 1, 1, 1)
  (0, 2, 0, 2, 0, 2, 1, 1, 1)
  (0, 2, 0, 4, 0, 0, 1, 1, 1)
  (0, 2, 0, 4, 0, 0, 2, 0, 1)
  (0, 0, 0, 6, 0, 0, 2, 0, 1)
  (0, 0, 0, 6, 0, 0, 0, 0, 3)

Path 1600 (7 moves):
  (1, 1, 1, 1, 1, 1, 1, 1, 1)
  (1, 1, 1, 1, 0, 2, 1, 1, 1)
  (0, 2, 1, 1, 0, 2, 1, 1, 1)
  (0, 2, 0, 2, 0, 2, 1, 1, 1)
  (0, 2, 0, 4, 0, 0, 1, 1, 1)
  (0, 2, 0, 4, 0, 0, 2, 0, 1)
  (0, 2, 0, 4, 0, 0, 0, 0, 3)
  (0, 0, 0, 6, 0, 0, 0, 0, 3)

Path 1601 (7 moves):
  (1, 1, 1, 1, 1, 1, 1, 1, 1)
  (1, 1, 1, 1, 0, 2, 1, 1, 1)
  (0, 2, 1, 1, 0, 2, 1, 1, 1)
  (0, 2, 0, 2, 0, 2, 1, 1, 1)
  (0, 2, 0, 4, 0, 0, 1, 1, 1)
  (0, 2, 0, 4, 0, 0, 1, 2, 0)
  (0, 0, 0, 6, 0, 0, 1, 2, 0)
  (0, 0, 0, 6, 0, 0, 0, 3, 0)

Path 1602 (7 moves):
  (1, 1, 1, 1, 1, 1, 1, 1, 1)
  (1, 1, 1, 1, 0, 2, 1, 1, 1)
  (0, 2, 1, 1, 0, 2, 1, 1, 1)
  (0, 2, 0, 2, 0, 2, 1, 1, 1)
  (0, 2, 0, 4, 0, 0, 1, 1, 1)
  (0, 2, 0, 4, 0, 0, 1, 2, 0)
  (0, 2, 0, 0, 0, 0, 1, 6, 0)
  (0, 2, 0, 0, 0, 0, 0, 7, 0)

Path 1603 (7 moves):
  (1, 1, 1, 1, 1, 1, 1, 1, 1)
  (1, 1, 1, 1, 0, 2, 1, 1, 1)
  (0, 2, 1, 1, 0, 2, 1, 1, 1)
  (0, 2, 0, 2, 0, 2, 1, 1, 1)
  (0, 2, 0, 4, 0, 0, 1, 1, 1)
  (0, 2, 0, 4, 0, 0, 1, 2, 0)
  (0, 2, 0, 0, 0, 0, 1, 6, 0)
  (0, 8, 0, 0, 0, 0, 1, 0, 0)

Path 1604 (7 moves):
  (1, 1, 1, 1, 1, 1, 1, 1, 1)
  (1, 1, 1, 1, 0, 2, 1, 1, 1)
  (0, 2, 1, 1, 0, 2, 1, 1, 1)
  (0, 2, 0, 2, 0, 2, 1, 1, 1)
  (0, 2, 0, 4, 0, 0, 1, 1, 1)
  (0, 2, 0, 4, 0, 0, 1, 2, 0)
  (0, 2, 0, 4, 0, 0, 0, 3, 0)
  (0, 0, 0, 6, 0, 0, 0, 3, 0)

Path 1605 (7 moves):
  (1, 1, 1, 1, 1, 1, 1, 1, 1)
  (1, 1, 1, 1, 0, 2, 1, 1, 1)
  (0, 2, 1, 1, 0, 2, 1, 1, 1)
  (0, 2, 0, 2, 0, 2, 1, 1, 1)
  (0, 2, 0, 4, 0, 0, 1, 1, 1)
  (0, 2, 0, 4, 0, 0, 1, 2, 0)
  (0, 2, 0, 4, 0, 0, 0, 3, 0)
  (0, 2, 0, 0, 0, 0, 0, 7, 0)

Path 1606 (7 moves):
  (1, 1, 1, 1, 1, 1, 1, 1, 1)
  (1, 1, 1, 1, 0, 2, 1, 1, 1)
  (0, 2, 1, 1, 0, 2, 1, 1, 1)
  (0, 2, 0, 2, 0, 2, 1, 1, 1)
  (0, 2, 0, 2, 0, 0, 1, 3, 1)
  (0, 4, 0, 0, 0, 0, 1, 3, 1)
  (0, 4, 0, 0, 0, 0, 0, 4, 1)
  (0, 4, 0, 0, 0, 0, 0, 5, 0)

Path 1607 (7 moves):
  (1, 1, 1, 1, 1, 1, 1, 1, 1)
  (1, 1, 1, 1, 0, 2, 1, 1, 1)
  (0, 2, 1, 1, 0, 2, 1, 1, 1)
  (0, 2, 0, 2, 0, 2, 1, 1, 1)
  (0, 2, 0, 2, 0, 0, 1, 3, 1)
  (0, 4, 0, 0, 0, 0, 1, 3, 1)
  (0, 4, 0, 0, 0, 0, 1, 4, 0)
  (0, 4, 0, 0, 0, 0, 0, 5, 0)

Path 1608 (7 moves):
  (1, 1, 1, 1, 1, 1, 1, 1, 1)
  (1, 1, 1, 1, 0, 2, 1, 1, 1)
  (0, 2, 1, 1, 0, 2, 1, 1, 1)
  (0, 2, 0, 2, 0, 2, 1, 1, 1)
  (0, 2, 0, 2, 0, 0, 1, 3, 1)
  (0, 2, 0, 2, 0, 0, 0, 4, 1)
  (0, 0, 0, 4, 0, 0, 0, 4, 1)
  (0, 0, 0, 8, 0, 0, 0, 0, 1)

Path 1609 (7 moves):
  (1, 1, 1, 1, 1, 1, 1, 1, 1)
  (1, 1, 1, 1, 0, 2, 1, 1, 1)
  (0, 2, 1, 1, 0, 2, 1, 1, 1)
  (0, 2, 0, 2, 0, 2, 1, 1, 1)
  (0, 2, 0, 2, 0, 0, 1, 3, 1)
  (0, 2, 0, 2, 0, 0, 0, 4, 1)
  (0, 4, 0, 0, 0, 0, 0, 4, 1)
  (0, 4, 0, 0, 0, 0, 0, 5, 0)

Path 1610 (7 moves):
  (1, 1, 1, 1, 1, 1, 1, 1, 1)
  (1, 1, 1, 1, 0, 2, 1, 1, 1)
  (0, 2, 1, 1, 0, 2, 1, 1, 1)
  (0, 2, 0, 2, 0, 2, 1, 1, 1)
  (0, 2, 0, 2, 0, 0, 1, 3, 1)
  (0, 2, 0, 2, 0, 0, 0, 4, 1)
  (0, 2, 0, 6, 0, 0, 0, 0, 1)
  (0, 0, 0, 8, 0, 0, 0, 0, 1)

Path 1611 (7 moves):
  (1, 1, 1, 1, 1, 1, 1, 1, 1)
  (1, 1, 1, 1, 0, 2, 1, 1, 1)
  (0, 2, 1, 1, 0, 2, 1, 1, 1)
  (0, 2, 0, 2, 0, 2, 1, 1, 1)
  (0, 2, 0, 2, 0, 0, 1, 3, 1)
  (0, 2, 0, 2, 0, 0, 0, 4, 1)
  (0, 2, 0, 2, 0, 0, 0, 5, 0)
  (0, 4, 0, 0, 0, 0, 0, 5, 0)

Path 1612 (7 moves):
  (1, 1, 1, 1, 1, 1, 1, 1, 1)
  (1, 1, 1, 1, 0, 2, 1, 1, 1)
  (0, 2, 1, 1, 0, 2, 1, 1, 1)
  (0, 2, 0, 2, 0, 2, 1, 1, 1)
  (0, 2, 0, 2, 0, 0, 1, 3, 1)
  (0, 2, 0, 2, 0, 0, 1, 4, 0)
  (0, 0, 0, 4, 0, 0, 1, 4, 0)
  (0, 0, 0, 8, 0, 0, 1, 0, 0)

Path 1613 (7 moves):
  (1, 1, 1, 1, 1, 1, 1, 1, 1)
  (1, 1, 1, 1, 0, 2, 1, 1, 1)
  (0, 2, 1, 1, 0, 2, 1, 1, 1)
  (0, 2, 0, 2, 0, 2, 1, 1, 1)
  (0, 2, 0, 2, 0, 0, 1, 3, 1)
  (0, 2, 0, 2, 0, 0, 1, 4, 0)
  (0, 4, 0, 0, 0, 0, 1, 4, 0)
  (0, 4, 0, 0, 0, 0, 0, 5, 0)

Path 1614 (7 moves):
  (1, 1, 1, 1, 1, 1, 1, 1, 1)
  (1, 1, 1, 1, 0, 2, 1, 1, 1)
  (0, 2, 1, 1, 0, 2, 1, 1, 1)
  (0, 2, 0, 2, 0, 2, 1, 1, 1)
  (0, 2, 0, 2, 0, 0, 1, 3, 1)
  (0, 2, 0, 2, 0, 0, 1, 4, 0)
  (0, 2, 0, 2, 0, 0, 0, 5, 0)
  (0, 4, 0, 0, 0, 0, 0, 5, 0)

Path 1615 (7 moves):
  (1, 1, 1, 1, 1, 1, 1, 1, 1)
  (1, 1, 1, 1, 0, 2, 1, 1, 1)
  (0, 2, 1, 1, 0, 2, 1, 1, 1)
  (0, 2, 0, 2, 0, 2, 1, 1, 1)
  (0, 2, 0, 2, 0, 0, 1, 3, 1)
  (0, 2, 0, 2, 0, 0, 1, 4, 0)
  (0, 2, 0, 6, 0, 0, 1, 0, 0)
  (0, 0, 0, 8, 0, 0, 1, 0, 0)

Path 1616 (7 moves):
  (1, 1, 1, 1, 1, 1, 1, 1, 1)
  (1, 1, 1, 1, 0, 2, 1, 1, 1)
  (0, 2, 1, 1, 0, 2, 1, 1, 1)
  (0, 2, 0, 2, 0, 2, 1, 1, 1)
  (0, 2, 0, 2, 0, 3, 0, 1, 1)
  (0, 2, 0, 2, 0, 0, 0, 1, 4)
  (0, 0, 0, 4, 0, 0, 0, 1, 4)
  (0, 0, 0, 0, 0, 0, 0, 5, 4)

Path 1617 (7 moves):
  (1, 1, 1, 1, 1, 1, 1, 1, 1)
  (1, 1, 1, 1, 0, 2, 1, 1, 1)
  (0, 2, 1, 1, 0, 2, 1, 1, 1)
  (0, 2, 0, 2, 0, 2, 1, 1, 1)
  (0, 2, 0, 2, 0, 3, 0, 1, 1)
  (0, 2, 0, 2, 0, 0, 0, 1, 4)
  (0, 4, 0, 0, 0, 0, 0, 1, 4)
  (0, 4, 0, 0, 0, 0, 0, 0, 5)

Path 1618 (7 moves):
  (1, 1, 1, 1, 1, 1, 1, 1, 1)
  (1, 1, 1, 1, 0, 2, 1, 1, 1)
  (0, 2, 1, 1, 0, 2, 1, 1, 1)
  (0, 2, 0, 2, 0, 2, 1, 1, 1)
  (0, 2, 0, 2, 0, 3, 0, 1, 1)
  (0, 2, 0, 2, 0, 0, 0, 1, 4)
  (0, 2, 0, 2, 0, 0, 0, 0, 5)
  (0, 4, 0, 0, 0, 0, 0, 0, 5)

Path 1619 (7 moves):
  (1, 1, 1, 1, 1, 1, 1, 1, 1)
  (1, 1, 1, 1, 0, 2, 1, 1, 1)
  (0, 2, 1, 1, 0, 2, 1, 1, 1)
  (0, 2, 0, 2, 0, 2, 1, 1, 1)
  (0, 2, 0, 2, 0, 2, 0, 2, 1)
  (0, 4, 0, 0, 0, 2, 0, 2, 1)
  (0, 0, 0, 0, 0, 6, 0, 2, 1)
  (0, 0, 0, 0, 0, 8, 0, 0, 1)

Path 1620 (7 moves):
  (1, 1, 1, 1, 1, 1, 1, 1, 1)
  (1, 1, 1, 1, 0, 2, 1, 1, 1)
  (0, 2, 1, 1, 0, 2, 1, 1, 1)
  (0, 2, 0, 2, 0, 2, 1, 1, 1)
  (0, 2, 0, 2, 0, 2, 0, 2, 1)
  (0, 4, 0, 0, 0, 2, 0, 2, 1)
  (0, 0, 0, 0, 0, 6, 0, 2, 1)
  (0, 0, 0, 0, 0, 6, 0, 3, 0)

Path 1621 (7 moves):
  (1, 1, 1, 1, 1, 1, 1, 1, 1)
  (1, 1, 1, 1, 0, 2, 1, 1, 1)
  (0, 2, 1, 1, 0, 2, 1, 1, 1)
  (0, 2, 0, 2, 0, 2, 1, 1, 1)
  (0, 2, 0, 2, 0, 2, 0, 2, 1)
  (0, 4, 0, 0, 0, 2, 0, 2, 1)
  (0, 4, 0, 0, 0, 0, 0, 4, 1)
  (0, 4, 0, 0, 0, 0, 0, 5, 0)

Path 1622 (7 moves):
  (1, 1, 1, 1, 1, 1, 1, 1, 1)
  (1, 1, 1, 1, 0, 2, 1, 1, 1)
  (0, 2, 1, 1, 0, 2, 1, 1, 1)
  (0, 2, 0, 2, 0, 2, 1, 1, 1)
  (0, 2, 0, 2, 0, 2, 0, 2, 1)
  (0, 4, 0, 0, 0, 2, 0, 2, 1)
  (0, 4, 0, 0, 0, 4, 0, 0, 1)
  (0, 0, 0, 0, 0, 8, 0, 0, 1)

Path 1623 (7 moves):
  (1, 1, 1, 1, 1, 1, 1, 1, 1)
  (1, 1, 1, 1, 0, 2, 1, 1, 1)
  (0, 2, 1, 1, 0, 2, 1, 1, 1)
  (0, 2, 0, 2, 0, 2, 1, 1, 1)
  (0, 2, 0, 2, 0, 2, 0, 2, 1)
  (0, 4, 0, 0, 0, 2, 0, 2, 1)
  (0, 4, 0, 0, 0, 4, 0, 0, 1)
  (0, 8, 0, 0, 0, 0, 0, 0, 1)

Path 1624 (7 moves):
  (1, 1, 1, 1, 1, 1, 1, 1, 1)
  (1, 1, 1, 1, 0, 2, 1, 1, 1)
  (0, 2, 1, 1, 0, 2, 1, 1, 1)
  (0, 2, 0, 2, 0, 2, 1, 1, 1)
  (0, 2, 0, 2, 0, 2, 0, 2, 1)
  (0, 4, 0, 0, 0, 2, 0, 2, 1)
  (0, 4, 0, 0, 0, 2, 0, 3, 0)
  (0, 0, 0, 0, 0, 6, 0, 3, 0)

Path 1625 (7 moves):
  (1, 1, 1, 1, 1, 1, 1, 1, 1)
  (1, 1, 1, 1, 0, 2, 1, 1, 1)
  (0, 2, 1, 1, 0, 2, 1, 1, 1)
  (0, 2, 0, 2, 0, 2, 1, 1, 1)
  (0, 2, 0, 2, 0, 2, 0, 2, 1)
  (0, 4, 0, 0, 0, 2, 0, 2, 1)
  (0, 4, 0, 0, 0, 2, 0, 3, 0)
  (0, 4, 0, 0, 0, 0, 0, 5, 0)

Path 1626 (7 moves):
  (1, 1, 1, 1, 1, 1, 1, 1, 1)
  (1, 1, 1, 1, 0, 2, 1, 1, 1)
  (0, 2, 1, 1, 0, 2, 1, 1, 1)
  (0, 2, 0, 2, 0, 2, 1, 1, 1)
  (0, 2, 0, 2, 0, 2, 0, 2, 1)
  (0, 2, 0, 4, 0, 0, 0, 2, 1)
  (0, 0, 0, 6, 0, 0, 0, 2, 1)
  (0, 0, 0, 6, 0, 0, 0, 3, 0)

Path 1627 (7 moves):
  (1, 1, 1, 1, 1, 1, 1, 1, 1)
  (1, 1, 1, 1, 0, 2, 1, 1, 1)
  (0, 2, 1, 1, 0, 2, 1, 1, 1)
  (0, 2, 0, 2, 0, 2, 1, 1, 1)
  (0, 2, 0, 2, 0, 2, 0, 2, 1)
  (0, 2, 0, 4, 0, 0, 0, 2, 1)
  (0, 2, 0, 0, 0, 0, 0, 6, 1)
  (0, 8, 0, 0, 0, 0, 0, 0, 1)

Path 1628 (7 moves):
  (1, 1, 1, 1, 1, 1, 1, 1, 1)
  (1, 1, 1, 1, 0, 2, 1, 1, 1)
  (0, 2, 1, 1, 0, 2, 1, 1, 1)
  (0, 2, 0, 2, 0, 2, 1, 1, 1)
  (0, 2, 0, 2, 0, 2, 0, 2, 1)
  (0, 2, 0, 4, 0, 0, 0, 2, 1)
  (0, 2, 0, 0, 0, 0, 0, 6, 1)
  (0, 2, 0, 0, 0, 0, 0, 7, 0)

Path 1629 (7 moves):
  (1, 1, 1, 1, 1, 1, 1, 1, 1)
  (1, 1, 1, 1, 0, 2, 1, 1, 1)
  (0, 2, 1, 1, 0, 2, 1, 1, 1)
  (0, 2, 0, 2, 0, 2, 1, 1, 1)
  (0, 2, 0, 2, 0, 2, 0, 2, 1)
  (0, 2, 0, 4, 0, 0, 0, 2, 1)
  (0, 2, 0, 4, 0, 0, 0, 3, 0)
  (0, 0, 0, 6, 0, 0, 0, 3, 0)

Path 1630 (7 moves):
  (1, 1, 1, 1, 1, 1, 1, 1, 1)
  (1, 1, 1, 1, 0, 2, 1, 1, 1)
  (0, 2, 1, 1, 0, 2, 1, 1, 1)
  (0, 2, 0, 2, 0, 2, 1, 1, 1)
  (0, 2, 0, 2, 0, 2, 0, 2, 1)
  (0, 2, 0, 4, 0, 0, 0, 2, 1)
  (0, 2, 0, 4, 0, 0, 0, 3, 0)
  (0, 2, 0, 0, 0, 0, 0, 7, 0)

Path 1631 (7 moves):
  (1, 1, 1, 1, 1, 1, 1, 1, 1)
  (1, 1, 1, 1, 0, 2, 1, 1, 1)
  (0, 2, 1, 1, 0, 2, 1, 1, 1)
  (0, 2, 0, 2, 0, 2, 1, 1, 1)
  (0, 2, 0, 2, 0, 2, 0, 2, 1)
  (0, 2, 0, 2, 0, 0, 0, 4, 1)
  (0, 0, 0, 4, 0, 0, 0, 4, 1)
  (0, 0, 0, 8, 0, 0, 0, 0, 1)

Path 1632 (7 moves):
  (1, 1, 1, 1, 1, 1, 1, 1, 1)
  (1, 1, 1, 1, 0, 2, 1, 1, 1)
  (0, 2, 1, 1, 0, 2, 1, 1, 1)
  (0, 2, 0, 2, 0, 2, 1, 1, 1)
  (0, 2, 0, 2, 0, 2, 0, 2, 1)
  (0, 2, 0, 2, 0, 0, 0, 4, 1)
  (0, 4, 0, 0, 0, 0, 0, 4, 1)
  (0, 4, 0, 0, 0, 0, 0, 5, 0)

Path 1633 (7 moves):
  (1, 1, 1, 1, 1, 1, 1, 1, 1)
  (1, 1, 1, 1, 0, 2, 1, 1, 1)
  (0, 2, 1, 1, 0, 2, 1, 1, 1)
  (0, 2, 0, 2, 0, 2, 1, 1, 1)
  (0, 2, 0, 2, 0, 2, 0, 2, 1)
  (0, 2, 0, 2, 0, 0, 0, 4, 1)
  (0, 2, 0, 6, 0, 0, 0, 0, 1)
  (0, 0, 0, 8, 0, 0, 0, 0, 1)

Path 1634 (7 moves):
  (1, 1, 1, 1, 1, 1, 1, 1, 1)
  (1, 1, 1, 1, 0, 2, 1, 1, 1)
  (0, 2, 1, 1, 0, 2, 1, 1, 1)
  (0, 2, 0, 2, 0, 2, 1, 1, 1)
  (0, 2, 0, 2, 0, 2, 0, 2, 1)
  (0, 2, 0, 2, 0, 0, 0, 4, 1)
  (0, 2, 0, 2, 0, 0, 0, 5, 0)
  (0, 4, 0, 0, 0, 0, 0, 5, 0)

Path 1635 (7 moves):
  (1, 1, 1, 1, 1, 1, 1, 1, 1)
  (1, 1, 1, 1, 0, 2, 1, 1, 1)
  (0, 2, 1, 1, 0, 2, 1, 1, 1)
  (0, 2, 0, 2, 0, 2, 1, 1, 1)
  (0, 2, 0, 2, 0, 2, 2, 0, 1)
  (0, 0, 0, 4, 0, 2, 2, 0, 1)
  (0, 0, 0, 6, 0, 0, 2, 0, 1)
  (0, 0, 0, 6, 0, 0, 0, 0, 3)

Path 1636 (7 moves):
  (1, 1, 1, 1, 1, 1, 1, 1, 1)
  (1, 1, 1, 1, 0, 2, 1, 1, 1)
  (0, 2, 1, 1, 0, 2, 1, 1, 1)
  (0, 2, 0, 2, 0, 2, 1, 1, 1)
  (0, 2, 0, 2, 0, 2, 2, 0, 1)
  (0, 0, 0, 4, 0, 2, 2, 0, 1)
  (0, 0, 0, 4, 0, 2, 0, 0, 3)
  (0, 0, 0, 6, 0, 0, 0, 0, 3)

Path 1637 (7 moves):
  (1, 1, 1, 1, 1, 1, 1, 1, 1)
  (1, 1, 1, 1, 0, 2, 1, 1, 1)
  (0, 2, 1, 1, 0, 2, 1, 1, 1)
  (0, 2, 0, 2, 0, 2, 1, 1, 1)
  (0, 2, 0, 2, 0, 2, 2, 0, 1)
  (0, 0, 0, 4, 0, 2, 2, 0, 1)
  (0, 0, 0, 4, 0, 2, 0, 0, 3)
  (0, 0, 0, 4, 0, 5, 0, 0, 0)

Path 1638 (7 moves):
  (1, 1, 1, 1, 1, 1, 1, 1, 1)
  (1, 1, 1, 1, 0, 2, 1, 1, 1)
  (0, 2, 1, 1, 0, 2, 1, 1, 1)
  (0, 2, 0, 2, 0, 2, 1, 1, 1)
  (0, 2, 0, 2, 0, 2, 2, 0, 1)
  (0, 2, 0, 0, 0, 4, 2, 0, 1)
  (0, 6, 0, 0, 0, 0, 2, 0, 1)
  (0, 6, 0, 0, 0, 0, 0, 0, 3)

Path 1639 (7 moves):
  (1, 1, 1, 1, 1, 1, 1, 1, 1)
  (1, 1, 1, 1, 0, 2, 1, 1, 1)
  (0, 2, 1, 1, 0, 2, 1, 1, 1)
  (0, 2, 0, 2, 0, 2, 1, 1, 1)
  (0, 2, 0, 2, 0, 2, 2, 0, 1)
  (0, 2, 0, 0, 0, 4, 2, 0, 1)
  (0, 2, 0, 0, 0, 4, 0, 0, 3)
  (0, 6, 0, 0, 0, 0, 0, 0, 3)

Path 1640 (7 moves):
  (1, 1, 1, 1, 1, 1, 1, 1, 1)
  (1, 1, 1, 1, 0, 2, 1, 1, 1)
  (0, 2, 1, 1, 0, 2, 1, 1, 1)
  (0, 2, 0, 2, 0, 2, 1, 1, 1)
  (0, 2, 0, 2, 0, 2, 2, 0, 1)
  (0, 2, 0, 0, 0, 4, 2, 0, 1)
  (0, 2, 0, 0, 0, 4, 0, 0, 3)
  (0, 2, 0, 0, 0, 7, 0, 0, 0)

Path 1641 (7 moves):
  (1, 1, 1, 1, 1, 1, 1, 1, 1)
  (1, 1, 1, 1, 0, 2, 1, 1, 1)
  (0, 2, 1, 1, 0, 2, 1, 1, 1)
  (0, 2, 0, 2, 0, 2, 1, 1, 1)
  (0, 2, 0, 2, 0, 2, 2, 0, 1)
  (0, 2, 0, 4, 0, 0, 2, 0, 1)
  (0, 0, 0, 6, 0, 0, 2, 0, 1)
  (0, 0, 0, 6, 0, 0, 0, 0, 3)

Path 1642 (7 moves):
  (1, 1, 1, 1, 1, 1, 1, 1, 1)
  (1, 1, 1, 1, 0, 2, 1, 1, 1)
  (0, 2, 1, 1, 0, 2, 1, 1, 1)
  (0, 2, 0, 2, 0, 2, 1, 1, 1)
  (0, 2, 0, 2, 0, 2, 2, 0, 1)
  (0, 2, 0, 4, 0, 0, 2, 0, 1)
  (0, 2, 0, 4, 0, 0, 0, 0, 3)
  (0, 0, 0, 6, 0, 0, 0, 0, 3)

Path 1643 (7 moves):
  (1, 1, 1, 1, 1, 1, 1, 1, 1)
  (1, 1, 1, 1, 0, 2, 1, 1, 1)
  (0, 2, 1, 1, 0, 2, 1, 1, 1)
  (0, 2, 0, 2, 0, 2, 1, 1, 1)
  (0, 2, 0, 2, 0, 2, 1, 0, 2)
  (0, 4, 0, 0, 0, 2, 1, 0, 2)
  (0, 0, 0, 0, 0, 6, 1, 0, 2)
  (0, 0, 0, 0, 0, 7, 0, 0, 2)

Path 1644 (7 moves):
  (1, 1, 1, 1, 1, 1, 1, 1, 1)
  (1, 1, 1, 1, 0, 2, 1, 1, 1)
  (0, 2, 1, 1, 0, 2, 1, 1, 1)
  (0, 2, 0, 2, 0, 2, 1, 1, 1)
  (0, 2, 0, 2, 0, 2, 1, 0, 2)
  (0, 4, 0, 0, 0, 2, 1, 0, 2)
  (0, 0, 0, 0, 0, 6, 1, 0, 2)
  (0, 0, 0, 0, 0, 6, 3, 0, 0)

Path 1645 (7 moves):
  (1, 1, 1, 1, 1, 1, 1, 1, 1)
  (1, 1, 1, 1, 0, 2, 1, 1, 1)
  (0, 2, 1, 1, 0, 2, 1, 1, 1)
  (0, 2, 0, 2, 0, 2, 1, 1, 1)
  (0, 2, 0, 2, 0, 2, 1, 0, 2)
  (0, 4, 0, 0, 0, 2, 1, 0, 2)
  (0, 4, 0, 0, 0, 3, 0, 0, 2)
  (0, 0, 0, 0, 0, 7, 0, 0, 2)

Path 1646 (7 moves):
  (1, 1, 1, 1, 1, 1, 1, 1, 1)
  (1, 1, 1, 1, 0, 2, 1, 1, 1)
  (0, 2, 1, 1, 0, 2, 1, 1, 1)
  (0, 2, 0, 2, 0, 2, 1, 1, 1)
  (0, 2, 0, 2, 0, 2, 1, 0, 2)
  (0, 4, 0, 0, 0, 2, 1, 0, 2)
  (0, 4, 0, 0, 0, 3, 0, 0, 2)
  (0, 4, 0, 0, 0, 0, 0, 0, 5)

Path 1647 (7 moves):
  (1, 1, 1, 1, 1, 1, 1, 1, 1)
  (1, 1, 1, 1, 0, 2, 1, 1, 1)
  (0, 2, 1, 1, 0, 2, 1, 1, 1)
  (0, 2, 0, 2, 0, 2, 1, 1, 1)
  (0, 2, 0, 2, 0, 2, 1, 0, 2)
  (0, 4, 0, 0, 0, 2, 1, 0, 2)
  (0, 4, 0, 0, 0, 2, 3, 0, 0)
  (0, 0, 0, 0, 0, 6, 3, 0, 0)

Path 1648 (7 moves):
  (1, 1, 1, 1, 1, 1, 1, 1, 1)
  (1, 1, 1, 1, 0, 2, 1, 1, 1)
  (0, 2, 1, 1, 0, 2, 1, 1, 1)
  (0, 2, 0, 2, 0, 2, 1, 1, 1)
  (0, 2, 0, 2, 0, 2, 1, 2, 0)
  (0, 0, 0, 4, 0, 2, 1, 2, 0)
  (0, 0, 0, 0, 0, 2, 1, 6, 0)
  (0, 0, 0, 0, 0, 3, 0, 6, 0)

Path 1649 (7 moves):
  (1, 1, 1, 1, 1, 1, 1, 1, 1)
  (1, 1, 1, 1, 0, 2, 1, 1, 1)
  (0, 2, 1, 1, 0, 2, 1, 1, 1)
  (0, 2, 0, 2, 0, 2, 1, 1, 1)
  (0, 2, 0, 2, 0, 2, 1, 2, 0)
  (0, 0, 0, 4, 0, 2, 1, 2, 0)
  (0, 0, 0, 6, 0, 0, 1, 2, 0)
  (0, 0, 0, 6, 0, 0, 0, 3, 0)

Path 1650 (7 moves):
  (1, 1, 1, 1, 1, 1, 1, 1, 1)
  (1, 1, 1, 1, 0, 2, 1, 1, 1)
  (0, 2, 1, 1, 0, 2, 1, 1, 1)
  (0, 2, 0, 2, 0, 2, 1, 1, 1)
  (0, 2, 0, 2, 0, 2, 1, 2, 0)
  (0, 0, 0, 4, 0, 2, 1, 2, 0)
  (0, 0, 0, 4, 0, 0, 1, 4, 0)
  (0, 0, 0, 8, 0, 0, 1, 0, 0)

Path 1651 (7 moves):
  (1, 1, 1, 1, 1, 1, 1, 1, 1)
  (1, 1, 1, 1, 0, 2, 1, 1, 1)
  (0, 2, 1, 1, 0, 2, 1, 1, 1)
  (0, 2, 0, 2, 0, 2, 1, 1, 1)
  (0, 2, 0, 2, 0, 2, 1, 2, 0)
  (0, 0, 0, 4, 0, 2, 1, 2, 0)
  (0, 0, 0, 4, 0, 3, 0, 2, 0)
  (0, 0, 0, 0, 0, 3, 0, 6, 0)

Path 1652 (7 moves):
  (1, 1, 1, 1, 1, 1, 1, 1, 1)
  (1, 1, 1, 1, 0, 2, 1, 1, 1)
  (0, 2, 1, 1, 0, 2, 1, 1, 1)
  (0, 2, 0, 2, 0, 2, 1, 1, 1)
  (0, 2, 0, 2, 0, 2, 1, 2, 0)
  (0, 0, 0, 4, 0, 2, 1, 2, 0)
  (0, 0, 0, 4, 0, 3, 0, 2, 0)
  (0, 0, 0, 4, 0, 5, 0, 0, 0)

Path 1653 (7 moves):
  (1, 1, 1, 1, 1, 1, 1, 1, 1)
  (1, 1, 1, 1, 0, 2, 1, 1, 1)
  (0, 2, 1, 1, 0, 2, 1, 1, 1)
  (0, 2, 0, 2, 0, 2, 1, 1, 1)
  (0, 2, 0, 2, 0, 2, 1, 2, 0)
  (0, 0, 0, 4, 0, 2, 1, 2, 0)
  (0, 0, 0, 4, 0, 2, 0, 3, 0)
  (0, 0, 0, 6, 0, 0, 0, 3, 0)

Path 1654 (7 moves):
  (1, 1, 1, 1, 1, 1, 1, 1, 1)
  (1, 1, 1, 1, 0, 2, 1, 1, 1)
  (0, 2, 1, 1, 0, 2, 1, 1, 1)
  (0, 2, 0, 2, 0, 2, 1, 1, 1)
  (0, 2, 0, 2, 0, 2, 1, 2, 0)
  (0, 0, 0, 4, 0, 2, 1, 2, 0)
  (0, 0, 0, 4, 0, 4, 1, 0, 0)
  (0, 0, 0, 4, 0, 5, 0, 0, 0)

Path 1655 (7 moves):
  (1, 1, 1, 1, 1, 1, 1, 1, 1)
  (1, 1, 1, 1, 0, 2, 1, 1, 1)
  (0, 2, 1, 1, 0, 2, 1, 1, 1)
  (0, 2, 0, 2, 0, 2, 1, 1, 1)
  (0, 2, 0, 2, 0, 2, 1, 2, 0)
  (0, 2, 0, 4, 0, 0, 1, 2, 0)
  (0, 0, 0, 6, 0, 0, 1, 2, 0)
  (0, 0, 0, 6, 0, 0, 0, 3, 0)

Path 1656 (7 moves):
  (1, 1, 1, 1, 1, 1, 1, 1, 1)
  (1, 1, 1, 1, 0, 2, 1, 1, 1)
  (0, 2, 1, 1, 0, 2, 1, 1, 1)
  (0, 2, 0, 2, 0, 2, 1, 1, 1)
  (0, 2, 0, 2, 0, 2, 1, 2, 0)
  (0, 2, 0, 4, 0, 0, 1, 2, 0)
  (0, 2, 0, 0, 0, 0, 1, 6, 0)
  (0, 2, 0, 0, 0, 0, 0, 7, 0)

Path 1657 (7 moves):
  (1, 1, 1, 1, 1, 1, 1, 1, 1)
  (1, 1, 1, 1, 0, 2, 1, 1, 1)
  (0, 2, 1, 1, 0, 2, 1, 1, 1)
  (0, 2, 0, 2, 0, 2, 1, 1, 1)
  (0, 2, 0, 2, 0, 2, 1, 2, 0)
  (0, 2, 0, 4, 0, 0, 1, 2, 0)
  (0, 2, 0, 0, 0, 0, 1, 6, 0)
  (0, 8, 0, 0, 0, 0, 1, 0, 0)

Path 1658 (7 moves):
  (1, 1, 1, 1, 1, 1, 1, 1, 1)
  (1, 1, 1, 1, 0, 2, 1, 1, 1)
  (0, 2, 1, 1, 0, 2, 1, 1, 1)
  (0, 2, 0, 2, 0, 2, 1, 1, 1)
  (0, 2, 0, 2, 0, 2, 1, 2, 0)
  (0, 2, 0, 4, 0, 0, 1, 2, 0)
  (0, 2, 0, 4, 0, 0, 0, 3, 0)
  (0, 0, 0, 6, 0, 0, 0, 3, 0)

Path 1659 (7 moves):
  (1, 1, 1, 1, 1, 1, 1, 1, 1)
  (1, 1, 1, 1, 0, 2, 1, 1, 1)
  (0, 2, 1, 1, 0, 2, 1, 1, 1)
  (0, 2, 0, 2, 0, 2, 1, 1, 1)
  (0, 2, 0, 2, 0, 2, 1, 2, 0)
  (0, 2, 0, 4, 0, 0, 1, 2, 0)
  (0, 2, 0, 4, 0, 0, 0, 3, 0)
  (0, 2, 0, 0, 0, 0, 0, 7, 0)

Path 1660 (7 moves):
  (1, 1, 1, 1, 1, 1, 1, 1, 1)
  (1, 1, 1, 1, 0, 2, 1, 1, 1)
  (0, 2, 1, 1, 0, 2, 1, 1, 1)
  (0, 2, 0, 2, 0, 2, 1, 1, 1)
  (0, 2, 0, 2, 0, 2, 1, 2, 0)
  (0, 2, 0, 2, 0, 0, 1, 4, 0)
  (0, 0, 0, 4, 0, 0, 1, 4, 0)
  (0, 0, 0, 8, 0, 0, 1, 0, 0)

Path 1661 (7 moves):
  (1, 1, 1, 1, 1, 1, 1, 1, 1)
  (1, 1, 1, 1, 0, 2, 1, 1, 1)
  (0, 2, 1, 1, 0, 2, 1, 1, 1)
  (0, 2, 0, 2, 0, 2, 1, 1, 1)
  (0, 2, 0, 2, 0, 2, 1, 2, 0)
  (0, 2, 0, 2, 0, 0, 1, 4, 0)
  (0, 4, 0, 0, 0, 0, 1, 4, 0)
  (0, 4, 0, 0, 0, 0, 0, 5, 0)

Path 1662 (7 moves):
  (1, 1, 1, 1, 1, 1, 1, 1, 1)
  (1, 1, 1, 1, 0, 2, 1, 1, 1)
  (0, 2, 1, 1, 0, 2, 1, 1, 1)
  (0, 2, 0, 2, 0, 2, 1, 1, 1)
  (0, 2, 0, 2, 0, 2, 1, 2, 0)
  (0, 2, 0, 2, 0, 0, 1, 4, 0)
  (0, 2, 0, 2, 0, 0, 0, 5, 0)
  (0, 4, 0, 0, 0, 0, 0, 5, 0)

Path 1663 (7 moves):
  (1, 1, 1, 1, 1, 1, 1, 1, 1)
  (1, 1, 1, 1, 0, 2, 1, 1, 1)
  (0, 2, 1, 1, 0, 2, 1, 1, 1)
  (0, 2, 0, 2, 0, 2, 1, 1, 1)
  (0, 2, 0, 2, 0, 2, 1, 2, 0)
  (0, 2, 0, 2, 0, 0, 1, 4, 0)
  (0, 2, 0, 6, 0, 0, 1, 0, 0)
  (0, 0, 0, 8, 0, 0, 1, 0, 0)

Path 1664 (7 moves):
  (1, 1, 1, 1, 1, 1, 1, 1, 1)
  (1, 1, 1, 1, 0, 2, 1, 1, 1)
  (0, 2, 1, 1, 0, 2, 1, 1, 1)
  (0, 2, 0, 2, 0, 2, 1, 1, 1)
  (0, 2, 0, 2, 0, 2, 1, 2, 0)
  (0, 2, 0, 2, 0, 4, 1, 0, 0)
  (0, 0, 0, 4, 0, 4, 1, 0, 0)
  (0, 0, 0, 4, 0, 5, 0, 0, 0)

Path 1665 (7 moves):
  (1, 1, 1, 1, 1, 1, 1, 1, 1)
  (1, 1, 1, 1, 0, 2, 1, 1, 1)
  (0, 2, 1, 1, 0, 2, 1, 1, 1)
  (0, 2, 0, 2, 0, 2, 1, 1, 1)
  (0, 2, 0, 2, 0, 2, 1, 2, 0)
  (0, 2, 0, 2, 0, 4, 1, 0, 0)
  (0, 4, 0, 0, 0, 4, 1, 0, 0)
  (0, 8, 0, 0, 0, 0, 1, 0, 0)

Path 1666 (7 moves):
  (1, 1, 1, 1, 1, 1, 1, 1, 1)
  (1, 1, 1, 1, 0, 2, 1, 1, 1)
  (0, 2, 1, 1, 0, 2, 1, 1, 1)
  (0, 2, 0, 2, 0, 2, 1, 1, 1)
  (0, 2, 0, 2, 0, 2, 1, 2, 0)
  (0, 2, 0, 2, 0, 4, 1, 0, 0)
  (0, 2, 0, 0, 0, 6, 1, 0, 0)
  (0, 2, 0, 0, 0, 7, 0, 0, 0)

Path 1667 (7 moves):
  (1, 1, 1, 1, 1, 1, 1, 1, 1)
  (1, 1, 1, 1, 0, 2, 1, 1, 1)
  (0, 2, 1, 1, 0, 2, 1, 1, 1)
  (0, 2, 0, 2, 0, 2, 1, 1, 1)
  (0, 2, 0, 2, 0, 2, 1, 2, 0)
  (0, 2, 0, 2, 0, 4, 1, 0, 0)
  (0, 6, 0, 2, 0, 0, 1, 0, 0)
  (0, 8, 0, 0, 0, 0, 1, 0, 0)

Path 1668 (7 moves):
  (1, 1, 1, 1, 1, 1, 1, 1, 1)
  (1, 1, 1, 1, 0, 2, 1, 1, 1)
  (0, 2, 1, 1, 0, 2, 1, 1, 1)
  (0, 2, 0, 2, 0, 2, 1, 1, 1)
  (0, 2, 0, 2, 0, 2, 1, 2, 0)
  (0, 2, 0, 2, 0, 4, 1, 0, 0)
  (0, 2, 0, 2, 0, 5, 0, 0, 0)
  (0, 0, 0, 4, 0, 5, 0, 0, 0)

Path 1669 (7 moves):
  (1, 1, 1, 1, 1, 1, 1, 1, 1)
  (1, 1, 1, 1, 0, 2, 1, 1, 1)
  (0, 2, 1, 1, 0, 2, 1, 1, 1)
  (0, 2, 0, 2, 0, 2, 1, 1, 1)
  (0, 2, 0, 2, 0, 2, 1, 2, 0)
  (0, 2, 0, 2, 0, 4, 1, 0, 0)
  (0, 2, 0, 2, 0, 5, 0, 0, 0)
  (0, 2, 0, 0, 0, 7, 0, 0, 0)

Path 1670 (7 moves):
  (1, 1, 1, 1, 1, 1, 1, 1, 1)
  (1, 1, 1, 1, 0, 2, 1, 1, 1)
  (0, 2, 1, 1, 0, 2, 1, 1, 1)
  (0, 2, 1, 3, 0, 0, 1, 1, 1)
  (0, 0, 1, 5, 0, 0, 1, 1, 1)
  (0, 0, 1, 5, 0, 0, 0, 2, 1)
  (0, 0, 0, 6, 0, 0, 0, 2, 1)
  (0, 0, 0, 6, 0, 0, 0, 3, 0)

Path 1671 (7 moves):
  (1, 1, 1, 1, 1, 1, 1, 1, 1)
  (1, 1, 1, 1, 0, 2, 1, 1, 1)
  (0, 2, 1, 1, 0, 2, 1, 1, 1)
  (0, 2, 1, 3, 0, 0, 1, 1, 1)
  (0, 0, 1, 5, 0, 0, 1, 1, 1)
  (0, 0, 1, 5, 0, 0, 0, 2, 1)
  (0, 0, 1, 0, 0, 0, 0, 2, 6)
  (0, 0, 7, 0, 0, 0, 0, 2, 0)

Path 1672 (7 moves):
  (1, 1, 1, 1, 1, 1, 1, 1, 1)
  (1, 1, 1, 1, 0, 2, 1, 1, 1)
  (0, 2, 1, 1, 0, 2, 1, 1, 1)
  (0, 2, 1, 3, 0, 0, 1, 1, 1)
  (0, 0, 1, 5, 0, 0, 1, 1, 1)
  (0, 0, 1, 5, 0, 0, 0, 2, 1)
  (0, 0, 1, 5, 0, 0, 0, 3, 0)
  (0, 0, 0, 6, 0, 0, 0, 3, 0)

Path 1673 (7 moves):
  (1, 1, 1, 1, 1, 1, 1, 1, 1)
  (1, 1, 1, 1, 0, 2, 1, 1, 1)
  (0, 2, 1, 1, 0, 2, 1, 1, 1)
  (0, 2, 1, 3, 0, 0, 1, 1, 1)
  (0, 0, 1, 5, 0, 0, 1, 1, 1)
  (0, 0, 1, 5, 0, 0, 2, 0, 1)
  (0, 0, 0, 6, 0, 0, 2, 0, 1)
  (0, 0, 0, 6, 0, 0, 0, 0, 3)

Path 1674 (7 moves):
  (1, 1, 1, 1, 1, 1, 1, 1, 1)
  (1, 1, 1, 1, 0, 2, 1, 1, 1)
  (0, 2, 1, 1, 0, 2, 1, 1, 1)
  (0, 2, 1, 3, 0, 0, 1, 1, 1)
  (0, 0, 1, 5, 0, 0, 1, 1, 1)
  (0, 0, 1, 5, 0, 0, 2, 0, 1)
  (0, 0, 1, 0, 0, 0, 2, 0, 6)
  (0, 0, 1, 0, 0, 0, 0, 0, 8)

Path 1675 (7 moves):
  (1, 1, 1, 1, 1, 1, 1, 1, 1)
  (1, 1, 1, 1, 0, 2, 1, 1, 1)
  (0, 2, 1, 1, 0, 2, 1, 1, 1)
  (0, 2, 1, 3, 0, 0, 1, 1, 1)
  (0, 0, 1, 5, 0, 0, 1, 1, 1)
  (0, 0, 1, 5, 0, 0, 2, 0, 1)
  (0, 0, 1, 0, 0, 0, 2, 0, 6)
  (0, 0, 7, 0, 0, 0, 2, 0, 0)

Path 1676 (7 moves):
  (1, 1, 1, 1, 1, 1, 1, 1, 1)
  (1, 1, 1, 1, 0, 2, 1, 1, 1)
  (0, 2, 1, 1, 0, 2, 1, 1, 1)
  (0, 2, 1, 3, 0, 0, 1, 1, 1)
  (0, 0, 1, 5, 0, 0, 1, 1, 1)
  (0, 0, 1, 5, 0, 0, 2, 0, 1)
  (0, 0, 1, 5, 0, 0, 0, 0, 3)
  (0, 0, 0, 6, 0, 0, 0, 0, 3)

Path 1677 (7 moves):
  (1, 1, 1, 1, 1, 1, 1, 1, 1)
  (1, 1, 1, 1, 0, 2, 1, 1, 1)
  (0, 2, 1, 1, 0, 2, 1, 1, 1)
  (0, 2, 1, 3, 0, 0, 1, 1, 1)
  (0, 0, 1, 5, 0, 0, 1, 1, 1)
  (0, 0, 1, 5, 0, 0, 2, 0, 1)
  (0, 0, 1, 5, 0, 0, 0, 0, 3)
  (0, 0, 1, 0, 0, 0, 0, 0, 8)

Path 1678 (7 moves):
  (1, 1, 1, 1, 1, 1, 1, 1, 1)
  (1, 1, 1, 1, 0, 2, 1, 1, 1)
  (0, 2, 1, 1, 0, 2, 1, 1, 1)
  (0, 2, 1, 3, 0, 0, 1, 1, 1)
  (0, 0, 1, 5, 0, 0, 1, 1, 1)
  (0, 0, 1, 5, 0, 0, 1, 2, 0)
  (0, 0, 0, 6, 0, 0, 1, 2, 0)
  (0, 0, 0, 6, 0, 0, 0, 3, 0)

Path 1679 (7 moves):
  (1, 1, 1, 1, 1, 1, 1, 1, 1)
  (1, 1, 1, 1, 0, 2, 1, 1, 1)
  (0, 2, 1, 1, 0, 2, 1, 1, 1)
  (0, 2, 1, 3, 0, 0, 1, 1, 1)
  (0, 0, 1, 5, 0, 0, 1, 1, 1)
  (0, 0, 1, 5, 0, 0, 1, 2, 0)
  (0, 0, 1, 5, 0, 0, 0, 3, 0)
  (0, 0, 0, 6, 0, 0, 0, 3, 0)

Path 1680 (7 moves):
  (1, 1, 1, 1, 1, 1, 1, 1, 1)
  (1, 1, 1, 1, 0, 2, 1, 1, 1)
  (0, 2, 1, 1, 0, 2, 1, 1, 1)
  (0, 2, 1, 3, 0, 0, 1, 1, 1)
  (0, 3, 0, 3, 0, 0, 1, 1, 1)
  (0, 3, 0, 3, 0, 0, 1, 0, 2)
  (0, 3, 0, 0, 0, 0, 4, 0, 2)
  (0, 3, 0, 0, 0, 0, 6, 0, 0)

Path 1681 (7 moves):
  (1, 1, 1, 1, 1, 1, 1, 1, 1)
  (1, 1, 1, 1, 0, 2, 1, 1, 1)
  (0, 2, 1, 1, 0, 2, 1, 1, 1)
  (0, 2, 1, 3, 0, 0, 1, 1, 1)
  (0, 3, 0, 3, 0, 0, 1, 1, 1)
  (0, 3, 0, 3, 0, 0, 1, 0, 2)
  (0, 3, 0, 3, 0, 0, 3, 0, 0)
  (0, 3, 0, 0, 0, 0, 6, 0, 0)

Path 1682 (7 moves):
  (1, 1, 1, 1, 1, 1, 1, 1, 1)
  (1, 1, 1, 1, 0, 2, 1, 1, 1)
  (0, 2, 1, 1, 0, 2, 1, 1, 1)
  (0, 2, 1, 3, 0, 0, 1, 1, 1)
  (0, 3, 0, 3, 0, 0, 1, 1, 1)
  (0, 3, 0, 3, 0, 0, 1, 0, 2)
  (0, 3, 0, 3, 0, 0, 3, 0, 0)
  (0, 3, 0, 6, 0, 0, 0, 0, 0)

Path 1683 (7 moves):
  (1, 1, 1, 1, 1, 1, 1, 1, 1)
  (1, 1, 1, 1, 0, 2, 1, 1, 1)
  (0, 2, 1, 1, 0, 2, 1, 1, 1)
  (0, 2, 1, 3, 0, 0, 1, 1, 1)
  (0, 2, 0, 4, 0, 0, 1, 1, 1)
  (0, 2, 0, 0, 0, 0, 1, 5, 1)
  (0, 2, 0, 0, 0, 0, 0, 6, 1)
  (0, 8, 0, 0, 0, 0, 0, 0, 1)

Path 1684 (7 moves):
  (1, 1, 1, 1, 1, 1, 1, 1, 1)
  (1, 1, 1, 1, 0, 2, 1, 1, 1)
  (0, 2, 1, 1, 0, 2, 1, 1, 1)
  (0, 2, 1, 3, 0, 0, 1, 1, 1)
  (0, 2, 0, 4, 0, 0, 1, 1, 1)
  (0, 2, 0, 0, 0, 0, 1, 5, 1)
  (0, 2, 0, 0, 0, 0, 0, 6, 1)
  (0, 2, 0, 0, 0, 0, 0, 7, 0)

Path 1685 (7 moves):
  (1, 1, 1, 1, 1, 1, 1, 1, 1)
  (1, 1, 1, 1, 0, 2, 1, 1, 1)
  (0, 2, 1, 1, 0, 2, 1, 1, 1)
  (0, 2, 1, 3, 0, 0, 1, 1, 1)
  (0, 2, 0, 4, 0, 0, 1, 1, 1)
  (0, 2, 0, 0, 0, 0, 1, 5, 1)
  (0, 2, 0, 0, 0, 0, 1, 6, 0)
  (0, 2, 0, 0, 0, 0, 0, 7, 0)

Path 1686 (7 moves):
  (1, 1, 1, 1, 1, 1, 1, 1, 1)
  (1, 1, 1, 1, 0, 2, 1, 1, 1)
  (0, 2, 1, 1, 0, 2, 1, 1, 1)
  (0, 2, 1, 3, 0, 0, 1, 1, 1)
  (0, 2, 0, 4, 0, 0, 1, 1, 1)
  (0, 2, 0, 0, 0, 0, 1, 5, 1)
  (0, 2, 0, 0, 0, 0, 1, 6, 0)
  (0, 8, 0, 0, 0, 0, 1, 0, 0)

Path 1687 (7 moves):
  (1, 1, 1, 1, 1, 1, 1, 1, 1)
  (1, 1, 1, 1, 0, 2, 1, 1, 1)
  (0, 2, 1, 1, 0, 2, 1, 1, 1)
  (0, 2, 1, 3, 0, 0, 1, 1, 1)
  (0, 2, 0, 4, 0, 0, 1, 1, 1)
  (0, 2, 0, 4, 0, 0, 0, 2, 1)
  (0, 0, 0, 6, 0, 0, 0, 2, 1)
  (0, 0, 0, 6, 0, 0, 0, 3, 0)

Path 1688 (7 moves):
  (1, 1, 1, 1, 1, 1, 1, 1, 1)
  (1, 1, 1, 1, 0, 2, 1, 1, 1)
  (0, 2, 1, 1, 0, 2, 1, 1, 1)
  (0, 2, 1, 3, 0, 0, 1, 1, 1)
  (0, 2, 0, 4, 0, 0, 1, 1, 1)
  (0, 2, 0, 4, 0, 0, 0, 2, 1)
  (0, 2, 0, 0, 0, 0, 0, 6, 1)
  (0, 8, 0, 0, 0, 0, 0, 0, 1)

Path 1689 (7 moves):
  (1, 1, 1, 1, 1, 1, 1, 1, 1)
  (1, 1, 1, 1, 0, 2, 1, 1, 1)
  (0, 2, 1, 1, 0, 2, 1, 1, 1)
  (0, 2, 1, 3, 0, 0, 1, 1, 1)
  (0, 2, 0, 4, 0, 0, 1, 1, 1)
  (0, 2, 0, 4, 0, 0, 0, 2, 1)
  (0, 2, 0, 0, 0, 0, 0, 6, 1)
  (0, 2, 0, 0, 0, 0, 0, 7, 0)

Path 1690 (7 moves):
  (1, 1, 1, 1, 1, 1, 1, 1, 1)
  (1, 1, 1, 1, 0, 2, 1, 1, 1)
  (0, 2, 1, 1, 0, 2, 1, 1, 1)
  (0, 2, 1, 3, 0, 0, 1, 1, 1)
  (0, 2, 0, 4, 0, 0, 1, 1, 1)
  (0, 2, 0, 4, 0, 0, 0, 2, 1)
  (0, 2, 0, 4, 0, 0, 0, 3, 0)
  (0, 0, 0, 6, 0, 0, 0, 3, 0)

Path 1691 (7 moves):
  (1, 1, 1, 1, 1, 1, 1, 1, 1)
  (1, 1, 1, 1, 0, 2, 1, 1, 1)
  (0, 2, 1, 1, 0, 2, 1, 1, 1)
  (0, 2, 1, 3, 0, 0, 1, 1, 1)
  (0, 2, 0, 4, 0, 0, 1, 1, 1)
  (0, 2, 0, 4, 0, 0, 0, 2, 1)
  (0, 2, 0, 4, 0, 0, 0, 3, 0)
  (0, 2, 0, 0, 0, 0, 0, 7, 0)

Path 1692 (7 moves):
  (1, 1, 1, 1, 1, 1, 1, 1, 1)
  (1, 1, 1, 1, 0, 2, 1, 1, 1)
  (0, 2, 1, 1, 0, 2, 1, 1, 1)
  (0, 2, 1, 3, 0, 0, 1, 1, 1)
  (0, 2, 0, 4, 0, 0, 1, 1, 1)
  (0, 2, 0, 4, 0, 0, 2, 0, 1)
  (0, 0, 0, 6, 0, 0, 2, 0, 1)
  (0, 0, 0, 6, 0, 0, 0, 0, 3)

Path 1693 (7 moves):
  (1, 1, 1, 1, 1, 1, 1, 1, 1)
  (1, 1, 1, 1, 0, 2, 1, 1, 1)
  (0, 2, 1, 1, 0, 2, 1, 1, 1)
  (0, 2, 1, 3, 0, 0, 1, 1, 1)
  (0, 2, 0, 4, 0, 0, 1, 1, 1)
  (0, 2, 0, 4, 0, 0, 2, 0, 1)
  (0, 2, 0, 4, 0, 0, 0, 0, 3)
  (0, 0, 0, 6, 0, 0, 0, 0, 3)

Path 1694 (7 moves):
  (1, 1, 1, 1, 1, 1, 1, 1, 1)
  (1, 1, 1, 1, 0, 2, 1, 1, 1)
  (0, 2, 1, 1, 0, 2, 1, 1, 1)
  (0, 2, 1, 3, 0, 0, 1, 1, 1)
  (0, 2, 0, 4, 0, 0, 1, 1, 1)
  (0, 2, 0, 4, 0, 0, 1, 2, 0)
  (0, 0, 0, 6, 0, 0, 1, 2, 0)
  (0, 0, 0, 6, 0, 0, 0, 3, 0)

Path 1695 (7 moves):
  (1, 1, 1, 1, 1, 1, 1, 1, 1)
  (1, 1, 1, 1, 0, 2, 1, 1, 1)
  (0, 2, 1, 1, 0, 2, 1, 1, 1)
  (0, 2, 1, 3, 0, 0, 1, 1, 1)
  (0, 2, 0, 4, 0, 0, 1, 1, 1)
  (0, 2, 0, 4, 0, 0, 1, 2, 0)
  (0, 2, 0, 0, 0, 0, 1, 6, 0)
  (0, 2, 0, 0, 0, 0, 0, 7, 0)

Path 1696 (7 moves):
  (1, 1, 1, 1, 1, 1, 1, 1, 1)
  (1, 1, 1, 1, 0, 2, 1, 1, 1)
  (0, 2, 1, 1, 0, 2, 1, 1, 1)
  (0, 2, 1, 3, 0, 0, 1, 1, 1)
  (0, 2, 0, 4, 0, 0, 1, 1, 1)
  (0, 2, 0, 4, 0, 0, 1, 2, 0)
  (0, 2, 0, 0, 0, 0, 1, 6, 0)
  (0, 8, 0, 0, 0, 0, 1, 0, 0)

Path 1697 (7 moves):
  (1, 1, 1, 1, 1, 1, 1, 1, 1)
  (1, 1, 1, 1, 0, 2, 1, 1, 1)
  (0, 2, 1, 1, 0, 2, 1, 1, 1)
  (0, 2, 1, 3, 0, 0, 1, 1, 1)
  (0, 2, 0, 4, 0, 0, 1, 1, 1)
  (0, 2, 0, 4, 0, 0, 1, 2, 0)
  (0, 2, 0, 4, 0, 0, 0, 3, 0)
  (0, 0, 0, 6, 0, 0, 0, 3, 0)

Path 1698 (7 moves):
  (1, 1, 1, 1, 1, 1, 1, 1, 1)
  (1, 1, 1, 1, 0, 2, 1, 1, 1)
  (0, 2, 1, 1, 0, 2, 1, 1, 1)
  (0, 2, 1, 3, 0, 0, 1, 1, 1)
  (0, 2, 0, 4, 0, 0, 1, 1, 1)
  (0, 2, 0, 4, 0, 0, 1, 2, 0)
  (0, 2, 0, 4, 0, 0, 0, 3, 0)
  (0, 2, 0, 0, 0, 0, 0, 7, 0)

Path 1699 (7 moves):
  (1, 1, 1, 1, 1, 1, 1, 1, 1)
  (1, 1, 1, 1, 0, 2, 1, 1, 1)
  (0, 2, 1, 1, 0, 2, 1, 1, 1)
  (0, 2, 1, 3, 0, 0, 1, 1, 1)
  (0, 2, 1, 0, 0, 0, 4, 1, 1)
  (0, 2, 1, 0, 0, 0, 5, 0, 1)
  (0, 3, 0, 0, 0, 0, 5, 0, 1)
  (0, 8, 0, 0, 0, 0, 0, 0, 1)

Path 1700 (7 moves):
  (1, 1, 1, 1, 1, 1, 1, 1, 1)
  (1, 1, 1, 1, 0, 2, 1, 1, 1)
  (0, 2, 1, 1, 0, 2, 1, 1, 1)
  (0, 2, 1, 3, 0, 0, 1, 1, 1)
  (0, 2, 1, 0, 0, 0, 4, 1, 1)
  (0, 2, 1, 0, 0, 0, 5, 0, 1)
  (0, 7, 1, 0, 0, 0, 0, 0, 1)
  (0, 0, 1, 0, 0, 0, 0, 0, 8)

Path 1701 (7 moves):
  (1, 1, 1, 1, 1, 1, 1, 1, 1)
  (1, 1, 1, 1, 0, 2, 1, 1, 1)
  (0, 2, 1, 1, 0, 2, 1, 1, 1)
  (0, 2, 1, 3, 0, 0, 1, 1, 1)
  (0, 2, 1, 0, 0, 0, 4, 1, 1)
  (0, 2, 1, 0, 0, 0, 5, 0, 1)
  (0, 7, 1, 0, 0, 0, 0, 0, 1)
  (0, 8, 0, 0, 0, 0, 0, 0, 1)

Path 1702 (7 moves):
  (1, 1, 1, 1, 1, 1, 1, 1, 1)
  (1, 1, 1, 1, 0, 2, 1, 1, 1)
  (0, 2, 1, 1, 0, 2, 1, 1, 1)
  (0, 2, 1, 3, 0, 0, 1, 1, 1)
  (0, 2, 1, 3, 0, 0, 0, 2, 1)
  (0, 0, 1, 5, 0, 0, 0, 2, 1)
  (0, 0, 0, 6, 0, 0, 0, 2, 1)
  (0, 0, 0, 6, 0, 0, 0, 3, 0)

Path 1703 (7 moves):
  (1, 1, 1, 1, 1, 1, 1, 1, 1)
  (1, 1, 1, 1, 0, 2, 1, 1, 1)
  (0, 2, 1, 1, 0, 2, 1, 1, 1)
  (0, 2, 1, 3, 0, 0, 1, 1, 1)
  (0, 2, 1, 3, 0, 0, 0, 2, 1)
  (0, 0, 1, 5, 0, 0, 0, 2, 1)
  (0, 0, 1, 0, 0, 0, 0, 2, 6)
  (0, 0, 7, 0, 0, 0, 0, 2, 0)

Path 1704 (7 moves):
  (1, 1, 1, 1, 1, 1, 1, 1, 1)
  (1, 1, 1, 1, 0, 2, 1, 1, 1)
  (0, 2, 1, 1, 0, 2, 1, 1, 1)
  (0, 2, 1, 3, 0, 0, 1, 1, 1)
  (0, 2, 1, 3, 0, 0, 0, 2, 1)
  (0, 0, 1, 5, 0, 0, 0, 2, 1)
  (0, 0, 1, 5, 0, 0, 0, 3, 0)
  (0, 0, 0, 6, 0, 0, 0, 3, 0)

Path 1705 (7 moves):
  (1, 1, 1, 1, 1, 1, 1, 1, 1)
  (1, 1, 1, 1, 0, 2, 1, 1, 1)
  (0, 2, 1, 1, 0, 2, 1, 1, 1)
  (0, 2, 1, 3, 0, 0, 1, 1, 1)
  (0, 2, 1, 3, 0, 0, 0, 2, 1)
  (0, 2, 0, 4, 0, 0, 0, 2, 1)
  (0, 0, 0, 6, 0, 0, 0, 2, 1)
  (0, 0, 0, 6, 0, 0, 0, 3, 0)

Path 1706 (7 moves):
  (1, 1, 1, 1, 1, 1, 1, 1, 1)
  (1, 1, 1, 1, 0, 2, 1, 1, 1)
  (0, 2, 1, 1, 0, 2, 1, 1, 1)
  (0, 2, 1, 3, 0, 0, 1, 1, 1)
  (0, 2, 1, 3, 0, 0, 0, 2, 1)
  (0, 2, 0, 4, 0, 0, 0, 2, 1)
  (0, 2, 0, 0, 0, 0, 0, 6, 1)
  (0, 8, 0, 0, 0, 0, 0, 0, 1)

Path 1707 (7 moves):
  (1, 1, 1, 1, 1, 1, 1, 1, 1)
  (1, 1, 1, 1, 0, 2, 1, 1, 1)
  (0, 2, 1, 1, 0, 2, 1, 1, 1)
  (0, 2, 1, 3, 0, 0, 1, 1, 1)
  (0, 2, 1, 3, 0, 0, 0, 2, 1)
  (0, 2, 0, 4, 0, 0, 0, 2, 1)
  (0, 2, 0, 0, 0, 0, 0, 6, 1)
  (0, 2, 0, 0, 0, 0, 0, 7, 0)

Path 1708 (7 moves):
  (1, 1, 1, 1, 1, 1, 1, 1, 1)
  (1, 1, 1, 1, 0, 2, 1, 1, 1)
  (0, 2, 1, 1, 0, 2, 1, 1, 1)
  (0, 2, 1, 3, 0, 0, 1, 1, 1)
  (0, 2, 1, 3, 0, 0, 0, 2, 1)
  (0, 2, 0, 4, 0, 0, 0, 2, 1)
  (0, 2, 0, 4, 0, 0, 0, 3, 0)
  (0, 0, 0, 6, 0, 0, 0, 3, 0)

Path 1709 (7 moves):
  (1, 1, 1, 1, 1, 1, 1, 1, 1)
  (1, 1, 1, 1, 0, 2, 1, 1, 1)
  (0, 2, 1, 1, 0, 2, 1, 1, 1)
  (0, 2, 1, 3, 0, 0, 1, 1, 1)
  (0, 2, 1, 3, 0, 0, 0, 2, 1)
  (0, 2, 0, 4, 0, 0, 0, 2, 1)
  (0, 2, 0, 4, 0, 0, 0, 3, 0)
  (0, 2, 0, 0, 0, 0, 0, 7, 0)

Path 1710 (7 moves):
  (1, 1, 1, 1, 1, 1, 1, 1, 1)
  (1, 1, 1, 1, 0, 2, 1, 1, 1)
  (0, 2, 1, 1, 0, 2, 1, 1, 1)
  (0, 2, 1, 3, 0, 0, 1, 1, 1)
  (0, 2, 1, 3, 0, 0, 2, 0, 1)
  (0, 0, 1, 5, 0, 0, 2, 0, 1)
  (0, 0, 0, 6, 0, 0, 2, 0, 1)
  (0, 0, 0, 6, 0, 0, 0, 0, 3)

Path 1711 (7 moves):
  (1, 1, 1, 1, 1, 1, 1, 1, 1)
  (1, 1, 1, 1, 0, 2, 1, 1, 1)
  (0, 2, 1, 1, 0, 2, 1, 1, 1)
  (0, 2, 1, 3, 0, 0, 1, 1, 1)
  (0, 2, 1, 3, 0, 0, 2, 0, 1)
  (0, 0, 1, 5, 0, 0, 2, 0, 1)
  (0, 0, 1, 0, 0, 0, 2, 0, 6)
  (0, 0, 1, 0, 0, 0, 0, 0, 8)

Path 1712 (7 moves):
  (1, 1, 1, 1, 1, 1, 1, 1, 1)
  (1, 1, 1, 1, 0, 2, 1, 1, 1)
  (0, 2, 1, 1, 0, 2, 1, 1, 1)
  (0, 2, 1, 3, 0, 0, 1, 1, 1)
  (0, 2, 1, 3, 0, 0, 2, 0, 1)
  (0, 0, 1, 5, 0, 0, 2, 0, 1)
  (0, 0, 1, 0, 0, 0, 2, 0, 6)
  (0, 0, 7, 0, 0, 0, 2, 0, 0)

Path 1713 (7 moves):
  (1, 1, 1, 1, 1, 1, 1, 1, 1)
  (1, 1, 1, 1, 0, 2, 1, 1, 1)
  (0, 2, 1, 1, 0, 2, 1, 1, 1)
  (0, 2, 1, 3, 0, 0, 1, 1, 1)
  (0, 2, 1, 3, 0, 0, 2, 0, 1)
  (0, 0, 1, 5, 0, 0, 2, 0, 1)
  (0, 0, 1, 5, 0, 0, 0, 0, 3)
  (0, 0, 0, 6, 0, 0, 0, 0, 3)

Path 1714 (7 moves):
  (1, 1, 1, 1, 1, 1, 1, 1, 1)
  (1, 1, 1, 1, 0, 2, 1, 1, 1)
  (0, 2, 1, 1, 0, 2, 1, 1, 1)
  (0, 2, 1, 3, 0, 0, 1, 1, 1)
  (0, 2, 1, 3, 0, 0, 2, 0, 1)
  (0, 0, 1, 5, 0, 0, 2, 0, 1)
  (0, 0, 1, 5, 0, 0, 0, 0, 3)
  (0, 0, 1, 0, 0, 0, 0, 0, 8)

Path 1715 (7 moves):
  (1, 1, 1, 1, 1, 1, 1, 1, 1)
  (1, 1, 1, 1, 0, 2, 1, 1, 1)
  (0, 2, 1, 1, 0, 2, 1, 1, 1)
  (0, 2, 1, 3, 0, 0, 1, 1, 1)
  (0, 2, 1, 3, 0, 0, 2, 0, 1)
  (0, 2, 0, 4, 0, 0, 2, 0, 1)
  (0, 0, 0, 6, 0, 0, 2, 0, 1)
  (0, 0, 0, 6, 0, 0, 0, 0, 3)

Path 1716 (7 moves):
  (1, 1, 1, 1, 1, 1, 1, 1, 1)
  (1, 1, 1, 1, 0, 2, 1, 1, 1)
  (0, 2, 1, 1, 0, 2, 1, 1, 1)
  (0, 2, 1, 3, 0, 0, 1, 1, 1)
  (0, 2, 1, 3, 0, 0, 2, 0, 1)
  (0, 2, 0, 4, 0, 0, 2, 0, 1)
  (0, 2, 0, 4, 0, 0, 0, 0, 3)
  (0, 0, 0, 6, 0, 0, 0, 0, 3)

Path 1717 (7 moves):
  (1, 1, 1, 1, 1, 1, 1, 1, 1)
  (1, 1, 1, 1, 0, 2, 1, 1, 1)
  (0, 2, 1, 1, 0, 2, 1, 1, 1)
  (0, 2, 1, 3, 0, 0, 1, 1, 1)
  (0, 2, 1, 3, 0, 0, 2, 0, 1)
  (0, 2, 1, 0, 0, 0, 5, 0, 1)
  (0, 3, 0, 0, 0, 0, 5, 0, 1)
  (0, 8, 0, 0, 0, 0, 0, 0, 1)

Path 1718 (7 moves):
  (1, 1, 1, 1, 1, 1, 1, 1, 1)
  (1, 1, 1, 1, 0, 2, 1, 1, 1)
  (0, 2, 1, 1, 0, 2, 1, 1, 1)
  (0, 2, 1, 3, 0, 0, 1, 1, 1)
  (0, 2, 1, 3, 0, 0, 2, 0, 1)
  (0, 2, 1, 0, 0, 0, 5, 0, 1)
  (0, 7, 1, 0, 0, 0, 0, 0, 1)
  (0, 0, 1, 0, 0, 0, 0, 0, 8)

Path 1719 (7 moves):
  (1, 1, 1, 1, 1, 1, 1, 1, 1)
  (1, 1, 1, 1, 0, 2, 1, 1, 1)
  (0, 2, 1, 1, 0, 2, 1, 1, 1)
  (0, 2, 1, 3, 0, 0, 1, 1, 1)
  (0, 2, 1, 3, 0, 0, 2, 0, 1)
  (0, 2, 1, 0, 0, 0, 5, 0, 1)
  (0, 7, 1, 0, 0, 0, 0, 0, 1)
  (0, 8, 0, 0, 0, 0, 0, 0, 1)

Path 1720 (7 moves):
  (1, 1, 1, 1, 1, 1, 1, 1, 1)
  (1, 1, 1, 1, 0, 2, 1, 1, 1)
  (0, 2, 1, 1, 0, 2, 1, 1, 1)
  (0, 2, 1, 3, 0, 0, 1, 1, 1)
  (0, 2, 1, 3, 0, 0, 1, 0, 2)
  (0, 3, 0, 3, 0, 0, 1, 0, 2)
  (0, 3, 0, 0, 0, 0, 4, 0, 2)
  (0, 3, 0, 0, 0, 0, 6, 0, 0)

Path 1721 (7 moves):
  (1, 1, 1, 1, 1, 1, 1, 1, 1)
  (1, 1, 1, 1, 0, 2, 1, 1, 1)
  (0, 2, 1, 1, 0, 2, 1, 1, 1)
  (0, 2, 1, 3, 0, 0, 1, 1, 1)
  (0, 2, 1, 3, 0, 0, 1, 0, 2)
  (0, 3, 0, 3, 0, 0, 1, 0, 2)
  (0, 3, 0, 3, 0, 0, 3, 0, 0)
  (0, 3, 0, 0, 0, 0, 6, 0, 0)

Path 1722 (7 moves):
  (1, 1, 1, 1, 1, 1, 1, 1, 1)
  (1, 1, 1, 1, 0, 2, 1, 1, 1)
  (0, 2, 1, 1, 0, 2, 1, 1, 1)
  (0, 2, 1, 3, 0, 0, 1, 1, 1)
  (0, 2, 1, 3, 0, 0, 1, 0, 2)
  (0, 3, 0, 3, 0, 0, 1, 0, 2)
  (0, 3, 0, 3, 0, 0, 3, 0, 0)
  (0, 3, 0, 6, 0, 0, 0, 0, 0)

Path 1723 (7 moves):
  (1, 1, 1, 1, 1, 1, 1, 1, 1)
  (1, 1, 1, 1, 0, 2, 1, 1, 1)
  (0, 2, 1, 1, 0, 2, 1, 1, 1)
  (0, 2, 1, 3, 0, 0, 1, 1, 1)
  (0, 2, 1, 3, 0, 0, 1, 2, 0)
  (0, 0, 1, 5, 0, 0, 1, 2, 0)
  (0, 0, 0, 6, 0, 0, 1, 2, 0)
  (0, 0, 0, 6, 0, 0, 0, 3, 0)

Path 1724 (7 moves):
  (1, 1, 1, 1, 1, 1, 1, 1, 1)
  (1, 1, 1, 1, 0, 2, 1, 1, 1)
  (0, 2, 1, 1, 0, 2, 1, 1, 1)
  (0, 2, 1, 3, 0, 0, 1, 1, 1)
  (0, 2, 1, 3, 0, 0, 1, 2, 0)
  (0, 0, 1, 5, 0, 0, 1, 2, 0)
  (0, 0, 1, 5, 0, 0, 0, 3, 0)
  (0, 0, 0, 6, 0, 0, 0, 3, 0)

Path 1725 (7 moves):
  (1, 1, 1, 1, 1, 1, 1, 1, 1)
  (1, 1, 1, 1, 0, 2, 1, 1, 1)
  (0, 2, 1, 1, 0, 2, 1, 1, 1)
  (0, 2, 1, 3, 0, 0, 1, 1, 1)
  (0, 2, 1, 3, 0, 0, 1, 2, 0)
  (0, 2, 0, 4, 0, 0, 1, 2, 0)
  (0, 0, 0, 6, 0, 0, 1, 2, 0)
  (0, 0, 0, 6, 0, 0, 0, 3, 0)

Path 1726 (7 moves):
  (1, 1, 1, 1, 1, 1, 1, 1, 1)
  (1, 1, 1, 1, 0, 2, 1, 1, 1)
  (0, 2, 1, 1, 0, 2, 1, 1, 1)
  (0, 2, 1, 3, 0, 0, 1, 1, 1)
  (0, 2, 1, 3, 0, 0, 1, 2, 0)
  (0, 2, 0, 4, 0, 0, 1, 2, 0)
  (0, 2, 0, 0, 0, 0, 1, 6, 0)
  (0, 2, 0, 0, 0, 0, 0, 7, 0)

Path 1727 (7 moves):
  (1, 1, 1, 1, 1, 1, 1, 1, 1)
  (1, 1, 1, 1, 0, 2, 1, 1, 1)
  (0, 2, 1, 1, 0, 2, 1, 1, 1)
  (0, 2, 1, 3, 0, 0, 1, 1, 1)
  (0, 2, 1, 3, 0, 0, 1, 2, 0)
  (0, 2, 0, 4, 0, 0, 1, 2, 0)
  (0, 2, 0, 0, 0, 0, 1, 6, 0)
  (0, 8, 0, 0, 0, 0, 1, 0, 0)

Path 1728 (7 moves):
  (1, 1, 1, 1, 1, 1, 1, 1, 1)
  (1, 1, 1, 1, 0, 2, 1, 1, 1)
  (0, 2, 1, 1, 0, 2, 1, 1, 1)
  (0, 2, 1, 3, 0, 0, 1, 1, 1)
  (0, 2, 1, 3, 0, 0, 1, 2, 0)
  (0, 2, 0, 4, 0, 0, 1, 2, 0)
  (0, 2, 0, 4, 0, 0, 0, 3, 0)
  (0, 0, 0, 6, 0, 0, 0, 3, 0)

Path 1729 (7 moves):
  (1, 1, 1, 1, 1, 1, 1, 1, 1)
  (1, 1, 1, 1, 0, 2, 1, 1, 1)
  (0, 2, 1, 1, 0, 2, 1, 1, 1)
  (0, 2, 1, 3, 0, 0, 1, 1, 1)
  (0, 2, 1, 3, 0, 0, 1, 2, 0)
  (0, 2, 0, 4, 0, 0, 1, 2, 0)
  (0, 2, 0, 4, 0, 0, 0, 3, 0)
  (0, 2, 0, 0, 0, 0, 0, 7, 0)

Path 1730 (7 moves):
  (1, 1, 1, 1, 1, 1, 1, 1, 1)
  (1, 1, 1, 1, 0, 2, 1, 1, 1)
  (0, 2, 1, 1, 0, 2, 1, 1, 1)
  (0, 2, 1, 1, 0, 2, 0, 2, 1)
  (0, 0, 1, 3, 0, 2, 0, 2, 1)
  (0, 0, 1, 5, 0, 0, 0, 2, 1)
  (0, 0, 0, 6, 0, 0, 0, 2, 1)
  (0, 0, 0, 6, 0, 0, 0, 3, 0)

Path 1731 (7 moves):
  (1, 1, 1, 1, 1, 1, 1, 1, 1)
  (1, 1, 1, 1, 0, 2, 1, 1, 1)
  (0, 2, 1, 1, 0, 2, 1, 1, 1)
  (0, 2, 1, 1, 0, 2, 0, 2, 1)
  (0, 0, 1, 3, 0, 2, 0, 2, 1)
  (0, 0, 1, 5, 0, 0, 0, 2, 1)
  (0, 0, 1, 0, 0, 0, 0, 2, 6)
  (0, 0, 7, 0, 0, 0, 0, 2, 0)

Path 1732 (7 moves):
  (1, 1, 1, 1, 1, 1, 1, 1, 1)
  (1, 1, 1, 1, 0, 2, 1, 1, 1)
  (0, 2, 1, 1, 0, 2, 1, 1, 1)
  (0, 2, 1, 1, 0, 2, 0, 2, 1)
  (0, 0, 1, 3, 0, 2, 0, 2, 1)
  (0, 0, 1, 5, 0, 0, 0, 2, 1)
  (0, 0, 1, 5, 0, 0, 0, 3, 0)
  (0, 0, 0, 6, 0, 0, 0, 3, 0)

Path 1733 (7 moves):
  (1, 1, 1, 1, 1, 1, 1, 1, 1)
  (1, 1, 1, 1, 0, 2, 1, 1, 1)
  (0, 2, 1, 1, 0, 2, 1, 1, 1)
  (0, 2, 1, 1, 0, 2, 0, 2, 1)
  (0, 0, 1, 3, 0, 2, 0, 2, 1)
  (0, 0, 1, 3, 0, 0, 0, 4, 1)
  (0, 0, 0, 4, 0, 0, 0, 4, 1)
  (0, 0, 0, 8, 0, 0, 0, 0, 1)

Path 1734 (7 moves):
  (1, 1, 1, 1, 1, 1, 1, 1, 1)
  (1, 1, 1, 1, 0, 2, 1, 1, 1)
  (0, 2, 1, 1, 0, 2, 1, 1, 1)
  (0, 2, 1, 1, 0, 2, 0, 2, 1)
  (0, 0, 1, 3, 0, 2, 0, 2, 1)
  (0, 0, 1, 3, 0, 0, 0, 4, 1)
  (0, 0, 1, 7, 0, 0, 0, 0, 1)
  (0, 0, 0, 8, 0, 0, 0, 0, 1)

Path 1735 (7 moves):
  (1, 1, 1, 1, 1, 1, 1, 1, 1)
  (1, 1, 1, 1, 0, 2, 1, 1, 1)
  (0, 2, 1, 1, 0, 2, 1, 1, 1)
  (0, 2, 1, 1, 0, 2, 0, 2, 1)
  (0, 0, 1, 3, 0, 2, 0, 2, 1)
  (0, 0, 1, 3, 0, 0, 0, 4, 1)
  (0, 0, 1, 3, 0, 0, 0, 5, 0)
  (0, 0, 6, 3, 0, 0, 0, 0, 0)

Path 1736 (7 moves):
  (1, 1, 1, 1, 1, 1, 1, 1, 1)
  (1, 1, 1, 1, 0, 2, 1, 1, 1)
  (0, 2, 1, 1, 0, 2, 1, 1, 1)
  (0, 2, 1, 1, 0, 2, 0, 2, 1)
  (0, 0, 1, 3, 0, 2, 0, 2, 1)
  (0, 0, 1, 3, 0, 2, 0, 3, 0)
  (0, 0, 0, 4, 0, 2, 0, 3, 0)
  (0, 0, 0, 6, 0, 0, 0, 3, 0)

Path 1737 (7 moves):
  (1, 1, 1, 1, 1, 1, 1, 1, 1)
  (1, 1, 1, 1, 0, 2, 1, 1, 1)
  (0, 2, 1, 1, 0, 2, 1, 1, 1)
  (0, 2, 1, 1, 0, 2, 0, 2, 1)
  (0, 0, 1, 3, 0, 2, 0, 2, 1)
  (0, 0, 1, 3, 0, 2, 0, 3, 0)
  (0, 0, 1, 5, 0, 0, 0, 3, 0)
  (0, 0, 0, 6, 0, 0, 0, 3, 0)

Path 1738 (7 moves):
  (1, 1, 1, 1, 1, 1, 1, 1, 1)
  (1, 1, 1, 1, 0, 2, 1, 1, 1)
  (0, 2, 1, 1, 0, 2, 1, 1, 1)
  (0, 2, 1, 1, 0, 2, 0, 2, 1)
  (0, 0, 1, 3, 0, 2, 0, 2, 1)
  (0, 0, 1, 3, 0, 2, 0, 3, 0)
  (0, 0, 1, 3, 0, 0, 0, 5, 0)
  (0, 0, 6, 3, 0, 0, 0, 0, 0)

Path 1739 (7 moves):
  (1, 1, 1, 1, 1, 1, 1, 1, 1)
  (1, 1, 1, 1, 0, 2, 1, 1, 1)
  (0, 2, 1, 1, 0, 2, 1, 1, 1)
  (0, 2, 1, 1, 0, 2, 0, 2, 1)
  (0, 3, 0, 1, 0, 2, 0, 2, 1)
  (0, 3, 0, 1, 0, 4, 0, 0, 1)
  (0, 7, 0, 1, 0, 0, 0, 0, 1)
  (0, 0, 0, 1, 0, 0, 0, 0, 8)

Path 1740 (7 moves):
  (1, 1, 1, 1, 1, 1, 1, 1, 1)
  (1, 1, 1, 1, 0, 2, 1, 1, 1)
  (0, 2, 1, 1, 0, 2, 1, 1, 1)
  (0, 2, 1, 1, 0, 2, 0, 2, 1)
  (0, 2, 0, 2, 0, 2, 0, 2, 1)
  (0, 4, 0, 0, 0, 2, 0, 2, 1)
  (0, 0, 0, 0, 0, 6, 0, 2, 1)
  (0, 0, 0, 0, 0, 8, 0, 0, 1)

Path 1741 (7 moves):
  (1, 1, 1, 1, 1, 1, 1, 1, 1)
  (1, 1, 1, 1, 0, 2, 1, 1, 1)
  (0, 2, 1, 1, 0, 2, 1, 1, 1)
  (0, 2, 1, 1, 0, 2, 0, 2, 1)
  (0, 2, 0, 2, 0, 2, 0, 2, 1)
  (0, 4, 0, 0, 0, 2, 0, 2, 1)
  (0, 0, 0, 0, 0, 6, 0, 2, 1)
  (0, 0, 0, 0, 0, 6, 0, 3, 0)

Path 1742 (7 moves):
  (1, 1, 1, 1, 1, 1, 1, 1, 1)
  (1, 1, 1, 1, 0, 2, 1, 1, 1)
  (0, 2, 1, 1, 0, 2, 1, 1, 1)
  (0, 2, 1, 1, 0, 2, 0, 2, 1)
  (0, 2, 0, 2, 0, 2, 0, 2, 1)
  (0, 4, 0, 0, 0, 2, 0, 2, 1)
  (0, 4, 0, 0, 0, 0, 0, 4, 1)
  (0, 4, 0, 0, 0, 0, 0, 5, 0)

Path 1743 (7 moves):
  (1, 1, 1, 1, 1, 1, 1, 1, 1)
  (1, 1, 1, 1, 0, 2, 1, 1, 1)
  (0, 2, 1, 1, 0, 2, 1, 1, 1)
  (0, 2, 1, 1, 0, 2, 0, 2, 1)
  (0, 2, 0, 2, 0, 2, 0, 2, 1)
  (0, 4, 0, 0, 0, 2, 0, 2, 1)
  (0, 4, 0, 0, 0, 4, 0, 0, 1)
  (0, 0, 0, 0, 0, 8, 0, 0, 1)

Path 1744 (7 moves):
  (1, 1, 1, 1, 1, 1, 1, 1, 1)
  (1, 1, 1, 1, 0, 2, 1, 1, 1)
  (0, 2, 1, 1, 0, 2, 1, 1, 1)
  (0, 2, 1, 1, 0, 2, 0, 2, 1)
  (0, 2, 0, 2, 0, 2, 0, 2, 1)
  (0, 4, 0, 0, 0, 2, 0, 2, 1)
  (0, 4, 0, 0, 0, 4, 0, 0, 1)
  (0, 8, 0, 0, 0, 0, 0, 0, 1)

Path 1745 (7 moves):
  (1, 1, 1, 1, 1, 1, 1, 1, 1)
  (1, 1, 1, 1, 0, 2, 1, 1, 1)
  (0, 2, 1, 1, 0, 2, 1, 1, 1)
  (0, 2, 1, 1, 0, 2, 0, 2, 1)
  (0, 2, 0, 2, 0, 2, 0, 2, 1)
  (0, 4, 0, 0, 0, 2, 0, 2, 1)
  (0, 4, 0, 0, 0, 2, 0, 3, 0)
  (0, 0, 0, 0, 0, 6, 0, 3, 0)

Path 1746 (7 moves):
  (1, 1, 1, 1, 1, 1, 1, 1, 1)
  (1, 1, 1, 1, 0, 2, 1, 1, 1)
  (0, 2, 1, 1, 0, 2, 1, 1, 1)
  (0, 2, 1, 1, 0, 2, 0, 2, 1)
  (0, 2, 0, 2, 0, 2, 0, 2, 1)
  (0, 4, 0, 0, 0, 2, 0, 2, 1)
  (0, 4, 0, 0, 0, 2, 0, 3, 0)
  (0, 4, 0, 0, 0, 0, 0, 5, 0)

Path 1747 (7 moves):
  (1, 1, 1, 1, 1, 1, 1, 1, 1)
  (1, 1, 1, 1, 0, 2, 1, 1, 1)
  (0, 2, 1, 1, 0, 2, 1, 1, 1)
  (0, 2, 1, 1, 0, 2, 0, 2, 1)
  (0, 2, 0, 2, 0, 2, 0, 2, 1)
  (0, 2, 0, 4, 0, 0, 0, 2, 1)
  (0, 0, 0, 6, 0, 0, 0, 2, 1)
  (0, 0, 0, 6, 0, 0, 0, 3, 0)

Path 1748 (7 moves):
  (1, 1, 1, 1, 1, 1, 1, 1, 1)
  (1, 1, 1, 1, 0, 2, 1, 1, 1)
  (0, 2, 1, 1, 0, 2, 1, 1, 1)
  (0, 2, 1, 1, 0, 2, 0, 2, 1)
  (0, 2, 0, 2, 0, 2, 0, 2, 1)
  (0, 2, 0, 4, 0, 0, 0, 2, 1)
  (0, 2, 0, 0, 0, 0, 0, 6, 1)
  (0, 8, 0, 0, 0, 0, 0, 0, 1)

Path 1749 (7 moves):
  (1, 1, 1, 1, 1, 1, 1, 1, 1)
  (1, 1, 1, 1, 0, 2, 1, 1, 1)
  (0, 2, 1, 1, 0, 2, 1, 1, 1)
  (0, 2, 1, 1, 0, 2, 0, 2, 1)
  (0, 2, 0, 2, 0, 2, 0, 2, 1)
  (0, 2, 0, 4, 0, 0, 0, 2, 1)
  (0, 2, 0, 0, 0, 0, 0, 6, 1)
  (0, 2, 0, 0, 0, 0, 0, 7, 0)

Path 1750 (7 moves):
  (1, 1, 1, 1, 1, 1, 1, 1, 1)
  (1, 1, 1, 1, 0, 2, 1, 1, 1)
  (0, 2, 1, 1, 0, 2, 1, 1, 1)
  (0, 2, 1, 1, 0, 2, 0, 2, 1)
  (0, 2, 0, 2, 0, 2, 0, 2, 1)
  (0, 2, 0, 4, 0, 0, 0, 2, 1)
  (0, 2, 0, 4, 0, 0, 0, 3, 0)
  (0, 0, 0, 6, 0, 0, 0, 3, 0)

Path 1751 (7 moves):
  (1, 1, 1, 1, 1, 1, 1, 1, 1)
  (1, 1, 1, 1, 0, 2, 1, 1, 1)
  (0, 2, 1, 1, 0, 2, 1, 1, 1)
  (0, 2, 1, 1, 0, 2, 0, 2, 1)
  (0, 2, 0, 2, 0, 2, 0, 2, 1)
  (0, 2, 0, 4, 0, 0, 0, 2, 1)
  (0, 2, 0, 4, 0, 0, 0, 3, 0)
  (0, 2, 0, 0, 0, 0, 0, 7, 0)

Path 1752 (7 moves):
  (1, 1, 1, 1, 1, 1, 1, 1, 1)
  (1, 1, 1, 1, 0, 2, 1, 1, 1)
  (0, 2, 1, 1, 0, 2, 1, 1, 1)
  (0, 2, 1, 1, 0, 2, 0, 2, 1)
  (0, 2, 0, 2, 0, 2, 0, 2, 1)
  (0, 2, 0, 2, 0, 0, 0, 4, 1)
  (0, 0, 0, 4, 0, 0, 0, 4, 1)
  (0, 0, 0, 8, 0, 0, 0, 0, 1)

Path 1753 (7 moves):
  (1, 1, 1, 1, 1, 1, 1, 1, 1)
  (1, 1, 1, 1, 0, 2, 1, 1, 1)
  (0, 2, 1, 1, 0, 2, 1, 1, 1)
  (0, 2, 1, 1, 0, 2, 0, 2, 1)
  (0, 2, 0, 2, 0, 2, 0, 2, 1)
  (0, 2, 0, 2, 0, 0, 0, 4, 1)
  (0, 4, 0, 0, 0, 0, 0, 4, 1)
  (0, 4, 0, 0, 0, 0, 0, 5, 0)

Path 1754 (7 moves):
  (1, 1, 1, 1, 1, 1, 1, 1, 1)
  (1, 1, 1, 1, 0, 2, 1, 1, 1)
  (0, 2, 1, 1, 0, 2, 1, 1, 1)
  (0, 2, 1, 1, 0, 2, 0, 2, 1)
  (0, 2, 0, 2, 0, 2, 0, 2, 1)
  (0, 2, 0, 2, 0, 0, 0, 4, 1)
  (0, 2, 0, 6, 0, 0, 0, 0, 1)
  (0, 0, 0, 8, 0, 0, 0, 0, 1)

Path 1755 (7 moves):
  (1, 1, 1, 1, 1, 1, 1, 1, 1)
  (1, 1, 1, 1, 0, 2, 1, 1, 1)
  (0, 2, 1, 1, 0, 2, 1, 1, 1)
  (0, 2, 1, 1, 0, 2, 0, 2, 1)
  (0, 2, 0, 2, 0, 2, 0, 2, 1)
  (0, 2, 0, 2, 0, 0, 0, 4, 1)
  (0, 2, 0, 2, 0, 0, 0, 5, 0)
  (0, 4, 0, 0, 0, 0, 0, 5, 0)

Path 1756 (7 moves):
  (1, 1, 1, 1, 1, 1, 1, 1, 1)
  (1, 1, 1, 1, 0, 2, 1, 1, 1)
  (0, 2, 1, 1, 0, 2, 1, 1, 1)
  (0, 2, 1, 1, 0, 2, 0, 2, 1)
  (0, 2, 2, 0, 0, 2, 0, 2, 1)
  (0, 2, 2, 0, 0, 0, 0, 4, 1)
  (0, 2, 2, 0, 0, 0, 0, 5, 0)
  (0, 2, 7, 0, 0, 0, 0, 0, 0)

Path 1757 (7 moves):
  (1, 1, 1, 1, 1, 1, 1, 1, 1)
  (1, 1, 1, 1, 0, 2, 1, 1, 1)
  (0, 2, 1, 1, 0, 2, 1, 1, 1)
  (0, 2, 1, 1, 0, 2, 0, 2, 1)
  (0, 2, 2, 0, 0, 2, 0, 2, 1)
  (0, 2, 2, 0, 0, 2, 0, 3, 0)
  (0, 2, 2, 0, 0, 0, 0, 5, 0)
  (0, 2, 7, 0, 0, 0, 0, 0, 0)

Path 1758 (7 moves):
  (1, 1, 1, 1, 1, 1, 1, 1, 1)
  (1, 1, 1, 1, 0, 2, 1, 1, 1)
  (0, 2, 1, 1, 0, 2, 1, 1, 1)
  (0, 2, 1, 1, 0, 2, 0, 2, 1)
  (0, 2, 1, 3, 0, 0, 0, 2, 1)
  (0, 0, 1, 5, 0, 0, 0, 2, 1)
  (0, 0, 0, 6, 0, 0, 0, 2, 1)
  (0, 0, 0, 6, 0, 0, 0, 3, 0)

Path 1759 (7 moves):
  (1, 1, 1, 1, 1, 1, 1, 1, 1)
  (1, 1, 1, 1, 0, 2, 1, 1, 1)
  (0, 2, 1, 1, 0, 2, 1, 1, 1)
  (0, 2, 1, 1, 0, 2, 0, 2, 1)
  (0, 2, 1, 3, 0, 0, 0, 2, 1)
  (0, 0, 1, 5, 0, 0, 0, 2, 1)
  (0, 0, 1, 0, 0, 0, 0, 2, 6)
  (0, 0, 7, 0, 0, 0, 0, 2, 0)

Path 1760 (7 moves):
  (1, 1, 1, 1, 1, 1, 1, 1, 1)
  (1, 1, 1, 1, 0, 2, 1, 1, 1)
  (0, 2, 1, 1, 0, 2, 1, 1, 1)
  (0, 2, 1, 1, 0, 2, 0, 2, 1)
  (0, 2, 1, 3, 0, 0, 0, 2, 1)
  (0, 0, 1, 5, 0, 0, 0, 2, 1)
  (0, 0, 1, 5, 0, 0, 0, 3, 0)
  (0, 0, 0, 6, 0, 0, 0, 3, 0)

Path 1761 (7 moves):
  (1, 1, 1, 1, 1, 1, 1, 1, 1)
  (1, 1, 1, 1, 0, 2, 1, 1, 1)
  (0, 2, 1, 1, 0, 2, 1, 1, 1)
  (0, 2, 1, 1, 0, 2, 0, 2, 1)
  (0, 2, 1, 3, 0, 0, 0, 2, 1)
  (0, 2, 0, 4, 0, 0, 0, 2, 1)
  (0, 0, 0, 6, 0, 0, 0, 2, 1)
  (0, 0, 0, 6, 0, 0, 0, 3, 0)

Path 1762 (7 moves):
  (1, 1, 1, 1, 1, 1, 1, 1, 1)
  (1, 1, 1, 1, 0, 2, 1, 1, 1)
  (0, 2, 1, 1, 0, 2, 1, 1, 1)
  (0, 2, 1, 1, 0, 2, 0, 2, 1)
  (0, 2, 1, 3, 0, 0, 0, 2, 1)
  (0, 2, 0, 4, 0, 0, 0, 2, 1)
  (0, 2, 0, 0, 0, 0, 0, 6, 1)
  (0, 8, 0, 0, 0, 0, 0, 0, 1)

Path 1763 (7 moves):
  (1, 1, 1, 1, 1, 1, 1, 1, 1)
  (1, 1, 1, 1, 0, 2, 1, 1, 1)
  (0, 2, 1, 1, 0, 2, 1, 1, 1)
  (0, 2, 1, 1, 0, 2, 0, 2, 1)
  (0, 2, 1, 3, 0, 0, 0, 2, 1)
  (0, 2, 0, 4, 0, 0, 0, 2, 1)
  (0, 2, 0, 0, 0, 0, 0, 6, 1)
  (0, 2, 0, 0, 0, 0, 0, 7, 0)

Path 1764 (7 moves):
  (1, 1, 1, 1, 1, 1, 1, 1, 1)
  (1, 1, 1, 1, 0, 2, 1, 1, 1)
  (0, 2, 1, 1, 0, 2, 1, 1, 1)
  (0, 2, 1, 1, 0, 2, 0, 2, 1)
  (0, 2, 1, 3, 0, 0, 0, 2, 1)
  (0, 2, 0, 4, 0, 0, 0, 2, 1)
  (0, 2, 0, 4, 0, 0, 0, 3, 0)
  (0, 0, 0, 6, 0, 0, 0, 3, 0)

Path 1765 (7 moves):
  (1, 1, 1, 1, 1, 1, 1, 1, 1)
  (1, 1, 1, 1, 0, 2, 1, 1, 1)
  (0, 2, 1, 1, 0, 2, 1, 1, 1)
  (0, 2, 1, 1, 0, 2, 0, 2, 1)
  (0, 2, 1, 3, 0, 0, 0, 2, 1)
  (0, 2, 0, 4, 0, 0, 0, 2, 1)
  (0, 2, 0, 4, 0, 0, 0, 3, 0)
  (0, 2, 0, 0, 0, 0, 0, 7, 0)

Path 1766 (7 moves):
  (1, 1, 1, 1, 1, 1, 1, 1, 1)
  (1, 1, 1, 1, 0, 2, 1, 1, 1)
  (0, 2, 1, 1, 0, 2, 1, 1, 1)
  (0, 2, 1, 1, 0, 2, 0, 2, 1)
  (0, 2, 1, 1, 0, 0, 0, 4, 1)
  (0, 0, 1, 3, 0, 0, 0, 4, 1)
  (0, 0, 0, 4, 0, 0, 0, 4, 1)
  (0, 0, 0, 8, 0, 0, 0, 0, 1)

Path 1767 (7 moves):
  (1, 1, 1, 1, 1, 1, 1, 1, 1)
  (1, 1, 1, 1, 0, 2, 1, 1, 1)
  (0, 2, 1, 1, 0, 2, 1, 1, 1)
  (0, 2, 1, 1, 0, 2, 0, 2, 1)
  (0, 2, 1, 1, 0, 0, 0, 4, 1)
  (0, 0, 1, 3, 0, 0, 0, 4, 1)
  (0, 0, 1, 7, 0, 0, 0, 0, 1)
  (0, 0, 0, 8, 0, 0, 0, 0, 1)

Path 1768 (7 moves):
  (1, 1, 1, 1, 1, 1, 1, 1, 1)
  (1, 1, 1, 1, 0, 2, 1, 1, 1)
  (0, 2, 1, 1, 0, 2, 1, 1, 1)
  (0, 2, 1, 1, 0, 2, 0, 2, 1)
  (0, 2, 1, 1, 0, 0, 0, 4, 1)
  (0, 0, 1, 3, 0, 0, 0, 4, 1)
  (0, 0, 1, 3, 0, 0, 0, 5, 0)
  (0, 0, 6, 3, 0, 0, 0, 0, 0)

Path 1769 (7 moves):
  (1, 1, 1, 1, 1, 1, 1, 1, 1)
  (1, 1, 1, 1, 0, 2, 1, 1, 1)
  (0, 2, 1, 1, 0, 2, 1, 1, 1)
  (0, 2, 1, 1, 0, 2, 0, 2, 1)
  (0, 2, 1, 1, 0, 0, 0, 4, 1)
  (0, 2, 0, 2, 0, 0, 0, 4, 1)
  (0, 0, 0, 4, 0, 0, 0, 4, 1)
  (0, 0, 0, 8, 0, 0, 0, 0, 1)

Path 1770 (7 moves):
  (1, 1, 1, 1, 1, 1, 1, 1, 1)
  (1, 1, 1, 1, 0, 2, 1, 1, 1)
  (0, 2, 1, 1, 0, 2, 1, 1, 1)
  (0, 2, 1, 1, 0, 2, 0, 2, 1)
  (0, 2, 1, 1, 0, 0, 0, 4, 1)
  (0, 2, 0, 2, 0, 0, 0, 4, 1)
  (0, 4, 0, 0, 0, 0, 0, 4, 1)
  (0, 4, 0, 0, 0, 0, 0, 5, 0)

Path 1771 (7 moves):
  (1, 1, 1, 1, 1, 1, 1, 1, 1)
  (1, 1, 1, 1, 0, 2, 1, 1, 1)
  (0, 2, 1, 1, 0, 2, 1, 1, 1)
  (0, 2, 1, 1, 0, 2, 0, 2, 1)
  (0, 2, 1, 1, 0, 0, 0, 4, 1)
  (0, 2, 0, 2, 0, 0, 0, 4, 1)
  (0, 2, 0, 6, 0, 0, 0, 0, 1)
  (0, 0, 0, 8, 0, 0, 0, 0, 1)

Path 1772 (7 moves):
  (1, 1, 1, 1, 1, 1, 1, 1, 1)
  (1, 1, 1, 1, 0, 2, 1, 1, 1)
  (0, 2, 1, 1, 0, 2, 1, 1, 1)
  (0, 2, 1, 1, 0, 2, 0, 2, 1)
  (0, 2, 1, 1, 0, 0, 0, 4, 1)
  (0, 2, 0, 2, 0, 0, 0, 4, 1)
  (0, 2, 0, 2, 0, 0, 0, 5, 0)
  (0, 4, 0, 0, 0, 0, 0, 5, 0)

Path 1773 (7 moves):
  (1, 1, 1, 1, 1, 1, 1, 1, 1)
  (1, 1, 1, 1, 0, 2, 1, 1, 1)
  (0, 2, 1, 1, 0, 2, 1, 1, 1)
  (0, 2, 1, 1, 0, 2, 0, 2, 1)
  (0, 2, 1, 1, 0, 0, 0, 4, 1)
  (0, 2, 2, 0, 0, 0, 0, 4, 1)
  (0, 2, 2, 0, 0, 0, 0, 5, 0)
  (0, 2, 7, 0, 0, 0, 0, 0, 0)

Path 1774 (7 moves):
  (1, 1, 1, 1, 1, 1, 1, 1, 1)
  (1, 1, 1, 1, 0, 2, 1, 1, 1)
  (0, 2, 1, 1, 0, 2, 1, 1, 1)
  (0, 2, 1, 1, 0, 2, 0, 2, 1)
  (0, 2, 1, 1, 0, 0, 0, 4, 1)
  (0, 2, 1, 5, 0, 0, 0, 0, 1)
  (0, 0, 1, 7, 0, 0, 0, 0, 1)
  (0, 0, 0, 8, 0, 0, 0, 0, 1)

Path 1775 (7 moves):
  (1, 1, 1, 1, 1, 1, 1, 1, 1)
  (1, 1, 1, 1, 0, 2, 1, 1, 1)
  (0, 2, 1, 1, 0, 2, 1, 1, 1)
  (0, 2, 1, 1, 0, 2, 0, 2, 1)
  (0, 2, 1, 1, 0, 0, 0, 4, 1)
  (0, 2, 1, 5, 0, 0, 0, 0, 1)
  (0, 3, 0, 5, 0, 0, 0, 0, 1)
  (0, 3, 0, 0, 0, 0, 0, 0, 6)

Path 1776 (7 moves):
  (1, 1, 1, 1, 1, 1, 1, 1, 1)
  (1, 1, 1, 1, 0, 2, 1, 1, 1)
  (0, 2, 1, 1, 0, 2, 1, 1, 1)
  (0, 2, 1, 1, 0, 2, 0, 2, 1)
  (0, 2, 1, 1, 0, 0, 0, 4, 1)
  (0, 2, 1, 5, 0, 0, 0, 0, 1)
  (0, 2, 0, 6, 0, 0, 0, 0, 1)
  (0, 0, 0, 8, 0, 0, 0, 0, 1)

Path 1777 (7 moves):
  (1, 1, 1, 1, 1, 1, 1, 1, 1)
  (1, 1, 1, 1, 0, 2, 1, 1, 1)
  (0, 2, 1, 1, 0, 2, 1, 1, 1)
  (0, 2, 1, 1, 0, 2, 0, 2, 1)
  (0, 2, 1, 1, 0, 0, 0, 4, 1)
  (0, 2, 1, 5, 0, 0, 0, 0, 1)
  (0, 2, 1, 0, 0, 0, 0, 0, 6)
  (0, 3, 0, 0, 0, 0, 0, 0, 6)

Path 1778 (7 moves):
  (1, 1, 1, 1, 1, 1, 1, 1, 1)
  (1, 1, 1, 1, 0, 2, 1, 1, 1)
  (0, 2, 1, 1, 0, 2, 1, 1, 1)
  (0, 2, 1, 1, 0, 2, 0, 2, 1)
  (0, 2, 1, 1, 0, 0, 0, 4, 1)
  (0, 2, 1, 5, 0, 0, 0, 0, 1)
  (0, 2, 1, 0, 0, 0, 0, 0, 6)
  (0, 2, 7, 0, 0, 0, 0, 0, 0)

Path 1779 (7 moves):
  (1, 1, 1, 1, 1, 1, 1, 1, 1)
  (1, 1, 1, 1, 0, 2, 1, 1, 1)
  (0, 2, 1, 1, 0, 2, 1, 1, 1)
  (0, 2, 1, 1, 0, 2, 0, 2, 1)
  (0, 2, 1, 1, 0, 4, 0, 0, 1)
  (0, 3, 0, 1, 0, 4, 0, 0, 1)
  (0, 7, 0, 1, 0, 0, 0, 0, 1)
  (0, 0, 0, 1, 0, 0, 0, 0, 8)

Path 1780 (7 moves):
  (1, 1, 1, 1, 1, 1, 1, 1, 1)
  (1, 1, 1, 1, 0, 2, 1, 1, 1)
  (0, 2, 1, 1, 0, 2, 1, 1, 1)
  (0, 2, 1, 1, 0, 2, 0, 2, 1)
  (0, 2, 1, 1, 0, 2, 0, 3, 0)
  (0, 0, 1, 3, 0, 2, 0, 3, 0)
  (0, 0, 0, 4, 0, 2, 0, 3, 0)
  (0, 0, 0, 6, 0, 0, 0, 3, 0)

Path 1781 (7 moves):
  (1, 1, 1, 1, 1, 1, 1, 1, 1)
  (1, 1, 1, 1, 0, 2, 1, 1, 1)
  (0, 2, 1, 1, 0, 2, 1, 1, 1)
  (0, 2, 1, 1, 0, 2, 0, 2, 1)
  (0, 2, 1, 1, 0, 2, 0, 3, 0)
  (0, 0, 1, 3, 0, 2, 0, 3, 0)
  (0, 0, 1, 5, 0, 0, 0, 3, 0)
  (0, 0, 0, 6, 0, 0, 0, 3, 0)

Path 1782 (7 moves):
  (1, 1, 1, 1, 1, 1, 1, 1, 1)
  (1, 1, 1, 1, 0, 2, 1, 1, 1)
  (0, 2, 1, 1, 0, 2, 1, 1, 1)
  (0, 2, 1, 1, 0, 2, 0, 2, 1)
  (0, 2, 1, 1, 0, 2, 0, 3, 0)
  (0, 0, 1, 3, 0, 2, 0, 3, 0)
  (0, 0, 1, 3, 0, 0, 0, 5, 0)
  (0, 0, 6, 3, 0, 0, 0, 0, 0)

Path 1783 (7 moves):
  (1, 1, 1, 1, 1, 1, 1, 1, 1)
  (1, 1, 1, 1, 0, 2, 1, 1, 1)
  (0, 2, 1, 1, 0, 2, 1, 1, 1)
  (0, 2, 1, 1, 0, 2, 0, 2, 1)
  (0, 2, 1, 1, 0, 2, 0, 3, 0)
  (0, 2, 2, 0, 0, 2, 0, 3, 0)
  (0, 2, 2, 0, 0, 0, 0, 5, 0)
  (0, 2, 7, 0, 0, 0, 0, 0, 0)

Path 1784 (7 moves):
  (1, 1, 1, 1, 1, 1, 1, 1, 1)
  (1, 1, 1, 1, 0, 2, 1, 1, 1)
  (2, 0, 1, 1, 0, 2, 1, 1, 1)
  (2, 0, 1, 1, 0, 3, 0, 1, 1)
  (0, 0, 3, 1, 0, 3, 0, 1, 1)
  (0, 0, 4, 0, 0, 3, 0, 1, 1)
  (0, 0, 7, 0, 0, 0, 0, 1, 1)
  (0, 0, 7, 0, 0, 0, 0, 0, 2)

Path 1785 (7 moves):
  (1, 1, 1, 1, 1, 1, 1, 1, 1)
  (1, 1, 1, 1, 0, 2, 1, 1, 1)
  (2, 0, 1, 1, 0, 2, 1, 1, 1)
  (2, 0, 1, 1, 0, 3, 0, 1, 1)
  (0, 0, 3, 1, 0, 3, 0, 1, 1)
  (0, 0, 4, 0, 0, 3, 0, 1, 1)
  (0, 0, 7, 0, 0, 0, 0, 1, 1)
  (0, 0, 7, 0, 0, 0, 0, 2, 0)

Path 1786 (7 moves):
  (1, 1, 1, 1, 1, 1, 1, 1, 1)
  (1, 1, 1, 1, 0, 2, 1, 1, 1)
  (2, 0, 1, 1, 0, 2, 1, 1, 1)
  (2, 0, 1, 1, 0, 3, 0, 1, 1)
  (0, 0, 3, 1, 0, 3, 0, 1, 1)
  (0, 0, 4, 0, 0, 3, 0, 1, 1)
  (0, 0, 4, 0, 0, 0, 0, 1, 4)
  (0, 0, 4, 0, 0, 0, 0, 0, 5)

Path 1787 (7 moves):
  (1, 1, 1, 1, 1, 1, 1, 1, 1)
  (1, 1, 1, 1, 0, 2, 1, 1, 1)
  (2, 0, 1, 1, 0, 2, 1, 1, 1)
  (2, 0, 1, 1, 0, 3, 0, 1, 1)
  (0, 0, 3, 1, 0, 3, 0, 1, 1)
  (0, 0, 4, 0, 0, 3, 0, 1, 1)
  (0, 0, 4, 0, 0, 3, 0, 0, 2)
  (0, 0, 7, 0, 0, 0, 0, 0, 2)

Path 1788 (7 moves):
  (1, 1, 1, 1, 1, 1, 1, 1, 1)
  (1, 1, 1, 1, 0, 2, 1, 1, 1)
  (2, 0, 1, 1, 0, 2, 1, 1, 1)
  (2, 0, 1, 1, 0, 3, 0, 1, 1)
  (0, 0, 3, 1, 0, 3, 0, 1, 1)
  (0, 0, 4, 0, 0, 3, 0, 1, 1)
  (0, 0, 4, 0, 0, 3, 0, 0, 2)
  (0, 0, 4, 0, 0, 0, 0, 0, 5)

Path 1789 (7 moves):
  (1, 1, 1, 1, 1, 1, 1, 1, 1)
  (1, 1, 1, 1, 0, 2, 1, 1, 1)
  (2, 0, 1, 1, 0, 2, 1, 1, 1)
  (2, 0, 1, 1, 0, 3, 0, 1, 1)
  (0, 0, 3, 1, 0, 3, 0, 1, 1)
  (0, 0, 4, 0, 0, 3, 0, 1, 1)
  (0, 0, 4, 0, 0, 3, 0, 2, 0)
  (0, 0, 7, 0, 0, 0, 0, 2, 0)

Path 1790 (7 moves):
  (1, 1, 1, 1, 1, 1, 1, 1, 1)
  (1, 1, 1, 1, 0, 2, 1, 1, 1)
  (2, 0, 1, 1, 0, 2, 1, 1, 1)
  (2, 0, 1, 1, 0, 3, 0, 1, 1)
  (0, 0, 3, 1, 0, 3, 0, 1, 1)
  (0, 0, 4, 0, 0, 3, 0, 1, 1)
  (0, 0, 4, 0, 0, 3, 0, 2, 0)
  (0, 0, 4, 0, 0, 5, 0, 0, 0)

Path 1791 (7 moves):
  (1, 1, 1, 1, 1, 1, 1, 1, 1)
  (1, 1, 1, 1, 0, 2, 1, 1, 1)
  (2, 0, 1, 1, 0, 2, 1, 1, 1)
  (2, 0, 1, 1, 0, 3, 0, 1, 1)
  (0, 0, 3, 1, 0, 3, 0, 1, 1)
  (0, 0, 6, 1, 0, 0, 0, 1, 1)
  (0, 0, 0, 1, 0, 0, 0, 1, 7)
  (0, 0, 0, 1, 0, 0, 0, 0, 8)

Path 1792 (7 moves):
  (1, 1, 1, 1, 1, 1, 1, 1, 1)
  (1, 1, 1, 1, 0, 2, 1, 1, 1)
  (2, 0, 1, 1, 0, 2, 1, 1, 1)
  (2, 0, 1, 1, 0, 3, 0, 1, 1)
  (0, 0, 3, 1, 0, 3, 0, 1, 1)
  (0, 0, 6, 1, 0, 0, 0, 1, 1)
  (0, 0, 7, 0, 0, 0, 0, 1, 1)
  (0, 0, 7, 0, 0, 0, 0, 0, 2)

Path 1793 (7 moves):
  (1, 1, 1, 1, 1, 1, 1, 1, 1)
  (1, 1, 1, 1, 0, 2, 1, 1, 1)
  (2, 0, 1, 1, 0, 2, 1, 1, 1)
  (2, 0, 1, 1, 0, 3, 0, 1, 1)
  (0, 0, 3, 1, 0, 3, 0, 1, 1)
  (0, 0, 6, 1, 0, 0, 0, 1, 1)
  (0, 0, 7, 0, 0, 0, 0, 1, 1)
  (0, 0, 7, 0, 0, 0, 0, 2, 0)

Path 1794 (7 moves):
  (1, 1, 1, 1, 1, 1, 1, 1, 1)
  (1, 1, 1, 1, 0, 2, 1, 1, 1)
  (2, 0, 1, 1, 0, 2, 1, 1, 1)
  (2, 0, 1, 1, 0, 3, 0, 1, 1)
  (0, 0, 3, 1, 0, 3, 0, 1, 1)
  (0, 0, 6, 1, 0, 0, 0, 1, 1)
  (0, 0, 6, 1, 0, 0, 0, 0, 2)
  (0, 0, 0, 1, 0, 0, 0, 0, 8)

Path 1795 (7 moves):
  (1, 1, 1, 1, 1, 1, 1, 1, 1)
  (1, 1, 1, 1, 0, 2, 1, 1, 1)
  (2, 0, 1, 1, 0, 2, 1, 1, 1)
  (2, 0, 1, 1, 0, 3, 0, 1, 1)
  (0, 0, 3, 1, 0, 3, 0, 1, 1)
  (0, 0, 6, 1, 0, 0, 0, 1, 1)
  (0, 0, 6, 1, 0, 0, 0, 0, 2)
  (0, 0, 7, 0, 0, 0, 0, 0, 2)

Path 1796 (7 moves):
  (1, 1, 1, 1, 1, 1, 1, 1, 1)
  (1, 1, 1, 1, 0, 2, 1, 1, 1)
  (2, 0, 1, 1, 0, 2, 1, 1, 1)
  (2, 0, 1, 1, 0, 3, 0, 1, 1)
  (0, 0, 3, 1, 0, 3, 0, 1, 1)
  (0, 0, 6, 1, 0, 0, 0, 1, 1)
  (0, 0, 6, 1, 0, 0, 0, 2, 0)
  (0, 0, 7, 0, 0, 0, 0, 2, 0)

Path 1797 (7 moves):
  (1, 1, 1, 1, 1, 1, 1, 1, 1)
  (1, 1, 1, 1, 0, 2, 1, 1, 1)
  (2, 0, 1, 1, 0, 2, 1, 1, 1)
  (2, 0, 1, 1, 0, 3, 0, 1, 1)
  (0, 0, 3, 1, 0, 3, 0, 1, 1)
  (0, 0, 3, 1, 0, 0, 0, 1, 4)
  (0, 0, 4, 0, 0, 0, 0, 1, 4)
  (0, 0, 4, 0, 0, 0, 0, 0, 5)

Path 1798 (7 moves):
  (1, 1, 1, 1, 1, 1, 1, 1, 1)
  (1, 1, 1, 1, 0, 2, 1, 1, 1)
  (2, 0, 1, 1, 0, 2, 1, 1, 1)
  (2, 0, 1, 1, 0, 3, 0, 1, 1)
  (0, 0, 3, 1, 0, 3, 0, 1, 1)
  (0, 0, 3, 1, 0, 0, 0, 1, 4)
  (0, 0, 3, 1, 0, 0, 0, 0, 5)
  (0, 0, 4, 0, 0, 0, 0, 0, 5)

Path 1799 (7 moves):
  (1, 1, 1, 1, 1, 1, 1, 1, 1)
  (1, 1, 1, 1, 0, 2, 1, 1, 1)
  (2, 0, 1, 1, 0, 2, 1, 1, 1)
  (2, 0, 1, 1, 0, 3, 0, 1, 1)
  (0, 0, 3, 1, 0, 3, 0, 1, 1)
  (0, 0, 3, 1, 0, 0, 0, 1, 4)
  (0, 0, 3, 1, 0, 0, 0, 0, 5)
  (0, 0, 3, 6, 0, 0, 0, 0, 0)

Path 1800 (7 moves):
  (1, 1, 1, 1, 1, 1, 1, 1, 1)
  (1, 1, 1, 1, 0, 2, 1, 1, 1)
  (2, 0, 1, 1, 0, 2, 1, 1, 1)
  (2, 0, 1, 1, 0, 3, 0, 1, 1)
  (0, 0, 3, 1, 0, 3, 0, 1, 1)
  (0, 0, 3, 1, 0, 3, 0, 2, 0)
  (0, 0, 0, 1, 0, 6, 0, 2, 0)
  (0, 0, 0, 1, 0, 8, 0, 0, 0)

Path 1801 (7 moves):
  (1, 1, 1, 1, 1, 1, 1, 1, 1)
  (1, 1, 1, 1, 0, 2, 1, 1, 1)
  (2, 0, 1, 1, 0, 2, 1, 1, 1)
  (2, 0, 1, 1, 0, 3, 0, 1, 1)
  (0, 0, 3, 1, 0, 3, 0, 1, 1)
  (0, 0, 3, 1, 0, 3, 0, 2, 0)
  (0, 0, 4, 0, 0, 3, 0, 2, 0)
  (0, 0, 7, 0, 0, 0, 0, 2, 0)

Path 1802 (7 moves):
  (1, 1, 1, 1, 1, 1, 1, 1, 1)
  (1, 1, 1, 1, 0, 2, 1, 1, 1)
  (2, 0, 1, 1, 0, 2, 1, 1, 1)
  (2, 0, 1, 1, 0, 3, 0, 1, 1)
  (0, 0, 3, 1, 0, 3, 0, 1, 1)
  (0, 0, 3, 1, 0, 3, 0, 2, 0)
  (0, 0, 4, 0, 0, 3, 0, 2, 0)
  (0, 0, 4, 0, 0, 5, 0, 0, 0)

Path 1803 (7 moves):
  (1, 1, 1, 1, 1, 1, 1, 1, 1)
  (1, 1, 1, 1, 0, 2, 1, 1, 1)
  (2, 0, 1, 1, 0, 2, 1, 1, 1)
  (2, 0, 1, 1, 0, 3, 0, 1, 1)
  (0, 0, 3, 1, 0, 3, 0, 1, 1)
  (0, 0, 3, 1, 0, 3, 0, 2, 0)
  (0, 0, 6, 1, 0, 0, 0, 2, 0)
  (0, 0, 7, 0, 0, 0, 0, 2, 0)

Path 1804 (7 moves):
  (1, 1, 1, 1, 1, 1, 1, 1, 1)
  (1, 1, 1, 1, 0, 2, 1, 1, 1)
  (2, 0, 1, 1, 0, 2, 1, 1, 1)
  (2, 0, 1, 1, 0, 3, 0, 1, 1)
  (0, 0, 3, 1, 0, 3, 0, 1, 1)
  (0, 0, 3, 1, 0, 3, 0, 2, 0)
  (0, 0, 3, 1, 0, 5, 0, 0, 0)
  (0, 0, 0, 1, 0, 8, 0, 0, 0)

Path 1805 (7 moves):
  (1, 1, 1, 1, 1, 1, 1, 1, 1)
  (1, 1, 1, 1, 0, 2, 1, 1, 1)
  (2, 0, 1, 1, 0, 2, 1, 1, 1)
  (2, 0, 1, 1, 0, 3, 0, 1, 1)
  (0, 0, 3, 1, 0, 3, 0, 1, 1)
  (0, 0, 3, 1, 0, 3, 0, 2, 0)
  (0, 0, 3, 1, 0, 5, 0, 0, 0)
  (0, 0, 4, 0, 0, 5, 0, 0, 0)

Path 1806 (7 moves):
  (1, 1, 1, 1, 1, 1, 1, 1, 1)
  (1, 1, 1, 1, 0, 2, 1, 1, 1)
  (2, 0, 1, 1, 0, 2, 1, 1, 1)
  (2, 0, 1, 1, 0, 3, 0, 1, 1)
  (2, 0, 0, 2, 0, 3, 0, 1, 1)
  (2, 0, 0, 0, 0, 5, 0, 1, 1)
  (7, 0, 0, 0, 0, 0, 0, 1, 1)
  (7, 0, 0, 0, 0, 0, 0, 0, 2)

Path 1807 (7 moves):
  (1, 1, 1, 1, 1, 1, 1, 1, 1)
  (1, 1, 1, 1, 0, 2, 1, 1, 1)
  (2, 0, 1, 1, 0, 2, 1, 1, 1)
  (2, 0, 1, 1, 0, 3, 0, 1, 1)
  (2, 0, 0, 2, 0, 3, 0, 1, 1)
  (2, 0, 0, 0, 0, 5, 0, 1, 1)
  (2, 0, 0, 0, 0, 5, 0, 0, 2)
  (7, 0, 0, 0, 0, 0, 0, 0, 2)

Path 1808 (7 moves):
  (1, 1, 1, 1, 1, 1, 1, 1, 1)
  (1, 1, 1, 1, 0, 2, 1, 1, 1)
  (2, 0, 1, 1, 0, 2, 1, 1, 1)
  (2, 0, 1, 1, 0, 3, 0, 1, 1)
  (2, 0, 0, 2, 0, 3, 0, 1, 1)
  (2, 0, 0, 0, 0, 5, 0, 1, 1)
  (2, 0, 0, 0, 0, 5, 0, 2, 0)
  (2, 0, 0, 0, 0, 7, 0, 0, 0)

Path 1809 (7 moves):
  (1, 1, 1, 1, 1, 1, 1, 1, 1)
  (1, 1, 1, 1, 0, 2, 1, 1, 1)
  (2, 0, 1, 1, 0, 2, 1, 1, 1)
  (2, 0, 1, 1, 0, 3, 0, 1, 1)
  (2, 0, 0, 2, 0, 3, 0, 1, 1)
  (2, 0, 0, 2, 0, 0, 0, 1, 4)
  (2, 0, 0, 2, 0, 0, 0, 0, 5)
  (2, 0, 0, 7, 0, 0, 0, 0, 0)

Path 1810 (7 moves):
  (1, 1, 1, 1, 1, 1, 1, 1, 1)
  (1, 1, 1, 1, 0, 2, 1, 1, 1)
  (2, 0, 1, 1, 0, 2, 1, 1, 1)
  (2, 0, 1, 1, 0, 3, 0, 1, 1)
  (2, 0, 0, 2, 0, 3, 0, 1, 1)
  (2, 0, 0, 2, 0, 3, 0, 0, 2)
  (2, 0, 0, 0, 0, 5, 0, 0, 2)
  (7, 0, 0, 0, 0, 0, 0, 0, 2)

Path 1811 (7 moves):
  (1, 1, 1, 1, 1, 1, 1, 1, 1)
  (1, 1, 1, 1, 0, 2, 1, 1, 1)
  (2, 0, 1, 1, 0, 2, 1, 1, 1)
  (2, 0, 1, 1, 0, 3, 0, 1, 1)
  (2, 0, 0, 2, 0, 3, 0, 1, 1)
  (2, 0, 0, 2, 0, 3, 0, 0, 2)
  (2, 0, 0, 2, 0, 0, 0, 0, 5)
  (2, 0, 0, 7, 0, 0, 0, 0, 0)

Path 1812 (7 moves):
  (1, 1, 1, 1, 1, 1, 1, 1, 1)
  (1, 1, 1, 1, 0, 2, 1, 1, 1)
  (2, 0, 1, 1, 0, 2, 1, 1, 1)
  (2, 0, 1, 1, 0, 3, 0, 1, 1)
  (2, 0, 0, 2, 0, 3, 0, 1, 1)
  (2, 0, 0, 2, 0, 3, 0, 2, 0)
  (2, 0, 0, 0, 0, 5, 0, 2, 0)
  (2, 0, 0, 0, 0, 7, 0, 0, 0)

Path 1813 (7 moves):
  (1, 1, 1, 1, 1, 1, 1, 1, 1)
  (1, 1, 1, 1, 0, 2, 1, 1, 1)
  (2, 0, 1, 1, 0, 2, 1, 1, 1)
  (2, 0, 1, 1, 0, 3, 0, 1, 1)
  (2, 0, 0, 2, 0, 3, 0, 1, 1)
  (2, 0, 0, 2, 0, 3, 0, 2, 0)
  (2, 0, 0, 2, 0, 5, 0, 0, 0)
  (2, 0, 0, 0, 0, 7, 0, 0, 0)

Path 1814 (7 moves):
  (1, 1, 1, 1, 1, 1, 1, 1, 1)
  (1, 1, 1, 1, 0, 2, 1, 1, 1)
  (2, 0, 1, 1, 0, 2, 1, 1, 1)
  (2, 0, 1, 1, 0, 3, 0, 1, 1)
  (2, 0, 0, 2, 0, 3, 0, 1, 1)
  (2, 0, 0, 2, 0, 3, 0, 2, 0)
  (2, 0, 0, 2, 0, 5, 0, 0, 0)
  (7, 0, 0, 2, 0, 0, 0, 0, 0)

Path 1815 (7 moves):
  (1, 1, 1, 1, 1, 1, 1, 1, 1)
  (1, 1, 1, 1, 0, 2, 1, 1, 1)
  (2, 0, 1, 1, 0, 2, 1, 1, 1)
  (2, 0, 1, 1, 0, 3, 0, 1, 1)
  (2, 0, 2, 0, 0, 3, 0, 1, 1)
  (0, 0, 4, 0, 0, 3, 0, 1, 1)
  (0, 0, 7, 0, 0, 0, 0, 1, 1)
  (0, 0, 7, 0, 0, 0, 0, 0, 2)

Path 1816 (7 moves):
  (1, 1, 1, 1, 1, 1, 1, 1, 1)
  (1, 1, 1, 1, 0, 2, 1, 1, 1)
  (2, 0, 1, 1, 0, 2, 1, 1, 1)
  (2, 0, 1, 1, 0, 3, 0, 1, 1)
  (2, 0, 2, 0, 0, 3, 0, 1, 1)
  (0, 0, 4, 0, 0, 3, 0, 1, 1)
  (0, 0, 7, 0, 0, 0, 0, 1, 1)
  (0, 0, 7, 0, 0, 0, 0, 2, 0)

Path 1817 (7 moves):
  (1, 1, 1, 1, 1, 1, 1, 1, 1)
  (1, 1, 1, 1, 0, 2, 1, 1, 1)
  (2, 0, 1, 1, 0, 2, 1, 1, 1)
  (2, 0, 1, 1, 0, 3, 0, 1, 1)
  (2, 0, 2, 0, 0, 3, 0, 1, 1)
  (0, 0, 4, 0, 0, 3, 0, 1, 1)
  (0, 0, 4, 0, 0, 0, 0, 1, 4)
  (0, 0, 4, 0, 0, 0, 0, 0, 5)

Path 1818 (7 moves):
  (1, 1, 1, 1, 1, 1, 1, 1, 1)
  (1, 1, 1, 1, 0, 2, 1, 1, 1)
  (2, 0, 1, 1, 0, 2, 1, 1, 1)
  (2, 0, 1, 1, 0, 3, 0, 1, 1)
  (2, 0, 2, 0, 0, 3, 0, 1, 1)
  (0, 0, 4, 0, 0, 3, 0, 1, 1)
  (0, 0, 4, 0, 0, 3, 0, 0, 2)
  (0, 0, 7, 0, 0, 0, 0, 0, 2)

Path 1819 (7 moves):
  (1, 1, 1, 1, 1, 1, 1, 1, 1)
  (1, 1, 1, 1, 0, 2, 1, 1, 1)
  (2, 0, 1, 1, 0, 2, 1, 1, 1)
  (2, 0, 1, 1, 0, 3, 0, 1, 1)
  (2, 0, 2, 0, 0, 3, 0, 1, 1)
  (0, 0, 4, 0, 0, 3, 0, 1, 1)
  (0, 0, 4, 0, 0, 3, 0, 0, 2)
  (0, 0, 4, 0, 0, 0, 0, 0, 5)

Path 1820 (7 moves):
  (1, 1, 1, 1, 1, 1, 1, 1, 1)
  (1, 1, 1, 1, 0, 2, 1, 1, 1)
  (2, 0, 1, 1, 0, 2, 1, 1, 1)
  (2, 0, 1, 1, 0, 3, 0, 1, 1)
  (2, 0, 2, 0, 0, 3, 0, 1, 1)
  (0, 0, 4, 0, 0, 3, 0, 1, 1)
  (0, 0, 4, 0, 0, 3, 0, 2, 0)
  (0, 0, 7, 0, 0, 0, 0, 2, 0)

Path 1821 (7 moves):
  (1, 1, 1, 1, 1, 1, 1, 1, 1)
  (1, 1, 1, 1, 0, 2, 1, 1, 1)
  (2, 0, 1, 1, 0, 2, 1, 1, 1)
  (2, 0, 1, 1, 0, 3, 0, 1, 1)
  (2, 0, 2, 0, 0, 3, 0, 1, 1)
  (0, 0, 4, 0, 0, 3, 0, 1, 1)
  (0, 0, 4, 0, 0, 3, 0, 2, 0)
  (0, 0, 4, 0, 0, 5, 0, 0, 0)

Path 1822 (7 moves):
  (1, 1, 1, 1, 1, 1, 1, 1, 1)
  (1, 1, 1, 1, 0, 2, 1, 1, 1)
  (2, 0, 1, 1, 0, 2, 1, 1, 1)
  (2, 0, 1, 1, 0, 3, 0, 1, 1)
  (2, 0, 2, 0, 0, 3, 0, 1, 1)
  (2, 0, 2, 0, 0, 0, 0, 1, 4)
  (0, 0, 4, 0, 0, 0, 0, 1, 4)
  (0, 0, 4, 0, 0, 0, 0, 0, 5)

Path 1823 (7 moves):
  (1, 1, 1, 1, 1, 1, 1, 1, 1)
  (1, 1, 1, 1, 0, 2, 1, 1, 1)
  (2, 0, 1, 1, 0, 2, 1, 1, 1)
  (2, 0, 1, 1, 0, 3, 0, 1, 1)
  (2, 0, 2, 0, 0, 3, 0, 1, 1)
  (2, 0, 2, 0, 0, 0, 0, 1, 4)
  (4, 0, 0, 0, 0, 0, 0, 1, 4)
  (4, 0, 0, 0, 0, 0, 0, 0, 5)

Path 1824 (7 moves):
  (1, 1, 1, 1, 1, 1, 1, 1, 1)
  (1, 1, 1, 1, 0, 2, 1, 1, 1)
  (2, 0, 1, 1, 0, 2, 1, 1, 1)
  (2, 0, 1, 1, 0, 3, 0, 1, 1)
  (2, 0, 2, 0, 0, 3, 0, 1, 1)
  (2, 0, 2, 0, 0, 0, 0, 1, 4)
  (2, 0, 2, 0, 0, 0, 0, 0, 5)
  (0, 0, 4, 0, 0, 0, 0, 0, 5)

Path 1825 (7 moves):
  (1, 1, 1, 1, 1, 1, 1, 1, 1)
  (1, 1, 1, 1, 0, 2, 1, 1, 1)
  (2, 0, 1, 1, 0, 2, 1, 1, 1)
  (2, 0, 1, 1, 0, 3, 0, 1, 1)
  (2, 0, 2, 0, 0, 3, 0, 1, 1)
  (2, 0, 2, 0, 0, 0, 0, 1, 4)
  (2, 0, 2, 0, 0, 0, 0, 0, 5)
  (4, 0, 0, 0, 0, 0, 0, 0, 5)

Path 1826 (7 moves):
  (1, 1, 1, 1, 1, 1, 1, 1, 1)
  (1, 1, 1, 1, 0, 2, 1, 1, 1)
  (2, 0, 1, 1, 0, 2, 1, 1, 1)
  (2, 0, 1, 1, 0, 3, 0, 1, 1)
  (2, 0, 2, 0, 0, 3, 0, 1, 1)
  (2, 0, 2, 0, 0, 3, 0, 0, 2)
  (0, 0, 4, 0, 0, 3, 0, 0, 2)
  (0, 0, 7, 0, 0, 0, 0, 0, 2)

Path 1827 (7 moves):
  (1, 1, 1, 1, 1, 1, 1, 1, 1)
  (1, 1, 1, 1, 0, 2, 1, 1, 1)
  (2, 0, 1, 1, 0, 2, 1, 1, 1)
  (2, 0, 1, 1, 0, 3, 0, 1, 1)
  (2, 0, 2, 0, 0, 3, 0, 1, 1)
  (2, 0, 2, 0, 0, 3, 0, 0, 2)
  (0, 0, 4, 0, 0, 3, 0, 0, 2)
  (0, 0, 4, 0, 0, 0, 0, 0, 5)

Path 1828 (7 moves):
  (1, 1, 1, 1, 1, 1, 1, 1, 1)
  (1, 1, 1, 1, 0, 2, 1, 1, 1)
  (2, 0, 1, 1, 0, 2, 1, 1, 1)
  (2, 0, 1, 1, 0, 3, 0, 1, 1)
  (2, 0, 2, 0, 0, 3, 0, 1, 1)
  (2, 0, 2, 0, 0, 3, 0, 0, 2)
  (4, 0, 0, 0, 0, 3, 0, 0, 2)
  (4, 0, 0, 0, 0, 0, 0, 0, 5)

Path 1829 (7 moves):
  (1, 1, 1, 1, 1, 1, 1, 1, 1)
  (1, 1, 1, 1, 0, 2, 1, 1, 1)
  (2, 0, 1, 1, 0, 2, 1, 1, 1)
  (2, 0, 1, 1, 0, 3, 0, 1, 1)
  (2, 0, 2, 0, 0, 3, 0, 1, 1)
  (2, 0, 2, 0, 0, 3, 0, 0, 2)
  (2, 0, 5, 0, 0, 0, 0, 0, 2)
  (0, 0, 7, 0, 0, 0, 0, 0, 2)

Path 1830 (7 moves):
  (1, 1, 1, 1, 1, 1, 1, 1, 1)
  (1, 1, 1, 1, 0, 2, 1, 1, 1)
  (2, 0, 1, 1, 0, 2, 1, 1, 1)
  (2, 0, 1, 1, 0, 3, 0, 1, 1)
  (2, 0, 2, 0, 0, 3, 0, 1, 1)
  (2, 0, 2, 0, 0, 3, 0, 0, 2)
  (2, 0, 2, 0, 0, 0, 0, 0, 5)
  (0, 0, 4, 0, 0, 0, 0, 0, 5)

Path 1831 (7 moves):
  (1, 1, 1, 1, 1, 1, 1, 1, 1)
  (1, 1, 1, 1, 0, 2, 1, 1, 1)
  (2, 0, 1, 1, 0, 2, 1, 1, 1)
  (2, 0, 1, 1, 0, 3, 0, 1, 1)
  (2, 0, 2, 0, 0, 3, 0, 1, 1)
  (2, 0, 2, 0, 0, 3, 0, 0, 2)
  (2, 0, 2, 0, 0, 0, 0, 0, 5)
  (4, 0, 0, 0, 0, 0, 0, 0, 5)

Path 1832 (7 moves):
  (1, 1, 1, 1, 1, 1, 1, 1, 1)
  (1, 1, 1, 1, 0, 2, 1, 1, 1)
  (2, 0, 1, 1, 0, 2, 1, 1, 1)
  (2, 0, 1, 1, 0, 3, 0, 1, 1)
  (2, 0, 4, 1, 0, 0, 0, 1, 1)
  (0, 0, 6, 1, 0, 0, 0, 1, 1)
  (0, 0, 0, 1, 0, 0, 0, 1, 7)
  (0, 0, 0, 1, 0, 0, 0, 0, 8)

Path 1833 (7 moves):
  (1, 1, 1, 1, 1, 1, 1, 1, 1)
  (1, 1, 1, 1, 0, 2, 1, 1, 1)
  (2, 0, 1, 1, 0, 2, 1, 1, 1)
  (2, 0, 1, 1, 0, 3, 0, 1, 1)
  (2, 0, 4, 1, 0, 0, 0, 1, 1)
  (0, 0, 6, 1, 0, 0, 0, 1, 1)
  (0, 0, 7, 0, 0, 0, 0, 1, 1)
  (0, 0, 7, 0, 0, 0, 0, 0, 2)

Path 1834 (7 moves):
  (1, 1, 1, 1, 1, 1, 1, 1, 1)
  (1, 1, 1, 1, 0, 2, 1, 1, 1)
  (2, 0, 1, 1, 0, 2, 1, 1, 1)
  (2, 0, 1, 1, 0, 3, 0, 1, 1)
  (2, 0, 4, 1, 0, 0, 0, 1, 1)
  (0, 0, 6, 1, 0, 0, 0, 1, 1)
  (0, 0, 7, 0, 0, 0, 0, 1, 1)
  (0, 0, 7, 0, 0, 0, 0, 2, 0)

Path 1835 (7 moves):
  (1, 1, 1, 1, 1, 1, 1, 1, 1)
  (1, 1, 1, 1, 0, 2, 1, 1, 1)
  (2, 0, 1, 1, 0, 2, 1, 1, 1)
  (2, 0, 1, 1, 0, 3, 0, 1, 1)
  (2, 0, 4, 1, 0, 0, 0, 1, 1)
  (0, 0, 6, 1, 0, 0, 0, 1, 1)
  (0, 0, 6, 1, 0, 0, 0, 0, 2)
  (0, 0, 0, 1, 0, 0, 0, 0, 8)

Path 1836 (7 moves):
  (1, 1, 1, 1, 1, 1, 1, 1, 1)
  (1, 1, 1, 1, 0, 2, 1, 1, 1)
  (2, 0, 1, 1, 0, 2, 1, 1, 1)
  (2, 0, 1, 1, 0, 3, 0, 1, 1)
  (2, 0, 4, 1, 0, 0, 0, 1, 1)
  (0, 0, 6, 1, 0, 0, 0, 1, 1)
  (0, 0, 6, 1, 0, 0, 0, 0, 2)
  (0, 0, 7, 0, 0, 0, 0, 0, 2)

Path 1837 (7 moves):
  (1, 1, 1, 1, 1, 1, 1, 1, 1)
  (1, 1, 1, 1, 0, 2, 1, 1, 1)
  (2, 0, 1, 1, 0, 2, 1, 1, 1)
  (2, 0, 1, 1, 0, 3, 0, 1, 1)
  (2, 0, 4, 1, 0, 0, 0, 1, 1)
  (0, 0, 6, 1, 0, 0, 0, 1, 1)
  (0, 0, 6, 1, 0, 0, 0, 2, 0)
  (0, 0, 7, 0, 0, 0, 0, 2, 0)

Path 1838 (7 moves):
  (1, 1, 1, 1, 1, 1, 1, 1, 1)
  (1, 1, 1, 1, 0, 2, 1, 1, 1)
  (2, 0, 1, 1, 0, 2, 1, 1, 1)
  (2, 0, 1, 1, 0, 3, 0, 1, 1)
  (2, 0, 4, 1, 0, 0, 0, 1, 1)
  (2, 0, 4, 1, 0, 0, 0, 0, 2)
  (0, 0, 6, 1, 0, 0, 0, 0, 2)
  (0, 0, 0, 1, 0, 0, 0, 0, 8)

Path 1839 (7 moves):
  (1, 1, 1, 1, 1, 1, 1, 1, 1)
  (1, 1, 1, 1, 0, 2, 1, 1, 1)
  (2, 0, 1, 1, 0, 2, 1, 1, 1)
  (2, 0, 1, 1, 0, 3, 0, 1, 1)
  (2, 0, 4, 1, 0, 0, 0, 1, 1)
  (2, 0, 4, 1, 0, 0, 0, 0, 2)
  (0, 0, 6, 1, 0, 0, 0, 0, 2)
  (0, 0, 7, 0, 0, 0, 0, 0, 2)

Path 1840 (7 moves):
  (1, 1, 1, 1, 1, 1, 1, 1, 1)
  (1, 1, 1, 1, 0, 2, 1, 1, 1)
  (2, 0, 1, 1, 0, 2, 1, 1, 1)
  (2, 0, 1, 1, 0, 3, 0, 1, 1)
  (2, 0, 4, 1, 0, 0, 0, 1, 1)
  (2, 0, 4, 1, 0, 0, 0, 0, 2)
  (2, 0, 5, 0, 0, 0, 0, 0, 2)
  (0, 0, 7, 0, 0, 0, 0, 0, 2)

Path 1841 (7 moves):
  (1, 1, 1, 1, 1, 1, 1, 1, 1)
  (1, 1, 1, 1, 0, 2, 1, 1, 1)
  (2, 0, 1, 1, 0, 2, 1, 1, 1)
  (2, 0, 1, 1, 0, 3, 0, 1, 1)
  (2, 0, 4, 1, 0, 0, 0, 1, 1)
  (2, 0, 4, 1, 0, 0, 0, 2, 0)
  (0, 0, 6, 1, 0, 0, 0, 2, 0)
  (0, 0, 7, 0, 0, 0, 0, 2, 0)

Path 1842 (7 moves):
  (1, 1, 1, 1, 1, 1, 1, 1, 1)
  (1, 1, 1, 1, 0, 2, 1, 1, 1)
  (2, 0, 1, 1, 0, 2, 1, 1, 1)
  (2, 0, 1, 1, 0, 3, 0, 1, 1)
  (2, 0, 4, 1, 0, 0, 0, 1, 1)
  (2, 0, 4, 1, 0, 0, 0, 2, 0)
  (2, 0, 5, 0, 0, 0, 0, 2, 0)
  (0, 0, 7, 0, 0, 0, 0, 2, 0)

Path 1843 (7 moves):
  (1, 1, 1, 1, 1, 1, 1, 1, 1)
  (1, 1, 1, 1, 0, 2, 1, 1, 1)
  (2, 0, 1, 1, 0, 2, 1, 1, 1)
  (2, 0, 1, 1, 0, 3, 0, 1, 1)
  (2, 0, 1, 1, 0, 0, 0, 1, 4)
  (0, 0, 3, 1, 0, 0, 0, 1, 4)
  (0, 0, 4, 0, 0, 0, 0, 1, 4)
  (0, 0, 4, 0, 0, 0, 0, 0, 5)

Path 1844 (7 moves):
  (1, 1, 1, 1, 1, 1, 1, 1, 1)
  (1, 1, 1, 1, 0, 2, 1, 1, 1)
  (2, 0, 1, 1, 0, 2, 1, 1, 1)
  (2, 0, 1, 1, 0, 3, 0, 1, 1)
  (2, 0, 1, 1, 0, 0, 0, 1, 4)
  (0, 0, 3, 1, 0, 0, 0, 1, 4)
  (0, 0, 3, 1, 0, 0, 0, 0, 5)
  (0, 0, 4, 0, 0, 0, 0, 0, 5)

Path 1845 (7 moves):
  (1, 1, 1, 1, 1, 1, 1, 1, 1)
  (1, 1, 1, 1, 0, 2, 1, 1, 1)
  (2, 0, 1, 1, 0, 2, 1, 1, 1)
  (2, 0, 1, 1, 0, 3, 0, 1, 1)
  (2, 0, 1, 1, 0, 0, 0, 1, 4)
  (0, 0, 3, 1, 0, 0, 0, 1, 4)
  (0, 0, 3, 1, 0, 0, 0, 0, 5)
  (0, 0, 3, 6, 0, 0, 0, 0, 0)

Path 1846 (7 moves):
  (1, 1, 1, 1, 1, 1, 1, 1, 1)
  (1, 1, 1, 1, 0, 2, 1, 1, 1)
  (2, 0, 1, 1, 0, 2, 1, 1, 1)
  (2, 0, 1, 1, 0, 3, 0, 1, 1)
  (2, 0, 1, 1, 0, 0, 0, 1, 4)
  (2, 0, 0, 2, 0, 0, 0, 1, 4)
  (2, 0, 0, 2, 0, 0, 0, 0, 5)
  (2, 0, 0, 7, 0, 0, 0, 0, 0)

Path 1847 (7 moves):
  (1, 1, 1, 1, 1, 1, 1, 1, 1)
  (1, 1, 1, 1, 0, 2, 1, 1, 1)
  (2, 0, 1, 1, 0, 2, 1, 1, 1)
  (2, 0, 1, 1, 0, 3, 0, 1, 1)
  (2, 0, 1, 1, 0, 0, 0, 1, 4)
  (2, 0, 2, 0, 0, 0, 0, 1, 4)
  (0, 0, 4, 0, 0, 0, 0, 1, 4)
  (0, 0, 4, 0, 0, 0, 0, 0, 5)

Path 1848 (7 moves):
  (1, 1, 1, 1, 1, 1, 1, 1, 1)
  (1, 1, 1, 1, 0, 2, 1, 1, 1)
  (2, 0, 1, 1, 0, 2, 1, 1, 1)
  (2, 0, 1, 1, 0, 3, 0, 1, 1)
  (2, 0, 1, 1, 0, 0, 0, 1, 4)
  (2, 0, 2, 0, 0, 0, 0, 1, 4)
  (4, 0, 0, 0, 0, 0, 0, 1, 4)
  (4, 0, 0, 0, 0, 0, 0, 0, 5)

Path 1849 (7 moves):
  (1, 1, 1, 1, 1, 1, 1, 1, 1)
  (1, 1, 1, 1, 0, 2, 1, 1, 1)
  (2, 0, 1, 1, 0, 2, 1, 1, 1)
  (2, 0, 1, 1, 0, 3, 0, 1, 1)
  (2, 0, 1, 1, 0, 0, 0, 1, 4)
  (2, 0, 2, 0, 0, 0, 0, 1, 4)
  (2, 0, 2, 0, 0, 0, 0, 0, 5)
  (0, 0, 4, 0, 0, 0, 0, 0, 5)

Path 1850 (7 moves):
  (1, 1, 1, 1, 1, 1, 1, 1, 1)
  (1, 1, 1, 1, 0, 2, 1, 1, 1)
  (2, 0, 1, 1, 0, 2, 1, 1, 1)
  (2, 0, 1, 1, 0, 3, 0, 1, 1)
  (2, 0, 1, 1, 0, 0, 0, 1, 4)
  (2, 0, 2, 0, 0, 0, 0, 1, 4)
  (2, 0, 2, 0, 0, 0, 0, 0, 5)
  (4, 0, 0, 0, 0, 0, 0, 0, 5)

Path 1851 (7 moves):
  (1, 1, 1, 1, 1, 1, 1, 1, 1)
  (1, 1, 1, 1, 0, 2, 1, 1, 1)
  (2, 0, 1, 1, 0, 2, 1, 1, 1)
  (2, 0, 1, 1, 0, 3, 0, 1, 1)
  (2, 0, 1, 1, 0, 0, 0, 1, 4)
  (2, 0, 1, 1, 0, 0, 0, 0, 5)
  (0, 0, 3, 1, 0, 0, 0, 0, 5)
  (0, 0, 4, 0, 0, 0, 0, 0, 5)

Path 1852 (7 moves):
  (1, 1, 1, 1, 1, 1, 1, 1, 1)
  (1, 1, 1, 1, 0, 2, 1, 1, 1)
  (2, 0, 1, 1, 0, 2, 1, 1, 1)
  (2, 0, 1, 1, 0, 3, 0, 1, 1)
  (2, 0, 1, 1, 0, 0, 0, 1, 4)
  (2, 0, 1, 1, 0, 0, 0, 0, 5)
  (0, 0, 3, 1, 0, 0, 0, 0, 5)
  (0, 0, 3, 6, 0, 0, 0, 0, 0)

Path 1853 (7 moves):
  (1, 1, 1, 1, 1, 1, 1, 1, 1)
  (1, 1, 1, 1, 0, 2, 1, 1, 1)
  (2, 0, 1, 1, 0, 2, 1, 1, 1)
  (2, 0, 1, 1, 0, 3, 0, 1, 1)
  (2, 0, 1, 1, 0, 0, 0, 1, 4)
  (2, 0, 1, 1, 0, 0, 0, 0, 5)
  (2, 0, 0, 2, 0, 0, 0, 0, 5)
  (2, 0, 0, 7, 0, 0, 0, 0, 0)

Path 1854 (7 moves):
  (1, 1, 1, 1, 1, 1, 1, 1, 1)
  (1, 1, 1, 1, 0, 2, 1, 1, 1)
  (2, 0, 1, 1, 0, 2, 1, 1, 1)
  (2, 0, 1, 1, 0, 3, 0, 1, 1)
  (2, 0, 1, 1, 0, 0, 0, 1, 4)
  (2, 0, 1, 1, 0, 0, 0, 0, 5)
  (2, 0, 2, 0, 0, 0, 0, 0, 5)
  (0, 0, 4, 0, 0, 0, 0, 0, 5)

Path 1855 (7 moves):
  (1, 1, 1, 1, 1, 1, 1, 1, 1)
  (1, 1, 1, 1, 0, 2, 1, 1, 1)
  (2, 0, 1, 1, 0, 2, 1, 1, 1)
  (2, 0, 1, 1, 0, 3, 0, 1, 1)
  (2, 0, 1, 1, 0, 0, 0, 1, 4)
  (2, 0, 1, 1, 0, 0, 0, 0, 5)
  (2, 0, 2, 0, 0, 0, 0, 0, 5)
  (4, 0, 0, 0, 0, 0, 0, 0, 5)

Path 1856 (7 moves):
  (1, 1, 1, 1, 1, 1, 1, 1, 1)
  (1, 1, 1, 1, 0, 2, 1, 1, 1)
  (2, 0, 1, 1, 0, 2, 1, 1, 1)
  (2, 0, 1, 1, 0, 3, 0, 1, 1)
  (2, 0, 1, 1, 0, 0, 0, 1, 4)
  (2, 0, 1, 1, 0, 0, 0, 0, 5)
  (2, 0, 1, 6, 0, 0, 0, 0, 0)
  (0, 0, 3, 6, 0, 0, 0, 0, 0)

Path 1857 (7 moves):
  (1, 1, 1, 1, 1, 1, 1, 1, 1)
  (1, 1, 1, 1, 0, 2, 1, 1, 1)
  (2, 0, 1, 1, 0, 2, 1, 1, 1)
  (2, 0, 1, 1, 0, 3, 0, 1, 1)
  (2, 0, 1, 1, 0, 0, 0, 1, 4)
  (2, 0, 1, 1, 0, 0, 0, 0, 5)
  (2, 0, 1, 6, 0, 0, 0, 0, 0)
  (2, 0, 0, 7, 0, 0, 0, 0, 0)

Path 1858 (7 moves):
  (1, 1, 1, 1, 1, 1, 1, 1, 1)
  (1, 1, 1, 1, 0, 2, 1, 1, 1)
  (2, 0, 1, 1, 0, 2, 1, 1, 1)
  (2, 0, 1, 1, 0, 3, 0, 1, 1)
  (2, 0, 1, 1, 0, 3, 0, 0, 2)
  (2, 0, 0, 2, 0, 3, 0, 0, 2)
  (2, 0, 0, 0, 0, 5, 0, 0, 2)
  (7, 0, 0, 0, 0, 0, 0, 0, 2)

Path 1859 (7 moves):
  (1, 1, 1, 1, 1, 1, 1, 1, 1)
  (1, 1, 1, 1, 0, 2, 1, 1, 1)
  (2, 0, 1, 1, 0, 2, 1, 1, 1)
  (2, 0, 1, 1, 0, 3, 0, 1, 1)
  (2, 0, 1, 1, 0, 3, 0, 0, 2)
  (2, 0, 0, 2, 0, 3, 0, 0, 2)
  (2, 0, 0, 2, 0, 0, 0, 0, 5)
  (2, 0, 0, 7, 0, 0, 0, 0, 0)

Path 1860 (7 moves):
  (1, 1, 1, 1, 1, 1, 1, 1, 1)
  (1, 1, 1, 1, 0, 2, 1, 1, 1)
  (2, 0, 1, 1, 0, 2, 1, 1, 1)
  (2, 0, 1, 1, 0, 3, 0, 1, 1)
  (2, 0, 1, 1, 0, 3, 0, 0, 2)
  (2, 0, 2, 0, 0, 3, 0, 0, 2)
  (0, 0, 4, 0, 0, 3, 0, 0, 2)
  (0, 0, 7, 0, 0, 0, 0, 0, 2)

Path 1861 (7 moves):
  (1, 1, 1, 1, 1, 1, 1, 1, 1)
  (1, 1, 1, 1, 0, 2, 1, 1, 1)
  (2, 0, 1, 1, 0, 2, 1, 1, 1)
  (2, 0, 1, 1, 0, 3, 0, 1, 1)
  (2, 0, 1, 1, 0, 3, 0, 0, 2)
  (2, 0, 2, 0, 0, 3, 0, 0, 2)
  (0, 0, 4, 0, 0, 3, 0, 0, 2)
  (0, 0, 4, 0, 0, 0, 0, 0, 5)

Path 1862 (7 moves):
  (1, 1, 1, 1, 1, 1, 1, 1, 1)
  (1, 1, 1, 1, 0, 2, 1, 1, 1)
  (2, 0, 1, 1, 0, 2, 1, 1, 1)
  (2, 0, 1, 1, 0, 3, 0, 1, 1)
  (2, 0, 1, 1, 0, 3, 0, 0, 2)
  (2, 0, 2, 0, 0, 3, 0, 0, 2)
  (4, 0, 0, 0, 0, 3, 0, 0, 2)
  (4, 0, 0, 0, 0, 0, 0, 0, 5)

Path 1863 (7 moves):
  (1, 1, 1, 1, 1, 1, 1, 1, 1)
  (1, 1, 1, 1, 0, 2, 1, 1, 1)
  (2, 0, 1, 1, 0, 2, 1, 1, 1)
  (2, 0, 1, 1, 0, 3, 0, 1, 1)
  (2, 0, 1, 1, 0, 3, 0, 0, 2)
  (2, 0, 2, 0, 0, 3, 0, 0, 2)
  (2, 0, 5, 0, 0, 0, 0, 0, 2)
  (0, 0, 7, 0, 0, 0, 0, 0, 2)

Path 1864 (7 moves):
  (1, 1, 1, 1, 1, 1, 1, 1, 1)
  (1, 1, 1, 1, 0, 2, 1, 1, 1)
  (2, 0, 1, 1, 0, 2, 1, 1, 1)
  (2, 0, 1, 1, 0, 3, 0, 1, 1)
  (2, 0, 1, 1, 0, 3, 0, 0, 2)
  (2, 0, 2, 0, 0, 3, 0, 0, 2)
  (2, 0, 2, 0, 0, 0, 0, 0, 5)
  (0, 0, 4, 0, 0, 0, 0, 0, 5)

Path 1865 (7 moves):
  (1, 1, 1, 1, 1, 1, 1, 1, 1)
  (1, 1, 1, 1, 0, 2, 1, 1, 1)
  (2, 0, 1, 1, 0, 2, 1, 1, 1)
  (2, 0, 1, 1, 0, 3, 0, 1, 1)
  (2, 0, 1, 1, 0, 3, 0, 0, 2)
  (2, 0, 2, 0, 0, 3, 0, 0, 2)
  (2, 0, 2, 0, 0, 0, 0, 0, 5)
  (4, 0, 0, 0, 0, 0, 0, 0, 5)

Path 1866 (7 moves):
  (1, 1, 1, 1, 1, 1, 1, 1, 1)
  (1, 1, 1, 1, 0, 2, 1, 1, 1)
  (2, 0, 1, 1, 0, 2, 1, 1, 1)
  (2, 0, 1, 1, 0, 3, 0, 1, 1)
  (2, 0, 1, 1, 0, 3, 0, 0, 2)
  (2, 0, 4, 1, 0, 0, 0, 0, 2)
  (0, 0, 6, 1, 0, 0, 0, 0, 2)
  (0, 0, 0, 1, 0, 0, 0, 0, 8)

Path 1867 (7 moves):
  (1, 1, 1, 1, 1, 1, 1, 1, 1)
  (1, 1, 1, 1, 0, 2, 1, 1, 1)
  (2, 0, 1, 1, 0, 2, 1, 1, 1)
  (2, 0, 1, 1, 0, 3, 0, 1, 1)
  (2, 0, 1, 1, 0, 3, 0, 0, 2)
  (2, 0, 4, 1, 0, 0, 0, 0, 2)
  (0, 0, 6, 1, 0, 0, 0, 0, 2)
  (0, 0, 7, 0, 0, 0, 0, 0, 2)

Path 1868 (7 moves):
  (1, 1, 1, 1, 1, 1, 1, 1, 1)
  (1, 1, 1, 1, 0, 2, 1, 1, 1)
  (2, 0, 1, 1, 0, 2, 1, 1, 1)
  (2, 0, 1, 1, 0, 3, 0, 1, 1)
  (2, 0, 1, 1, 0, 3, 0, 0, 2)
  (2, 0, 4, 1, 0, 0, 0, 0, 2)
  (2, 0, 5, 0, 0, 0, 0, 0, 2)
  (0, 0, 7, 0, 0, 0, 0, 0, 2)

Path 1869 (7 moves):
  (1, 1, 1, 1, 1, 1, 1, 1, 1)
  (1, 1, 1, 1, 0, 2, 1, 1, 1)
  (2, 0, 1, 1, 0, 2, 1, 1, 1)
  (2, 0, 1, 1, 0, 3, 0, 1, 1)
  (2, 0, 1, 1, 0, 3, 0, 0, 2)
  (2, 0, 1, 1, 0, 0, 0, 0, 5)
  (0, 0, 3, 1, 0, 0, 0, 0, 5)
  (0, 0, 4, 0, 0, 0, 0, 0, 5)

Path 1870 (7 moves):
  (1, 1, 1, 1, 1, 1, 1, 1, 1)
  (1, 1, 1, 1, 0, 2, 1, 1, 1)
  (2, 0, 1, 1, 0, 2, 1, 1, 1)
  (2, 0, 1, 1, 0, 3, 0, 1, 1)
  (2, 0, 1, 1, 0, 3, 0, 0, 2)
  (2, 0, 1, 1, 0, 0, 0, 0, 5)
  (0, 0, 3, 1, 0, 0, 0, 0, 5)
  (0, 0, 3, 6, 0, 0, 0, 0, 0)

Path 1871 (7 moves):
  (1, 1, 1, 1, 1, 1, 1, 1, 1)
  (1, 1, 1, 1, 0, 2, 1, 1, 1)
  (2, 0, 1, 1, 0, 2, 1, 1, 1)
  (2, 0, 1, 1, 0, 3, 0, 1, 1)
  (2, 0, 1, 1, 0, 3, 0, 0, 2)
  (2, 0, 1, 1, 0, 0, 0, 0, 5)
  (2, 0, 0, 2, 0, 0, 0, 0, 5)
  (2, 0, 0, 7, 0, 0, 0, 0, 0)

Path 1872 (7 moves):
  (1, 1, 1, 1, 1, 1, 1, 1, 1)
  (1, 1, 1, 1, 0, 2, 1, 1, 1)
  (2, 0, 1, 1, 0, 2, 1, 1, 1)
  (2, 0, 1, 1, 0, 3, 0, 1, 1)
  (2, 0, 1, 1, 0, 3, 0, 0, 2)
  (2, 0, 1, 1, 0, 0, 0, 0, 5)
  (2, 0, 2, 0, 0, 0, 0, 0, 5)
  (0, 0, 4, 0, 0, 0, 0, 0, 5)

Path 1873 (7 moves):
  (1, 1, 1, 1, 1, 1, 1, 1, 1)
  (1, 1, 1, 1, 0, 2, 1, 1, 1)
  (2, 0, 1, 1, 0, 2, 1, 1, 1)
  (2, 0, 1, 1, 0, 3, 0, 1, 1)
  (2, 0, 1, 1, 0, 3, 0, 0, 2)
  (2, 0, 1, 1, 0, 0, 0, 0, 5)
  (2, 0, 2, 0, 0, 0, 0, 0, 5)
  (4, 0, 0, 0, 0, 0, 0, 0, 5)

Path 1874 (7 moves):
  (1, 1, 1, 1, 1, 1, 1, 1, 1)
  (1, 1, 1, 1, 0, 2, 1, 1, 1)
  (2, 0, 1, 1, 0, 2, 1, 1, 1)
  (2, 0, 1, 1, 0, 3, 0, 1, 1)
  (2, 0, 1, 1, 0, 3, 0, 0, 2)
  (2, 0, 1, 1, 0, 0, 0, 0, 5)
  (2, 0, 1, 6, 0, 0, 0, 0, 0)
  (0, 0, 3, 6, 0, 0, 0, 0, 0)

Path 1875 (7 moves):
  (1, 1, 1, 1, 1, 1, 1, 1, 1)
  (1, 1, 1, 1, 0, 2, 1, 1, 1)
  (2, 0, 1, 1, 0, 2, 1, 1, 1)
  (2, 0, 1, 1, 0, 3, 0, 1, 1)
  (2, 0, 1, 1, 0, 3, 0, 0, 2)
  (2, 0, 1, 1, 0, 0, 0, 0, 5)
  (2, 0, 1, 6, 0, 0, 0, 0, 0)
  (2, 0, 0, 7, 0, 0, 0, 0, 0)

Path 1876 (7 moves):
  (1, 1, 1, 1, 1, 1, 1, 1, 1)
  (1, 1, 1, 1, 0, 2, 1, 1, 1)
  (2, 0, 1, 1, 0, 2, 1, 1, 1)
  (2, 0, 1, 1, 0, 3, 0, 1, 1)
  (2, 0, 1, 1, 0, 3, 0, 2, 0)
  (0, 0, 3, 1, 0, 3, 0, 2, 0)
  (0, 0, 0, 1, 0, 6, 0, 2, 0)
  (0, 0, 0, 1, 0, 8, 0, 0, 0)

Path 1877 (7 moves):
  (1, 1, 1, 1, 1, 1, 1, 1, 1)
  (1, 1, 1, 1, 0, 2, 1, 1, 1)
  (2, 0, 1, 1, 0, 2, 1, 1, 1)
  (2, 0, 1, 1, 0, 3, 0, 1, 1)
  (2, 0, 1, 1, 0, 3, 0, 2, 0)
  (0, 0, 3, 1, 0, 3, 0, 2, 0)
  (0, 0, 4, 0, 0, 3, 0, 2, 0)
  (0, 0, 7, 0, 0, 0, 0, 2, 0)

Path 1878 (7 moves):
  (1, 1, 1, 1, 1, 1, 1, 1, 1)
  (1, 1, 1, 1, 0, 2, 1, 1, 1)
  (2, 0, 1, 1, 0, 2, 1, 1, 1)
  (2, 0, 1, 1, 0, 3, 0, 1, 1)
  (2, 0, 1, 1, 0, 3, 0, 2, 0)
  (0, 0, 3, 1, 0, 3, 0, 2, 0)
  (0, 0, 4, 0, 0, 3, 0, 2, 0)
  (0, 0, 4, 0, 0, 5, 0, 0, 0)

Path 1879 (7 moves):
  (1, 1, 1, 1, 1, 1, 1, 1, 1)
  (1, 1, 1, 1, 0, 2, 1, 1, 1)
  (2, 0, 1, 1, 0, 2, 1, 1, 1)
  (2, 0, 1, 1, 0, 3, 0, 1, 1)
  (2, 0, 1, 1, 0, 3, 0, 2, 0)
  (0, 0, 3, 1, 0, 3, 0, 2, 0)
  (0, 0, 6, 1, 0, 0, 0, 2, 0)
  (0, 0, 7, 0, 0, 0, 0, 2, 0)

Path 1880 (7 moves):
  (1, 1, 1, 1, 1, 1, 1, 1, 1)
  (1, 1, 1, 1, 0, 2, 1, 1, 1)
  (2, 0, 1, 1, 0, 2, 1, 1, 1)
  (2, 0, 1, 1, 0, 3, 0, 1, 1)
  (2, 0, 1, 1, 0, 3, 0, 2, 0)
  (0, 0, 3, 1, 0, 3, 0, 2, 0)
  (0, 0, 3, 1, 0, 5, 0, 0, 0)
  (0, 0, 0, 1, 0, 8, 0, 0, 0)

Path 1881 (7 moves):
  (1, 1, 1, 1, 1, 1, 1, 1, 1)
  (1, 1, 1, 1, 0, 2, 1, 1, 1)
  (2, 0, 1, 1, 0, 2, 1, 1, 1)
  (2, 0, 1, 1, 0, 3, 0, 1, 1)
  (2, 0, 1, 1, 0, 3, 0, 2, 0)
  (0, 0, 3, 1, 0, 3, 0, 2, 0)
  (0, 0, 3, 1, 0, 5, 0, 0, 0)
  (0, 0, 4, 0, 0, 5, 0, 0, 0)

Path 1882 (7 moves):
  (1, 1, 1, 1, 1, 1, 1, 1, 1)
  (1, 1, 1, 1, 0, 2, 1, 1, 1)
  (2, 0, 1, 1, 0, 2, 1, 1, 1)
  (2, 0, 1, 1, 0, 3, 0, 1, 1)
  (2, 0, 1, 1, 0, 3, 0, 2, 0)
  (2, 0, 0, 2, 0, 3, 0, 2, 0)
  (2, 0, 0, 0, 0, 5, 0, 2, 0)
  (2, 0, 0, 0, 0, 7, 0, 0, 0)

Path 1883 (7 moves):
  (1, 1, 1, 1, 1, 1, 1, 1, 1)
  (1, 1, 1, 1, 0, 2, 1, 1, 1)
  (2, 0, 1, 1, 0, 2, 1, 1, 1)
  (2, 0, 1, 1, 0, 3, 0, 1, 1)
  (2, 0, 1, 1, 0, 3, 0, 2, 0)
  (2, 0, 0, 2, 0, 3, 0, 2, 0)
  (2, 0, 0, 2, 0, 5, 0, 0, 0)
  (2, 0, 0, 0, 0, 7, 0, 0, 0)

Path 1884 (7 moves):
  (1, 1, 1, 1, 1, 1, 1, 1, 1)
  (1, 1, 1, 1, 0, 2, 1, 1, 1)
  (2, 0, 1, 1, 0, 2, 1, 1, 1)
  (2, 0, 1, 1, 0, 3, 0, 1, 1)
  (2, 0, 1, 1, 0, 3, 0, 2, 0)
  (2, 0, 0, 2, 0, 3, 0, 2, 0)
  (2, 0, 0, 2, 0, 5, 0, 0, 0)
  (7, 0, 0, 2, 0, 0, 0, 0, 0)

Path 1885 (7 moves):
  (1, 1, 1, 1, 1, 1, 1, 1, 1)
  (1, 1, 1, 1, 0, 2, 1, 1, 1)
  (2, 0, 1, 1, 0, 2, 1, 1, 1)
  (2, 0, 1, 1, 0, 3, 0, 1, 1)
  (2, 0, 1, 1, 0, 3, 0, 2, 0)
  (2, 0, 4, 1, 0, 0, 0, 2, 0)
  (0, 0, 6, 1, 0, 0, 0, 2, 0)
  (0, 0, 7, 0, 0, 0, 0, 2, 0)

Path 1886 (7 moves):
  (1, 1, 1, 1, 1, 1, 1, 1, 1)
  (1, 1, 1, 1, 0, 2, 1, 1, 1)
  (2, 0, 1, 1, 0, 2, 1, 1, 1)
  (2, 0, 1, 1, 0, 3, 0, 1, 1)
  (2, 0, 1, 1, 0, 3, 0, 2, 0)
  (2, 0, 4, 1, 0, 0, 0, 2, 0)
  (2, 0, 5, 0, 0, 0, 0, 2, 0)
  (0, 0, 7, 0, 0, 0, 0, 2, 0)

Path 1887 (7 moves):
  (1, 1, 1, 1, 1, 1, 1, 1, 1)
  (1, 1, 1, 1, 0, 2, 1, 1, 1)
  (2, 0, 1, 1, 0, 2, 1, 1, 1)
  (2, 0, 1, 1, 0, 3, 0, 1, 1)
  (2, 0, 1, 1, 0, 3, 0, 2, 0)
  (2, 0, 1, 1, 0, 5, 0, 0, 0)
  (0, 0, 3, 1, 0, 5, 0, 0, 0)
  (0, 0, 0, 1, 0, 8, 0, 0, 0)

Path 1888 (7 moves):
  (1, 1, 1, 1, 1, 1, 1, 1, 1)
  (1, 1, 1, 1, 0, 2, 1, 1, 1)
  (2, 0, 1, 1, 0, 2, 1, 1, 1)
  (2, 0, 1, 1, 0, 3, 0, 1, 1)
  (2, 0, 1, 1, 0, 3, 0, 2, 0)
  (2, 0, 1, 1, 0, 5, 0, 0, 0)
  (0, 0, 3, 1, 0, 5, 0, 0, 0)
  (0, 0, 4, 0, 0, 5, 0, 0, 0)

Path 1889 (7 moves):
  (1, 1, 1, 1, 1, 1, 1, 1, 1)
  (1, 1, 1, 1, 0, 2, 1, 1, 1)
  (2, 0, 1, 1, 0, 2, 1, 1, 1)
  (2, 0, 1, 1, 0, 3, 0, 1, 1)
  (2, 0, 1, 1, 0, 3, 0, 2, 0)
  (2, 0, 1, 1, 0, 5, 0, 0, 0)
  (2, 0, 0, 2, 0, 5, 0, 0, 0)
  (2, 0, 0, 0, 0, 7, 0, 0, 0)

Path 1890 (7 moves):
  (1, 1, 1, 1, 1, 1, 1, 1, 1)
  (1, 1, 1, 1, 0, 2, 1, 1, 1)
  (2, 0, 1, 1, 0, 2, 1, 1, 1)
  (2, 0, 1, 1, 0, 3, 0, 1, 1)
  (2, 0, 1, 1, 0, 3, 0, 2, 0)
  (2, 0, 1, 1, 0, 5, 0, 0, 0)
  (2, 0, 0, 2, 0, 5, 0, 0, 0)
  (7, 0, 0, 2, 0, 0, 0, 0, 0)

Path 1891 (7 moves):
  (1, 1, 1, 1, 1, 1, 1, 1, 1)
  (1, 1, 1, 1, 0, 2, 1, 1, 1)
  (2, 0, 1, 1, 0, 2, 1, 1, 1)
  (2, 0, 1, 1, 0, 3, 0, 1, 1)
  (2, 0, 1, 1, 0, 3, 0, 2, 0)
  (2, 0, 1, 1, 0, 5, 0, 0, 0)
  (2, 0, 2, 0, 0, 5, 0, 0, 0)
  (0, 0, 4, 0, 0, 5, 0, 0, 0)

Path 1892 (7 moves):
  (1, 1, 1, 1, 1, 1, 1, 1, 1)
  (1, 1, 1, 1, 0, 2, 1, 1, 1)
  (2, 0, 1, 1, 0, 2, 1, 1, 1)
  (2, 0, 1, 1, 0, 3, 0, 1, 1)
  (2, 0, 1, 1, 0, 3, 0, 2, 0)
  (2, 0, 1, 1, 0, 5, 0, 0, 0)
  (7, 0, 1, 1, 0, 0, 0, 0, 0)
  (7, 0, 0, 2, 0, 0, 0, 0, 0)

Path 1893 (7 moves):
  (1, 1, 1, 1, 1, 1, 1, 1, 1)
  (1, 1, 1, 1, 0, 2, 1, 1, 1)
  (2, 0, 1, 1, 0, 2, 1, 1, 1)
  (2, 0, 1, 1, 0, 2, 1, 0, 2)
  (0, 0, 3, 1, 0, 2, 1, 0, 2)
  (0, 0, 4, 0, 0, 2, 1, 0, 2)
  (0, 0, 0, 0, 0, 2, 5, 0, 2)
  (0, 0, 0, 0, 0, 2, 7, 0, 0)

Path 1894 (7 moves):
  (1, 1, 1, 1, 1, 1, 1, 1, 1)
  (1, 1, 1, 1, 0, 2, 1, 1, 1)
  (2, 0, 1, 1, 0, 2, 1, 1, 1)
  (2, 0, 1, 1, 0, 2, 1, 0, 2)
  (0, 0, 3, 1, 0, 2, 1, 0, 2)
  (0, 0, 4, 0, 0, 2, 1, 0, 2)
  (0, 0, 4, 0, 0, 3, 0, 0, 2)
  (0, 0, 7, 0, 0, 0, 0, 0, 2)

Path 1895 (7 moves):
  (1, 1, 1, 1, 1, 1, 1, 1, 1)
  (1, 1, 1, 1, 0, 2, 1, 1, 1)
  (2, 0, 1, 1, 0, 2, 1, 1, 1)
  (2, 0, 1, 1, 0, 2, 1, 0, 2)
  (0, 0, 3, 1, 0, 2, 1, 0, 2)
  (0, 0, 4, 0, 0, 2, 1, 0, 2)
  (0, 0, 4, 0, 0, 3, 0, 0, 2)
  (0, 0, 4, 0, 0, 0, 0, 0, 5)

Path 1896 (7 moves):
  (1, 1, 1, 1, 1, 1, 1, 1, 1)
  (1, 1, 1, 1, 0, 2, 1, 1, 1)
  (2, 0, 1, 1, 0, 2, 1, 1, 1)
  (2, 0, 1, 1, 0, 2, 1, 0, 2)
  (0, 0, 3, 1, 0, 2, 1, 0, 2)
  (0, 0, 4, 0, 0, 2, 1, 0, 2)
  (0, 0, 4, 0, 0, 2, 3, 0, 0)
  (0, 0, 0, 0, 0, 2, 7, 0, 0)

Path 1897 (7 moves):
  (1, 1, 1, 1, 1, 1, 1, 1, 1)
  (1, 1, 1, 1, 0, 2, 1, 1, 1)
  (2, 0, 1, 1, 0, 2, 1, 1, 1)
  (2, 0, 1, 1, 0, 2, 1, 0, 2)
  (0, 0, 3, 1, 0, 2, 1, 0, 2)
  (0, 0, 3, 3, 0, 0, 1, 0, 2)
  (0, 0, 3, 0, 0, 0, 4, 0, 2)
  (0, 0, 7, 0, 0, 0, 0, 0, 2)

Path 1898 (7 moves):
  (1, 1, 1, 1, 1, 1, 1, 1, 1)
  (1, 1, 1, 1, 0, 2, 1, 1, 1)
  (2, 0, 1, 1, 0, 2, 1, 1, 1)
  (2, 0, 1, 1, 0, 2, 1, 0, 2)
  (0, 0, 3, 1, 0, 2, 1, 0, 2)
  (0, 0, 3, 3, 0, 0, 1, 0, 2)
  (0, 0, 3, 0, 0, 0, 4, 0, 2)
  (0, 0, 3, 0, 0, 0, 6, 0, 0)

Path 1899 (7 moves):
  (1, 1, 1, 1, 1, 1, 1, 1, 1)
  (1, 1, 1, 1, 0, 2, 1, 1, 1)
  (2, 0, 1, 1, 0, 2, 1, 1, 1)
  (2, 0, 1, 1, 0, 2, 1, 0, 2)
  (0, 0, 3, 1, 0, 2, 1, 0, 2)
  (0, 0, 3, 3, 0, 0, 1, 0, 2)
  (0, 0, 3, 3, 0, 0, 3, 0, 0)
  (0, 0, 3, 0, 0, 0, 6, 0, 0)

Path 1900 (7 moves):
  (1, 1, 1, 1, 1, 1, 1, 1, 1)
  (1, 1, 1, 1, 0, 2, 1, 1, 1)
  (2, 0, 1, 1, 0, 2, 1, 1, 1)
  (2, 0, 1, 1, 0, 2, 1, 0, 2)
  (0, 0, 3, 1, 0, 2, 1, 0, 2)
  (0, 0, 3, 3, 0, 0, 1, 0, 2)
  (0, 0, 3, 3, 0, 0, 3, 0, 0)
  (0, 0, 3, 6, 0, 0, 0, 0, 0)

Path 1901 (7 moves):
  (1, 1, 1, 1, 1, 1, 1, 1, 1)
  (1, 1, 1, 1, 0, 2, 1, 1, 1)
  (2, 0, 1, 1, 0, 2, 1, 1, 1)
  (2, 0, 1, 1, 0, 2, 1, 0, 2)
  (0, 0, 3, 1, 0, 2, 1, 0, 2)
  (0, 0, 3, 1, 0, 2, 3, 0, 0)
  (0, 0, 0, 1, 0, 5, 3, 0, 0)
  (0, 0, 0, 4, 0, 5, 0, 0, 0)

Path 1902 (7 moves):
  (1, 1, 1, 1, 1, 1, 1, 1, 1)
  (1, 1, 1, 1, 0, 2, 1, 1, 1)
  (2, 0, 1, 1, 0, 2, 1, 1, 1)
  (2, 0, 1, 1, 0, 2, 1, 0, 2)
  (0, 0, 3, 1, 0, 2, 1, 0, 2)
  (0, 0, 3, 1, 0, 2, 3, 0, 0)
  (0, 0, 4, 0, 0, 2, 3, 0, 0)
  (0, 0, 0, 0, 0, 2, 7, 0, 0)

Path 1903 (7 moves):
  (1, 1, 1, 1, 1, 1, 1, 1, 1)
  (1, 1, 1, 1, 0, 2, 1, 1, 1)
  (2, 0, 1, 1, 0, 2, 1, 1, 1)
  (2, 0, 1, 1, 0, 2, 1, 0, 2)
  (0, 0, 3, 1, 0, 2, 1, 0, 2)
  (0, 0, 3, 1, 0, 2, 3, 0, 0)
  (0, 0, 3, 3, 0, 0, 3, 0, 0)
  (0, 0, 3, 0, 0, 0, 6, 0, 0)

Path 1904 (7 moves):
  (1, 1, 1, 1, 1, 1, 1, 1, 1)
  (1, 1, 1, 1, 0, 2, 1, 1, 1)
  (2, 0, 1, 1, 0, 2, 1, 1, 1)
  (2, 0, 1, 1, 0, 2, 1, 0, 2)
  (0, 0, 3, 1, 0, 2, 1, 0, 2)
  (0, 0, 3, 1, 0, 2, 3, 0, 0)
  (0, 0, 3, 3, 0, 0, 3, 0, 0)
  (0, 0, 3, 6, 0, 0, 0, 0, 0)

Path 1905 (7 moves):
  (1, 1, 1, 1, 1, 1, 1, 1, 1)
  (1, 1, 1, 1, 0, 2, 1, 1, 1)
  (2, 0, 1, 1, 0, 2, 1, 1, 1)
  (2, 0, 1, 1, 0, 2, 1, 0, 2)
  (0, 0, 3, 1, 0, 2, 1, 0, 2)
  (0, 0, 3, 1, 0, 2, 3, 0, 0)
  (0, 0, 3, 4, 0, 2, 0, 0, 0)
  (0, 0, 0, 4, 0, 5, 0, 0, 0)

Path 1906 (7 moves):
  (1, 1, 1, 1, 1, 1, 1, 1, 1)
  (1, 1, 1, 1, 0, 2, 1, 1, 1)
  (2, 0, 1, 1, 0, 2, 1, 1, 1)
  (2, 0, 1, 1, 0, 2, 1, 0, 2)
  (0, 0, 3, 1, 0, 2, 1, 0, 2)
  (0, 0, 3, 1, 0, 2, 3, 0, 0)
  (0, 0, 3, 4, 0, 2, 0, 0, 0)
  (0, 0, 3, 6, 0, 0, 0, 0, 0)

Path 1907 (7 moves):
  (1, 1, 1, 1, 1, 1, 1, 1, 1)
  (1, 1, 1, 1, 0, 2, 1, 1, 1)
  (2, 0, 1, 1, 0, 2, 1, 1, 1)
  (2, 0, 1, 1, 0, 2, 1, 0, 2)
  (2, 0, 0, 2, 0, 2, 1, 0, 2)
  (2, 0, 0, 4, 0, 0, 1, 0, 2)
  (2, 0, 0, 4, 0, 0, 3, 0, 0)
  (2, 0, 0, 7, 0, 0, 0, 0, 0)

Path 1908 (7 moves):
  (1, 1, 1, 1, 1, 1, 1, 1, 1)
  (1, 1, 1, 1, 0, 2, 1, 1, 1)
  (2, 0, 1, 1, 0, 2, 1, 1, 1)
  (2, 0, 1, 1, 0, 2, 1, 0, 2)
  (2, 0, 0, 2, 0, 2, 1, 0, 2)
  (2, 0, 0, 2, 0, 3, 0, 0, 2)
  (2, 0, 0, 0, 0, 5, 0, 0, 2)
  (7, 0, 0, 0, 0, 0, 0, 0, 2)

Path 1909 (7 moves):
  (1, 1, 1, 1, 1, 1, 1, 1, 1)
  (1, 1, 1, 1, 0, 2, 1, 1, 1)
  (2, 0, 1, 1, 0, 2, 1, 1, 1)
  (2, 0, 1, 1, 0, 2, 1, 0, 2)
  (2, 0, 0, 2, 0, 2, 1, 0, 2)
  (2, 0, 0, 2, 0, 3, 0, 0, 2)
  (2, 0, 0, 2, 0, 0, 0, 0, 5)
  (2, 0, 0, 7, 0, 0, 0, 0, 0)

Path 1910 (7 moves):
  (1, 1, 1, 1, 1, 1, 1, 1, 1)
  (1, 1, 1, 1, 0, 2, 1, 1, 1)
  (2, 0, 1, 1, 0, 2, 1, 1, 1)
  (2, 0, 1, 1, 0, 2, 1, 0, 2)
  (2, 0, 2, 0, 0, 2, 1, 0, 2)
  (0, 0, 4, 0, 0, 2, 1, 0, 2)
  (0, 0, 0, 0, 0, 2, 5, 0, 2)
  (0, 0, 0, 0, 0, 2, 7, 0, 0)

Path 1911 (7 moves):
  (1, 1, 1, 1, 1, 1, 1, 1, 1)
  (1, 1, 1, 1, 0, 2, 1, 1, 1)
  (2, 0, 1, 1, 0, 2, 1, 1, 1)
  (2, 0, 1, 1, 0, 2, 1, 0, 2)
  (2, 0, 2, 0, 0, 2, 1, 0, 2)
  (0, 0, 4, 0, 0, 2, 1, 0, 2)
  (0, 0, 4, 0, 0, 3, 0, 0, 2)
  (0, 0, 7, 0, 0, 0, 0, 0, 2)

Path 1912 (7 moves):
  (1, 1, 1, 1, 1, 1, 1, 1, 1)
  (1, 1, 1, 1, 0, 2, 1, 1, 1)
  (2, 0, 1, 1, 0, 2, 1, 1, 1)
  (2, 0, 1, 1, 0, 2, 1, 0, 2)
  (2, 0, 2, 0, 0, 2, 1, 0, 2)
  (0, 0, 4, 0, 0, 2, 1, 0, 2)
  (0, 0, 4, 0, 0, 3, 0, 0, 2)
  (0, 0, 4, 0, 0, 0, 0, 0, 5)

Path 1913 (7 moves):
  (1, 1, 1, 1, 1, 1, 1, 1, 1)
  (1, 1, 1, 1, 0, 2, 1, 1, 1)
  (2, 0, 1, 1, 0, 2, 1, 1, 1)
  (2, 0, 1, 1, 0, 2, 1, 0, 2)
  (2, 0, 2, 0, 0, 2, 1, 0, 2)
  (0, 0, 4, 0, 0, 2, 1, 0, 2)
  (0, 0, 4, 0, 0, 2, 3, 0, 0)
  (0, 0, 0, 0, 0, 2, 7, 0, 0)

Path 1914 (7 moves):
  (1, 1, 1, 1, 1, 1, 1, 1, 1)
  (1, 1, 1, 1, 0, 2, 1, 1, 1)
  (2, 0, 1, 1, 0, 2, 1, 1, 1)
  (2, 0, 1, 1, 0, 2, 1, 0, 2)
  (2, 0, 2, 0, 0, 2, 1, 0, 2)
  (2, 0, 2, 0, 0, 3, 0, 0, 2)
  (0, 0, 4, 0, 0, 3, 0, 0, 2)
  (0, 0, 7, 0, 0, 0, 0, 0, 2)

Path 1915 (7 moves):
  (1, 1, 1, 1, 1, 1, 1, 1, 1)
  (1, 1, 1, 1, 0, 2, 1, 1, 1)
  (2, 0, 1, 1, 0, 2, 1, 1, 1)
  (2, 0, 1, 1, 0, 2, 1, 0, 2)
  (2, 0, 2, 0, 0, 2, 1, 0, 2)
  (2, 0, 2, 0, 0, 3, 0, 0, 2)
  (0, 0, 4, 0, 0, 3, 0, 0, 2)
  (0, 0, 4, 0, 0, 0, 0, 0, 5)

Path 1916 (7 moves):
  (1, 1, 1, 1, 1, 1, 1, 1, 1)
  (1, 1, 1, 1, 0, 2, 1, 1, 1)
  (2, 0, 1, 1, 0, 2, 1, 1, 1)
  (2, 0, 1, 1, 0, 2, 1, 0, 2)
  (2, 0, 2, 0, 0, 2, 1, 0, 2)
  (2, 0, 2, 0, 0, 3, 0, 0, 2)
  (4, 0, 0, 0, 0, 3, 0, 0, 2)
  (4, 0, 0, 0, 0, 0, 0, 0, 5)

Path 1917 (7 moves):
  (1, 1, 1, 1, 1, 1, 1, 1, 1)
  (1, 1, 1, 1, 0, 2, 1, 1, 1)
  (2, 0, 1, 1, 0, 2, 1, 1, 1)
  (2, 0, 1, 1, 0, 2, 1, 0, 2)
  (2, 0, 2, 0, 0, 2, 1, 0, 2)
  (2, 0, 2, 0, 0, 3, 0, 0, 2)
  (2, 0, 5, 0, 0, 0, 0, 0, 2)
  (0, 0, 7, 0, 0, 0, 0, 0, 2)

Path 1918 (7 moves):
  (1, 1, 1, 1, 1, 1, 1, 1, 1)
  (1, 1, 1, 1, 0, 2, 1, 1, 1)
  (2, 0, 1, 1, 0, 2, 1, 1, 1)
  (2, 0, 1, 1, 0, 2, 1, 0, 2)
  (2, 0, 2, 0, 0, 2, 1, 0, 2)
  (2, 0, 2, 0, 0, 3, 0, 0, 2)
  (2, 0, 2, 0, 0, 0, 0, 0, 5)
  (0, 0, 4, 0, 0, 0, 0, 0, 5)

Path 1919 (7 moves):
  (1, 1, 1, 1, 1, 1, 1, 1, 1)
  (1, 1, 1, 1, 0, 2, 1, 1, 1)
  (2, 0, 1, 1, 0, 2, 1, 1, 1)
  (2, 0, 1, 1, 0, 2, 1, 0, 2)
  (2, 0, 2, 0, 0, 2, 1, 0, 2)
  (2, 0, 2, 0, 0, 3, 0, 0, 2)
  (2, 0, 2, 0, 0, 0, 0, 0, 5)
  (4, 0, 0, 0, 0, 0, 0, 0, 5)

Path 1920 (7 moves):
  (1, 1, 1, 1, 1, 1, 1, 1, 1)
  (1, 1, 1, 1, 0, 2, 1, 1, 1)
  (2, 0, 1, 1, 0, 2, 1, 1, 1)
  (2, 0, 1, 1, 0, 2, 1, 0, 2)
  (2, 0, 1, 3, 0, 0, 1, 0, 2)
  (0, 0, 3, 3, 0, 0, 1, 0, 2)
  (0, 0, 3, 0, 0, 0, 4, 0, 2)
  (0, 0, 7, 0, 0, 0, 0, 0, 2)

Path 1921 (7 moves):
  (1, 1, 1, 1, 1, 1, 1, 1, 1)
  (1, 1, 1, 1, 0, 2, 1, 1, 1)
  (2, 0, 1, 1, 0, 2, 1, 1, 1)
  (2, 0, 1, 1, 0, 2, 1, 0, 2)
  (2, 0, 1, 3, 0, 0, 1, 0, 2)
  (0, 0, 3, 3, 0, 0, 1, 0, 2)
  (0, 0, 3, 0, 0, 0, 4, 0, 2)
  (0, 0, 3, 0, 0, 0, 6, 0, 0)

Path 1922 (7 moves):
  (1, 1, 1, 1, 1, 1, 1, 1, 1)
  (1, 1, 1, 1, 0, 2, 1, 1, 1)
  (2, 0, 1, 1, 0, 2, 1, 1, 1)
  (2, 0, 1, 1, 0, 2, 1, 0, 2)
  (2, 0, 1, 3, 0, 0, 1, 0, 2)
  (0, 0, 3, 3, 0, 0, 1, 0, 2)
  (0, 0, 3, 3, 0, 0, 3, 0, 0)
  (0, 0, 3, 0, 0, 0, 6, 0, 0)

Path 1923 (7 moves):
  (1, 1, 1, 1, 1, 1, 1, 1, 1)
  (1, 1, 1, 1, 0, 2, 1, 1, 1)
  (2, 0, 1, 1, 0, 2, 1, 1, 1)
  (2, 0, 1, 1, 0, 2, 1, 0, 2)
  (2, 0, 1, 3, 0, 0, 1, 0, 2)
  (0, 0, 3, 3, 0, 0, 1, 0, 2)
  (0, 0, 3, 3, 0, 0, 3, 0, 0)
  (0, 0, 3, 6, 0, 0, 0, 0, 0)

Path 1924 (7 moves):
  (1, 1, 1, 1, 1, 1, 1, 1, 1)
  (1, 1, 1, 1, 0, 2, 1, 1, 1)
  (2, 0, 1, 1, 0, 2, 1, 1, 1)
  (2, 0, 1, 1, 0, 2, 1, 0, 2)
  (2, 0, 1, 3, 0, 0, 1, 0, 2)
  (2, 0, 0, 4, 0, 0, 1, 0, 2)
  (2, 0, 0, 4, 0, 0, 3, 0, 0)
  (2, 0, 0, 7, 0, 0, 0, 0, 0)

Path 1925 (7 moves):
  (1, 1, 1, 1, 1, 1, 1, 1, 1)
  (1, 1, 1, 1, 0, 2, 1, 1, 1)
  (2, 0, 1, 1, 0, 2, 1, 1, 1)
  (2, 0, 1, 1, 0, 2, 1, 0, 2)
  (2, 0, 1, 3, 0, 0, 1, 0, 2)
  (2, 0, 1, 0, 0, 0, 4, 0, 2)
  (0, 0, 3, 0, 0, 0, 4, 0, 2)
  (0, 0, 7, 0, 0, 0, 0, 0, 2)

Path 1926 (7 moves):
  (1, 1, 1, 1, 1, 1, 1, 1, 1)
  (1, 1, 1, 1, 0, 2, 1, 1, 1)
  (2, 0, 1, 1, 0, 2, 1, 1, 1)
  (2, 0, 1, 1, 0, 2, 1, 0, 2)
  (2, 0, 1, 3, 0, 0, 1, 0, 2)
  (2, 0, 1, 0, 0, 0, 4, 0, 2)
  (0, 0, 3, 0, 0, 0, 4, 0, 2)
  (0, 0, 3, 0, 0, 0, 6, 0, 0)

Path 1927 (7 moves):
  (1, 1, 1, 1, 1, 1, 1, 1, 1)
  (1, 1, 1, 1, 0, 2, 1, 1, 1)
  (2, 0, 1, 1, 0, 2, 1, 1, 1)
  (2, 0, 1, 1, 0, 2, 1, 0, 2)
  (2, 0, 1, 3, 0, 0, 1, 0, 2)
  (2, 0, 1, 0, 0, 0, 4, 0, 2)
  (2, 0, 5, 0, 0, 0, 0, 0, 2)
  (0, 0, 7, 0, 0, 0, 0, 0, 2)

Path 1928 (7 moves):
  (1, 1, 1, 1, 1, 1, 1, 1, 1)
  (1, 1, 1, 1, 0, 2, 1, 1, 1)
  (2, 0, 1, 1, 0, 2, 1, 1, 1)
  (2, 0, 1, 1, 0, 2, 1, 0, 2)
  (2, 0, 1, 3, 0, 0, 1, 0, 2)
  (2, 0, 1, 0, 0, 0, 4, 0, 2)
  (2, 0, 1, 0, 0, 0, 6, 0, 0)
  (0, 0, 3, 0, 0, 0, 6, 0, 0)

Path 1929 (7 moves):
  (1, 1, 1, 1, 1, 1, 1, 1, 1)
  (1, 1, 1, 1, 0, 2, 1, 1, 1)
  (2, 0, 1, 1, 0, 2, 1, 1, 1)
  (2, 0, 1, 1, 0, 2, 1, 0, 2)
  (2, 0, 1, 3, 0, 0, 1, 0, 2)
  (2, 0, 1, 0, 0, 0, 4, 0, 2)
  (2, 0, 1, 0, 0, 0, 6, 0, 0)
  (8, 0, 1, 0, 0, 0, 0, 0, 0)

Path 1930 (7 moves):
  (1, 1, 1, 1, 1, 1, 1, 1, 1)
  (1, 1, 1, 1, 0, 2, 1, 1, 1)
  (2, 0, 1, 1, 0, 2, 1, 1, 1)
  (2, 0, 1, 1, 0, 2, 1, 0, 2)
  (2, 0, 1, 1, 0, 3, 0, 0, 2)
  (2, 0, 0, 2, 0, 3, 0, 0, 2)
  (2, 0, 0, 0, 0, 5, 0, 0, 2)
  (7, 0, 0, 0, 0, 0, 0, 0, 2)

Path 1931 (7 moves):
  (1, 1, 1, 1, 1, 1, 1, 1, 1)
  (1, 1, 1, 1, 0, 2, 1, 1, 1)
  (2, 0, 1, 1, 0, 2, 1, 1, 1)
  (2, 0, 1, 1, 0, 2, 1, 0, 2)
  (2, 0, 1, 1, 0, 3, 0, 0, 2)
  (2, 0, 0, 2, 0, 3, 0, 0, 2)
  (2, 0, 0, 2, 0, 0, 0, 0, 5)
  (2, 0, 0, 7, 0, 0, 0, 0, 0)

Path 1932 (7 moves):
  (1, 1, 1, 1, 1, 1, 1, 1, 1)
  (1, 1, 1, 1, 0, 2, 1, 1, 1)
  (2, 0, 1, 1, 0, 2, 1, 1, 1)
  (2, 0, 1, 1, 0, 2, 1, 0, 2)
  (2, 0, 1, 1, 0, 3, 0, 0, 2)
  (2, 0, 2, 0, 0, 3, 0, 0, 2)
  (0, 0, 4, 0, 0, 3, 0, 0, 2)
  (0, 0, 7, 0, 0, 0, 0, 0, 2)

Path 1933 (7 moves):
  (1, 1, 1, 1, 1, 1, 1, 1, 1)
  (1, 1, 1, 1, 0, 2, 1, 1, 1)
  (2, 0, 1, 1, 0, 2, 1, 1, 1)
  (2, 0, 1, 1, 0, 2, 1, 0, 2)
  (2, 0, 1, 1, 0, 3, 0, 0, 2)
  (2, 0, 2, 0, 0, 3, 0, 0, 2)
  (0, 0, 4, 0, 0, 3, 0, 0, 2)
  (0, 0, 4, 0, 0, 0, 0, 0, 5)

Path 1934 (7 moves):
  (1, 1, 1, 1, 1, 1, 1, 1, 1)
  (1, 1, 1, 1, 0, 2, 1, 1, 1)
  (2, 0, 1, 1, 0, 2, 1, 1, 1)
  (2, 0, 1, 1, 0, 2, 1, 0, 2)
  (2, 0, 1, 1, 0, 3, 0, 0, 2)
  (2, 0, 2, 0, 0, 3, 0, 0, 2)
  (4, 0, 0, 0, 0, 3, 0, 0, 2)
  (4, 0, 0, 0, 0, 0, 0, 0, 5)

Path 1935 (7 moves):
  (1, 1, 1, 1, 1, 1, 1, 1, 1)
  (1, 1, 1, 1, 0, 2, 1, 1, 1)
  (2, 0, 1, 1, 0, 2, 1, 1, 1)
  (2, 0, 1, 1, 0, 2, 1, 0, 2)
  (2, 0, 1, 1, 0, 3, 0, 0, 2)
  (2, 0, 2, 0, 0, 3, 0, 0, 2)
  (2, 0, 5, 0, 0, 0, 0, 0, 2)
  (0, 0, 7, 0, 0, 0, 0, 0, 2)

Path 1936 (7 moves):
  (1, 1, 1, 1, 1, 1, 1, 1, 1)
  (1, 1, 1, 1, 0, 2, 1, 1, 1)
  (2, 0, 1, 1, 0, 2, 1, 1, 1)
  (2, 0, 1, 1, 0, 2, 1, 0, 2)
  (2, 0, 1, 1, 0, 3, 0, 0, 2)
  (2, 0, 2, 0, 0, 3, 0, 0, 2)
  (2, 0, 2, 0, 0, 0, 0, 0, 5)
  (0, 0, 4, 0, 0, 0, 0, 0, 5)

Path 1937 (7 moves):
  (1, 1, 1, 1, 1, 1, 1, 1, 1)
  (1, 1, 1, 1, 0, 2, 1, 1, 1)
  (2, 0, 1, 1, 0, 2, 1, 1, 1)
  (2, 0, 1, 1, 0, 2, 1, 0, 2)
  (2, 0, 1, 1, 0, 3, 0, 0, 2)
  (2, 0, 2, 0, 0, 3, 0, 0, 2)
  (2, 0, 2, 0, 0, 0, 0, 0, 5)
  (4, 0, 0, 0, 0, 0, 0, 0, 5)

Path 1938 (7 moves):
  (1, 1, 1, 1, 1, 1, 1, 1, 1)
  (1, 1, 1, 1, 0, 2, 1, 1, 1)
  (2, 0, 1, 1, 0, 2, 1, 1, 1)
  (2, 0, 1, 1, 0, 2, 1, 0, 2)
  (2, 0, 1, 1, 0, 3, 0, 0, 2)
  (2, 0, 4, 1, 0, 0, 0, 0, 2)
  (0, 0, 6, 1, 0, 0, 0, 0, 2)
  (0, 0, 0, 1, 0, 0, 0, 0, 8)

Path 1939 (7 moves):
  (1, 1, 1, 1, 1, 1, 1, 1, 1)
  (1, 1, 1, 1, 0, 2, 1, 1, 1)
  (2, 0, 1, 1, 0, 2, 1, 1, 1)
  (2, 0, 1, 1, 0, 2, 1, 0, 2)
  (2, 0, 1, 1, 0, 3, 0, 0, 2)
  (2, 0, 4, 1, 0, 0, 0, 0, 2)
  (0, 0, 6, 1, 0, 0, 0, 0, 2)
  (0, 0, 7, 0, 0, 0, 0, 0, 2)

Path 1940 (7 moves):
  (1, 1, 1, 1, 1, 1, 1, 1, 1)
  (1, 1, 1, 1, 0, 2, 1, 1, 1)
  (2, 0, 1, 1, 0, 2, 1, 1, 1)
  (2, 0, 1, 1, 0, 2, 1, 0, 2)
  (2, 0, 1, 1, 0, 3, 0, 0, 2)
  (2, 0, 4, 1, 0, 0, 0, 0, 2)
  (2, 0, 5, 0, 0, 0, 0, 0, 2)
  (0, 0, 7, 0, 0, 0, 0, 0, 2)

Path 1941 (7 moves):
  (1, 1, 1, 1, 1, 1, 1, 1, 1)
  (1, 1, 1, 1, 0, 2, 1, 1, 1)
  (2, 0, 1, 1, 0, 2, 1, 1, 1)
  (2, 0, 1, 1, 0, 2, 1, 0, 2)
  (2, 0, 1, 1, 0, 3, 0, 0, 2)
  (2, 0, 1, 1, 0, 0, 0, 0, 5)
  (0, 0, 3, 1, 0, 0, 0, 0, 5)
  (0, 0, 4, 0, 0, 0, 0, 0, 5)

Path 1942 (7 moves):
  (1, 1, 1, 1, 1, 1, 1, 1, 1)
  (1, 1, 1, 1, 0, 2, 1, 1, 1)
  (2, 0, 1, 1, 0, 2, 1, 1, 1)
  (2, 0, 1, 1, 0, 2, 1, 0, 2)
  (2, 0, 1, 1, 0, 3, 0, 0, 2)
  (2, 0, 1, 1, 0, 0, 0, 0, 5)
  (0, 0, 3, 1, 0, 0, 0, 0, 5)
  (0, 0, 3, 6, 0, 0, 0, 0, 0)

Path 1943 (7 moves):
  (1, 1, 1, 1, 1, 1, 1, 1, 1)
  (1, 1, 1, 1, 0, 2, 1, 1, 1)
  (2, 0, 1, 1, 0, 2, 1, 1, 1)
  (2, 0, 1, 1, 0, 2, 1, 0, 2)
  (2, 0, 1, 1, 0, 3, 0, 0, 2)
  (2, 0, 1, 1, 0, 0, 0, 0, 5)
  (2, 0, 0, 2, 0, 0, 0, 0, 5)
  (2, 0, 0, 7, 0, 0, 0, 0, 0)

Path 1944 (7 moves):
  (1, 1, 1, 1, 1, 1, 1, 1, 1)
  (1, 1, 1, 1, 0, 2, 1, 1, 1)
  (2, 0, 1, 1, 0, 2, 1, 1, 1)
  (2, 0, 1, 1, 0, 2, 1, 0, 2)
  (2, 0, 1, 1, 0, 3, 0, 0, 2)
  (2, 0, 1, 1, 0, 0, 0, 0, 5)
  (2, 0, 2, 0, 0, 0, 0, 0, 5)
  (0, 0, 4, 0, 0, 0, 0, 0, 5)

Path 1945 (7 moves):
  (1, 1, 1, 1, 1, 1, 1, 1, 1)
  (1, 1, 1, 1, 0, 2, 1, 1, 1)
  (2, 0, 1, 1, 0, 2, 1, 1, 1)
  (2, 0, 1, 1, 0, 2, 1, 0, 2)
  (2, 0, 1, 1, 0, 3, 0, 0, 2)
  (2, 0, 1, 1, 0, 0, 0, 0, 5)
  (2, 0, 2, 0, 0, 0, 0, 0, 5)
  (4, 0, 0, 0, 0, 0, 0, 0, 5)

Path 1946 (7 moves):
  (1, 1, 1, 1, 1, 1, 1, 1, 1)
  (1, 1, 1, 1, 0, 2, 1, 1, 1)
  (2, 0, 1, 1, 0, 2, 1, 1, 1)
  (2, 0, 1, 1, 0, 2, 1, 0, 2)
  (2, 0, 1, 1, 0, 3, 0, 0, 2)
  (2, 0, 1, 1, 0, 0, 0, 0, 5)
  (2, 0, 1, 6, 0, 0, 0, 0, 0)
  (0, 0, 3, 6, 0, 0, 0, 0, 0)

Path 1947 (7 moves):
  (1, 1, 1, 1, 1, 1, 1, 1, 1)
  (1, 1, 1, 1, 0, 2, 1, 1, 1)
  (2, 0, 1, 1, 0, 2, 1, 1, 1)
  (2, 0, 1, 1, 0, 2, 1, 0, 2)
  (2, 0, 1, 1, 0, 3, 0, 0, 2)
  (2, 0, 1, 1, 0, 0, 0, 0, 5)
  (2, 0, 1, 6, 0, 0, 0, 0, 0)
  (2, 0, 0, 7, 0, 0, 0, 0, 0)

Path 1948 (7 moves):
  (1, 1, 1, 1, 1, 1, 1, 1, 1)
  (1, 1, 1, 1, 0, 2, 1, 1, 1)
  (2, 0, 1, 1, 0, 2, 1, 1, 1)
  (2, 0, 1, 1, 0, 2, 1, 0, 2)
  (2, 0, 1, 1, 0, 2, 3, 0, 0)
  (0, 0, 3, 1, 0, 2, 3, 0, 0)
  (0, 0, 0, 1, 0, 5, 3, 0, 0)
  (0, 0, 0, 4, 0, 5, 0, 0, 0)

Path 1949 (7 moves):
  (1, 1, 1, 1, 1, 1, 1, 1, 1)
  (1, 1, 1, 1, 0, 2, 1, 1, 1)
  (2, 0, 1, 1, 0, 2, 1, 1, 1)
  (2, 0, 1, 1, 0, 2, 1, 0, 2)
  (2, 0, 1, 1, 0, 2, 3, 0, 0)
  (0, 0, 3, 1, 0, 2, 3, 0, 0)
  (0, 0, 4, 0, 0, 2, 3, 0, 0)
  (0, 0, 0, 0, 0, 2, 7, 0, 0)

Path 1950 (7 moves):
  (1, 1, 1, 1, 1, 1, 1, 1, 1)
  (1, 1, 1, 1, 0, 2, 1, 1, 1)
  (2, 0, 1, 1, 0, 2, 1, 1, 1)
  (2, 0, 1, 1, 0, 2, 1, 0, 2)
  (2, 0, 1, 1, 0, 2, 3, 0, 0)
  (0, 0, 3, 1, 0, 2, 3, 0, 0)
  (0, 0, 3, 3, 0, 0, 3, 0, 0)
  (0, 0, 3, 0, 0, 0, 6, 0, 0)

Path 1951 (7 moves):
  (1, 1, 1, 1, 1, 1, 1, 1, 1)
  (1, 1, 1, 1, 0, 2, 1, 1, 1)
  (2, 0, 1, 1, 0, 2, 1, 1, 1)
  (2, 0, 1, 1, 0, 2, 1, 0, 2)
  (2, 0, 1, 1, 0, 2, 3, 0, 0)
  (0, 0, 3, 1, 0, 2, 3, 0, 0)
  (0, 0, 3, 3, 0, 0, 3, 0, 0)
  (0, 0, 3, 6, 0, 0, 0, 0, 0)

Path 1952 (7 moves):
  (1, 1, 1, 1, 1, 1, 1, 1, 1)
  (1, 1, 1, 1, 0, 2, 1, 1, 1)
  (2, 0, 1, 1, 0, 2, 1, 1, 1)
  (2, 0, 1, 1, 0, 2, 1, 0, 2)
  (2, 0, 1, 1, 0, 2, 3, 0, 0)
  (0, 0, 3, 1, 0, 2, 3, 0, 0)
  (0, 0, 3, 4, 0, 2, 0, 0, 0)
  (0, 0, 0, 4, 0, 5, 0, 0, 0)

Path 1953 (7 moves):
  (1, 1, 1, 1, 1, 1, 1, 1, 1)
  (1, 1, 1, 1, 0, 2, 1, 1, 1)
  (2, 0, 1, 1, 0, 2, 1, 1, 1)
  (2, 0, 1, 1, 0, 2, 1, 0, 2)
  (2, 0, 1, 1, 0, 2, 3, 0, 0)
  (0, 0, 3, 1, 0, 2, 3, 0, 0)
  (0, 0, 3, 4, 0, 2, 0, 0, 0)
  (0, 0, 3, 6, 0, 0, 0, 0, 0)

Path 1954 (7 moves):
  (1, 1, 1, 1, 1, 1, 1, 1, 1)
  (1, 1, 1, 1, 0, 2, 1, 1, 1)
  (2, 0, 1, 1, 0, 2, 1, 1, 1)
  (2, 0, 1, 1, 0, 2, 1, 0, 2)
  (2, 0, 1, 1, 0, 2, 3, 0, 0)
  (2, 0, 1, 4, 0, 2, 0, 0, 0)
  (0, 0, 3, 4, 0, 2, 0, 0, 0)
  (0, 0, 0, 4, 0, 5, 0, 0, 0)

Path 1955 (7 moves):
  (1, 1, 1, 1, 1, 1, 1, 1, 1)
  (1, 1, 1, 1, 0, 2, 1, 1, 1)
  (2, 0, 1, 1, 0, 2, 1, 1, 1)
  (2, 0, 1, 1, 0, 2, 1, 0, 2)
  (2, 0, 1, 1, 0, 2, 3, 0, 0)
  (2, 0, 1, 4, 0, 2, 0, 0, 0)
  (0, 0, 3, 4, 0, 2, 0, 0, 0)
  (0, 0, 3, 6, 0, 0, 0, 0, 0)

Path 1956 (7 moves):
  (1, 1, 1, 1, 1, 1, 1, 1, 1)
  (1, 1, 1, 1, 0, 2, 1, 1, 1)
  (2, 0, 1, 1, 0, 2, 1, 1, 1)
  (2, 0, 1, 1, 0, 2, 1, 0, 2)
  (2, 0, 1, 1, 0, 2, 3, 0, 0)
  (2, 0, 1, 4, 0, 2, 0, 0, 0)
  (2, 0, 0, 5, 0, 2, 0, 0, 0)
  (2, 0, 0, 7, 0, 0, 0, 0, 0)

Path 1957 (7 moves):
  (1, 1, 1, 1, 1, 1, 1, 1, 1)
  (1, 1, 1, 1, 0, 2, 1, 1, 1)
  (2, 0, 1, 1, 0, 2, 1, 1, 1)
  (2, 0, 1, 1, 0, 2, 1, 0, 2)
  (2, 0, 1, 1, 0, 2, 3, 0, 0)
  (2, 0, 1, 4, 0, 2, 0, 0, 0)
  (2, 0, 1, 6, 0, 0, 0, 0, 0)
  (0, 0, 3, 6, 0, 0, 0, 0, 0)

Path 1958 (7 moves):
  (1, 1, 1, 1, 1, 1, 1, 1, 1)
  (1, 1, 1, 1, 0, 2, 1, 1, 1)
  (2, 0, 1, 1, 0, 2, 1, 1, 1)
  (2, 0, 1, 1, 0, 2, 1, 0, 2)
  (2, 0, 1, 1, 0, 2, 3, 0, 0)
  (2, 0, 1, 4, 0, 2, 0, 0, 0)
  (2, 0, 1, 6, 0, 0, 0, 0, 0)
  (2, 0, 0, 7, 0, 0, 0, 0, 0)

Path 1959 (7 moves):
  (1, 1, 1, 1, 1, 1, 1, 1, 1)
  (1, 1, 1, 1, 0, 2, 1, 1, 1)
  (1, 0, 2, 1, 0, 2, 1, 1, 1)
  (1, 0, 2, 1, 0, 2, 2, 0, 1)
  (3, 0, 0, 1, 0, 2, 2, 0, 1)
  (0, 0, 0, 4, 0, 2, 2, 0, 1)
  (0, 0, 0, 6, 0, 0, 2, 0, 1)
  (0, 0, 0, 6, 0, 0, 0, 0, 3)

Path 1960 (7 moves):
  (1, 1, 1, 1, 1, 1, 1, 1, 1)
  (1, 1, 1, 1, 0, 2, 1, 1, 1)
  (1, 0, 2, 1, 0, 2, 1, 1, 1)
  (1, 0, 2, 1, 0, 2, 2, 0, 1)
  (3, 0, 0, 1, 0, 2, 2, 0, 1)
  (0, 0, 0, 4, 0, 2, 2, 0, 1)
  (0, 0, 0, 4, 0, 2, 0, 0, 3)
  (0, 0, 0, 6, 0, 0, 0, 0, 3)

Path 1961 (7 moves):
  (1, 1, 1, 1, 1, 1, 1, 1, 1)
  (1, 1, 1, 1, 0, 2, 1, 1, 1)
  (1, 0, 2, 1, 0, 2, 1, 1, 1)
  (1, 0, 2, 1, 0, 2, 2, 0, 1)
  (3, 0, 0, 1, 0, 2, 2, 0, 1)
  (0, 0, 0, 4, 0, 2, 2, 0, 1)
  (0, 0, 0, 4, 0, 2, 0, 0, 3)
  (0, 0, 0, 4, 0, 5, 0, 0, 0)

Path 1962 (7 moves):
  (1, 1, 1, 1, 1, 1, 1, 1, 1)
  (1, 1, 1, 1, 0, 2, 1, 1, 1)
  (1, 0, 2, 1, 0, 2, 1, 1, 1)
  (1, 0, 2, 1, 0, 2, 2, 0, 1)
  (3, 0, 0, 1, 0, 2, 2, 0, 1)
  (3, 0, 0, 1, 0, 2, 0, 0, 3)
  (0, 0, 0, 4, 0, 2, 0, 0, 3)
  (0, 0, 0, 6, 0, 0, 0, 0, 3)

Path 1963 (7 moves):
  (1, 1, 1, 1, 1, 1, 1, 1, 1)
  (1, 1, 1, 1, 0, 2, 1, 1, 1)
  (1, 0, 2, 1, 0, 2, 1, 1, 1)
  (1, 0, 2, 1, 0, 2, 2, 0, 1)
  (3, 0, 0, 1, 0, 2, 2, 0, 1)
  (3, 0, 0, 1, 0, 2, 0, 0, 3)
  (0, 0, 0, 4, 0, 2, 0, 0, 3)
  (0, 0, 0, 4, 0, 5, 0, 0, 0)

Path 1964 (7 moves):
  (1, 1, 1, 1, 1, 1, 1, 1, 1)
  (1, 1, 1, 1, 0, 2, 1, 1, 1)
  (1, 0, 2, 1, 0, 2, 1, 1, 1)
  (1, 0, 2, 1, 0, 2, 2, 0, 1)
  (3, 0, 0, 1, 0, 2, 2, 0, 1)
  (3, 0, 0, 1, 0, 2, 0, 0, 3)
  (3, 0, 0, 3, 0, 0, 0, 0, 3)
  (0, 0, 0, 6, 0, 0, 0, 0, 3)

Path 1965 (7 moves):
  (1, 1, 1, 1, 1, 1, 1, 1, 1)
  (1, 1, 1, 1, 0, 2, 1, 1, 1)
  (1, 0, 2, 1, 0, 2, 1, 1, 1)
  (1, 0, 2, 1, 0, 2, 2, 0, 1)
  (3, 0, 0, 1, 0, 2, 2, 0, 1)
  (3, 0, 0, 1, 0, 2, 0, 0, 3)
  (3, 0, 0, 3, 0, 0, 0, 0, 3)
  (6, 0, 0, 0, 0, 0, 0, 0, 3)

Path 1966 (7 moves):
  (1, 1, 1, 1, 1, 1, 1, 1, 1)
  (1, 1, 1, 1, 0, 2, 1, 1, 1)
  (1, 0, 2, 1, 0, 2, 1, 1, 1)
  (1, 0, 2, 1, 0, 2, 2, 0, 1)
  (3, 0, 0, 1, 0, 2, 2, 0, 1)
  (3, 0, 0, 1, 0, 2, 0, 0, 3)
  (3, 0, 0, 1, 0, 5, 0, 0, 0)
  (0, 0, 0, 4, 0, 5, 0, 0, 0)

Path 1967 (7 moves):
  (1, 1, 1, 1, 1, 1, 1, 1, 1)
  (1, 1, 1, 1, 0, 2, 1, 1, 1)
  (1, 0, 2, 1, 0, 2, 1, 1, 1)
  (1, 0, 2, 1, 0, 2, 2, 0, 1)
  (3, 0, 0, 1, 0, 2, 2, 0, 1)
  (3, 0, 0, 1, 0, 2, 0, 0, 3)
  (3, 0, 0, 1, 0, 5, 0, 0, 0)
  (8, 0, 0, 1, 0, 0, 0, 0, 0)

Path 1968 (7 moves):
  (1, 1, 1, 1, 1, 1, 1, 1, 1)
  (1, 1, 1, 1, 0, 2, 1, 1, 1)
  (1, 0, 2, 1, 0, 2, 1, 1, 1)
  (1, 0, 2, 1, 0, 2, 2, 0, 1)
  (1, 0, 3, 0, 0, 2, 2, 0, 1)
  (1, 0, 0, 0, 0, 5, 2, 0, 1)
  (6, 0, 0, 0, 0, 0, 2, 0, 1)
  (0, 0, 0, 0, 0, 0, 8, 0, 1)

Path 1969 (7 moves):
  (1, 1, 1, 1, 1, 1, 1, 1, 1)
  (1, 1, 1, 1, 0, 2, 1, 1, 1)
  (1, 0, 2, 1, 0, 2, 1, 1, 1)
  (1, 0, 2, 1, 0, 2, 2, 0, 1)
  (1, 0, 3, 0, 0, 2, 2, 0, 1)
  (1, 0, 0, 0, 0, 5, 2, 0, 1)
  (6, 0, 0, 0, 0, 0, 2, 0, 1)
  (6, 0, 0, 0, 0, 0, 0, 0, 3)

Path 1970 (7 moves):
  (1, 1, 1, 1, 1, 1, 1, 1, 1)
  (1, 1, 1, 1, 0, 2, 1, 1, 1)
  (1, 0, 2, 1, 0, 2, 1, 1, 1)
  (1, 0, 2, 1, 0, 2, 2, 0, 1)
  (1, 0, 3, 0, 0, 2, 2, 0, 1)
  (1, 0, 0, 0, 0, 5, 2, 0, 1)
  (1, 0, 0, 0, 0, 5, 0, 0, 3)
  (6, 0, 0, 0, 0, 0, 0, 0, 3)

Path 1971 (7 moves):
  (1, 1, 1, 1, 1, 1, 1, 1, 1)
  (1, 1, 1, 1, 0, 2, 1, 1, 1)
  (1, 0, 2, 1, 0, 2, 1, 1, 1)
  (1, 0, 2, 1, 0, 2, 2, 0, 1)
  (1, 0, 3, 0, 0, 2, 2, 0, 1)
  (1, 0, 0, 0, 0, 5, 2, 0, 1)
  (1, 0, 0, 0, 0, 5, 0, 0, 3)
  (1, 0, 0, 0, 0, 8, 0, 0, 0)

Path 1972 (7 moves):
  (1, 1, 1, 1, 1, 1, 1, 1, 1)
  (1, 1, 1, 1, 0, 2, 1, 1, 1)
  (1, 0, 2, 1, 0, 2, 1, 1, 1)
  (1, 0, 2, 1, 0, 2, 2, 0, 1)
  (1, 0, 3, 0, 0, 2, 2, 0, 1)
  (1, 0, 3, 0, 0, 2, 0, 0, 3)
  (1, 0, 0, 0, 0, 5, 0, 0, 3)
  (6, 0, 0, 0, 0, 0, 0, 0, 3)

Path 1973 (7 moves):
  (1, 1, 1, 1, 1, 1, 1, 1, 1)
  (1, 1, 1, 1, 0, 2, 1, 1, 1)
  (1, 0, 2, 1, 0, 2, 1, 1, 1)
  (1, 0, 2, 1, 0, 2, 2, 0, 1)
  (1, 0, 3, 0, 0, 2, 2, 0, 1)
  (1, 0, 3, 0, 0, 2, 0, 0, 3)
  (1, 0, 0, 0, 0, 5, 0, 0, 3)
  (1, 0, 0, 0, 0, 8, 0, 0, 0)

Path 1974 (7 moves):
  (1, 1, 1, 1, 1, 1, 1, 1, 1)
  (1, 1, 1, 1, 0, 2, 1, 1, 1)
  (1, 0, 2, 1, 0, 2, 1, 1, 1)
  (1, 0, 2, 1, 0, 2, 2, 0, 1)
  (1, 0, 3, 0, 0, 2, 2, 0, 1)
  (1, 0, 3, 0, 0, 2, 0, 0, 3)
  (1, 0, 3, 0, 0, 5, 0, 0, 0)
  (1, 0, 0, 0, 0, 8, 0, 0, 0)

Path 1975 (7 moves):
  (1, 1, 1, 1, 1, 1, 1, 1, 1)
  (1, 1, 1, 1, 0, 2, 1, 1, 1)
  (1, 0, 2, 1, 0, 2, 1, 1, 1)
  (1, 0, 2, 1, 0, 2, 2, 0, 1)
  (1, 0, 3, 0, 0, 2, 2, 0, 1)
  (1, 0, 3, 0, 0, 2, 0, 0, 3)
  (1, 0, 3, 0, 0, 5, 0, 0, 0)
  (6, 0, 3, 0, 0, 0, 0, 0, 0)

Path 1976 (7 moves):
  (1, 1, 1, 1, 1, 1, 1, 1, 1)
  (1, 1, 1, 1, 0, 2, 1, 1, 1)
  (1, 0, 2, 1, 0, 2, 1, 1, 1)
  (1, 0, 2, 1, 0, 2, 2, 0, 1)
  (1, 0, 2, 3, 0, 0, 2, 0, 1)
  (4, 0, 2, 0, 0, 0, 2, 0, 1)
  (6, 0, 0, 0, 0, 0, 2, 0, 1)
  (0, 0, 0, 0, 0, 0, 8, 0, 1)

Path 1977 (7 moves):
  (1, 1, 1, 1, 1, 1, 1, 1, 1)
  (1, 1, 1, 1, 0, 2, 1, 1, 1)
  (1, 0, 2, 1, 0, 2, 1, 1, 1)
  (1, 0, 2, 1, 0, 2, 2, 0, 1)
  (1, 0, 2, 3, 0, 0, 2, 0, 1)
  (4, 0, 2, 0, 0, 0, 2, 0, 1)
  (6, 0, 0, 0, 0, 0, 2, 0, 1)
  (6, 0, 0, 0, 0, 0, 0, 0, 3)

Path 1978 (7 moves):
  (1, 1, 1, 1, 1, 1, 1, 1, 1)
  (1, 1, 1, 1, 0, 2, 1, 1, 1)
  (1, 0, 2, 1, 0, 2, 1, 1, 1)
  (1, 0, 2, 1, 0, 2, 2, 0, 1)
  (1, 0, 2, 3, 0, 0, 2, 0, 1)
  (4, 0, 2, 0, 0, 0, 2, 0, 1)
  (4, 0, 2, 0, 0, 0, 0, 0, 3)
  (6, 0, 0, 0, 0, 0, 0, 0, 3)

Path 1979 (7 moves):
  (1, 1, 1, 1, 1, 1, 1, 1, 1)
  (1, 1, 1, 1, 0, 2, 1, 1, 1)
  (1, 0, 2, 1, 0, 2, 1, 1, 1)
  (1, 0, 2, 1, 0, 2, 2, 0, 1)
  (1, 0, 2, 3, 0, 0, 2, 0, 1)
  (1, 0, 2, 3, 0, 0, 0, 0, 3)
  (3, 0, 0, 3, 0, 0, 0, 0, 3)
  (0, 0, 0, 6, 0, 0, 0, 0, 3)

Path 1980 (7 moves):
  (1, 1, 1, 1, 1, 1, 1, 1, 1)
  (1, 1, 1, 1, 0, 2, 1, 1, 1)
  (1, 0, 2, 1, 0, 2, 1, 1, 1)
  (1, 0, 2, 1, 0, 2, 2, 0, 1)
  (1, 0, 2, 3, 0, 0, 2, 0, 1)
  (1, 0, 2, 3, 0, 0, 0, 0, 3)
  (3, 0, 0, 3, 0, 0, 0, 0, 3)
  (6, 0, 0, 0, 0, 0, 0, 0, 3)

Path 1981 (7 moves):
  (1, 1, 1, 1, 1, 1, 1, 1, 1)
  (1, 1, 1, 1, 0, 2, 1, 1, 1)
  (1, 0, 2, 1, 0, 2, 1, 1, 1)
  (1, 0, 2, 1, 0, 2, 2, 0, 1)
  (1, 0, 2, 3, 0, 0, 2, 0, 1)
  (1, 0, 2, 3, 0, 0, 0, 0, 3)
  (4, 0, 2, 0, 0, 0, 0, 0, 3)
  (6, 0, 0, 0, 0, 0, 0, 0, 3)

Path 1982 (7 moves):
  (1, 1, 1, 1, 1, 1, 1, 1, 1)
  (1, 1, 1, 1, 0, 2, 1, 1, 1)
  (1, 0, 2, 1, 0, 2, 1, 1, 1)
  (1, 0, 2, 1, 0, 2, 2, 0, 1)
  (1, 0, 2, 1, 0, 2, 0, 0, 3)
  (3, 0, 0, 1, 0, 2, 0, 0, 3)
  (0, 0, 0, 4, 0, 2, 0, 0, 3)
  (0, 0, 0, 6, 0, 0, 0, 0, 3)

Path 1983 (7 moves):
  (1, 1, 1, 1, 1, 1, 1, 1, 1)
  (1, 1, 1, 1, 0, 2, 1, 1, 1)
  (1, 0, 2, 1, 0, 2, 1, 1, 1)
  (1, 0, 2, 1, 0, 2, 2, 0, 1)
  (1, 0, 2, 1, 0, 2, 0, 0, 3)
  (3, 0, 0, 1, 0, 2, 0, 0, 3)
  (0, 0, 0, 4, 0, 2, 0, 0, 3)
  (0, 0, 0, 4, 0, 5, 0, 0, 0)

Path 1984 (7 moves):
  (1, 1, 1, 1, 1, 1, 1, 1, 1)
  (1, 1, 1, 1, 0, 2, 1, 1, 1)
  (1, 0, 2, 1, 0, 2, 1, 1, 1)
  (1, 0, 2, 1, 0, 2, 2, 0, 1)
  (1, 0, 2, 1, 0, 2, 0, 0, 3)
  (3, 0, 0, 1, 0, 2, 0, 0, 3)
  (3, 0, 0, 3, 0, 0, 0, 0, 3)
  (0, 0, 0, 6, 0, 0, 0, 0, 3)

Path 1985 (7 moves):
  (1, 1, 1, 1, 1, 1, 1, 1, 1)
  (1, 1, 1, 1, 0, 2, 1, 1, 1)
  (1, 0, 2, 1, 0, 2, 1, 1, 1)
  (1, 0, 2, 1, 0, 2, 2, 0, 1)
  (1, 0, 2, 1, 0, 2, 0, 0, 3)
  (3, 0, 0, 1, 0, 2, 0, 0, 3)
  (3, 0, 0, 3, 0, 0, 0, 0, 3)
  (6, 0, 0, 0, 0, 0, 0, 0, 3)

Path 1986 (7 moves):
  (1, 1, 1, 1, 1, 1, 1, 1, 1)
  (1, 1, 1, 1, 0, 2, 1, 1, 1)
  (1, 0, 2, 1, 0, 2, 1, 1, 1)
  (1, 0, 2, 1, 0, 2, 2, 0, 1)
  (1, 0, 2, 1, 0, 2, 0, 0, 3)
  (3, 0, 0, 1, 0, 2, 0, 0, 3)
  (3, 0, 0, 1, 0, 5, 0, 0, 0)
  (0, 0, 0, 4, 0, 5, 0, 0, 0)

Path 1987 (7 moves):
  (1, 1, 1, 1, 1, 1, 1, 1, 1)
  (1, 1, 1, 1, 0, 2, 1, 1, 1)
  (1, 0, 2, 1, 0, 2, 1, 1, 1)
  (1, 0, 2, 1, 0, 2, 2, 0, 1)
  (1, 0, 2, 1, 0, 2, 0, 0, 3)
  (3, 0, 0, 1, 0, 2, 0, 0, 3)
  (3, 0, 0, 1, 0, 5, 0, 0, 0)
  (8, 0, 0, 1, 0, 0, 0, 0, 0)

Path 1988 (7 moves):
  (1, 1, 1, 1, 1, 1, 1, 1, 1)
  (1, 1, 1, 1, 0, 2, 1, 1, 1)
  (1, 0, 2, 1, 0, 2, 1, 1, 1)
  (1, 0, 2, 1, 0, 2, 2, 0, 1)
  (1, 0, 2, 1, 0, 2, 0, 0, 3)
  (1, 0, 3, 0, 0, 2, 0, 0, 3)
  (1, 0, 0, 0, 0, 5, 0, 0, 3)
  (6, 0, 0, 0, 0, 0, 0, 0, 3)

Path 1989 (7 moves):
  (1, 1, 1, 1, 1, 1, 1, 1, 1)
  (1, 1, 1, 1, 0, 2, 1, 1, 1)
  (1, 0, 2, 1, 0, 2, 1, 1, 1)
  (1, 0, 2, 1, 0, 2, 2, 0, 1)
  (1, 0, 2, 1, 0, 2, 0, 0, 3)
  (1, 0, 3, 0, 0, 2, 0, 0, 3)
  (1, 0, 0, 0, 0, 5, 0, 0, 3)
  (1, 0, 0, 0, 0, 8, 0, 0, 0)

Path 1990 (7 moves):
  (1, 1, 1, 1, 1, 1, 1, 1, 1)
  (1, 1, 1, 1, 0, 2, 1, 1, 1)
  (1, 0, 2, 1, 0, 2, 1, 1, 1)
  (1, 0, 2, 1, 0, 2, 2, 0, 1)
  (1, 0, 2, 1, 0, 2, 0, 0, 3)
  (1, 0, 3, 0, 0, 2, 0, 0, 3)
  (1, 0, 3, 0, 0, 5, 0, 0, 0)
  (1, 0, 0, 0, 0, 8, 0, 0, 0)

Path 1991 (7 moves):
  (1, 1, 1, 1, 1, 1, 1, 1, 1)
  (1, 1, 1, 1, 0, 2, 1, 1, 1)
  (1, 0, 2, 1, 0, 2, 1, 1, 1)
  (1, 0, 2, 1, 0, 2, 2, 0, 1)
  (1, 0, 2, 1, 0, 2, 0, 0, 3)
  (1, 0, 3, 0, 0, 2, 0, 0, 3)
  (1, 0, 3, 0, 0, 5, 0, 0, 0)
  (6, 0, 3, 0, 0, 0, 0, 0, 0)

Path 1992 (7 moves):
  (1, 1, 1, 1, 1, 1, 1, 1, 1)
  (1, 1, 1, 1, 0, 2, 1, 1, 1)
  (1, 0, 2, 1, 0, 2, 1, 1, 1)
  (1, 0, 2, 1, 0, 2, 2, 0, 1)
  (1, 0, 2, 1, 0, 2, 0, 0, 3)
  (1, 0, 2, 3, 0, 0, 0, 0, 3)
  (3, 0, 0, 3, 0, 0, 0, 0, 3)
  (0, 0, 0, 6, 0, 0, 0, 0, 3)

Path 1993 (7 moves):
  (1, 1, 1, 1, 1, 1, 1, 1, 1)
  (1, 1, 1, 1, 0, 2, 1, 1, 1)
  (1, 0, 2, 1, 0, 2, 1, 1, 1)
  (1, 0, 2, 1, 0, 2, 2, 0, 1)
  (1, 0, 2, 1, 0, 2, 0, 0, 3)
  (1, 0, 2, 3, 0, 0, 0, 0, 3)
  (3, 0, 0, 3, 0, 0, 0, 0, 3)
  (6, 0, 0, 0, 0, 0, 0, 0, 3)

Path 1994 (7 moves):
  (1, 1, 1, 1, 1, 1, 1, 1, 1)
  (1, 1, 1, 1, 0, 2, 1, 1, 1)
  (1, 0, 2, 1, 0, 2, 1, 1, 1)
  (1, 0, 2, 1, 0, 2, 2, 0, 1)
  (1, 0, 2, 1, 0, 2, 0, 0, 3)
  (1, 0, 2, 3, 0, 0, 0, 0, 3)
  (4, 0, 2, 0, 0, 0, 0, 0, 3)
  (6, 0, 0, 0, 0, 0, 0, 0, 3)

Path 1995 (7 moves):
  (1, 1, 1, 1, 1, 1, 1, 1, 1)
  (1, 1, 1, 1, 0, 2, 1, 1, 1)
  (1, 0, 2, 1, 0, 2, 1, 1, 1)
  (1, 0, 2, 1, 0, 2, 2, 0, 1)
  (1, 0, 2, 1, 0, 2, 0, 0, 3)
  (1, 0, 2, 1, 0, 5, 0, 0, 0)
  (3, 0, 0, 1, 0, 5, 0, 0, 0)
  (0, 0, 0, 4, 0, 5, 0, 0, 0)

Path 1996 (7 moves):
  (1, 1, 1, 1, 1, 1, 1, 1, 1)
  (1, 1, 1, 1, 0, 2, 1, 1, 1)
  (1, 0, 2, 1, 0, 2, 1, 1, 1)
  (1, 0, 2, 1, 0, 2, 2, 0, 1)
  (1, 0, 2, 1, 0, 2, 0, 0, 3)
  (1, 0, 2, 1, 0, 5, 0, 0, 0)
  (3, 0, 0, 1, 0, 5, 0, 0, 0)
  (8, 0, 0, 1, 0, 0, 0, 0, 0)

Path 1997 (7 moves):
  (1, 1, 1, 1, 1, 1, 1, 1, 1)
  (1, 1, 1, 1, 0, 2, 1, 1, 1)
  (1, 0, 2, 1, 0, 2, 1, 1, 1)
  (1, 0, 2, 1, 0, 2, 2, 0, 1)
  (1, 0, 2, 1, 0, 2, 0, 0, 3)
  (1, 0, 2, 1, 0, 5, 0, 0, 0)
  (1, 0, 3, 0, 0, 5, 0, 0, 0)
  (1, 0, 0, 0, 0, 8, 0, 0, 0)

Path 1998 (7 moves):
  (1, 1, 1, 1, 1, 1, 1, 1, 1)
  (1, 1, 1, 1, 0, 2, 1, 1, 1)
  (1, 0, 2, 1, 0, 2, 1, 1, 1)
  (1, 0, 2, 1, 0, 2, 2, 0, 1)
  (1, 0, 2, 1, 0, 2, 0, 0, 3)
  (1, 0, 2, 1, 0, 5, 0, 0, 0)
  (1, 0, 3, 0, 0, 5, 0, 0, 0)
  (6, 0, 3, 0, 0, 0, 0, 0, 0)

Path 1999 (7 moves):
  (1, 1, 1, 1, 1, 1, 1, 1, 1)
  (1, 1, 1, 1, 0, 2, 1, 1, 1)
  (1, 0, 2, 1, 0, 2, 1, 1, 1)
  (1, 0, 2, 1, 0, 2, 2, 0, 1)
  (1, 0, 2, 1, 0, 2, 0, 0, 3)
  (1, 0, 2, 1, 0, 5, 0, 0, 0)
  (6, 0, 2, 1, 0, 0, 0, 0, 0)
  (8, 0, 0, 1, 0, 0, 0, 0, 0)

Path 2000 (7 moves):
  (1, 1, 1, 1, 1, 1, 1, 1, 1)
  (1, 1, 1, 1, 0, 2, 1, 1, 1)
  (1, 0, 2, 1, 0, 2, 1, 1, 1)
  (1, 0, 2, 1, 0, 2, 2, 0, 1)
  (1, 0, 2, 1, 0, 2, 0, 0, 3)
  (1, 0, 2, 1, 0, 5, 0, 0, 0)
  (6, 0, 2, 1, 0, 0, 0, 0, 0)
  (6, 0, 3, 0, 0, 0, 0, 0, 0)

Path 2001 (7 moves):
  (1, 1, 1, 1, 1, 1, 1, 1, 1)
  (1, 1, 1, 1, 0, 2, 1, 1, 1)
  (1, 0, 2, 1, 0, 2, 1, 1, 1)
  (1, 0, 2, 1, 0, 2, 1, 2, 0)
  (3, 0, 0, 1, 0, 2, 1, 2, 0)
  (0, 0, 0, 4, 0, 2, 1, 2, 0)
  (0, 0, 0, 0, 0, 2, 1, 6, 0)
  (0, 0, 0, 0, 0, 3, 0, 6, 0)

Path 2002 (7 moves):
  (1, 1, 1, 1, 1, 1, 1, 1, 1)
  (1, 1, 1, 1, 0, 2, 1, 1, 1)
  (1, 0, 2, 1, 0, 2, 1, 1, 1)
  (1, 0, 2, 1, 0, 2, 1, 2, 0)
  (3, 0, 0, 1, 0, 2, 1, 2, 0)
  (0, 0, 0, 4, 0, 2, 1, 2, 0)
  (0, 0, 0, 6, 0, 0, 1, 2, 0)
  (0, 0, 0, 6, 0, 0, 0, 3, 0)

Path 2003 (7 moves):
  (1, 1, 1, 1, 1, 1, 1, 1, 1)
  (1, 1, 1, 1, 0, 2, 1, 1, 1)
  (1, 0, 2, 1, 0, 2, 1, 1, 1)
  (1, 0, 2, 1, 0, 2, 1, 2, 0)
  (3, 0, 0, 1, 0, 2, 1, 2, 0)
  (0, 0, 0, 4, 0, 2, 1, 2, 0)
  (0, 0, 0, 4, 0, 0, 1, 4, 0)
  (0, 0, 0, 8, 0, 0, 1, 0, 0)

Path 2004 (7 moves):
  (1, 1, 1, 1, 1, 1, 1, 1, 1)
  (1, 1, 1, 1, 0, 2, 1, 1, 1)
  (1, 0, 2, 1, 0, 2, 1, 1, 1)
  (1, 0, 2, 1, 0, 2, 1, 2, 0)
  (3, 0, 0, 1, 0, 2, 1, 2, 0)
  (0, 0, 0, 4, 0, 2, 1, 2, 0)
  (0, 0, 0, 4, 0, 3, 0, 2, 0)
  (0, 0, 0, 0, 0, 3, 0, 6, 0)

Path 2005 (7 moves):
  (1, 1, 1, 1, 1, 1, 1, 1, 1)
  (1, 1, 1, 1, 0, 2, 1, 1, 1)
  (1, 0, 2, 1, 0, 2, 1, 1, 1)
  (1, 0, 2, 1, 0, 2, 1, 2, 0)
  (3, 0, 0, 1, 0, 2, 1, 2, 0)
  (0, 0, 0, 4, 0, 2, 1, 2, 0)
  (0, 0, 0, 4, 0, 3, 0, 2, 0)
  (0, 0, 0, 4, 0, 5, 0, 0, 0)

Path 2006 (7 moves):
  (1, 1, 1, 1, 1, 1, 1, 1, 1)
  (1, 1, 1, 1, 0, 2, 1, 1, 1)
  (1, 0, 2, 1, 0, 2, 1, 1, 1)
  (1, 0, 2, 1, 0, 2, 1, 2, 0)
  (3, 0, 0, 1, 0, 2, 1, 2, 0)
  (0, 0, 0, 4, 0, 2, 1, 2, 0)
  (0, 0, 0, 4, 0, 2, 0, 3, 0)
  (0, 0, 0, 6, 0, 0, 0, 3, 0)

Path 2007 (7 moves):
  (1, 1, 1, 1, 1, 1, 1, 1, 1)
  (1, 1, 1, 1, 0, 2, 1, 1, 1)
  (1, 0, 2, 1, 0, 2, 1, 1, 1)
  (1, 0, 2, 1, 0, 2, 1, 2, 0)
  (3, 0, 0, 1, 0, 2, 1, 2, 0)
  (0, 0, 0, 4, 0, 2, 1, 2, 0)
  (0, 0, 0, 4, 0, 4, 1, 0, 0)
  (0, 0, 0, 4, 0, 5, 0, 0, 0)

Path 2008 (7 moves):
  (1, 1, 1, 1, 1, 1, 1, 1, 1)
  (1, 1, 1, 1, 0, 2, 1, 1, 1)
  (1, 0, 2, 1, 0, 2, 1, 1, 1)
  (1, 0, 2, 1, 0, 2, 1, 2, 0)
  (3, 0, 0, 1, 0, 2, 1, 2, 0)
  (3, 0, 0, 1, 0, 3, 0, 2, 0)
  (0, 0, 0, 4, 0, 3, 0, 2, 0)
  (0, 0, 0, 0, 0, 3, 0, 6, 0)

Path 2009 (7 moves):
  (1, 1, 1, 1, 1, 1, 1, 1, 1)
  (1, 1, 1, 1, 0, 2, 1, 1, 1)
  (1, 0, 2, 1, 0, 2, 1, 1, 1)
  (1, 0, 2, 1, 0, 2, 1, 2, 0)
  (3, 0, 0, 1, 0, 2, 1, 2, 0)
  (3, 0, 0, 1, 0, 3, 0, 2, 0)
  (0, 0, 0, 4, 0, 3, 0, 2, 0)
  (0, 0, 0, 4, 0, 5, 0, 0, 0)

Path 2010 (7 moves):
  (1, 1, 1, 1, 1, 1, 1, 1, 1)
  (1, 1, 1, 1, 0, 2, 1, 1, 1)
  (1, 0, 2, 1, 0, 2, 1, 1, 1)
  (1, 0, 2, 1, 0, 2, 1, 2, 0)
  (3, 0, 0, 1, 0, 2, 1, 2, 0)
  (3, 0, 0, 1, 0, 3, 0, 2, 0)
  (3, 0, 0, 1, 0, 5, 0, 0, 0)
  (0, 0, 0, 4, 0, 5, 0, 0, 0)

Path 2011 (7 moves):
  (1, 1, 1, 1, 1, 1, 1, 1, 1)
  (1, 1, 1, 1, 0, 2, 1, 1, 1)
  (1, 0, 2, 1, 0, 2, 1, 1, 1)
  (1, 0, 2, 1, 0, 2, 1, 2, 0)
  (3, 0, 0, 1, 0, 2, 1, 2, 0)
  (3, 0, 0, 1, 0, 3, 0, 2, 0)
  (3, 0, 0, 1, 0, 5, 0, 0, 0)
  (8, 0, 0, 1, 0, 0, 0, 0, 0)

Path 2012 (7 moves):
  (1, 1, 1, 1, 1, 1, 1, 1, 1)
  (1, 1, 1, 1, 0, 2, 1, 1, 1)
  (1, 0, 2, 1, 0, 2, 1, 1, 1)
  (1, 0, 2, 1, 0, 2, 1, 2, 0)
  (3, 0, 0, 1, 0, 2, 1, 2, 0)
  (3, 0, 0, 1, 0, 4, 1, 0, 0)
  (0, 0, 0, 4, 0, 4, 1, 0, 0)
  (0, 0, 0, 4, 0, 5, 0, 0, 0)

Path 2013 (7 moves):
  (1, 1, 1, 1, 1, 1, 1, 1, 1)
  (1, 1, 1, 1, 0, 2, 1, 1, 1)
  (1, 0, 2, 1, 0, 2, 1, 1, 1)
  (1, 0, 2, 1, 0, 2, 1, 2, 0)
  (3, 0, 0, 1, 0, 2, 1, 2, 0)
  (3, 0, 0, 1, 0, 4, 1, 0, 0)
  (3, 0, 0, 1, 0, 5, 0, 0, 0)
  (0, 0, 0, 4, 0, 5, 0, 0, 0)

Path 2014 (7 moves):
  (1, 1, 1, 1, 1, 1, 1, 1, 1)
  (1, 1, 1, 1, 0, 2, 1, 1, 1)
  (1, 0, 2, 1, 0, 2, 1, 1, 1)
  (1, 0, 2, 1, 0, 2, 1, 2, 0)
  (3, 0, 0, 1, 0, 2, 1, 2, 0)
  (3, 0, 0, 1, 0, 4, 1, 0, 0)
  (3, 0, 0, 1, 0, 5, 0, 0, 0)
  (8, 0, 0, 1, 0, 0, 0, 0, 0)

Path 2015 (7 moves):
  (1, 1, 1, 1, 1, 1, 1, 1, 1)
  (1, 1, 1, 1, 0, 2, 1, 1, 1)
  (1, 0, 2, 1, 0, 2, 1, 1, 1)
  (1, 0, 2, 1, 0, 2, 1, 2, 0)
  (1, 0, 3, 0, 0, 2, 1, 2, 0)
  (1, 0, 0, 0, 0, 5, 1, 2, 0)
  (6, 0, 0, 0, 0, 0, 1, 2, 0)
  (0, 0, 0, 0, 0, 0, 7, 2, 0)

Path 2016 (7 moves):
  (1, 1, 1, 1, 1, 1, 1, 1, 1)
  (1, 1, 1, 1, 0, 2, 1, 1, 1)
  (1, 0, 2, 1, 0, 2, 1, 1, 1)
  (1, 0, 2, 1, 0, 2, 1, 2, 0)
  (1, 0, 3, 0, 0, 2, 1, 2, 0)
  (1, 0, 0, 0, 0, 5, 1, 2, 0)
  (6, 0, 0, 0, 0, 0, 1, 2, 0)
  (6, 0, 0, 0, 0, 0, 0, 3, 0)

Path 2017 (7 moves):
  (1, 1, 1, 1, 1, 1, 1, 1, 1)
  (1, 1, 1, 1, 0, 2, 1, 1, 1)
  (1, 0, 2, 1, 0, 2, 1, 1, 1)
  (1, 0, 2, 1, 0, 2, 1, 2, 0)
  (1, 0, 3, 0, 0, 2, 1, 2, 0)
  (1, 0, 0, 0, 0, 5, 1, 2, 0)
  (1, 0, 0, 0, 0, 6, 0, 2, 0)
  (1, 0, 0, 0, 0, 8, 0, 0, 0)

Path 2018 (7 moves):
  (1, 1, 1, 1, 1, 1, 1, 1, 1)
  (1, 1, 1, 1, 0, 2, 1, 1, 1)
  (1, 0, 2, 1, 0, 2, 1, 1, 1)
  (1, 0, 2, 1, 0, 2, 1, 2, 0)
  (1, 0, 3, 0, 0, 2, 1, 2, 0)
  (1, 0, 0, 0, 0, 5, 1, 2, 0)
  (1, 0, 0, 0, 0, 5, 0, 3, 0)
  (6, 0, 0, 0, 0, 0, 0, 3, 0)

Path 2019 (7 moves):
  (1, 1, 1, 1, 1, 1, 1, 1, 1)
  (1, 1, 1, 1, 0, 2, 1, 1, 1)
  (1, 0, 2, 1, 0, 2, 1, 1, 1)
  (1, 0, 2, 1, 0, 2, 1, 2, 0)
  (1, 0, 3, 0, 0, 2, 1, 2, 0)
  (1, 0, 0, 0, 0, 5, 1, 2, 0)
  (1, 0, 0, 0, 0, 7, 1, 0, 0)
  (1, 0, 0, 0, 0, 8, 0, 0, 0)

Path 2020 (7 moves):
  (1, 1, 1, 1, 1, 1, 1, 1, 1)
  (1, 1, 1, 1, 0, 2, 1, 1, 1)
  (1, 0, 2, 1, 0, 2, 1, 1, 1)
  (1, 0, 2, 1, 0, 2, 1, 2, 0)
  (1, 0, 3, 0, 0, 2, 1, 2, 0)
  (1, 0, 3, 0, 0, 0, 1, 4, 0)
  (1, 0, 3, 0, 0, 0, 0, 5, 0)
  (1, 0, 8, 0, 0, 0, 0, 0, 0)

Path 2021 (7 moves):
  (1, 1, 1, 1, 1, 1, 1, 1, 1)
  (1, 1, 1, 1, 0, 2, 1, 1, 1)
  (1, 0, 2, 1, 0, 2, 1, 1, 1)
  (1, 0, 2, 1, 0, 2, 1, 2, 0)
  (1, 0, 3, 0, 0, 2, 1, 2, 0)
  (1, 0, 3, 0, 0, 2, 0, 3, 0)
  (1, 0, 0, 0, 0, 5, 0, 3, 0)
  (6, 0, 0, 0, 0, 0, 0, 3, 0)

Path 2022 (7 moves):
  (1, 1, 1, 1, 1, 1, 1, 1, 1)
  (1, 1, 1, 1, 0, 2, 1, 1, 1)
  (1, 0, 2, 1, 0, 2, 1, 1, 1)
  (1, 0, 2, 1, 0, 2, 1, 2, 0)
  (1, 0, 3, 0, 0, 2, 1, 2, 0)
  (1, 0, 3, 0, 0, 2, 0, 3, 0)
  (1, 0, 3, 0, 0, 0, 0, 5, 0)
  (1, 0, 8, 0, 0, 0, 0, 0, 0)

Path 2023 (7 moves):
  (1, 1, 1, 1, 1, 1, 1, 1, 1)
  (1, 1, 1, 1, 0, 2, 1, 1, 1)
  (1, 0, 2, 1, 0, 2, 1, 1, 1)
  (1, 0, 2, 1, 0, 2, 1, 2, 0)
  (1, 0, 3, 0, 0, 2, 1, 2, 0)
  (1, 0, 3, 0, 0, 4, 1, 0, 0)
  (1, 0, 0, 0, 0, 7, 1, 0, 0)
  (1, 0, 0, 0, 0, 8, 0, 0, 0)

Path 2024 (7 moves):
  (1, 1, 1, 1, 1, 1, 1, 1, 1)
  (1, 1, 1, 1, 0, 2, 1, 1, 1)
  (1, 0, 2, 1, 0, 2, 1, 1, 1)
  (1, 0, 2, 1, 0, 2, 1, 2, 0)
  (1, 0, 3, 0, 0, 2, 1, 2, 0)
  (1, 0, 3, 0, 0, 4, 1, 0, 0)
  (1, 0, 3, 0, 0, 5, 0, 0, 0)
  (1, 0, 0, 0, 0, 8, 0, 0, 0)

Path 2025 (7 moves):
  (1, 1, 1, 1, 1, 1, 1, 1, 1)
  (1, 1, 1, 1, 0, 2, 1, 1, 1)
  (1, 0, 2, 1, 0, 2, 1, 1, 1)
  (1, 0, 2, 1, 0, 2, 1, 2, 0)
  (1, 0, 3, 0, 0, 2, 1, 2, 0)
  (1, 0, 3, 0, 0, 4, 1, 0, 0)
  (1, 0, 3, 0, 0, 5, 0, 0, 0)
  (6, 0, 3, 0, 0, 0, 0, 0, 0)

Path 2026 (7 moves):
  (1, 1, 1, 1, 1, 1, 1, 1, 1)
  (1, 1, 1, 1, 0, 2, 1, 1, 1)
  (1, 0, 2, 1, 0, 2, 1, 1, 1)
  (1, 0, 2, 1, 0, 2, 1, 2, 0)
  (1, 0, 2, 3, 0, 0, 1, 2, 0)
  (4, 0, 2, 0, 0, 0, 1, 2, 0)
  (6, 0, 0, 0, 0, 0, 1, 2, 0)
  (0, 0, 0, 0, 0, 0, 7, 2, 0)

Path 2027 (7 moves):
  (1, 1, 1, 1, 1, 1, 1, 1, 1)
  (1, 1, 1, 1, 0, 2, 1, 1, 1)
  (1, 0, 2, 1, 0, 2, 1, 1, 1)
  (1, 0, 2, 1, 0, 2, 1, 2, 0)
  (1, 0, 2, 3, 0, 0, 1, 2, 0)
  (4, 0, 2, 0, 0, 0, 1, 2, 0)
  (6, 0, 0, 0, 0, 0, 1, 2, 0)
  (6, 0, 0, 0, 0, 0, 0, 3, 0)

Path 2028 (7 moves):
  (1, 1, 1, 1, 1, 1, 1, 1, 1)
  (1, 1, 1, 1, 0, 2, 1, 1, 1)
  (1, 0, 2, 1, 0, 2, 1, 1, 1)
  (1, 0, 2, 1, 0, 2, 1, 2, 0)
  (1, 0, 2, 3, 0, 0, 1, 2, 0)
  (4, 0, 2, 0, 0, 0, 1, 2, 0)
  (4, 0, 2, 0, 0, 0, 0, 3, 0)
  (6, 0, 0, 0, 0, 0, 0, 3, 0)

Path 2029 (7 moves):
  (1, 1, 1, 1, 1, 1, 1, 1, 1)
  (1, 1, 1, 1, 0, 2, 1, 1, 1)
  (1, 0, 2, 1, 0, 2, 1, 1, 1)
  (1, 0, 2, 1, 0, 2, 1, 2, 0)
  (1, 0, 2, 3, 0, 0, 1, 2, 0)
  (1, 0, 2, 3, 0, 0, 0, 3, 0)
  (3, 0, 0, 3, 0, 0, 0, 3, 0)
  (0, 0, 0, 6, 0, 0, 0, 3, 0)

Path 2030 (7 moves):
  (1, 1, 1, 1, 1, 1, 1, 1, 1)
  (1, 1, 1, 1, 0, 2, 1, 1, 1)
  (1, 0, 2, 1, 0, 2, 1, 1, 1)
  (1, 0, 2, 1, 0, 2, 1, 2, 0)
  (1, 0, 2, 3, 0, 0, 1, 2, 0)
  (1, 0, 2, 3, 0, 0, 0, 3, 0)
  (3, 0, 0, 3, 0, 0, 0, 3, 0)
  (6, 0, 0, 0, 0, 0, 0, 3, 0)

Path 2031 (7 moves):
  (1, 1, 1, 1, 1, 1, 1, 1, 1)
  (1, 1, 1, 1, 0, 2, 1, 1, 1)
  (1, 0, 2, 1, 0, 2, 1, 1, 1)
  (1, 0, 2, 1, 0, 2, 1, 2, 0)
  (1, 0, 2, 3, 0, 0, 1, 2, 0)
  (1, 0, 2, 3, 0, 0, 0, 3, 0)
  (4, 0, 2, 0, 0, 0, 0, 3, 0)
  (6, 0, 0, 0, 0, 0, 0, 3, 0)

Path 2032 (7 moves):
  (1, 1, 1, 1, 1, 1, 1, 1, 1)
  (1, 1, 1, 1, 0, 2, 1, 1, 1)
  (1, 0, 2, 1, 0, 2, 1, 1, 1)
  (1, 0, 2, 1, 0, 2, 1, 2, 0)
  (1, 0, 2, 1, 0, 0, 1, 4, 0)
  (1, 0, 3, 0, 0, 0, 1, 4, 0)
  (1, 0, 3, 0, 0, 0, 0, 5, 0)
  (1, 0, 8, 0, 0, 0, 0, 0, 0)

Path 2033 (7 moves):
  (1, 1, 1, 1, 1, 1, 1, 1, 1)
  (1, 1, 1, 1, 0, 2, 1, 1, 1)
  (1, 0, 2, 1, 0, 2, 1, 1, 1)
  (1, 0, 2, 1, 0, 2, 1, 2, 0)
  (1, 0, 2, 1, 0, 0, 1, 4, 0)
  (1, 0, 2, 5, 0, 0, 1, 0, 0)
  (3, 0, 0, 5, 0, 0, 1, 0, 0)
  (0, 0, 0, 8, 0, 0, 1, 0, 0)

Path 2034 (7 moves):
  (1, 1, 1, 1, 1, 1, 1, 1, 1)
  (1, 1, 1, 1, 0, 2, 1, 1, 1)
  (1, 0, 2, 1, 0, 2, 1, 1, 1)
  (1, 0, 2, 1, 0, 2, 1, 2, 0)
  (1, 0, 2, 1, 0, 3, 0, 2, 0)
  (3, 0, 0, 1, 0, 3, 0, 2, 0)
  (0, 0, 0, 4, 0, 3, 0, 2, 0)
  (0, 0, 0, 0, 0, 3, 0, 6, 0)

Path 2035 (7 moves):
  (1, 1, 1, 1, 1, 1, 1, 1, 1)
  (1, 1, 1, 1, 0, 2, 1, 1, 1)
  (1, 0, 2, 1, 0, 2, 1, 1, 1)
  (1, 0, 2, 1, 0, 2, 1, 2, 0)
  (1, 0, 2, 1, 0, 3, 0, 2, 0)
  (3, 0, 0, 1, 0, 3, 0, 2, 0)
  (0, 0, 0, 4, 0, 3, 0, 2, 0)
  (0, 0, 0, 4, 0, 5, 0, 0, 0)

Path 2036 (7 moves):
  (1, 1, 1, 1, 1, 1, 1, 1, 1)
  (1, 1, 1, 1, 0, 2, 1, 1, 1)
  (1, 0, 2, 1, 0, 2, 1, 1, 1)
  (1, 0, 2, 1, 0, 2, 1, 2, 0)
  (1, 0, 2, 1, 0, 3, 0, 2, 0)
  (3, 0, 0, 1, 0, 3, 0, 2, 0)
  (3, 0, 0, 1, 0, 5, 0, 0, 0)
  (0, 0, 0, 4, 0, 5, 0, 0, 0)

Path 2037 (7 moves):
  (1, 1, 1, 1, 1, 1, 1, 1, 1)
  (1, 1, 1, 1, 0, 2, 1, 1, 1)
  (1, 0, 2, 1, 0, 2, 1, 1, 1)
  (1, 0, 2, 1, 0, 2, 1, 2, 0)
  (1, 0, 2, 1, 0, 3, 0, 2, 0)
  (3, 0, 0, 1, 0, 3, 0, 2, 0)
  (3, 0, 0, 1, 0, 5, 0, 0, 0)
  (8, 0, 0, 1, 0, 0, 0, 0, 0)

Path 2038 (7 moves):
  (1, 1, 1, 1, 1, 1, 1, 1, 1)
  (1, 1, 1, 1, 0, 2, 1, 1, 1)
  (1, 0, 2, 1, 0, 2, 1, 1, 1)
  (1, 0, 2, 1, 0, 2, 1, 2, 0)
  (1, 0, 2, 1, 0, 3, 0, 2, 0)
  (1, 0, 2, 1, 0, 5, 0, 0, 0)
  (3, 0, 0, 1, 0, 5, 0, 0, 0)
  (0, 0, 0, 4, 0, 5, 0, 0, 0)

Path 2039 (7 moves):
  (1, 1, 1, 1, 1, 1, 1, 1, 1)
  (1, 1, 1, 1, 0, 2, 1, 1, 1)
  (1, 0, 2, 1, 0, 2, 1, 1, 1)
  (1, 0, 2, 1, 0, 2, 1, 2, 0)
  (1, 0, 2, 1, 0, 3, 0, 2, 0)
  (1, 0, 2, 1, 0, 5, 0, 0, 0)
  (3, 0, 0, 1, 0, 5, 0, 0, 0)
  (8, 0, 0, 1, 0, 0, 0, 0, 0)

Path 2040 (7 moves):
  (1, 1, 1, 1, 1, 1, 1, 1, 1)
  (1, 1, 1, 1, 0, 2, 1, 1, 1)
  (1, 0, 2, 1, 0, 2, 1, 1, 1)
  (1, 0, 2, 1, 0, 2, 1, 2, 0)
  (1, 0, 2, 1, 0, 3, 0, 2, 0)
  (1, 0, 2, 1, 0, 5, 0, 0, 0)
  (1, 0, 3, 0, 0, 5, 0, 0, 0)
  (1, 0, 0, 0, 0, 8, 0, 0, 0)

Path 2041 (7 moves):
  (1, 1, 1, 1, 1, 1, 1, 1, 1)
  (1, 1, 1, 1, 0, 2, 1, 1, 1)
  (1, 0, 2, 1, 0, 2, 1, 1, 1)
  (1, 0, 2, 1, 0, 2, 1, 2, 0)
  (1, 0, 2, 1, 0, 3, 0, 2, 0)
  (1, 0, 2, 1, 0, 5, 0, 0, 0)
  (1, 0, 3, 0, 0, 5, 0, 0, 0)
  (6, 0, 3, 0, 0, 0, 0, 0, 0)

Path 2042 (7 moves):
  (1, 1, 1, 1, 1, 1, 1, 1, 1)
  (1, 1, 1, 1, 0, 2, 1, 1, 1)
  (1, 0, 2, 1, 0, 2, 1, 1, 1)
  (1, 0, 2, 1, 0, 2, 1, 2, 0)
  (1, 0, 2, 1, 0, 3, 0, 2, 0)
  (1, 0, 2, 1, 0, 5, 0, 0, 0)
  (6, 0, 2, 1, 0, 0, 0, 0, 0)
  (8, 0, 0, 1, 0, 0, 0, 0, 0)

Path 2043 (7 moves):
  (1, 1, 1, 1, 1, 1, 1, 1, 1)
  (1, 1, 1, 1, 0, 2, 1, 1, 1)
  (1, 0, 2, 1, 0, 2, 1, 1, 1)
  (1, 0, 2, 1, 0, 2, 1, 2, 0)
  (1, 0, 2, 1, 0, 3, 0, 2, 0)
  (1, 0, 2, 1, 0, 5, 0, 0, 0)
  (6, 0, 2, 1, 0, 0, 0, 0, 0)
  (6, 0, 3, 0, 0, 0, 0, 0, 0)

Path 2044 (7 moves):
  (1, 1, 1, 1, 1, 1, 1, 1, 1)
  (1, 1, 1, 1, 0, 2, 1, 1, 1)
  (1, 0, 2, 1, 0, 2, 1, 1, 1)
  (1, 0, 2, 1, 0, 2, 1, 2, 0)
  (1, 0, 2, 1, 0, 2, 0, 3, 0)
  (1, 0, 3, 0, 0, 2, 0, 3, 0)
  (1, 0, 0, 0, 0, 5, 0, 3, 0)
  (6, 0, 0, 0, 0, 0, 0, 3, 0)

Path 2045 (7 moves):
  (1, 1, 1, 1, 1, 1, 1, 1, 1)
  (1, 1, 1, 1, 0, 2, 1, 1, 1)
  (1, 0, 2, 1, 0, 2, 1, 1, 1)
  (1, 0, 2, 1, 0, 2, 1, 2, 0)
  (1, 0, 2, 1, 0, 2, 0, 3, 0)
  (1, 0, 3, 0, 0, 2, 0, 3, 0)
  (1, 0, 3, 0, 0, 0, 0, 5, 0)
  (1, 0, 8, 0, 0, 0, 0, 0, 0)

Path 2046 (7 moves):
  (1, 1, 1, 1, 1, 1, 1, 1, 1)
  (1, 1, 1, 1, 0, 2, 1, 1, 1)
  (1, 0, 2, 1, 0, 2, 1, 1, 1)
  (1, 0, 2, 1, 0, 2, 1, 2, 0)
  (1, 0, 2, 1, 0, 2, 0, 3, 0)
  (1, 0, 2, 3, 0, 0, 0, 3, 0)
  (3, 0, 0, 3, 0, 0, 0, 3, 0)
  (0, 0, 0, 6, 0, 0, 0, 3, 0)

Path 2047 (7 moves):
  (1, 1, 1, 1, 1, 1, 1, 1, 1)
  (1, 1, 1, 1, 0, 2, 1, 1, 1)
  (1, 0, 2, 1, 0, 2, 1, 1, 1)
  (1, 0, 2, 1, 0, 2, 1, 2, 0)
  (1, 0, 2, 1, 0, 2, 0, 3, 0)
  (1, 0, 2, 3, 0, 0, 0, 3, 0)
  (3, 0, 0, 3, 0, 0, 0, 3, 0)
  (6, 0, 0, 0, 0, 0, 0, 3, 0)

Path 2048 (7 moves):
  (1, 1, 1, 1, 1, 1, 1, 1, 1)
  (1, 1, 1, 1, 0, 2, 1, 1, 1)
  (1, 0, 2, 1, 0, 2, 1, 1, 1)
  (1, 0, 2, 1, 0, 2, 1, 2, 0)
  (1, 0, 2, 1, 0, 2, 0, 3, 0)
  (1, 0, 2, 3, 0, 0, 0, 3, 0)
  (4, 0, 2, 0, 0, 0, 0, 3, 0)
  (6, 0, 0, 0, 0, 0, 0, 3, 0)

Path 2049 (7 moves):
  (1, 1, 1, 1, 1, 1, 1, 1, 1)
  (1, 1, 1, 1, 0, 2, 1, 1, 1)
  (1, 0, 2, 1, 0, 2, 1, 1, 1)
  (1, 0, 2, 1, 0, 2, 1, 2, 0)
  (1, 0, 2, 1, 0, 4, 1, 0, 0)
  (3, 0, 0, 1, 0, 4, 1, 0, 0)
  (0, 0, 0, 4, 0, 4, 1, 0, 0)
  (0, 0, 0, 4, 0, 5, 0, 0, 0)

Path 2050 (7 moves):
  (1, 1, 1, 1, 1, 1, 1, 1, 1)
  (1, 1, 1, 1, 0, 2, 1, 1, 1)
  (1, 0, 2, 1, 0, 2, 1, 1, 1)
  (1, 0, 2, 1, 0, 2, 1, 2, 0)
  (1, 0, 2, 1, 0, 4, 1, 0, 0)
  (3, 0, 0, 1, 0, 4, 1, 0, 0)
  (3, 0, 0, 1, 0, 5, 0, 0, 0)
  (0, 0, 0, 4, 0, 5, 0, 0, 0)

Path 2051 (7 moves):
  (1, 1, 1, 1, 1, 1, 1, 1, 1)
  (1, 1, 1, 1, 0, 2, 1, 1, 1)
  (1, 0, 2, 1, 0, 2, 1, 1, 1)
  (1, 0, 2, 1, 0, 2, 1, 2, 0)
  (1, 0, 2, 1, 0, 4, 1, 0, 0)
  (3, 0, 0, 1, 0, 4, 1, 0, 0)
  (3, 0, 0, 1, 0, 5, 0, 0, 0)
  (8, 0, 0, 1, 0, 0, 0, 0, 0)

Path 2052 (7 moves):
  (1, 1, 1, 1, 1, 1, 1, 1, 1)
  (1, 1, 1, 1, 0, 2, 1, 1, 1)
  (1, 0, 2, 1, 0, 2, 1, 1, 1)
  (1, 0, 2, 1, 0, 2, 1, 2, 0)
  (1, 0, 2, 1, 0, 4, 1, 0, 0)
  (1, 0, 3, 0, 0, 4, 1, 0, 0)
  (1, 0, 0, 0, 0, 7, 1, 0, 0)
  (1, 0, 0, 0, 0, 8, 0, 0, 0)

Path 2053 (7 moves):
  (1, 1, 1, 1, 1, 1, 1, 1, 1)
  (1, 1, 1, 1, 0, 2, 1, 1, 1)
  (1, 0, 2, 1, 0, 2, 1, 1, 1)
  (1, 0, 2, 1, 0, 2, 1, 2, 0)
  (1, 0, 2, 1, 0, 4, 1, 0, 0)
  (1, 0, 3, 0, 0, 4, 1, 0, 0)
  (1, 0, 3, 0, 0, 5, 0, 0, 0)
  (1, 0, 0, 0, 0, 8, 0, 0, 0)

Path 2054 (7 moves):
  (1, 1, 1, 1, 1, 1, 1, 1, 1)
  (1, 1, 1, 1, 0, 2, 1, 1, 1)
  (1, 0, 2, 1, 0, 2, 1, 1, 1)
  (1, 0, 2, 1, 0, 2, 1, 2, 0)
  (1, 0, 2, 1, 0, 4, 1, 0, 0)
  (1, 0, 3, 0, 0, 4, 1, 0, 0)
  (1, 0, 3, 0, 0, 5, 0, 0, 0)
  (6, 0, 3, 0, 0, 0, 0, 0, 0)

Path 2055 (7 moves):
  (1, 1, 1, 1, 1, 1, 1, 1, 1)
  (1, 1, 1, 1, 0, 2, 1, 1, 1)
  (1, 0, 2, 1, 0, 2, 1, 1, 1)
  (1, 0, 2, 1, 0, 2, 1, 2, 0)
  (1, 0, 2, 1, 0, 4, 1, 0, 0)
  (1, 0, 2, 1, 0, 5, 0, 0, 0)
  (3, 0, 0, 1, 0, 5, 0, 0, 0)
  (0, 0, 0, 4, 0, 5, 0, 0, 0)

Path 2056 (7 moves):
  (1, 1, 1, 1, 1, 1, 1, 1, 1)
  (1, 1, 1, 1, 0, 2, 1, 1, 1)
  (1, 0, 2, 1, 0, 2, 1, 1, 1)
  (1, 0, 2, 1, 0, 2, 1, 2, 0)
  (1, 0, 2, 1, 0, 4, 1, 0, 0)
  (1, 0, 2, 1, 0, 5, 0, 0, 0)
  (3, 0, 0, 1, 0, 5, 0, 0, 0)
  (8, 0, 0, 1, 0, 0, 0, 0, 0)

Path 2057 (7 moves):
  (1, 1, 1, 1, 1, 1, 1, 1, 1)
  (1, 1, 1, 1, 0, 2, 1, 1, 1)
  (1, 0, 2, 1, 0, 2, 1, 1, 1)
  (1, 0, 2, 1, 0, 2, 1, 2, 0)
  (1, 0, 2, 1, 0, 4, 1, 0, 0)
  (1, 0, 2, 1, 0, 5, 0, 0, 0)
  (1, 0, 3, 0, 0, 5, 0, 0, 0)
  (1, 0, 0, 0, 0, 8, 0, 0, 0)

Path 2058 (7 moves):
  (1, 1, 1, 1, 1, 1, 1, 1, 1)
  (1, 1, 1, 1, 0, 2, 1, 1, 1)
  (1, 0, 2, 1, 0, 2, 1, 1, 1)
  (1, 0, 2, 1, 0, 2, 1, 2, 0)
  (1, 0, 2, 1, 0, 4, 1, 0, 0)
  (1, 0, 2, 1, 0, 5, 0, 0, 0)
  (1, 0, 3, 0, 0, 5, 0, 0, 0)
  (6, 0, 3, 0, 0, 0, 0, 0, 0)

Path 2059 (7 moves):
  (1, 1, 1, 1, 1, 1, 1, 1, 1)
  (1, 1, 1, 1, 0, 2, 1, 1, 1)
  (1, 0, 2, 1, 0, 2, 1, 1, 1)
  (1, 0, 2, 1, 0, 2, 1, 2, 0)
  (1, 0, 2, 1, 0, 4, 1, 0, 0)
  (1, 0, 2, 1, 0, 5, 0, 0, 0)
  (6, 0, 2, 1, 0, 0, 0, 0, 0)
  (8, 0, 0, 1, 0, 0, 0, 0, 0)

Path 2060 (7 moves):
  (1, 1, 1, 1, 1, 1, 1, 1, 1)
  (1, 1, 1, 1, 0, 2, 1, 1, 1)
  (1, 0, 2, 1, 0, 2, 1, 1, 1)
  (1, 0, 2, 1, 0, 2, 1, 2, 0)
  (1, 0, 2, 1, 0, 4, 1, 0, 0)
  (1, 0, 2, 1, 0, 5, 0, 0, 0)
  (6, 0, 2, 1, 0, 0, 0, 0, 0)
  (6, 0, 3, 0, 0, 0, 0, 0, 0)

Path 2061 (7 moves):
  (1, 1, 1, 1, 1, 1, 1, 1, 1)
  (1, 1, 1, 1, 0, 2, 1, 1, 1)
  (1, 2, 0, 1, 0, 2, 1, 1, 1)
  (1, 2, 0, 1, 0, 2, 1, 0, 2)
  (0, 3, 0, 1, 0, 2, 1, 0, 2)
  (0, 3, 0, 3, 0, 0, 1, 0, 2)
  (0, 3, 0, 0, 0, 0, 4, 0, 2)
  (0, 3, 0, 0, 0, 0, 6, 0, 0)

Path 2062 (7 moves):
  (1, 1, 1, 1, 1, 1, 1, 1, 1)
  (1, 1, 1, 1, 0, 2, 1, 1, 1)
  (1, 2, 0, 1, 0, 2, 1, 1, 1)
  (1, 2, 0, 1, 0, 2, 1, 0, 2)
  (0, 3, 0, 1, 0, 2, 1, 0, 2)
  (0, 3, 0, 3, 0, 0, 1, 0, 2)
  (0, 3, 0, 3, 0, 0, 3, 0, 0)
  (0, 3, 0, 0, 0, 0, 6, 0, 0)

Path 2063 (7 moves):
  (1, 1, 1, 1, 1, 1, 1, 1, 1)
  (1, 1, 1, 1, 0, 2, 1, 1, 1)
  (1, 2, 0, 1, 0, 2, 1, 1, 1)
  (1, 2, 0, 1, 0, 2, 1, 0, 2)
  (0, 3, 0, 1, 0, 2, 1, 0, 2)
  (0, 3, 0, 3, 0, 0, 1, 0, 2)
  (0, 3, 0, 3, 0, 0, 3, 0, 0)
  (0, 3, 0, 6, 0, 0, 0, 0, 0)

Path 2064 (7 moves):
  (1, 1, 1, 1, 1, 1, 1, 1, 1)
  (1, 1, 1, 1, 0, 2, 1, 1, 1)
  (1, 2, 0, 1, 0, 2, 1, 1, 1)
  (1, 2, 0, 1, 0, 2, 1, 0, 2)
  (0, 3, 0, 1, 0, 2, 1, 0, 2)
  (0, 3, 0, 1, 0, 3, 0, 0, 2)
  (0, 3, 0, 1, 0, 0, 0, 0, 5)
  (0, 3, 0, 6, 0, 0, 0, 0, 0)

Path 2065 (7 moves):
  (1, 1, 1, 1, 1, 1, 1, 1, 1)
  (1, 1, 1, 1, 0, 2, 1, 1, 1)
  (1, 2, 0, 1, 0, 2, 1, 1, 1)
  (1, 2, 0, 1, 0, 2, 1, 0, 2)
  (0, 3, 0, 1, 0, 2, 1, 0, 2)
  (0, 3, 0, 1, 0, 2, 3, 0, 0)
  (0, 3, 0, 3, 0, 0, 3, 0, 0)
  (0, 3, 0, 0, 0, 0, 6, 0, 0)

Path 2066 (7 moves):
  (1, 1, 1, 1, 1, 1, 1, 1, 1)
  (1, 1, 1, 1, 0, 2, 1, 1, 1)
  (1, 2, 0, 1, 0, 2, 1, 1, 1)
  (1, 2, 0, 1, 0, 2, 1, 0, 2)
  (0, 3, 0, 1, 0, 2, 1, 0, 2)
  (0, 3, 0, 1, 0, 2, 3, 0, 0)
  (0, 3, 0, 3, 0, 0, 3, 0, 0)
  (0, 3, 0, 6, 0, 0, 0, 0, 0)

Path 2067 (7 moves):
  (1, 1, 1, 1, 1, 1, 1, 1, 1)
  (1, 1, 1, 1, 0, 2, 1, 1, 1)
  (1, 2, 0, 1, 0, 2, 1, 1, 1)
  (1, 2, 0, 1, 0, 2, 1, 0, 2)
  (0, 3, 0, 1, 0, 2, 1, 0, 2)
  (0, 3, 0, 1, 0, 2, 3, 0, 0)
  (0, 3, 0, 4, 0, 2, 0, 0, 0)
  (0, 3, 0, 6, 0, 0, 0, 0, 0)

Path 2068 (7 moves):
  (1, 1, 1, 1, 1, 1, 1, 1, 1)
  (1, 1, 1, 1, 0, 2, 1, 1, 1)
  (1, 2, 0, 1, 0, 2, 1, 1, 1)
  (1, 2, 0, 1, 0, 2, 1, 0, 2)
  (1, 0, 0, 3, 0, 2, 1, 0, 2)
  (1, 0, 0, 0, 0, 2, 4, 0, 2)
  (1, 0, 0, 0, 0, 2, 6, 0, 0)
  (7, 0, 0, 0, 0, 2, 0, 0, 0)

Path 2069 (7 moves):
  (1, 1, 1, 1, 1, 1, 1, 1, 1)
  (1, 1, 1, 1, 0, 2, 1, 1, 1)
  (1, 2, 0, 1, 0, 2, 1, 1, 1)
  (1, 2, 0, 1, 0, 2, 1, 0, 2)
  (1, 0, 0, 3, 0, 2, 1, 0, 2)
  (1, 0, 0, 3, 0, 3, 0, 0, 2)
  (4, 0, 0, 0, 0, 3, 0, 0, 2)
  (4, 0, 0, 0, 0, 0, 0, 0, 5)

Path 2070 (7 moves):
  (1, 1, 1, 1, 1, 1, 1, 1, 1)
  (1, 1, 1, 1, 0, 2, 1, 1, 1)
  (1, 2, 0, 1, 0, 2, 1, 1, 1)
  (1, 2, 0, 1, 0, 2, 1, 0, 2)
  (1, 0, 0, 3, 0, 2, 1, 0, 2)
  (1, 0, 0, 3, 0, 3, 0, 0, 2)
  (1, 0, 0, 3, 0, 0, 0, 0, 5)
  (4, 0, 0, 0, 0, 0, 0, 0, 5)

Path 2071 (7 moves):
  (1, 1, 1, 1, 1, 1, 1, 1, 1)
  (1, 1, 1, 1, 0, 2, 1, 1, 1)
  (1, 2, 0, 1, 0, 2, 1, 1, 1)
  (1, 2, 0, 1, 0, 2, 1, 0, 2)
  (1, 0, 0, 3, 0, 2, 1, 0, 2)
  (1, 0, 0, 3, 0, 3, 0, 0, 2)
  (1, 0, 0, 3, 0, 0, 0, 0, 5)
  (1, 0, 0, 8, 0, 0, 0, 0, 0)

Path 2072 (7 moves):
  (1, 1, 1, 1, 1, 1, 1, 1, 1)
  (1, 1, 1, 1, 0, 2, 1, 1, 1)
  (1, 2, 0, 1, 0, 2, 1, 1, 1)
  (1, 2, 0, 1, 0, 2, 1, 0, 2)
  (1, 2, 0, 3, 0, 0, 1, 0, 2)
  (0, 3, 0, 3, 0, 0, 1, 0, 2)
  (0, 3, 0, 0, 0, 0, 4, 0, 2)
  (0, 3, 0, 0, 0, 0, 6, 0, 0)

Path 2073 (7 moves):
  (1, 1, 1, 1, 1, 1, 1, 1, 1)
  (1, 1, 1, 1, 0, 2, 1, 1, 1)
  (1, 2, 0, 1, 0, 2, 1, 1, 1)
  (1, 2, 0, 1, 0, 2, 1, 0, 2)
  (1, 2, 0, 3, 0, 0, 1, 0, 2)
  (0, 3, 0, 3, 0, 0, 1, 0, 2)
  (0, 3, 0, 3, 0, 0, 3, 0, 0)
  (0, 3, 0, 0, 0, 0, 6, 0, 0)

Path 2074 (7 moves):
  (1, 1, 1, 1, 1, 1, 1, 1, 1)
  (1, 1, 1, 1, 0, 2, 1, 1, 1)
  (1, 2, 0, 1, 0, 2, 1, 1, 1)
  (1, 2, 0, 1, 0, 2, 1, 0, 2)
  (1, 2, 0, 3, 0, 0, 1, 0, 2)
  (0, 3, 0, 3, 0, 0, 1, 0, 2)
  (0, 3, 0, 3, 0, 0, 3, 0, 0)
  (0, 3, 0, 6, 0, 0, 0, 0, 0)

Path 2075 (7 moves):
  (1, 1, 1, 1, 1, 1, 1, 1, 1)
  (1, 1, 1, 1, 0, 2, 1, 1, 1)
  (1, 2, 0, 1, 0, 2, 1, 1, 1)
  (1, 2, 0, 1, 0, 2, 1, 0, 2)
  (1, 2, 0, 3, 0, 0, 1, 0, 2)
  (1, 2, 0, 0, 0, 0, 4, 0, 2)
  (0, 3, 0, 0, 0, 0, 4, 0, 2)
  (0, 3, 0, 0, 0, 0, 6, 0, 0)

Path 2076 (7 moves):
  (1, 1, 1, 1, 1, 1, 1, 1, 1)
  (1, 1, 1, 1, 0, 2, 1, 1, 1)
  (1, 2, 0, 1, 0, 2, 1, 1, 1)
  (1, 2, 0, 1, 0, 2, 1, 0, 2)
  (1, 2, 0, 3, 0, 0, 1, 0, 2)
  (1, 2, 0, 0, 0, 0, 4, 0, 2)
  (1, 2, 0, 0, 0, 0, 6, 0, 0)
  (0, 3, 0, 0, 0, 0, 6, 0, 0)

Path 2077 (7 moves):
  (1, 1, 1, 1, 1, 1, 1, 1, 1)
  (1, 1, 1, 1, 0, 2, 1, 1, 1)
  (1, 2, 0, 1, 0, 2, 1, 1, 1)
  (1, 2, 0, 1, 0, 2, 1, 0, 2)
  (1, 2, 0, 3, 0, 0, 1, 0, 2)
  (1, 2, 0, 0, 0, 0, 4, 0, 2)
  (1, 2, 0, 0, 0, 0, 6, 0, 0)
  (7, 2, 0, 0, 0, 0, 0, 0, 0)

Path 2078 (7 moves):
  (1, 1, 1, 1, 1, 1, 1, 1, 1)
  (1, 1, 1, 1, 0, 2, 1, 1, 1)
  (1, 2, 0, 1, 0, 2, 1, 1, 1)
  (1, 2, 0, 1, 0, 2, 1, 0, 2)
  (1, 2, 0, 1, 0, 3, 0, 0, 2)
  (0, 3, 0, 1, 0, 3, 0, 0, 2)
  (0, 3, 0, 1, 0, 0, 0, 0, 5)
  (0, 3, 0, 6, 0, 0, 0, 0, 0)

Path 2079 (7 moves):
  (1, 1, 1, 1, 1, 1, 1, 1, 1)
  (1, 1, 1, 1, 0, 2, 1, 1, 1)
  (1, 2, 0, 1, 0, 2, 1, 1, 1)
  (1, 2, 0, 1, 0, 2, 1, 0, 2)
  (1, 2, 0, 1, 0, 3, 0, 0, 2)
  (1, 0, 0, 3, 0, 3, 0, 0, 2)
  (4, 0, 0, 0, 0, 3, 0, 0, 2)
  (4, 0, 0, 0, 0, 0, 0, 0, 5)

Path 2080 (7 moves):
  (1, 1, 1, 1, 1, 1, 1, 1, 1)
  (1, 1, 1, 1, 0, 2, 1, 1, 1)
  (1, 2, 0, 1, 0, 2, 1, 1, 1)
  (1, 2, 0, 1, 0, 2, 1, 0, 2)
  (1, 2, 0, 1, 0, 3, 0, 0, 2)
  (1, 0, 0, 3, 0, 3, 0, 0, 2)
  (1, 0, 0, 3, 0, 0, 0, 0, 5)
  (4, 0, 0, 0, 0, 0, 0, 0, 5)

Path 2081 (7 moves):
  (1, 1, 1, 1, 1, 1, 1, 1, 1)
  (1, 1, 1, 1, 0, 2, 1, 1, 1)
  (1, 2, 0, 1, 0, 2, 1, 1, 1)
  (1, 2, 0, 1, 0, 2, 1, 0, 2)
  (1, 2, 0, 1, 0, 3, 0, 0, 2)
  (1, 0, 0, 3, 0, 3, 0, 0, 2)
  (1, 0, 0, 3, 0, 0, 0, 0, 5)
  (1, 0, 0, 8, 0, 0, 0, 0, 0)

Path 2082 (7 moves):
  (1, 1, 1, 1, 1, 1, 1, 1, 1)
  (1, 1, 1, 1, 0, 2, 1, 1, 1)
  (1, 2, 0, 1, 0, 2, 1, 1, 1)
  (1, 2, 0, 1, 0, 2, 1, 0, 2)
  (1, 2, 0, 1, 0, 3, 0, 0, 2)
  (1, 2, 0, 1, 0, 0, 0, 0, 5)
  (0, 3, 0, 1, 0, 0, 0, 0, 5)
  (0, 3, 0, 6, 0, 0, 0, 0, 0)

Path 2083 (7 moves):
  (1, 1, 1, 1, 1, 1, 1, 1, 1)
  (1, 1, 1, 1, 0, 2, 1, 1, 1)
  (1, 2, 0, 1, 0, 2, 1, 1, 1)
  (1, 2, 0, 1, 0, 2, 1, 0, 2)
  (1, 2, 0, 1, 0, 3, 0, 0, 2)
  (1, 2, 0, 1, 0, 0, 0, 0, 5)
  (1, 0, 0, 3, 0, 0, 0, 0, 5)
  (4, 0, 0, 0, 0, 0, 0, 0, 5)

Path 2084 (7 moves):
  (1, 1, 1, 1, 1, 1, 1, 1, 1)
  (1, 1, 1, 1, 0, 2, 1, 1, 1)
  (1, 2, 0, 1, 0, 2, 1, 1, 1)
  (1, 2, 0, 1, 0, 2, 1, 0, 2)
  (1, 2, 0, 1, 0, 3, 0, 0, 2)
  (1, 2, 0, 1, 0, 0, 0, 0, 5)
  (1, 0, 0, 3, 0, 0, 0, 0, 5)
  (1, 0, 0, 8, 0, 0, 0, 0, 0)

Path 2085 (7 moves):
  (1, 1, 1, 1, 1, 1, 1, 1, 1)
  (1, 1, 1, 1, 0, 2, 1, 1, 1)
  (1, 2, 0, 1, 0, 2, 1, 1, 1)
  (1, 2, 0, 1, 0, 2, 1, 0, 2)
  (1, 2, 0, 1, 0, 3, 0, 0, 2)
  (1, 2, 0, 1, 0, 0, 0, 0, 5)
  (1, 2, 0, 6, 0, 0, 0, 0, 0)
  (0, 3, 0, 6, 0, 0, 0, 0, 0)

Path 2086 (7 moves):
  (1, 1, 1, 1, 1, 1, 1, 1, 1)
  (1, 1, 1, 1, 0, 2, 1, 1, 1)
  (1, 2, 0, 1, 0, 2, 1, 1, 1)
  (1, 2, 0, 1, 0, 2, 1, 0, 2)
  (1, 2, 0, 1, 0, 3, 0, 0, 2)
  (1, 2, 0, 1, 0, 0, 0, 0, 5)
  (1, 2, 0, 6, 0, 0, 0, 0, 0)
  (1, 0, 0, 8, 0, 0, 0, 0, 0)

Path 2087 (7 moves):
  (1, 1, 1, 1, 1, 1, 1, 1, 1)
  (1, 1, 1, 1, 0, 2, 1, 1, 1)
  (1, 2, 0, 1, 0, 2, 1, 1, 1)
  (1, 2, 0, 1, 0, 2, 1, 0, 2)
  (1, 2, 0, 1, 0, 2, 3, 0, 0)
  (0, 3, 0, 1, 0, 2, 3, 0, 0)
  (0, 3, 0, 3, 0, 0, 3, 0, 0)
  (0, 3, 0, 0, 0, 0, 6, 0, 0)

Path 2088 (7 moves):
  (1, 1, 1, 1, 1, 1, 1, 1, 1)
  (1, 1, 1, 1, 0, 2, 1, 1, 1)
  (1, 2, 0, 1, 0, 2, 1, 1, 1)
  (1, 2, 0, 1, 0, 2, 1, 0, 2)
  (1, 2, 0, 1, 0, 2, 3, 0, 0)
  (0, 3, 0, 1, 0, 2, 3, 0, 0)
  (0, 3, 0, 3, 0, 0, 3, 0, 0)
  (0, 3, 0, 6, 0, 0, 0, 0, 0)

Path 2089 (7 moves):
  (1, 1, 1, 1, 1, 1, 1, 1, 1)
  (1, 1, 1, 1, 0, 2, 1, 1, 1)
  (1, 2, 0, 1, 0, 2, 1, 1, 1)
  (1, 2, 0, 1, 0, 2, 1, 0, 2)
  (1, 2, 0, 1, 0, 2, 3, 0, 0)
  (0, 3, 0, 1, 0, 2, 3, 0, 0)
  (0, 3, 0, 4, 0, 2, 0, 0, 0)
  (0, 3, 0, 6, 0, 0, 0, 0, 0)

Path 2090 (7 moves):
  (1, 1, 1, 1, 1, 1, 1, 1, 1)
  (1, 1, 1, 1, 0, 2, 1, 1, 1)
  (1, 2, 0, 1, 0, 2, 1, 1, 1)
  (1, 2, 0, 1, 0, 2, 1, 0, 2)
  (1, 2, 0, 1, 0, 2, 3, 0, 0)
  (1, 2, 0, 4, 0, 2, 0, 0, 0)
  (0, 3, 0, 4, 0, 2, 0, 0, 0)
  (0, 3, 0, 6, 0, 0, 0, 0, 0)

Path 2091 (7 moves):
  (1, 1, 1, 1, 1, 1, 1, 1, 1)
  (1, 1, 1, 1, 0, 2, 1, 1, 1)
  (1, 2, 0, 1, 0, 2, 1, 1, 1)
  (1, 2, 0, 1, 0, 2, 1, 0, 2)
  (1, 2, 0, 1, 0, 2, 3, 0, 0)
  (1, 2, 0, 4, 0, 2, 0, 0, 0)
  (1, 0, 0, 6, 0, 2, 0, 0, 0)
  (1, 0, 0, 8, 0, 0, 0, 0, 0)

Path 2092 (7 moves):
  (1, 1, 1, 1, 1, 1, 1, 1, 1)
  (1, 1, 1, 1, 0, 2, 1, 1, 1)
  (1, 2, 0, 1, 0, 2, 1, 1, 1)
  (1, 2, 0, 1, 0, 2, 1, 0, 2)
  (1, 2, 0, 1, 0, 2, 3, 0, 0)
  (1, 2, 0, 4, 0, 2, 0, 0, 0)
  (1, 2, 0, 6, 0, 0, 0, 0, 0)
  (0, 3, 0, 6, 0, 0, 0, 0, 0)

Path 2093 (7 moves):
  (1, 1, 1, 1, 1, 1, 1, 1, 1)
  (1, 1, 1, 1, 0, 2, 1, 1, 1)
  (1, 2, 0, 1, 0, 2, 1, 1, 1)
  (1, 2, 0, 1, 0, 2, 1, 0, 2)
  (1, 2, 0, 1, 0, 2, 3, 0, 0)
  (1, 2, 0, 4, 0, 2, 0, 0, 0)
  (1, 2, 0, 6, 0, 0, 0, 0, 0)
  (1, 0, 0, 8, 0, 0, 0, 0, 0)

Path 2094 (7 moves):
  (1, 1, 1, 1, 1, 1, 1, 1, 1)
  (1, 1, 1, 1, 0, 2, 1, 1, 1)
  (1, 1, 0, 2, 0, 2, 1, 1, 1)
  (0, 2, 0, 2, 0, 2, 1, 1, 1)
  (0, 0, 0, 4, 0, 2, 1, 1, 1)
  (0, 0, 0, 4, 0, 2, 2, 0, 1)
  (0, 0, 0, 6, 0, 0, 2, 0, 1)
  (0, 0, 0, 6, 0, 0, 0, 0, 3)

Path 2095 (7 moves):
  (1, 1, 1, 1, 1, 1, 1, 1, 1)
  (1, 1, 1, 1, 0, 2, 1, 1, 1)
  (1, 1, 0, 2, 0, 2, 1, 1, 1)
  (0, 2, 0, 2, 0, 2, 1, 1, 1)
  (0, 0, 0, 4, 0, 2, 1, 1, 1)
  (0, 0, 0, 4, 0, 2, 2, 0, 1)
  (0, 0, 0, 4, 0, 2, 0, 0, 3)
  (0, 0, 0, 6, 0, 0, 0, 0, 3)

Path 2096 (7 moves):
  (1, 1, 1, 1, 1, 1, 1, 1, 1)
  (1, 1, 1, 1, 0, 2, 1, 1, 1)
  (1, 1, 0, 2, 0, 2, 1, 1, 1)
  (0, 2, 0, 2, 0, 2, 1, 1, 1)
  (0, 0, 0, 4, 0, 2, 1, 1, 1)
  (0, 0, 0, 4, 0, 2, 2, 0, 1)
  (0, 0, 0, 4, 0, 2, 0, 0, 3)
  (0, 0, 0, 4, 0, 5, 0, 0, 0)

Path 2097 (7 moves):
  (1, 1, 1, 1, 1, 1, 1, 1, 1)
  (1, 1, 1, 1, 0, 2, 1, 1, 1)
  (1, 1, 0, 2, 0, 2, 1, 1, 1)
  (0, 2, 0, 2, 0, 2, 1, 1, 1)
  (0, 0, 0, 4, 0, 2, 1, 1, 1)
  (0, 0, 0, 4, 0, 2, 1, 2, 0)
  (0, 0, 0, 0, 0, 2, 1, 6, 0)
  (0, 0, 0, 0, 0, 3, 0, 6, 0)

Path 2098 (7 moves):
  (1, 1, 1, 1, 1, 1, 1, 1, 1)
  (1, 1, 1, 1, 0, 2, 1, 1, 1)
  (1, 1, 0, 2, 0, 2, 1, 1, 1)
  (0, 2, 0, 2, 0, 2, 1, 1, 1)
  (0, 0, 0, 4, 0, 2, 1, 1, 1)
  (0, 0, 0, 4, 0, 2, 1, 2, 0)
  (0, 0, 0, 6, 0, 0, 1, 2, 0)
  (0, 0, 0, 6, 0, 0, 0, 3, 0)

Path 2099 (7 moves):
  (1, 1, 1, 1, 1, 1, 1, 1, 1)
  (1, 1, 1, 1, 0, 2, 1, 1, 1)
  (1, 1, 0, 2, 0, 2, 1, 1, 1)
  (0, 2, 0, 2, 0, 2, 1, 1, 1)
  (0, 0, 0, 4, 0, 2, 1, 1, 1)
  (0, 0, 0, 4, 0, 2, 1, 2, 0)
  (0, 0, 0, 4, 0, 0, 1, 4, 0)
  (0, 0, 0, 8, 0, 0, 1, 0, 0)

Path 2100 (7 moves):
  (1, 1, 1, 1, 1, 1, 1, 1, 1)
  (1, 1, 1, 1, 0, 2, 1, 1, 1)
  (1, 1, 0, 2, 0, 2, 1, 1, 1)
  (0, 2, 0, 2, 0, 2, 1, 1, 1)
  (0, 0, 0, 4, 0, 2, 1, 1, 1)
  (0, 0, 0, 4, 0, 2, 1, 2, 0)
  (0, 0, 0, 4, 0, 3, 0, 2, 0)
  (0, 0, 0, 0, 0, 3, 0, 6, 0)

Path 2101 (7 moves):
  (1, 1, 1, 1, 1, 1, 1, 1, 1)
  (1, 1, 1, 1, 0, 2, 1, 1, 1)
  (1, 1, 0, 2, 0, 2, 1, 1, 1)
  (0, 2, 0, 2, 0, 2, 1, 1, 1)
  (0, 0, 0, 4, 0, 2, 1, 1, 1)
  (0, 0, 0, 4, 0, 2, 1, 2, 0)
  (0, 0, 0, 4, 0, 3, 0, 2, 0)
  (0, 0, 0, 4, 0, 5, 0, 0, 0)

Path 2102 (7 moves):
  (1, 1, 1, 1, 1, 1, 1, 1, 1)
  (1, 1, 1, 1, 0, 2, 1, 1, 1)
  (1, 1, 0, 2, 0, 2, 1, 1, 1)
  (0, 2, 0, 2, 0, 2, 1, 1, 1)
  (0, 0, 0, 4, 0, 2, 1, 1, 1)
  (0, 0, 0, 4, 0, 2, 1, 2, 0)
  (0, 0, 0, 4, 0, 2, 0, 3, 0)
  (0, 0, 0, 6, 0, 0, 0, 3, 0)

Path 2103 (7 moves):
  (1, 1, 1, 1, 1, 1, 1, 1, 1)
  (1, 1, 1, 1, 0, 2, 1, 1, 1)
  (1, 1, 0, 2, 0, 2, 1, 1, 1)
  (0, 2, 0, 2, 0, 2, 1, 1, 1)
  (0, 0, 0, 4, 0, 2, 1, 1, 1)
  (0, 0, 0, 4, 0, 2, 1, 2, 0)
  (0, 0, 0, 4, 0, 4, 1, 0, 0)
  (0, 0, 0, 4, 0, 5, 0, 0, 0)

Path 2104 (7 moves):
  (1, 1, 1, 1, 1, 1, 1, 1, 1)
  (1, 1, 1, 1, 0, 2, 1, 1, 1)
  (1, 1, 0, 2, 0, 2, 1, 1, 1)
  (0, 2, 0, 2, 0, 2, 1, 1, 1)
  (0, 4, 0, 0, 0, 2, 1, 1, 1)
  (0, 4, 0, 0, 0, 0, 1, 3, 1)
  (0, 4, 0, 0, 0, 0, 0, 4, 1)
  (0, 4, 0, 0, 0, 0, 0, 5, 0)

Path 2105 (7 moves):
  (1, 1, 1, 1, 1, 1, 1, 1, 1)
  (1, 1, 1, 1, 0, 2, 1, 1, 1)
  (1, 1, 0, 2, 0, 2, 1, 1, 1)
  (0, 2, 0, 2, 0, 2, 1, 1, 1)
  (0, 4, 0, 0, 0, 2, 1, 1, 1)
  (0, 4, 0, 0, 0, 0, 1, 3, 1)
  (0, 4, 0, 0, 0, 0, 1, 4, 0)
  (0, 4, 0, 0, 0, 0, 0, 5, 0)

Path 2106 (7 moves):
  (1, 1, 1, 1, 1, 1, 1, 1, 1)
  (1, 1, 1, 1, 0, 2, 1, 1, 1)
  (1, 1, 0, 2, 0, 2, 1, 1, 1)
  (0, 2, 0, 2, 0, 2, 1, 1, 1)
  (0, 4, 0, 0, 0, 2, 1, 1, 1)
  (0, 4, 0, 0, 0, 2, 0, 2, 1)
  (0, 0, 0, 0, 0, 6, 0, 2, 1)
  (0, 0, 0, 0, 0, 8, 0, 0, 1)

Path 2107 (7 moves):
  (1, 1, 1, 1, 1, 1, 1, 1, 1)
  (1, 1, 1, 1, 0, 2, 1, 1, 1)
  (1, 1, 0, 2, 0, 2, 1, 1, 1)
  (0, 2, 0, 2, 0, 2, 1, 1, 1)
  (0, 4, 0, 0, 0, 2, 1, 1, 1)
  (0, 4, 0, 0, 0, 2, 0, 2, 1)
  (0, 0, 0, 0, 0, 6, 0, 2, 1)
  (0, 0, 0, 0, 0, 6, 0, 3, 0)

Path 2108 (7 moves):
  (1, 1, 1, 1, 1, 1, 1, 1, 1)
  (1, 1, 1, 1, 0, 2, 1, 1, 1)
  (1, 1, 0, 2, 0, 2, 1, 1, 1)
  (0, 2, 0, 2, 0, 2, 1, 1, 1)
  (0, 4, 0, 0, 0, 2, 1, 1, 1)
  (0, 4, 0, 0, 0, 2, 0, 2, 1)
  (0, 4, 0, 0, 0, 0, 0, 4, 1)
  (0, 4, 0, 0, 0, 0, 0, 5, 0)

Path 2109 (7 moves):
  (1, 1, 1, 1, 1, 1, 1, 1, 1)
  (1, 1, 1, 1, 0, 2, 1, 1, 1)
  (1, 1, 0, 2, 0, 2, 1, 1, 1)
  (0, 2, 0, 2, 0, 2, 1, 1, 1)
  (0, 4, 0, 0, 0, 2, 1, 1, 1)
  (0, 4, 0, 0, 0, 2, 0, 2, 1)
  (0, 4, 0, 0, 0, 4, 0, 0, 1)
  (0, 0, 0, 0, 0, 8, 0, 0, 1)

Path 2110 (7 moves):
  (1, 1, 1, 1, 1, 1, 1, 1, 1)
  (1, 1, 1, 1, 0, 2, 1, 1, 1)
  (1, 1, 0, 2, 0, 2, 1, 1, 1)
  (0, 2, 0, 2, 0, 2, 1, 1, 1)
  (0, 4, 0, 0, 0, 2, 1, 1, 1)
  (0, 4, 0, 0, 0, 2, 0, 2, 1)
  (0, 4, 0, 0, 0, 4, 0, 0, 1)
  (0, 8, 0, 0, 0, 0, 0, 0, 1)

Path 2111 (7 moves):
  (1, 1, 1, 1, 1, 1, 1, 1, 1)
  (1, 1, 1, 1, 0, 2, 1, 1, 1)
  (1, 1, 0, 2, 0, 2, 1, 1, 1)
  (0, 2, 0, 2, 0, 2, 1, 1, 1)
  (0, 4, 0, 0, 0, 2, 1, 1, 1)
  (0, 4, 0, 0, 0, 2, 0, 2, 1)
  (0, 4, 0, 0, 0, 2, 0, 3, 0)
  (0, 0, 0, 0, 0, 6, 0, 3, 0)

Path 2112 (7 moves):
  (1, 1, 1, 1, 1, 1, 1, 1, 1)
  (1, 1, 1, 1, 0, 2, 1, 1, 1)
  (1, 1, 0, 2, 0, 2, 1, 1, 1)
  (0, 2, 0, 2, 0, 2, 1, 1, 1)
  (0, 4, 0, 0, 0, 2, 1, 1, 1)
  (0, 4, 0, 0, 0, 2, 0, 2, 1)
  (0, 4, 0, 0, 0, 2, 0, 3, 0)
  (0, 4, 0, 0, 0, 0, 0, 5, 0)

Path 2113 (7 moves):
  (1, 1, 1, 1, 1, 1, 1, 1, 1)
  (1, 1, 1, 1, 0, 2, 1, 1, 1)
  (1, 1, 0, 2, 0, 2, 1, 1, 1)
  (0, 2, 0, 2, 0, 2, 1, 1, 1)
  (0, 4, 0, 0, 0, 2, 1, 1, 1)
  (0, 4, 0, 0, 0, 2, 1, 0, 2)
  (0, 0, 0, 0, 0, 6, 1, 0, 2)
  (0, 0, 0, 0, 0, 7, 0, 0, 2)

Path 2114 (7 moves):
  (1, 1, 1, 1, 1, 1, 1, 1, 1)
  (1, 1, 1, 1, 0, 2, 1, 1, 1)
  (1, 1, 0, 2, 0, 2, 1, 1, 1)
  (0, 2, 0, 2, 0, 2, 1, 1, 1)
  (0, 4, 0, 0, 0, 2, 1, 1, 1)
  (0, 4, 0, 0, 0, 2, 1, 0, 2)
  (0, 0, 0, 0, 0, 6, 1, 0, 2)
  (0, 0, 0, 0, 0, 6, 3, 0, 0)

Path 2115 (7 moves):
  (1, 1, 1, 1, 1, 1, 1, 1, 1)
  (1, 1, 1, 1, 0, 2, 1, 1, 1)
  (1, 1, 0, 2, 0, 2, 1, 1, 1)
  (0, 2, 0, 2, 0, 2, 1, 1, 1)
  (0, 4, 0, 0, 0, 2, 1, 1, 1)
  (0, 4, 0, 0, 0, 2, 1, 0, 2)
  (0, 4, 0, 0, 0, 3, 0, 0, 2)
  (0, 0, 0, 0, 0, 7, 0, 0, 2)

Path 2116 (7 moves):
  (1, 1, 1, 1, 1, 1, 1, 1, 1)
  (1, 1, 1, 1, 0, 2, 1, 1, 1)
  (1, 1, 0, 2, 0, 2, 1, 1, 1)
  (0, 2, 0, 2, 0, 2, 1, 1, 1)
  (0, 4, 0, 0, 0, 2, 1, 1, 1)
  (0, 4, 0, 0, 0, 2, 1, 0, 2)
  (0, 4, 0, 0, 0, 3, 0, 0, 2)
  (0, 4, 0, 0, 0, 0, 0, 0, 5)

Path 2117 (7 moves):
  (1, 1, 1, 1, 1, 1, 1, 1, 1)
  (1, 1, 1, 1, 0, 2, 1, 1, 1)
  (1, 1, 0, 2, 0, 2, 1, 1, 1)
  (0, 2, 0, 2, 0, 2, 1, 1, 1)
  (0, 4, 0, 0, 0, 2, 1, 1, 1)
  (0, 4, 0, 0, 0, 2, 1, 0, 2)
  (0, 4, 0, 0, 0, 2, 3, 0, 0)
  (0, 0, 0, 0, 0, 6, 3, 0, 0)

Path 2118 (7 moves):
  (1, 1, 1, 1, 1, 1, 1, 1, 1)
  (1, 1, 1, 1, 0, 2, 1, 1, 1)
  (1, 1, 0, 2, 0, 2, 1, 1, 1)
  (0, 2, 0, 2, 0, 2, 1, 1, 1)
  (0, 2, 0, 0, 0, 4, 1, 1, 1)
  (0, 2, 0, 0, 0, 4, 2, 0, 1)
  (0, 6, 0, 0, 0, 0, 2, 0, 1)
  (0, 6, 0, 0, 0, 0, 0, 0, 3)

Path 2119 (7 moves):
  (1, 1, 1, 1, 1, 1, 1, 1, 1)
  (1, 1, 1, 1, 0, 2, 1, 1, 1)
  (1, 1, 0, 2, 0, 2, 1, 1, 1)
  (0, 2, 0, 2, 0, 2, 1, 1, 1)
  (0, 2, 0, 0, 0, 4, 1, 1, 1)
  (0, 2, 0, 0, 0, 4, 2, 0, 1)
  (0, 2, 0, 0, 0, 4, 0, 0, 3)
  (0, 6, 0, 0, 0, 0, 0, 0, 3)

Path 2120 (7 moves):
  (1, 1, 1, 1, 1, 1, 1, 1, 1)
  (1, 1, 1, 1, 0, 2, 1, 1, 1)
  (1, 1, 0, 2, 0, 2, 1, 1, 1)
  (0, 2, 0, 2, 0, 2, 1, 1, 1)
  (0, 2, 0, 0, 0, 4, 1, 1, 1)
  (0, 2, 0, 0, 0, 4, 2, 0, 1)
  (0, 2, 0, 0, 0, 4, 0, 0, 3)
  (0, 2, 0, 0, 0, 7, 0, 0, 0)

Path 2121 (7 moves):
  (1, 1, 1, 1, 1, 1, 1, 1, 1)
  (1, 1, 1, 1, 0, 2, 1, 1, 1)
  (1, 1, 0, 2, 0, 2, 1, 1, 1)
  (0, 2, 0, 2, 0, 2, 1, 1, 1)
  (0, 2, 0, 4, 0, 0, 1, 1, 1)
  (0, 2, 0, 0, 0, 0, 1, 5, 1)
  (0, 2, 0, 0, 0, 0, 0, 6, 1)
  (0, 8, 0, 0, 0, 0, 0, 0, 1)

Path 2122 (7 moves):
  (1, 1, 1, 1, 1, 1, 1, 1, 1)
  (1, 1, 1, 1, 0, 2, 1, 1, 1)
  (1, 1, 0, 2, 0, 2, 1, 1, 1)
  (0, 2, 0, 2, 0, 2, 1, 1, 1)
  (0, 2, 0, 4, 0, 0, 1, 1, 1)
  (0, 2, 0, 0, 0, 0, 1, 5, 1)
  (0, 2, 0, 0, 0, 0, 0, 6, 1)
  (0, 2, 0, 0, 0, 0, 0, 7, 0)

Path 2123 (7 moves):
  (1, 1, 1, 1, 1, 1, 1, 1, 1)
  (1, 1, 1, 1, 0, 2, 1, 1, 1)
  (1, 1, 0, 2, 0, 2, 1, 1, 1)
  (0, 2, 0, 2, 0, 2, 1, 1, 1)
  (0, 2, 0, 4, 0, 0, 1, 1, 1)
  (0, 2, 0, 0, 0, 0, 1, 5, 1)
  (0, 2, 0, 0, 0, 0, 1, 6, 0)
  (0, 2, 0, 0, 0, 0, 0, 7, 0)

Path 2124 (7 moves):
  (1, 1, 1, 1, 1, 1, 1, 1, 1)
  (1, 1, 1, 1, 0, 2, 1, 1, 1)
  (1, 1, 0, 2, 0, 2, 1, 1, 1)
  (0, 2, 0, 2, 0, 2, 1, 1, 1)
  (0, 2, 0, 4, 0, 0, 1, 1, 1)
  (0, 2, 0, 0, 0, 0, 1, 5, 1)
  (0, 2, 0, 0, 0, 0, 1, 6, 0)
  (0, 8, 0, 0, 0, 0, 1, 0, 0)

Path 2125 (7 moves):
  (1, 1, 1, 1, 1, 1, 1, 1, 1)
  (1, 1, 1, 1, 0, 2, 1, 1, 1)
  (1, 1, 0, 2, 0, 2, 1, 1, 1)
  (0, 2, 0, 2, 0, 2, 1, 1, 1)
  (0, 2, 0, 4, 0, 0, 1, 1, 1)
  (0, 2, 0, 4, 0, 0, 0, 2, 1)
  (0, 0, 0, 6, 0, 0, 0, 2, 1)
  (0, 0, 0, 6, 0, 0, 0, 3, 0)

Path 2126 (7 moves):
  (1, 1, 1, 1, 1, 1, 1, 1, 1)
  (1, 1, 1, 1, 0, 2, 1, 1, 1)
  (1, 1, 0, 2, 0, 2, 1, 1, 1)
  (0, 2, 0, 2, 0, 2, 1, 1, 1)
  (0, 2, 0, 4, 0, 0, 1, 1, 1)
  (0, 2, 0, 4, 0, 0, 0, 2, 1)
  (0, 2, 0, 0, 0, 0, 0, 6, 1)
  (0, 8, 0, 0, 0, 0, 0, 0, 1)

Path 2127 (7 moves):
  (1, 1, 1, 1, 1, 1, 1, 1, 1)
  (1, 1, 1, 1, 0, 2, 1, 1, 1)
  (1, 1, 0, 2, 0, 2, 1, 1, 1)
  (0, 2, 0, 2, 0, 2, 1, 1, 1)
  (0, 2, 0, 4, 0, 0, 1, 1, 1)
  (0, 2, 0, 4, 0, 0, 0, 2, 1)
  (0, 2, 0, 0, 0, 0, 0, 6, 1)
  (0, 2, 0, 0, 0, 0, 0, 7, 0)

Path 2128 (7 moves):
  (1, 1, 1, 1, 1, 1, 1, 1, 1)
  (1, 1, 1, 1, 0, 2, 1, 1, 1)
  (1, 1, 0, 2, 0, 2, 1, 1, 1)
  (0, 2, 0, 2, 0, 2, 1, 1, 1)
  (0, 2, 0, 4, 0, 0, 1, 1, 1)
  (0, 2, 0, 4, 0, 0, 0, 2, 1)
  (0, 2, 0, 4, 0, 0, 0, 3, 0)
  (0, 0, 0, 6, 0, 0, 0, 3, 0)

Path 2129 (7 moves):
  (1, 1, 1, 1, 1, 1, 1, 1, 1)
  (1, 1, 1, 1, 0, 2, 1, 1, 1)
  (1, 1, 0, 2, 0, 2, 1, 1, 1)
  (0, 2, 0, 2, 0, 2, 1, 1, 1)
  (0, 2, 0, 4, 0, 0, 1, 1, 1)
  (0, 2, 0, 4, 0, 0, 0, 2, 1)
  (0, 2, 0, 4, 0, 0, 0, 3, 0)
  (0, 2, 0, 0, 0, 0, 0, 7, 0)

Path 2130 (7 moves):
  (1, 1, 1, 1, 1, 1, 1, 1, 1)
  (1, 1, 1, 1, 0, 2, 1, 1, 1)
  (1, 1, 0, 2, 0, 2, 1, 1, 1)
  (0, 2, 0, 2, 0, 2, 1, 1, 1)
  (0, 2, 0, 4, 0, 0, 1, 1, 1)
  (0, 2, 0, 4, 0, 0, 2, 0, 1)
  (0, 0, 0, 6, 0, 0, 2, 0, 1)
  (0, 0, 0, 6, 0, 0, 0, 0, 3)

Path 2131 (7 moves):
  (1, 1, 1, 1, 1, 1, 1, 1, 1)
  (1, 1, 1, 1, 0, 2, 1, 1, 1)
  (1, 1, 0, 2, 0, 2, 1, 1, 1)
  (0, 2, 0, 2, 0, 2, 1, 1, 1)
  (0, 2, 0, 4, 0, 0, 1, 1, 1)
  (0, 2, 0, 4, 0, 0, 2, 0, 1)
  (0, 2, 0, 4, 0, 0, 0, 0, 3)
  (0, 0, 0, 6, 0, 0, 0, 0, 3)

Path 2132 (7 moves):
  (1, 1, 1, 1, 1, 1, 1, 1, 1)
  (1, 1, 1, 1, 0, 2, 1, 1, 1)
  (1, 1, 0, 2, 0, 2, 1, 1, 1)
  (0, 2, 0, 2, 0, 2, 1, 1, 1)
  (0, 2, 0, 4, 0, 0, 1, 1, 1)
  (0, 2, 0, 4, 0, 0, 1, 2, 0)
  (0, 0, 0, 6, 0, 0, 1, 2, 0)
  (0, 0, 0, 6, 0, 0, 0, 3, 0)

Path 2133 (7 moves):
  (1, 1, 1, 1, 1, 1, 1, 1, 1)
  (1, 1, 1, 1, 0, 2, 1, 1, 1)
  (1, 1, 0, 2, 0, 2, 1, 1, 1)
  (0, 2, 0, 2, 0, 2, 1, 1, 1)
  (0, 2, 0, 4, 0, 0, 1, 1, 1)
  (0, 2, 0, 4, 0, 0, 1, 2, 0)
  (0, 2, 0, 0, 0, 0, 1, 6, 0)
  (0, 2, 0, 0, 0, 0, 0, 7, 0)

Path 2134 (7 moves):
  (1, 1, 1, 1, 1, 1, 1, 1, 1)
  (1, 1, 1, 1, 0, 2, 1, 1, 1)
  (1, 1, 0, 2, 0, 2, 1, 1, 1)
  (0, 2, 0, 2, 0, 2, 1, 1, 1)
  (0, 2, 0, 4, 0, 0, 1, 1, 1)
  (0, 2, 0, 4, 0, 0, 1, 2, 0)
  (0, 2, 0, 0, 0, 0, 1, 6, 0)
  (0, 8, 0, 0, 0, 0, 1, 0, 0)

Path 2135 (7 moves):
  (1, 1, 1, 1, 1, 1, 1, 1, 1)
  (1, 1, 1, 1, 0, 2, 1, 1, 1)
  (1, 1, 0, 2, 0, 2, 1, 1, 1)
  (0, 2, 0, 2, 0, 2, 1, 1, 1)
  (0, 2, 0, 4, 0, 0, 1, 1, 1)
  (0, 2, 0, 4, 0, 0, 1, 2, 0)
  (0, 2, 0, 4, 0, 0, 0, 3, 0)
  (0, 0, 0, 6, 0, 0, 0, 3, 0)

Path 2136 (7 moves):
  (1, 1, 1, 1, 1, 1, 1, 1, 1)
  (1, 1, 1, 1, 0, 2, 1, 1, 1)
  (1, 1, 0, 2, 0, 2, 1, 1, 1)
  (0, 2, 0, 2, 0, 2, 1, 1, 1)
  (0, 2, 0, 4, 0, 0, 1, 1, 1)
  (0, 2, 0, 4, 0, 0, 1, 2, 0)
  (0, 2, 0, 4, 0, 0, 0, 3, 0)
  (0, 2, 0, 0, 0, 0, 0, 7, 0)

Path 2137 (7 moves):
  (1, 1, 1, 1, 1, 1, 1, 1, 1)
  (1, 1, 1, 1, 0, 2, 1, 1, 1)
  (1, 1, 0, 2, 0, 2, 1, 1, 1)
  (0, 2, 0, 2, 0, 2, 1, 1, 1)
  (0, 2, 0, 2, 0, 0, 1, 3, 1)
  (0, 4, 0, 0, 0, 0, 1, 3, 1)
  (0, 4, 0, 0, 0, 0, 0, 4, 1)
  (0, 4, 0, 0, 0, 0, 0, 5, 0)

Path 2138 (7 moves):
  (1, 1, 1, 1, 1, 1, 1, 1, 1)
  (1, 1, 1, 1, 0, 2, 1, 1, 1)
  (1, 1, 0, 2, 0, 2, 1, 1, 1)
  (0, 2, 0, 2, 0, 2, 1, 1, 1)
  (0, 2, 0, 2, 0, 0, 1, 3, 1)
  (0, 4, 0, 0, 0, 0, 1, 3, 1)
  (0, 4, 0, 0, 0, 0, 1, 4, 0)
  (0, 4, 0, 0, 0, 0, 0, 5, 0)

Path 2139 (7 moves):
  (1, 1, 1, 1, 1, 1, 1, 1, 1)
  (1, 1, 1, 1, 0, 2, 1, 1, 1)
  (1, 1, 0, 2, 0, 2, 1, 1, 1)
  (0, 2, 0, 2, 0, 2, 1, 1, 1)
  (0, 2, 0, 2, 0, 0, 1, 3, 1)
  (0, 2, 0, 2, 0, 0, 0, 4, 1)
  (0, 0, 0, 4, 0, 0, 0, 4, 1)
  (0, 0, 0, 8, 0, 0, 0, 0, 1)

Path 2140 (7 moves):
  (1, 1, 1, 1, 1, 1, 1, 1, 1)
  (1, 1, 1, 1, 0, 2, 1, 1, 1)
  (1, 1, 0, 2, 0, 2, 1, 1, 1)
  (0, 2, 0, 2, 0, 2, 1, 1, 1)
  (0, 2, 0, 2, 0, 0, 1, 3, 1)
  (0, 2, 0, 2, 0, 0, 0, 4, 1)
  (0, 4, 0, 0, 0, 0, 0, 4, 1)
  (0, 4, 0, 0, 0, 0, 0, 5, 0)

Path 2141 (7 moves):
  (1, 1, 1, 1, 1, 1, 1, 1, 1)
  (1, 1, 1, 1, 0, 2, 1, 1, 1)
  (1, 1, 0, 2, 0, 2, 1, 1, 1)
  (0, 2, 0, 2, 0, 2, 1, 1, 1)
  (0, 2, 0, 2, 0, 0, 1, 3, 1)
  (0, 2, 0, 2, 0, 0, 0, 4, 1)
  (0, 2, 0, 6, 0, 0, 0, 0, 1)
  (0, 0, 0, 8, 0, 0, 0, 0, 1)

Path 2142 (7 moves):
  (1, 1, 1, 1, 1, 1, 1, 1, 1)
  (1, 1, 1, 1, 0, 2, 1, 1, 1)
  (1, 1, 0, 2, 0, 2, 1, 1, 1)
  (0, 2, 0, 2, 0, 2, 1, 1, 1)
  (0, 2, 0, 2, 0, 0, 1, 3, 1)
  (0, 2, 0, 2, 0, 0, 0, 4, 1)
  (0, 2, 0, 2, 0, 0, 0, 5, 0)
  (0, 4, 0, 0, 0, 0, 0, 5, 0)

Path 2143 (7 moves):
  (1, 1, 1, 1, 1, 1, 1, 1, 1)
  (1, 1, 1, 1, 0, 2, 1, 1, 1)
  (1, 1, 0, 2, 0, 2, 1, 1, 1)
  (0, 2, 0, 2, 0, 2, 1, 1, 1)
  (0, 2, 0, 2, 0, 0, 1, 3, 1)
  (0, 2, 0, 2, 0, 0, 1, 4, 0)
  (0, 0, 0, 4, 0, 0, 1, 4, 0)
  (0, 0, 0, 8, 0, 0, 1, 0, 0)

Path 2144 (7 moves):
  (1, 1, 1, 1, 1, 1, 1, 1, 1)
  (1, 1, 1, 1, 0, 2, 1, 1, 1)
  (1, 1, 0, 2, 0, 2, 1, 1, 1)
  (0, 2, 0, 2, 0, 2, 1, 1, 1)
  (0, 2, 0, 2, 0, 0, 1, 3, 1)
  (0, 2, 0, 2, 0, 0, 1, 4, 0)
  (0, 4, 0, 0, 0, 0, 1, 4, 0)
  (0, 4, 0, 0, 0, 0, 0, 5, 0)

Path 2145 (7 moves):
  (1, 1, 1, 1, 1, 1, 1, 1, 1)
  (1, 1, 1, 1, 0, 2, 1, 1, 1)
  (1, 1, 0, 2, 0, 2, 1, 1, 1)
  (0, 2, 0, 2, 0, 2, 1, 1, 1)
  (0, 2, 0, 2, 0, 0, 1, 3, 1)
  (0, 2, 0, 2, 0, 0, 1, 4, 0)
  (0, 2, 0, 2, 0, 0, 0, 5, 0)
  (0, 4, 0, 0, 0, 0, 0, 5, 0)

Path 2146 (7 moves):
  (1, 1, 1, 1, 1, 1, 1, 1, 1)
  (1, 1, 1, 1, 0, 2, 1, 1, 1)
  (1, 1, 0, 2, 0, 2, 1, 1, 1)
  (0, 2, 0, 2, 0, 2, 1, 1, 1)
  (0, 2, 0, 2, 0, 0, 1, 3, 1)
  (0, 2, 0, 2, 0, 0, 1, 4, 0)
  (0, 2, 0, 6, 0, 0, 1, 0, 0)
  (0, 0, 0, 8, 0, 0, 1, 0, 0)

Path 2147 (7 moves):
  (1, 1, 1, 1, 1, 1, 1, 1, 1)
  (1, 1, 1, 1, 0, 2, 1, 1, 1)
  (1, 1, 0, 2, 0, 2, 1, 1, 1)
  (0, 2, 0, 2, 0, 2, 1, 1, 1)
  (0, 2, 0, 2, 0, 3, 0, 1, 1)
  (0, 2, 0, 2, 0, 0, 0, 1, 4)
  (0, 0, 0, 4, 0, 0, 0, 1, 4)
  (0, 0, 0, 0, 0, 0, 0, 5, 4)

Path 2148 (7 moves):
  (1, 1, 1, 1, 1, 1, 1, 1, 1)
  (1, 1, 1, 1, 0, 2, 1, 1, 1)
  (1, 1, 0, 2, 0, 2, 1, 1, 1)
  (0, 2, 0, 2, 0, 2, 1, 1, 1)
  (0, 2, 0, 2, 0, 3, 0, 1, 1)
  (0, 2, 0, 2, 0, 0, 0, 1, 4)
  (0, 4, 0, 0, 0, 0, 0, 1, 4)
  (0, 4, 0, 0, 0, 0, 0, 0, 5)

Path 2149 (7 moves):
  (1, 1, 1, 1, 1, 1, 1, 1, 1)
  (1, 1, 1, 1, 0, 2, 1, 1, 1)
  (1, 1, 0, 2, 0, 2, 1, 1, 1)
  (0, 2, 0, 2, 0, 2, 1, 1, 1)
  (0, 2, 0, 2, 0, 3, 0, 1, 1)
  (0, 2, 0, 2, 0, 0, 0, 1, 4)
  (0, 2, 0, 2, 0, 0, 0, 0, 5)
  (0, 4, 0, 0, 0, 0, 0, 0, 5)

Path 2150 (7 moves):
  (1, 1, 1, 1, 1, 1, 1, 1, 1)
  (1, 1, 1, 1, 0, 2, 1, 1, 1)
  (1, 1, 0, 2, 0, 2, 1, 1, 1)
  (0, 2, 0, 2, 0, 2, 1, 1, 1)
  (0, 2, 0, 2, 0, 2, 0, 2, 1)
  (0, 4, 0, 0, 0, 2, 0, 2, 1)
  (0, 0, 0, 0, 0, 6, 0, 2, 1)
  (0, 0, 0, 0, 0, 8, 0, 0, 1)

Path 2151 (7 moves):
  (1, 1, 1, 1, 1, 1, 1, 1, 1)
  (1, 1, 1, 1, 0, 2, 1, 1, 1)
  (1, 1, 0, 2, 0, 2, 1, 1, 1)
  (0, 2, 0, 2, 0, 2, 1, 1, 1)
  (0, 2, 0, 2, 0, 2, 0, 2, 1)
  (0, 4, 0, 0, 0, 2, 0, 2, 1)
  (0, 0, 0, 0, 0, 6, 0, 2, 1)
  (0, 0, 0, 0, 0, 6, 0, 3, 0)

Path 2152 (7 moves):
  (1, 1, 1, 1, 1, 1, 1, 1, 1)
  (1, 1, 1, 1, 0, 2, 1, 1, 1)
  (1, 1, 0, 2, 0, 2, 1, 1, 1)
  (0, 2, 0, 2, 0, 2, 1, 1, 1)
  (0, 2, 0, 2, 0, 2, 0, 2, 1)
  (0, 4, 0, 0, 0, 2, 0, 2, 1)
  (0, 4, 0, 0, 0, 0, 0, 4, 1)
  (0, 4, 0, 0, 0, 0, 0, 5, 0)

Path 2153 (7 moves):
  (1, 1, 1, 1, 1, 1, 1, 1, 1)
  (1, 1, 1, 1, 0, 2, 1, 1, 1)
  (1, 1, 0, 2, 0, 2, 1, 1, 1)
  (0, 2, 0, 2, 0, 2, 1, 1, 1)
  (0, 2, 0, 2, 0, 2, 0, 2, 1)
  (0, 4, 0, 0, 0, 2, 0, 2, 1)
  (0, 4, 0, 0, 0, 4, 0, 0, 1)
  (0, 0, 0, 0, 0, 8, 0, 0, 1)

Path 2154 (7 moves):
  (1, 1, 1, 1, 1, 1, 1, 1, 1)
  (1, 1, 1, 1, 0, 2, 1, 1, 1)
  (1, 1, 0, 2, 0, 2, 1, 1, 1)
  (0, 2, 0, 2, 0, 2, 1, 1, 1)
  (0, 2, 0, 2, 0, 2, 0, 2, 1)
  (0, 4, 0, 0, 0, 2, 0, 2, 1)
  (0, 4, 0, 0, 0, 4, 0, 0, 1)
  (0, 8, 0, 0, 0, 0, 0, 0, 1)

Path 2155 (7 moves):
  (1, 1, 1, 1, 1, 1, 1, 1, 1)
  (1, 1, 1, 1, 0, 2, 1, 1, 1)
  (1, 1, 0, 2, 0, 2, 1, 1, 1)
  (0, 2, 0, 2, 0, 2, 1, 1, 1)
  (0, 2, 0, 2, 0, 2, 0, 2, 1)
  (0, 4, 0, 0, 0, 2, 0, 2, 1)
  (0, 4, 0, 0, 0, 2, 0, 3, 0)
  (0, 0, 0, 0, 0, 6, 0, 3, 0)

Path 2156 (7 moves):
  (1, 1, 1, 1, 1, 1, 1, 1, 1)
  (1, 1, 1, 1, 0, 2, 1, 1, 1)
  (1, 1, 0, 2, 0, 2, 1, 1, 1)
  (0, 2, 0, 2, 0, 2, 1, 1, 1)
  (0, 2, 0, 2, 0, 2, 0, 2, 1)
  (0, 4, 0, 0, 0, 2, 0, 2, 1)
  (0, 4, 0, 0, 0, 2, 0, 3, 0)
  (0, 4, 0, 0, 0, 0, 0, 5, 0)

Path 2157 (7 moves):
  (1, 1, 1, 1, 1, 1, 1, 1, 1)
  (1, 1, 1, 1, 0, 2, 1, 1, 1)
  (1, 1, 0, 2, 0, 2, 1, 1, 1)
  (0, 2, 0, 2, 0, 2, 1, 1, 1)
  (0, 2, 0, 2, 0, 2, 0, 2, 1)
  (0, 2, 0, 4, 0, 0, 0, 2, 1)
  (0, 0, 0, 6, 0, 0, 0, 2, 1)
  (0, 0, 0, 6, 0, 0, 0, 3, 0)

Path 2158 (7 moves):
  (1, 1, 1, 1, 1, 1, 1, 1, 1)
  (1, 1, 1, 1, 0, 2, 1, 1, 1)
  (1, 1, 0, 2, 0, 2, 1, 1, 1)
  (0, 2, 0, 2, 0, 2, 1, 1, 1)
  (0, 2, 0, 2, 0, 2, 0, 2, 1)
  (0, 2, 0, 4, 0, 0, 0, 2, 1)
  (0, 2, 0, 0, 0, 0, 0, 6, 1)
  (0, 8, 0, 0, 0, 0, 0, 0, 1)

Path 2159 (7 moves):
  (1, 1, 1, 1, 1, 1, 1, 1, 1)
  (1, 1, 1, 1, 0, 2, 1, 1, 1)
  (1, 1, 0, 2, 0, 2, 1, 1, 1)
  (0, 2, 0, 2, 0, 2, 1, 1, 1)
  (0, 2, 0, 2, 0, 2, 0, 2, 1)
  (0, 2, 0, 4, 0, 0, 0, 2, 1)
  (0, 2, 0, 0, 0, 0, 0, 6, 1)
  (0, 2, 0, 0, 0, 0, 0, 7, 0)

Path 2160 (7 moves):
  (1, 1, 1, 1, 1, 1, 1, 1, 1)
  (1, 1, 1, 1, 0, 2, 1, 1, 1)
  (1, 1, 0, 2, 0, 2, 1, 1, 1)
  (0, 2, 0, 2, 0, 2, 1, 1, 1)
  (0, 2, 0, 2, 0, 2, 0, 2, 1)
  (0, 2, 0, 4, 0, 0, 0, 2, 1)
  (0, 2, 0, 4, 0, 0, 0, 3, 0)
  (0, 0, 0, 6, 0, 0, 0, 3, 0)

Path 2161 (7 moves):
  (1, 1, 1, 1, 1, 1, 1, 1, 1)
  (1, 1, 1, 1, 0, 2, 1, 1, 1)
  (1, 1, 0, 2, 0, 2, 1, 1, 1)
  (0, 2, 0, 2, 0, 2, 1, 1, 1)
  (0, 2, 0, 2, 0, 2, 0, 2, 1)
  (0, 2, 0, 4, 0, 0, 0, 2, 1)
  (0, 2, 0, 4, 0, 0, 0, 3, 0)
  (0, 2, 0, 0, 0, 0, 0, 7, 0)

Path 2162 (7 moves):
  (1, 1, 1, 1, 1, 1, 1, 1, 1)
  (1, 1, 1, 1, 0, 2, 1, 1, 1)
  (1, 1, 0, 2, 0, 2, 1, 1, 1)
  (0, 2, 0, 2, 0, 2, 1, 1, 1)
  (0, 2, 0, 2, 0, 2, 0, 2, 1)
  (0, 2, 0, 2, 0, 0, 0, 4, 1)
  (0, 0, 0, 4, 0, 0, 0, 4, 1)
  (0, 0, 0, 8, 0, 0, 0, 0, 1)

Path 2163 (7 moves):
  (1, 1, 1, 1, 1, 1, 1, 1, 1)
  (1, 1, 1, 1, 0, 2, 1, 1, 1)
  (1, 1, 0, 2, 0, 2, 1, 1, 1)
  (0, 2, 0, 2, 0, 2, 1, 1, 1)
  (0, 2, 0, 2, 0, 2, 0, 2, 1)
  (0, 2, 0, 2, 0, 0, 0, 4, 1)
  (0, 4, 0, 0, 0, 0, 0, 4, 1)
  (0, 4, 0, 0, 0, 0, 0, 5, 0)

Path 2164 (7 moves):
  (1, 1, 1, 1, 1, 1, 1, 1, 1)
  (1, 1, 1, 1, 0, 2, 1, 1, 1)
  (1, 1, 0, 2, 0, 2, 1, 1, 1)
  (0, 2, 0, 2, 0, 2, 1, 1, 1)
  (0, 2, 0, 2, 0, 2, 0, 2, 1)
  (0, 2, 0, 2, 0, 0, 0, 4, 1)
  (0, 2, 0, 6, 0, 0, 0, 0, 1)
  (0, 0, 0, 8, 0, 0, 0, 0, 1)

Path 2165 (7 moves):
  (1, 1, 1, 1, 1, 1, 1, 1, 1)
  (1, 1, 1, 1, 0, 2, 1, 1, 1)
  (1, 1, 0, 2, 0, 2, 1, 1, 1)
  (0, 2, 0, 2, 0, 2, 1, 1, 1)
  (0, 2, 0, 2, 0, 2, 0, 2, 1)
  (0, 2, 0, 2, 0, 0, 0, 4, 1)
  (0, 2, 0, 2, 0, 0, 0, 5, 0)
  (0, 4, 0, 0, 0, 0, 0, 5, 0)

Path 2166 (7 moves):
  (1, 1, 1, 1, 1, 1, 1, 1, 1)
  (1, 1, 1, 1, 0, 2, 1, 1, 1)
  (1, 1, 0, 2, 0, 2, 1, 1, 1)
  (0, 2, 0, 2, 0, 2, 1, 1, 1)
  (0, 2, 0, 2, 0, 2, 2, 0, 1)
  (0, 0, 0, 4, 0, 2, 2, 0, 1)
  (0, 0, 0, 6, 0, 0, 2, 0, 1)
  (0, 0, 0, 6, 0, 0, 0, 0, 3)

Path 2167 (7 moves):
  (1, 1, 1, 1, 1, 1, 1, 1, 1)
  (1, 1, 1, 1, 0, 2, 1, 1, 1)
  (1, 1, 0, 2, 0, 2, 1, 1, 1)
  (0, 2, 0, 2, 0, 2, 1, 1, 1)
  (0, 2, 0, 2, 0, 2, 2, 0, 1)
  (0, 0, 0, 4, 0, 2, 2, 0, 1)
  (0, 0, 0, 4, 0, 2, 0, 0, 3)
  (0, 0, 0, 6, 0, 0, 0, 0, 3)

Path 2168 (7 moves):
  (1, 1, 1, 1, 1, 1, 1, 1, 1)
  (1, 1, 1, 1, 0, 2, 1, 1, 1)
  (1, 1, 0, 2, 0, 2, 1, 1, 1)
  (0, 2, 0, 2, 0, 2, 1, 1, 1)
  (0, 2, 0, 2, 0, 2, 2, 0, 1)
  (0, 0, 0, 4, 0, 2, 2, 0, 1)
  (0, 0, 0, 4, 0, 2, 0, 0, 3)
  (0, 0, 0, 4, 0, 5, 0, 0, 0)

Path 2169 (7 moves):
  (1, 1, 1, 1, 1, 1, 1, 1, 1)
  (1, 1, 1, 1, 0, 2, 1, 1, 1)
  (1, 1, 0, 2, 0, 2, 1, 1, 1)
  (0, 2, 0, 2, 0, 2, 1, 1, 1)
  (0, 2, 0, 2, 0, 2, 2, 0, 1)
  (0, 2, 0, 0, 0, 4, 2, 0, 1)
  (0, 6, 0, 0, 0, 0, 2, 0, 1)
  (0, 6, 0, 0, 0, 0, 0, 0, 3)

Path 2170 (7 moves):
  (1, 1, 1, 1, 1, 1, 1, 1, 1)
  (1, 1, 1, 1, 0, 2, 1, 1, 1)
  (1, 1, 0, 2, 0, 2, 1, 1, 1)
  (0, 2, 0, 2, 0, 2, 1, 1, 1)
  (0, 2, 0, 2, 0, 2, 2, 0, 1)
  (0, 2, 0, 0, 0, 4, 2, 0, 1)
  (0, 2, 0, 0, 0, 4, 0, 0, 3)
  (0, 6, 0, 0, 0, 0, 0, 0, 3)

Path 2171 (7 moves):
  (1, 1, 1, 1, 1, 1, 1, 1, 1)
  (1, 1, 1, 1, 0, 2, 1, 1, 1)
  (1, 1, 0, 2, 0, 2, 1, 1, 1)
  (0, 2, 0, 2, 0, 2, 1, 1, 1)
  (0, 2, 0, 2, 0, 2, 2, 0, 1)
  (0, 2, 0, 0, 0, 4, 2, 0, 1)
  (0, 2, 0, 0, 0, 4, 0, 0, 3)
  (0, 2, 0, 0, 0, 7, 0, 0, 0)

Path 2172 (7 moves):
  (1, 1, 1, 1, 1, 1, 1, 1, 1)
  (1, 1, 1, 1, 0, 2, 1, 1, 1)
  (1, 1, 0, 2, 0, 2, 1, 1, 1)
  (0, 2, 0, 2, 0, 2, 1, 1, 1)
  (0, 2, 0, 2, 0, 2, 2, 0, 1)
  (0, 2, 0, 4, 0, 0, 2, 0, 1)
  (0, 0, 0, 6, 0, 0, 2, 0, 1)
  (0, 0, 0, 6, 0, 0, 0, 0, 3)

Path 2173 (7 moves):
  (1, 1, 1, 1, 1, 1, 1, 1, 1)
  (1, 1, 1, 1, 0, 2, 1, 1, 1)
  (1, 1, 0, 2, 0, 2, 1, 1, 1)
  (0, 2, 0, 2, 0, 2, 1, 1, 1)
  (0, 2, 0, 2, 0, 2, 2, 0, 1)
  (0, 2, 0, 4, 0, 0, 2, 0, 1)
  (0, 2, 0, 4, 0, 0, 0, 0, 3)
  (0, 0, 0, 6, 0, 0, 0, 0, 3)

Path 2174 (7 moves):
  (1, 1, 1, 1, 1, 1, 1, 1, 1)
  (1, 1, 1, 1, 0, 2, 1, 1, 1)
  (1, 1, 0, 2, 0, 2, 1, 1, 1)
  (0, 2, 0, 2, 0, 2, 1, 1, 1)
  (0, 2, 0, 2, 0, 2, 1, 0, 2)
  (0, 4, 0, 0, 0, 2, 1, 0, 2)
  (0, 0, 0, 0, 0, 6, 1, 0, 2)
  (0, 0, 0, 0, 0, 7, 0, 0, 2)

Path 2175 (7 moves):
  (1, 1, 1, 1, 1, 1, 1, 1, 1)
  (1, 1, 1, 1, 0, 2, 1, 1, 1)
  (1, 1, 0, 2, 0, 2, 1, 1, 1)
  (0, 2, 0, 2, 0, 2, 1, 1, 1)
  (0, 2, 0, 2, 0, 2, 1, 0, 2)
  (0, 4, 0, 0, 0, 2, 1, 0, 2)
  (0, 0, 0, 0, 0, 6, 1, 0, 2)
  (0, 0, 0, 0, 0, 6, 3, 0, 0)

Path 2176 (7 moves):
  (1, 1, 1, 1, 1, 1, 1, 1, 1)
  (1, 1, 1, 1, 0, 2, 1, 1, 1)
  (1, 1, 0, 2, 0, 2, 1, 1, 1)
  (0, 2, 0, 2, 0, 2, 1, 1, 1)
  (0, 2, 0, 2, 0, 2, 1, 0, 2)
  (0, 4, 0, 0, 0, 2, 1, 0, 2)
  (0, 4, 0, 0, 0, 3, 0, 0, 2)
  (0, 0, 0, 0, 0, 7, 0, 0, 2)

Path 2177 (7 moves):
  (1, 1, 1, 1, 1, 1, 1, 1, 1)
  (1, 1, 1, 1, 0, 2, 1, 1, 1)
  (1, 1, 0, 2, 0, 2, 1, 1, 1)
  (0, 2, 0, 2, 0, 2, 1, 1, 1)
  (0, 2, 0, 2, 0, 2, 1, 0, 2)
  (0, 4, 0, 0, 0, 2, 1, 0, 2)
  (0, 4, 0, 0, 0, 3, 0, 0, 2)
  (0, 4, 0, 0, 0, 0, 0, 0, 5)

Path 2178 (7 moves):
  (1, 1, 1, 1, 1, 1, 1, 1, 1)
  (1, 1, 1, 1, 0, 2, 1, 1, 1)
  (1, 1, 0, 2, 0, 2, 1, 1, 1)
  (0, 2, 0, 2, 0, 2, 1, 1, 1)
  (0, 2, 0, 2, 0, 2, 1, 0, 2)
  (0, 4, 0, 0, 0, 2, 1, 0, 2)
  (0, 4, 0, 0, 0, 2, 3, 0, 0)
  (0, 0, 0, 0, 0, 6, 3, 0, 0)

Path 2179 (7 moves):
  (1, 1, 1, 1, 1, 1, 1, 1, 1)
  (1, 1, 1, 1, 0, 2, 1, 1, 1)
  (1, 1, 0, 2, 0, 2, 1, 1, 1)
  (0, 2, 0, 2, 0, 2, 1, 1, 1)
  (0, 2, 0, 2, 0, 2, 1, 2, 0)
  (0, 0, 0, 4, 0, 2, 1, 2, 0)
  (0, 0, 0, 0, 0, 2, 1, 6, 0)
  (0, 0, 0, 0, 0, 3, 0, 6, 0)

Path 2180 (7 moves):
  (1, 1, 1, 1, 1, 1, 1, 1, 1)
  (1, 1, 1, 1, 0, 2, 1, 1, 1)
  (1, 1, 0, 2, 0, 2, 1, 1, 1)
  (0, 2, 0, 2, 0, 2, 1, 1, 1)
  (0, 2, 0, 2, 0, 2, 1, 2, 0)
  (0, 0, 0, 4, 0, 2, 1, 2, 0)
  (0, 0, 0, 6, 0, 0, 1, 2, 0)
  (0, 0, 0, 6, 0, 0, 0, 3, 0)

Path 2181 (7 moves):
  (1, 1, 1, 1, 1, 1, 1, 1, 1)
  (1, 1, 1, 1, 0, 2, 1, 1, 1)
  (1, 1, 0, 2, 0, 2, 1, 1, 1)
  (0, 2, 0, 2, 0, 2, 1, 1, 1)
  (0, 2, 0, 2, 0, 2, 1, 2, 0)
  (0, 0, 0, 4, 0, 2, 1, 2, 0)
  (0, 0, 0, 4, 0, 0, 1, 4, 0)
  (0, 0, 0, 8, 0, 0, 1, 0, 0)

Path 2182 (7 moves):
  (1, 1, 1, 1, 1, 1, 1, 1, 1)
  (1, 1, 1, 1, 0, 2, 1, 1, 1)
  (1, 1, 0, 2, 0, 2, 1, 1, 1)
  (0, 2, 0, 2, 0, 2, 1, 1, 1)
  (0, 2, 0, 2, 0, 2, 1, 2, 0)
  (0, 0, 0, 4, 0, 2, 1, 2, 0)
  (0, 0, 0, 4, 0, 3, 0, 2, 0)
  (0, 0, 0, 0, 0, 3, 0, 6, 0)

Path 2183 (7 moves):
  (1, 1, 1, 1, 1, 1, 1, 1, 1)
  (1, 1, 1, 1, 0, 2, 1, 1, 1)
  (1, 1, 0, 2, 0, 2, 1, 1, 1)
  (0, 2, 0, 2, 0, 2, 1, 1, 1)
  (0, 2, 0, 2, 0, 2, 1, 2, 0)
  (0, 0, 0, 4, 0, 2, 1, 2, 0)
  (0, 0, 0, 4, 0, 3, 0, 2, 0)
  (0, 0, 0, 4, 0, 5, 0, 0, 0)

Path 2184 (7 moves):
  (1, 1, 1, 1, 1, 1, 1, 1, 1)
  (1, 1, 1, 1, 0, 2, 1, 1, 1)
  (1, 1, 0, 2, 0, 2, 1, 1, 1)
  (0, 2, 0, 2, 0, 2, 1, 1, 1)
  (0, 2, 0, 2, 0, 2, 1, 2, 0)
  (0, 0, 0, 4, 0, 2, 1, 2, 0)
  (0, 0, 0, 4, 0, 2, 0, 3, 0)
  (0, 0, 0, 6, 0, 0, 0, 3, 0)

Path 2185 (7 moves):
  (1, 1, 1, 1, 1, 1, 1, 1, 1)
  (1, 1, 1, 1, 0, 2, 1, 1, 1)
  (1, 1, 0, 2, 0, 2, 1, 1, 1)
  (0, 2, 0, 2, 0, 2, 1, 1, 1)
  (0, 2, 0, 2, 0, 2, 1, 2, 0)
  (0, 0, 0, 4, 0, 2, 1, 2, 0)
  (0, 0, 0, 4, 0, 4, 1, 0, 0)
  (0, 0, 0, 4, 0, 5, 0, 0, 0)

Path 2186 (7 moves):
  (1, 1, 1, 1, 1, 1, 1, 1, 1)
  (1, 1, 1, 1, 0, 2, 1, 1, 1)
  (1, 1, 0, 2, 0, 2, 1, 1, 1)
  (0, 2, 0, 2, 0, 2, 1, 1, 1)
  (0, 2, 0, 2, 0, 2, 1, 2, 0)
  (0, 2, 0, 4, 0, 0, 1, 2, 0)
  (0, 0, 0, 6, 0, 0, 1, 2, 0)
  (0, 0, 0, 6, 0, 0, 0, 3, 0)

Path 2187 (7 moves):
  (1, 1, 1, 1, 1, 1, 1, 1, 1)
  (1, 1, 1, 1, 0, 2, 1, 1, 1)
  (1, 1, 0, 2, 0, 2, 1, 1, 1)
  (0, 2, 0, 2, 0, 2, 1, 1, 1)
  (0, 2, 0, 2, 0, 2, 1, 2, 0)
  (0, 2, 0, 4, 0, 0, 1, 2, 0)
  (0, 2, 0, 0, 0, 0, 1, 6, 0)
  (0, 2, 0, 0, 0, 0, 0, 7, 0)

Path 2188 (7 moves):
  (1, 1, 1, 1, 1, 1, 1, 1, 1)
  (1, 1, 1, 1, 0, 2, 1, 1, 1)
  (1, 1, 0, 2, 0, 2, 1, 1, 1)
  (0, 2, 0, 2, 0, 2, 1, 1, 1)
  (0, 2, 0, 2, 0, 2, 1, 2, 0)
  (0, 2, 0, 4, 0, 0, 1, 2, 0)
  (0, 2, 0, 0, 0, 0, 1, 6, 0)
  (0, 8, 0, 0, 0, 0, 1, 0, 0)

Path 2189 (7 moves):
  (1, 1, 1, 1, 1, 1, 1, 1, 1)
  (1, 1, 1, 1, 0, 2, 1, 1, 1)
  (1, 1, 0, 2, 0, 2, 1, 1, 1)
  (0, 2, 0, 2, 0, 2, 1, 1, 1)
  (0, 2, 0, 2, 0, 2, 1, 2, 0)
  (0, 2, 0, 4, 0, 0, 1, 2, 0)
  (0, 2, 0, 4, 0, 0, 0, 3, 0)
  (0, 0, 0, 6, 0, 0, 0, 3, 0)

Path 2190 (7 moves):
  (1, 1, 1, 1, 1, 1, 1, 1, 1)
  (1, 1, 1, 1, 0, 2, 1, 1, 1)
  (1, 1, 0, 2, 0, 2, 1, 1, 1)
  (0, 2, 0, 2, 0, 2, 1, 1, 1)
  (0, 2, 0, 2, 0, 2, 1, 2, 0)
  (0, 2, 0, 4, 0, 0, 1, 2, 0)
  (0, 2, 0, 4, 0, 0, 0, 3, 0)
  (0, 2, 0, 0, 0, 0, 0, 7, 0)

Path 2191 (7 moves):
  (1, 1, 1, 1, 1, 1, 1, 1, 1)
  (1, 1, 1, 1, 0, 2, 1, 1, 1)
  (1, 1, 0, 2, 0, 2, 1, 1, 1)
  (0, 2, 0, 2, 0, 2, 1, 1, 1)
  (0, 2, 0, 2, 0, 2, 1, 2, 0)
  (0, 2, 0, 2, 0, 0, 1, 4, 0)
  (0, 0, 0, 4, 0, 0, 1, 4, 0)
  (0, 0, 0, 8, 0, 0, 1, 0, 0)

Path 2192 (7 moves):
  (1, 1, 1, 1, 1, 1, 1, 1, 1)
  (1, 1, 1, 1, 0, 2, 1, 1, 1)
  (1, 1, 0, 2, 0, 2, 1, 1, 1)
  (0, 2, 0, 2, 0, 2, 1, 1, 1)
  (0, 2, 0, 2, 0, 2, 1, 2, 0)
  (0, 2, 0, 2, 0, 0, 1, 4, 0)
  (0, 4, 0, 0, 0, 0, 1, 4, 0)
  (0, 4, 0, 0, 0, 0, 0, 5, 0)

Path 2193 (7 moves):
  (1, 1, 1, 1, 1, 1, 1, 1, 1)
  (1, 1, 1, 1, 0, 2, 1, 1, 1)
  (1, 1, 0, 2, 0, 2, 1, 1, 1)
  (0, 2, 0, 2, 0, 2, 1, 1, 1)
  (0, 2, 0, 2, 0, 2, 1, 2, 0)
  (0, 2, 0, 2, 0, 0, 1, 4, 0)
  (0, 2, 0, 2, 0, 0, 0, 5, 0)
  (0, 4, 0, 0, 0, 0, 0, 5, 0)

Path 2194 (7 moves):
  (1, 1, 1, 1, 1, 1, 1, 1, 1)
  (1, 1, 1, 1, 0, 2, 1, 1, 1)
  (1, 1, 0, 2, 0, 2, 1, 1, 1)
  (0, 2, 0, 2, 0, 2, 1, 1, 1)
  (0, 2, 0, 2, 0, 2, 1, 2, 0)
  (0, 2, 0, 2, 0, 0, 1, 4, 0)
  (0, 2, 0, 6, 0, 0, 1, 0, 0)
  (0, 0, 0, 8, 0, 0, 1, 0, 0)

Path 2195 (7 moves):
  (1, 1, 1, 1, 1, 1, 1, 1, 1)
  (1, 1, 1, 1, 0, 2, 1, 1, 1)
  (1, 1, 0, 2, 0, 2, 1, 1, 1)
  (0, 2, 0, 2, 0, 2, 1, 1, 1)
  (0, 2, 0, 2, 0, 2, 1, 2, 0)
  (0, 2, 0, 2, 0, 4, 1, 0, 0)
  (0, 0, 0, 4, 0, 4, 1, 0, 0)
  (0, 0, 0, 4, 0, 5, 0, 0, 0)

Path 2196 (7 moves):
  (1, 1, 1, 1, 1, 1, 1, 1, 1)
  (1, 1, 1, 1, 0, 2, 1, 1, 1)
  (1, 1, 0, 2, 0, 2, 1, 1, 1)
  (0, 2, 0, 2, 0, 2, 1, 1, 1)
  (0, 2, 0, 2, 0, 2, 1, 2, 0)
  (0, 2, 0, 2, 0, 4, 1, 0, 0)
  (0, 4, 0, 0, 0, 4, 1, 0, 0)
  (0, 8, 0, 0, 0, 0, 1, 0, 0)

Path 2197 (7 moves):
  (1, 1, 1, 1, 1, 1, 1, 1, 1)
  (1, 1, 1, 1, 0, 2, 1, 1, 1)
  (1, 1, 0, 2, 0, 2, 1, 1, 1)
  (0, 2, 0, 2, 0, 2, 1, 1, 1)
  (0, 2, 0, 2, 0, 2, 1, 2, 0)
  (0, 2, 0, 2, 0, 4, 1, 0, 0)
  (0, 2, 0, 0, 0, 6, 1, 0, 0)
  (0, 2, 0, 0, 0, 7, 0, 0, 0)

Path 2198 (7 moves):
  (1, 1, 1, 1, 1, 1, 1, 1, 1)
  (1, 1, 1, 1, 0, 2, 1, 1, 1)
  (1, 1, 0, 2, 0, 2, 1, 1, 1)
  (0, 2, 0, 2, 0, 2, 1, 1, 1)
  (0, 2, 0, 2, 0, 2, 1, 2, 0)
  (0, 2, 0, 2, 0, 4, 1, 0, 0)
  (0, 6, 0, 2, 0, 0, 1, 0, 0)
  (0, 8, 0, 0, 0, 0, 1, 0, 0)

Path 2199 (7 moves):
  (1, 1, 1, 1, 1, 1, 1, 1, 1)
  (1, 1, 1, 1, 0, 2, 1, 1, 1)
  (1, 1, 0, 2, 0, 2, 1, 1, 1)
  (0, 2, 0, 2, 0, 2, 1, 1, 1)
  (0, 2, 0, 2, 0, 2, 1, 2, 0)
  (0, 2, 0, 2, 0, 4, 1, 0, 0)
  (0, 2, 0, 2, 0, 5, 0, 0, 0)
  (0, 0, 0, 4, 0, 5, 0, 0, 0)

Path 2200 (7 moves):
  (1, 1, 1, 1, 1, 1, 1, 1, 1)
  (1, 1, 1, 1, 0, 2, 1, 1, 1)
  (1, 1, 0, 2, 0, 2, 1, 1, 1)
  (0, 2, 0, 2, 0, 2, 1, 1, 1)
  (0, 2, 0, 2, 0, 2, 1, 2, 0)
  (0, 2, 0, 2, 0, 4, 1, 0, 0)
  (0, 2, 0, 2, 0, 5, 0, 0, 0)
  (0, 2, 0, 0, 0, 7, 0, 0, 0)

Path 2201 (7 moves):
  (1, 1, 1, 1, 1, 1, 1, 1, 1)
  (1, 1, 1, 1, 0, 2, 1, 1, 1)
  (1, 1, 0, 2, 0, 2, 1, 1, 1)
  (1, 1, 0, 4, 0, 0, 1, 1, 1)
  (0, 2, 0, 4, 0, 0, 1, 1, 1)
  (0, 2, 0, 0, 0, 0, 1, 5, 1)
  (0, 2, 0, 0, 0, 0, 0, 6, 1)
  (0, 8, 0, 0, 0, 0, 0, 0, 1)

Path 2202 (7 moves):
  (1, 1, 1, 1, 1, 1, 1, 1, 1)
  (1, 1, 1, 1, 0, 2, 1, 1, 1)
  (1, 1, 0, 2, 0, 2, 1, 1, 1)
  (1, 1, 0, 4, 0, 0, 1, 1, 1)
  (0, 2, 0, 4, 0, 0, 1, 1, 1)
  (0, 2, 0, 0, 0, 0, 1, 5, 1)
  (0, 2, 0, 0, 0, 0, 0, 6, 1)
  (0, 2, 0, 0, 0, 0, 0, 7, 0)

Path 2203 (7 moves):
  (1, 1, 1, 1, 1, 1, 1, 1, 1)
  (1, 1, 1, 1, 0, 2, 1, 1, 1)
  (1, 1, 0, 2, 0, 2, 1, 1, 1)
  (1, 1, 0, 4, 0, 0, 1, 1, 1)
  (0, 2, 0, 4, 0, 0, 1, 1, 1)
  (0, 2, 0, 0, 0, 0, 1, 5, 1)
  (0, 2, 0, 0, 0, 0, 1, 6, 0)
  (0, 2, 0, 0, 0, 0, 0, 7, 0)

Path 2204 (7 moves):
  (1, 1, 1, 1, 1, 1, 1, 1, 1)
  (1, 1, 1, 1, 0, 2, 1, 1, 1)
  (1, 1, 0, 2, 0, 2, 1, 1, 1)
  (1, 1, 0, 4, 0, 0, 1, 1, 1)
  (0, 2, 0, 4, 0, 0, 1, 1, 1)
  (0, 2, 0, 0, 0, 0, 1, 5, 1)
  (0, 2, 0, 0, 0, 0, 1, 6, 0)
  (0, 8, 0, 0, 0, 0, 1, 0, 0)

Path 2205 (7 moves):
  (1, 1, 1, 1, 1, 1, 1, 1, 1)
  (1, 1, 1, 1, 0, 2, 1, 1, 1)
  (1, 1, 0, 2, 0, 2, 1, 1, 1)
  (1, 1, 0, 4, 0, 0, 1, 1, 1)
  (0, 2, 0, 4, 0, 0, 1, 1, 1)
  (0, 2, 0, 4, 0, 0, 0, 2, 1)
  (0, 0, 0, 6, 0, 0, 0, 2, 1)
  (0, 0, 0, 6, 0, 0, 0, 3, 0)

Path 2206 (7 moves):
  (1, 1, 1, 1, 1, 1, 1, 1, 1)
  (1, 1, 1, 1, 0, 2, 1, 1, 1)
  (1, 1, 0, 2, 0, 2, 1, 1, 1)
  (1, 1, 0, 4, 0, 0, 1, 1, 1)
  (0, 2, 0, 4, 0, 0, 1, 1, 1)
  (0, 2, 0, 4, 0, 0, 0, 2, 1)
  (0, 2, 0, 0, 0, 0, 0, 6, 1)
  (0, 8, 0, 0, 0, 0, 0, 0, 1)

Path 2207 (7 moves):
  (1, 1, 1, 1, 1, 1, 1, 1, 1)
  (1, 1, 1, 1, 0, 2, 1, 1, 1)
  (1, 1, 0, 2, 0, 2, 1, 1, 1)
  (1, 1, 0, 4, 0, 0, 1, 1, 1)
  (0, 2, 0, 4, 0, 0, 1, 1, 1)
  (0, 2, 0, 4, 0, 0, 0, 2, 1)
  (0, 2, 0, 0, 0, 0, 0, 6, 1)
  (0, 2, 0, 0, 0, 0, 0, 7, 0)

Path 2208 (7 moves):
  (1, 1, 1, 1, 1, 1, 1, 1, 1)
  (1, 1, 1, 1, 0, 2, 1, 1, 1)
  (1, 1, 0, 2, 0, 2, 1, 1, 1)
  (1, 1, 0, 4, 0, 0, 1, 1, 1)
  (0, 2, 0, 4, 0, 0, 1, 1, 1)
  (0, 2, 0, 4, 0, 0, 0, 2, 1)
  (0, 2, 0, 4, 0, 0, 0, 3, 0)
  (0, 0, 0, 6, 0, 0, 0, 3, 0)

Path 2209 (7 moves):
  (1, 1, 1, 1, 1, 1, 1, 1, 1)
  (1, 1, 1, 1, 0, 2, 1, 1, 1)
  (1, 1, 0, 2, 0, 2, 1, 1, 1)
  (1, 1, 0, 4, 0, 0, 1, 1, 1)
  (0, 2, 0, 4, 0, 0, 1, 1, 1)
  (0, 2, 0, 4, 0, 0, 0, 2, 1)
  (0, 2, 0, 4, 0, 0, 0, 3, 0)
  (0, 2, 0, 0, 0, 0, 0, 7, 0)

Path 2210 (7 moves):
  (1, 1, 1, 1, 1, 1, 1, 1, 1)
  (1, 1, 1, 1, 0, 2, 1, 1, 1)
  (1, 1, 0, 2, 0, 2, 1, 1, 1)
  (1, 1, 0, 4, 0, 0, 1, 1, 1)
  (0, 2, 0, 4, 0, 0, 1, 1, 1)
  (0, 2, 0, 4, 0, 0, 2, 0, 1)
  (0, 0, 0, 6, 0, 0, 2, 0, 1)
  (0, 0, 0, 6, 0, 0, 0, 0, 3)

Path 2211 (7 moves):
  (1, 1, 1, 1, 1, 1, 1, 1, 1)
  (1, 1, 1, 1, 0, 2, 1, 1, 1)
  (1, 1, 0, 2, 0, 2, 1, 1, 1)
  (1, 1, 0, 4, 0, 0, 1, 1, 1)
  (0, 2, 0, 4, 0, 0, 1, 1, 1)
  (0, 2, 0, 4, 0, 0, 2, 0, 1)
  (0, 2, 0, 4, 0, 0, 0, 0, 3)
  (0, 0, 0, 6, 0, 0, 0, 0, 3)

Path 2212 (7 moves):
  (1, 1, 1, 1, 1, 1, 1, 1, 1)
  (1, 1, 1, 1, 0, 2, 1, 1, 1)
  (1, 1, 0, 2, 0, 2, 1, 1, 1)
  (1, 1, 0, 4, 0, 0, 1, 1, 1)
  (0, 2, 0, 4, 0, 0, 1, 1, 1)
  (0, 2, 0, 4, 0, 0, 1, 2, 0)
  (0, 0, 0, 6, 0, 0, 1, 2, 0)
  (0, 0, 0, 6, 0, 0, 0, 3, 0)

Path 2213 (7 moves):
  (1, 1, 1, 1, 1, 1, 1, 1, 1)
  (1, 1, 1, 1, 0, 2, 1, 1, 1)
  (1, 1, 0, 2, 0, 2, 1, 1, 1)
  (1, 1, 0, 4, 0, 0, 1, 1, 1)
  (0, 2, 0, 4, 0, 0, 1, 1, 1)
  (0, 2, 0, 4, 0, 0, 1, 2, 0)
  (0, 2, 0, 0, 0, 0, 1, 6, 0)
  (0, 2, 0, 0, 0, 0, 0, 7, 0)

Path 2214 (7 moves):
  (1, 1, 1, 1, 1, 1, 1, 1, 1)
  (1, 1, 1, 1, 0, 2, 1, 1, 1)
  (1, 1, 0, 2, 0, 2, 1, 1, 1)
  (1, 1, 0, 4, 0, 0, 1, 1, 1)
  (0, 2, 0, 4, 0, 0, 1, 1, 1)
  (0, 2, 0, 4, 0, 0, 1, 2, 0)
  (0, 2, 0, 0, 0, 0, 1, 6, 0)
  (0, 8, 0, 0, 0, 0, 1, 0, 0)

Path 2215 (7 moves):
  (1, 1, 1, 1, 1, 1, 1, 1, 1)
  (1, 1, 1, 1, 0, 2, 1, 1, 1)
  (1, 1, 0, 2, 0, 2, 1, 1, 1)
  (1, 1, 0, 4, 0, 0, 1, 1, 1)
  (0, 2, 0, 4, 0, 0, 1, 1, 1)
  (0, 2, 0, 4, 0, 0, 1, 2, 0)
  (0, 2, 0, 4, 0, 0, 0, 3, 0)
  (0, 0, 0, 6, 0, 0, 0, 3, 0)

Path 2216 (7 moves):
  (1, 1, 1, 1, 1, 1, 1, 1, 1)
  (1, 1, 1, 1, 0, 2, 1, 1, 1)
  (1, 1, 0, 2, 0, 2, 1, 1, 1)
  (1, 1, 0, 4, 0, 0, 1, 1, 1)
  (0, 2, 0, 4, 0, 0, 1, 1, 1)
  (0, 2, 0, 4, 0, 0, 1, 2, 0)
  (0, 2, 0, 4, 0, 0, 0, 3, 0)
  (0, 2, 0, 0, 0, 0, 0, 7, 0)

Path 2217 (7 moves):
  (1, 1, 1, 1, 1, 1, 1, 1, 1)
  (1, 1, 1, 1, 0, 2, 1, 1, 1)
  (1, 1, 0, 2, 0, 2, 1, 1, 1)
  (1, 1, 0, 4, 0, 0, 1, 1, 1)
  (2, 0, 0, 4, 0, 0, 1, 1, 1)
  (2, 0, 0, 4, 0, 0, 1, 0, 2)
  (2, 0, 0, 4, 0, 0, 3, 0, 0)
  (2, 0, 0, 7, 0, 0, 0, 0, 0)

Path 2218 (7 moves):
  (1, 1, 1, 1, 1, 1, 1, 1, 1)
  (1, 1, 1, 1, 0, 2, 1, 1, 1)
  (1, 1, 0, 2, 0, 2, 1, 1, 1)
  (1, 1, 0, 4, 0, 0, 1, 1, 1)
  (1, 1, 0, 0, 0, 0, 1, 5, 1)
  (0, 2, 0, 0, 0, 0, 1, 5, 1)
  (0, 2, 0, 0, 0, 0, 0, 6, 1)
  (0, 8, 0, 0, 0, 0, 0, 0, 1)

Path 2219 (7 moves):
  (1, 1, 1, 1, 1, 1, 1, 1, 1)
  (1, 1, 1, 1, 0, 2, 1, 1, 1)
  (1, 1, 0, 2, 0, 2, 1, 1, 1)
  (1, 1, 0, 4, 0, 0, 1, 1, 1)
  (1, 1, 0, 0, 0, 0, 1, 5, 1)
  (0, 2, 0, 0, 0, 0, 1, 5, 1)
  (0, 2, 0, 0, 0, 0, 0, 6, 1)
  (0, 2, 0, 0, 0, 0, 0, 7, 0)

Path 2220 (7 moves):
  (1, 1, 1, 1, 1, 1, 1, 1, 1)
  (1, 1, 1, 1, 0, 2, 1, 1, 1)
  (1, 1, 0, 2, 0, 2, 1, 1, 1)
  (1, 1, 0, 4, 0, 0, 1, 1, 1)
  (1, 1, 0, 0, 0, 0, 1, 5, 1)
  (0, 2, 0, 0, 0, 0, 1, 5, 1)
  (0, 2, 0, 0, 0, 0, 1, 6, 0)
  (0, 2, 0, 0, 0, 0, 0, 7, 0)

Path 2221 (7 moves):
  (1, 1, 1, 1, 1, 1, 1, 1, 1)
  (1, 1, 1, 1, 0, 2, 1, 1, 1)
  (1, 1, 0, 2, 0, 2, 1, 1, 1)
  (1, 1, 0, 4, 0, 0, 1, 1, 1)
  (1, 1, 0, 0, 0, 0, 1, 5, 1)
  (0, 2, 0, 0, 0, 0, 1, 5, 1)
  (0, 2, 0, 0, 0, 0, 1, 6, 0)
  (0, 8, 0, 0, 0, 0, 1, 0, 0)

Path 2222 (7 moves):
  (1, 1, 1, 1, 1, 1, 1, 1, 1)
  (1, 1, 1, 1, 0, 2, 1, 1, 1)
  (1, 1, 0, 2, 0, 2, 1, 1, 1)
  (1, 1, 0, 4, 0, 0, 1, 1, 1)
  (1, 1, 0, 4, 0, 0, 0, 2, 1)
  (0, 2, 0, 4, 0, 0, 0, 2, 1)
  (0, 0, 0, 6, 0, 0, 0, 2, 1)
  (0, 0, 0, 6, 0, 0, 0, 3, 0)

Path 2223 (7 moves):
  (1, 1, 1, 1, 1, 1, 1, 1, 1)
  (1, 1, 1, 1, 0, 2, 1, 1, 1)
  (1, 1, 0, 2, 0, 2, 1, 1, 1)
  (1, 1, 0, 4, 0, 0, 1, 1, 1)
  (1, 1, 0, 4, 0, 0, 0, 2, 1)
  (0, 2, 0, 4, 0, 0, 0, 2, 1)
  (0, 2, 0, 0, 0, 0, 0, 6, 1)
  (0, 8, 0, 0, 0, 0, 0, 0, 1)

Path 2224 (7 moves):
  (1, 1, 1, 1, 1, 1, 1, 1, 1)
  (1, 1, 1, 1, 0, 2, 1, 1, 1)
  (1, 1, 0, 2, 0, 2, 1, 1, 1)
  (1, 1, 0, 4, 0, 0, 1, 1, 1)
  (1, 1, 0, 4, 0, 0, 0, 2, 1)
  (0, 2, 0, 4, 0, 0, 0, 2, 1)
  (0, 2, 0, 0, 0, 0, 0, 6, 1)
  (0, 2, 0, 0, 0, 0, 0, 7, 0)

Path 2225 (7 moves):
  (1, 1, 1, 1, 1, 1, 1, 1, 1)
  (1, 1, 1, 1, 0, 2, 1, 1, 1)
  (1, 1, 0, 2, 0, 2, 1, 1, 1)
  (1, 1, 0, 4, 0, 0, 1, 1, 1)
  (1, 1, 0, 4, 0, 0, 0, 2, 1)
  (0, 2, 0, 4, 0, 0, 0, 2, 1)
  (0, 2, 0, 4, 0, 0, 0, 3, 0)
  (0, 0, 0, 6, 0, 0, 0, 3, 0)

Path 2226 (7 moves):
  (1, 1, 1, 1, 1, 1, 1, 1, 1)
  (1, 1, 1, 1, 0, 2, 1, 1, 1)
  (1, 1, 0, 2, 0, 2, 1, 1, 1)
  (1, 1, 0, 4, 0, 0, 1, 1, 1)
  (1, 1, 0, 4, 0, 0, 0, 2, 1)
  (0, 2, 0, 4, 0, 0, 0, 2, 1)
  (0, 2, 0, 4, 0, 0, 0, 3, 0)
  (0, 2, 0, 0, 0, 0, 0, 7, 0)

Path 2227 (7 moves):
  (1, 1, 1, 1, 1, 1, 1, 1, 1)
  (1, 1, 1, 1, 0, 2, 1, 1, 1)
  (1, 1, 0, 2, 0, 2, 1, 1, 1)
  (1, 1, 0, 4, 0, 0, 1, 1, 1)
  (1, 1, 0, 4, 0, 0, 2, 0, 1)
  (0, 2, 0, 4, 0, 0, 2, 0, 1)
  (0, 0, 0, 6, 0, 0, 2, 0, 1)
  (0, 0, 0, 6, 0, 0, 0, 0, 3)

Path 2228 (7 moves):
  (1, 1, 1, 1, 1, 1, 1, 1, 1)
  (1, 1, 1, 1, 0, 2, 1, 1, 1)
  (1, 1, 0, 2, 0, 2, 1, 1, 1)
  (1, 1, 0, 4, 0, 0, 1, 1, 1)
  (1, 1, 0, 4, 0, 0, 2, 0, 1)
  (0, 2, 0, 4, 0, 0, 2, 0, 1)
  (0, 2, 0, 4, 0, 0, 0, 0, 3)
  (0, 0, 0, 6, 0, 0, 0, 0, 3)

Path 2229 (7 moves):
  (1, 1, 1, 1, 1, 1, 1, 1, 1)
  (1, 1, 1, 1, 0, 2, 1, 1, 1)
  (1, 1, 0, 2, 0, 2, 1, 1, 1)
  (1, 1, 0, 4, 0, 0, 1, 1, 1)
  (1, 1, 0, 4, 0, 0, 1, 0, 2)
  (2, 0, 0, 4, 0, 0, 1, 0, 2)
  (2, 0, 0, 4, 0, 0, 3, 0, 0)
  (2, 0, 0, 7, 0, 0, 0, 0, 0)

Path 2230 (7 moves):
  (1, 1, 1, 1, 1, 1, 1, 1, 1)
  (1, 1, 1, 1, 0, 2, 1, 1, 1)
  (1, 1, 0, 2, 0, 2, 1, 1, 1)
  (1, 1, 0, 4, 0, 0, 1, 1, 1)
  (1, 1, 0, 4, 0, 0, 1, 2, 0)
  (0, 2, 0, 4, 0, 0, 1, 2, 0)
  (0, 0, 0, 6, 0, 0, 1, 2, 0)
  (0, 0, 0, 6, 0, 0, 0, 3, 0)

Path 2231 (7 moves):
  (1, 1, 1, 1, 1, 1, 1, 1, 1)
  (1, 1, 1, 1, 0, 2, 1, 1, 1)
  (1, 1, 0, 2, 0, 2, 1, 1, 1)
  (1, 1, 0, 4, 0, 0, 1, 1, 1)
  (1, 1, 0, 4, 0, 0, 1, 2, 0)
  (0, 2, 0, 4, 0, 0, 1, 2, 0)
  (0, 2, 0, 0, 0, 0, 1, 6, 0)
  (0, 2, 0, 0, 0, 0, 0, 7, 0)

Path 2232 (7 moves):
  (1, 1, 1, 1, 1, 1, 1, 1, 1)
  (1, 1, 1, 1, 0, 2, 1, 1, 1)
  (1, 1, 0, 2, 0, 2, 1, 1, 1)
  (1, 1, 0, 4, 0, 0, 1, 1, 1)
  (1, 1, 0, 4, 0, 0, 1, 2, 0)
  (0, 2, 0, 4, 0, 0, 1, 2, 0)
  (0, 2, 0, 0, 0, 0, 1, 6, 0)
  (0, 8, 0, 0, 0, 0, 1, 0, 0)

Path 2233 (7 moves):
  (1, 1, 1, 1, 1, 1, 1, 1, 1)
  (1, 1, 1, 1, 0, 2, 1, 1, 1)
  (1, 1, 0, 2, 0, 2, 1, 1, 1)
  (1, 1, 0, 4, 0, 0, 1, 1, 1)
  (1, 1, 0, 4, 0, 0, 1, 2, 0)
  (0, 2, 0, 4, 0, 0, 1, 2, 0)
  (0, 2, 0, 4, 0, 0, 0, 3, 0)
  (0, 0, 0, 6, 0, 0, 0, 3, 0)

Path 2234 (7 moves):
  (1, 1, 1, 1, 1, 1, 1, 1, 1)
  (1, 1, 1, 1, 0, 2, 1, 1, 1)
  (1, 1, 0, 2, 0, 2, 1, 1, 1)
  (1, 1, 0, 4, 0, 0, 1, 1, 1)
  (1, 1, 0, 4, 0, 0, 1, 2, 0)
  (0, 2, 0, 4, 0, 0, 1, 2, 0)
  (0, 2, 0, 4, 0, 0, 0, 3, 0)
  (0, 2, 0, 0, 0, 0, 0, 7, 0)

Path 2235 (7 moves):
  (1, 1, 1, 1, 1, 1, 1, 1, 1)
  (1, 1, 1, 1, 0, 2, 1, 1, 1)
  (1, 1, 0, 2, 0, 2, 1, 1, 1)
  (1, 1, 0, 2, 0, 3, 0, 1, 1)
  (0, 2, 0, 2, 0, 3, 0, 1, 1)
  (0, 2, 0, 2, 0, 0, 0, 1, 4)
  (0, 0, 0, 4, 0, 0, 0, 1, 4)
  (0, 0, 0, 0, 0, 0, 0, 5, 4)

Path 2236 (7 moves):
  (1, 1, 1, 1, 1, 1, 1, 1, 1)
  (1, 1, 1, 1, 0, 2, 1, 1, 1)
  (1, 1, 0, 2, 0, 2, 1, 1, 1)
  (1, 1, 0, 2, 0, 3, 0, 1, 1)
  (0, 2, 0, 2, 0, 3, 0, 1, 1)
  (0, 2, 0, 2, 0, 0, 0, 1, 4)
  (0, 4, 0, 0, 0, 0, 0, 1, 4)
  (0, 4, 0, 0, 0, 0, 0, 0, 5)

Path 2237 (7 moves):
  (1, 1, 1, 1, 1, 1, 1, 1, 1)
  (1, 1, 1, 1, 0, 2, 1, 1, 1)
  (1, 1, 0, 2, 0, 2, 1, 1, 1)
  (1, 1, 0, 2, 0, 3, 0, 1, 1)
  (0, 2, 0, 2, 0, 3, 0, 1, 1)
  (0, 2, 0, 2, 0, 0, 0, 1, 4)
  (0, 2, 0, 2, 0, 0, 0, 0, 5)
  (0, 4, 0, 0, 0, 0, 0, 0, 5)

Path 2238 (7 moves):
  (1, 1, 1, 1, 1, 1, 1, 1, 1)
  (1, 1, 1, 1, 0, 2, 1, 1, 1)
  (1, 1, 0, 2, 0, 2, 1, 1, 1)
  (1, 1, 0, 2, 0, 3, 0, 1, 1)
  (2, 0, 0, 2, 0, 3, 0, 1, 1)
  (2, 0, 0, 0, 0, 5, 0, 1, 1)
  (7, 0, 0, 0, 0, 0, 0, 1, 1)
  (7, 0, 0, 0, 0, 0, 0, 0, 2)

Path 2239 (7 moves):
  (1, 1, 1, 1, 1, 1, 1, 1, 1)
  (1, 1, 1, 1, 0, 2, 1, 1, 1)
  (1, 1, 0, 2, 0, 2, 1, 1, 1)
  (1, 1, 0, 2, 0, 3, 0, 1, 1)
  (2, 0, 0, 2, 0, 3, 0, 1, 1)
  (2, 0, 0, 0, 0, 5, 0, 1, 1)
  (2, 0, 0, 0, 0, 5, 0, 0, 2)
  (7, 0, 0, 0, 0, 0, 0, 0, 2)

Path 2240 (7 moves):
  (1, 1, 1, 1, 1, 1, 1, 1, 1)
  (1, 1, 1, 1, 0, 2, 1, 1, 1)
  (1, 1, 0, 2, 0, 2, 1, 1, 1)
  (1, 1, 0, 2, 0, 3, 0, 1, 1)
  (2, 0, 0, 2, 0, 3, 0, 1, 1)
  (2, 0, 0, 0, 0, 5, 0, 1, 1)
  (2, 0, 0, 0, 0, 5, 0, 2, 0)
  (2, 0, 0, 0, 0, 7, 0, 0, 0)

Path 2241 (7 moves):
  (1, 1, 1, 1, 1, 1, 1, 1, 1)
  (1, 1, 1, 1, 0, 2, 1, 1, 1)
  (1, 1, 0, 2, 0, 2, 1, 1, 1)
  (1, 1, 0, 2, 0, 3, 0, 1, 1)
  (2, 0, 0, 2, 0, 3, 0, 1, 1)
  (2, 0, 0, 2, 0, 0, 0, 1, 4)
  (2, 0, 0, 2, 0, 0, 0, 0, 5)
  (2, 0, 0, 7, 0, 0, 0, 0, 0)

Path 2242 (7 moves):
  (1, 1, 1, 1, 1, 1, 1, 1, 1)
  (1, 1, 1, 1, 0, 2, 1, 1, 1)
  (1, 1, 0, 2, 0, 2, 1, 1, 1)
  (1, 1, 0, 2, 0, 3, 0, 1, 1)
  (2, 0, 0, 2, 0, 3, 0, 1, 1)
  (2, 0, 0, 2, 0, 3, 0, 0, 2)
  (2, 0, 0, 0, 0, 5, 0, 0, 2)
  (7, 0, 0, 0, 0, 0, 0, 0, 2)

Path 2243 (7 moves):
  (1, 1, 1, 1, 1, 1, 1, 1, 1)
  (1, 1, 1, 1, 0, 2, 1, 1, 1)
  (1, 1, 0, 2, 0, 2, 1, 1, 1)
  (1, 1, 0, 2, 0, 3, 0, 1, 1)
  (2, 0, 0, 2, 0, 3, 0, 1, 1)
  (2, 0, 0, 2, 0, 3, 0, 0, 2)
  (2, 0, 0, 2, 0, 0, 0, 0, 5)
  (2, 0, 0, 7, 0, 0, 0, 0, 0)

Path 2244 (7 moves):
  (1, 1, 1, 1, 1, 1, 1, 1, 1)
  (1, 1, 1, 1, 0, 2, 1, 1, 1)
  (1, 1, 0, 2, 0, 2, 1, 1, 1)
  (1, 1, 0, 2, 0, 3, 0, 1, 1)
  (2, 0, 0, 2, 0, 3, 0, 1, 1)
  (2, 0, 0, 2, 0, 3, 0, 2, 0)
  (2, 0, 0, 0, 0, 5, 0, 2, 0)
  (2, 0, 0, 0, 0, 7, 0, 0, 0)

Path 2245 (7 moves):
  (1, 1, 1, 1, 1, 1, 1, 1, 1)
  (1, 1, 1, 1, 0, 2, 1, 1, 1)
  (1, 1, 0, 2, 0, 2, 1, 1, 1)
  (1, 1, 0, 2, 0, 3, 0, 1, 1)
  (2, 0, 0, 2, 0, 3, 0, 1, 1)
  (2, 0, 0, 2, 0, 3, 0, 2, 0)
  (2, 0, 0, 2, 0, 5, 0, 0, 0)
  (2, 0, 0, 0, 0, 7, 0, 0, 0)

Path 2246 (7 moves):
  (1, 1, 1, 1, 1, 1, 1, 1, 1)
  (1, 1, 1, 1, 0, 2, 1, 1, 1)
  (1, 1, 0, 2, 0, 2, 1, 1, 1)
  (1, 1, 0, 2, 0, 3, 0, 1, 1)
  (2, 0, 0, 2, 0, 3, 0, 1, 1)
  (2, 0, 0, 2, 0, 3, 0, 2, 0)
  (2, 0, 0, 2, 0, 5, 0, 0, 0)
  (7, 0, 0, 2, 0, 0, 0, 0, 0)

Path 2247 (7 moves):
  (1, 1, 1, 1, 1, 1, 1, 1, 1)
  (1, 1, 1, 1, 0, 2, 1, 1, 1)
  (1, 1, 0, 2, 0, 2, 1, 1, 1)
  (1, 1, 0, 2, 0, 3, 0, 1, 1)
  (1, 3, 0, 0, 0, 3, 0, 1, 1)
  (1, 3, 0, 0, 0, 0, 0, 1, 4)
  (0, 4, 0, 0, 0, 0, 0, 1, 4)
  (0, 4, 0, 0, 0, 0, 0, 0, 5)

Path 2248 (7 moves):
  (1, 1, 1, 1, 1, 1, 1, 1, 1)
  (1, 1, 1, 1, 0, 2, 1, 1, 1)
  (1, 1, 0, 2, 0, 2, 1, 1, 1)
  (1, 1, 0, 2, 0, 3, 0, 1, 1)
  (1, 3, 0, 0, 0, 3, 0, 1, 1)
  (1, 3, 0, 0, 0, 0, 0, 1, 4)
  (1, 3, 0, 0, 0, 0, 0, 0, 5)
  (0, 4, 0, 0, 0, 0, 0, 0, 5)

Path 2249 (7 moves):
  (1, 1, 1, 1, 1, 1, 1, 1, 1)
  (1, 1, 1, 1, 0, 2, 1, 1, 1)
  (1, 1, 0, 2, 0, 2, 1, 1, 1)
  (1, 1, 0, 2, 0, 3, 0, 1, 1)
  (1, 3, 0, 0, 0, 3, 0, 1, 1)
  (1, 3, 0, 0, 0, 3, 0, 0, 2)
  (0, 4, 0, 0, 0, 3, 0, 0, 2)
  (0, 0, 0, 0, 0, 7, 0, 0, 2)

Path 2250 (7 moves):
  (1, 1, 1, 1, 1, 1, 1, 1, 1)
  (1, 1, 1, 1, 0, 2, 1, 1, 1)
  (1, 1, 0, 2, 0, 2, 1, 1, 1)
  (1, 1, 0, 2, 0, 3, 0, 1, 1)
  (1, 3, 0, 0, 0, 3, 0, 1, 1)
  (1, 3, 0, 0, 0, 3, 0, 0, 2)
  (0, 4, 0, 0, 0, 3, 0, 0, 2)
  (0, 4, 0, 0, 0, 0, 0, 0, 5)

Path 2251 (7 moves):
  (1, 1, 1, 1, 1, 1, 1, 1, 1)
  (1, 1, 1, 1, 0, 2, 1, 1, 1)
  (1, 1, 0, 2, 0, 2, 1, 1, 1)
  (1, 1, 0, 2, 0, 3, 0, 1, 1)
  (1, 3, 0, 0, 0, 3, 0, 1, 1)
  (1, 3, 0, 0, 0, 3, 0, 0, 2)
  (1, 3, 0, 0, 0, 0, 0, 0, 5)
  (0, 4, 0, 0, 0, 0, 0, 0, 5)

Path 2252 (7 moves):
  (1, 1, 1, 1, 1, 1, 1, 1, 1)
  (1, 1, 1, 1, 0, 2, 1, 1, 1)
  (1, 1, 0, 2, 0, 2, 1, 1, 1)
  (1, 1, 0, 2, 0, 3, 0, 1, 1)
  (1, 1, 0, 0, 0, 5, 0, 1, 1)
  (2, 0, 0, 0, 0, 5, 0, 1, 1)
  (7, 0, 0, 0, 0, 0, 0, 1, 1)
  (7, 0, 0, 0, 0, 0, 0, 0, 2)

Path 2253 (7 moves):
  (1, 1, 1, 1, 1, 1, 1, 1, 1)
  (1, 1, 1, 1, 0, 2, 1, 1, 1)
  (1, 1, 0, 2, 0, 2, 1, 1, 1)
  (1, 1, 0, 2, 0, 3, 0, 1, 1)
  (1, 1, 0, 0, 0, 5, 0, 1, 1)
  (2, 0, 0, 0, 0, 5, 0, 1, 1)
  (2, 0, 0, 0, 0, 5, 0, 0, 2)
  (7, 0, 0, 0, 0, 0, 0, 0, 2)

Path 2254 (7 moves):
  (1, 1, 1, 1, 1, 1, 1, 1, 1)
  (1, 1, 1, 1, 0, 2, 1, 1, 1)
  (1, 1, 0, 2, 0, 2, 1, 1, 1)
  (1, 1, 0, 2, 0, 3, 0, 1, 1)
  (1, 1, 0, 0, 0, 5, 0, 1, 1)
  (2, 0, 0, 0, 0, 5, 0, 1, 1)
  (2, 0, 0, 0, 0, 5, 0, 2, 0)
  (2, 0, 0, 0, 0, 7, 0, 0, 0)

Path 2255 (7 moves):
  (1, 1, 1, 1, 1, 1, 1, 1, 1)
  (1, 1, 1, 1, 0, 2, 1, 1, 1)
  (1, 1, 0, 2, 0, 2, 1, 1, 1)
  (1, 1, 0, 2, 0, 3, 0, 1, 1)
  (1, 1, 0, 2, 0, 0, 0, 1, 4)
  (0, 2, 0, 2, 0, 0, 0, 1, 4)
  (0, 0, 0, 4, 0, 0, 0, 1, 4)
  (0, 0, 0, 0, 0, 0, 0, 5, 4)

Path 2256 (7 moves):
  (1, 1, 1, 1, 1, 1, 1, 1, 1)
  (1, 1, 1, 1, 0, 2, 1, 1, 1)
  (1, 1, 0, 2, 0, 2, 1, 1, 1)
  (1, 1, 0, 2, 0, 3, 0, 1, 1)
  (1, 1, 0, 2, 0, 0, 0, 1, 4)
  (0, 2, 0, 2, 0, 0, 0, 1, 4)
  (0, 4, 0, 0, 0, 0, 0, 1, 4)
  (0, 4, 0, 0, 0, 0, 0, 0, 5)

Path 2257 (7 moves):
  (1, 1, 1, 1, 1, 1, 1, 1, 1)
  (1, 1, 1, 1, 0, 2, 1, 1, 1)
  (1, 1, 0, 2, 0, 2, 1, 1, 1)
  (1, 1, 0, 2, 0, 3, 0, 1, 1)
  (1, 1, 0, 2, 0, 0, 0, 1, 4)
  (0, 2, 0, 2, 0, 0, 0, 1, 4)
  (0, 2, 0, 2, 0, 0, 0, 0, 5)
  (0, 4, 0, 0, 0, 0, 0, 0, 5)

Path 2258 (7 moves):
  (1, 1, 1, 1, 1, 1, 1, 1, 1)
  (1, 1, 1, 1, 0, 2, 1, 1, 1)
  (1, 1, 0, 2, 0, 2, 1, 1, 1)
  (1, 1, 0, 2, 0, 3, 0, 1, 1)
  (1, 1, 0, 2, 0, 0, 0, 1, 4)
  (2, 0, 0, 2, 0, 0, 0, 1, 4)
  (2, 0, 0, 2, 0, 0, 0, 0, 5)
  (2, 0, 0, 7, 0, 0, 0, 0, 0)

Path 2259 (7 moves):
  (1, 1, 1, 1, 1, 1, 1, 1, 1)
  (1, 1, 1, 1, 0, 2, 1, 1, 1)
  (1, 1, 0, 2, 0, 2, 1, 1, 1)
  (1, 1, 0, 2, 0, 3, 0, 1, 1)
  (1, 1, 0, 2, 0, 0, 0, 1, 4)
  (1, 3, 0, 0, 0, 0, 0, 1, 4)
  (0, 4, 0, 0, 0, 0, 0, 1, 4)
  (0, 4, 0, 0, 0, 0, 0, 0, 5)

Path 2260 (7 moves):
  (1, 1, 1, 1, 1, 1, 1, 1, 1)
  (1, 1, 1, 1, 0, 2, 1, 1, 1)
  (1, 1, 0, 2, 0, 2, 1, 1, 1)
  (1, 1, 0, 2, 0, 3, 0, 1, 1)
  (1, 1, 0, 2, 0, 0, 0, 1, 4)
  (1, 3, 0, 0, 0, 0, 0, 1, 4)
  (1, 3, 0, 0, 0, 0, 0, 0, 5)
  (0, 4, 0, 0, 0, 0, 0, 0, 5)

Path 2261 (7 moves):
  (1, 1, 1, 1, 1, 1, 1, 1, 1)
  (1, 1, 1, 1, 0, 2, 1, 1, 1)
  (1, 1, 0, 2, 0, 2, 1, 1, 1)
  (1, 1, 0, 2, 0, 3, 0, 1, 1)
  (1, 1, 0, 2, 0, 0, 0, 1, 4)
  (1, 1, 0, 2, 0, 0, 0, 0, 5)
  (0, 2, 0, 2, 0, 0, 0, 0, 5)
  (0, 4, 0, 0, 0, 0, 0, 0, 5)

Path 2262 (7 moves):
  (1, 1, 1, 1, 1, 1, 1, 1, 1)
  (1, 1, 1, 1, 0, 2, 1, 1, 1)
  (1, 1, 0, 2, 0, 2, 1, 1, 1)
  (1, 1, 0, 2, 0, 3, 0, 1, 1)
  (1, 1, 0, 2, 0, 0, 0, 1, 4)
  (1, 1, 0, 2, 0, 0, 0, 0, 5)
  (2, 0, 0, 2, 0, 0, 0, 0, 5)
  (2, 0, 0, 7, 0, 0, 0, 0, 0)

Path 2263 (7 moves):
  (1, 1, 1, 1, 1, 1, 1, 1, 1)
  (1, 1, 1, 1, 0, 2, 1, 1, 1)
  (1, 1, 0, 2, 0, 2, 1, 1, 1)
  (1, 1, 0, 2, 0, 3, 0, 1, 1)
  (1, 1, 0, 2, 0, 0, 0, 1, 4)
  (1, 1, 0, 2, 0, 0, 0, 0, 5)
  (1, 3, 0, 0, 0, 0, 0, 0, 5)
  (0, 4, 0, 0, 0, 0, 0, 0, 5)

Path 2264 (7 moves):
  (1, 1, 1, 1, 1, 1, 1, 1, 1)
  (1, 1, 1, 1, 0, 2, 1, 1, 1)
  (1, 1, 0, 2, 0, 2, 1, 1, 1)
  (1, 1, 0, 2, 0, 3, 0, 1, 1)
  (1, 1, 0, 2, 0, 0, 0, 1, 4)
  (1, 1, 0, 2, 0, 0, 0, 0, 5)
  (1, 1, 0, 7, 0, 0, 0, 0, 0)
  (2, 0, 0, 7, 0, 0, 0, 0, 0)

Path 2265 (7 moves):
  (1, 1, 1, 1, 1, 1, 1, 1, 1)
  (1, 1, 1, 1, 0, 2, 1, 1, 1)
  (1, 1, 0, 2, 0, 2, 1, 1, 1)
  (1, 1, 0, 2, 0, 3, 0, 1, 1)
  (1, 1, 0, 2, 0, 3, 0, 0, 2)
  (2, 0, 0, 2, 0, 3, 0, 0, 2)
  (2, 0, 0, 0, 0, 5, 0, 0, 2)
  (7, 0, 0, 0, 0, 0, 0, 0, 2)

Path 2266 (7 moves):
  (1, 1, 1, 1, 1, 1, 1, 1, 1)
  (1, 1, 1, 1, 0, 2, 1, 1, 1)
  (1, 1, 0, 2, 0, 2, 1, 1, 1)
  (1, 1, 0, 2, 0, 3, 0, 1, 1)
  (1, 1, 0, 2, 0, 3, 0, 0, 2)
  (2, 0, 0, 2, 0, 3, 0, 0, 2)
  (2, 0, 0, 2, 0, 0, 0, 0, 5)
  (2, 0, 0, 7, 0, 0, 0, 0, 0)

Path 2267 (7 moves):
  (1, 1, 1, 1, 1, 1, 1, 1, 1)
  (1, 1, 1, 1, 0, 2, 1, 1, 1)
  (1, 1, 0, 2, 0, 2, 1, 1, 1)
  (1, 1, 0, 2, 0, 3, 0, 1, 1)
  (1, 1, 0, 2, 0, 3, 0, 0, 2)
  (1, 3, 0, 0, 0, 3, 0, 0, 2)
  (0, 4, 0, 0, 0, 3, 0, 0, 2)
  (0, 0, 0, 0, 0, 7, 0, 0, 2)

Path 2268 (7 moves):
  (1, 1, 1, 1, 1, 1, 1, 1, 1)
  (1, 1, 1, 1, 0, 2, 1, 1, 1)
  (1, 1, 0, 2, 0, 2, 1, 1, 1)
  (1, 1, 0, 2, 0, 3, 0, 1, 1)
  (1, 1, 0, 2, 0, 3, 0, 0, 2)
  (1, 3, 0, 0, 0, 3, 0, 0, 2)
  (0, 4, 0, 0, 0, 3, 0, 0, 2)
  (0, 4, 0, 0, 0, 0, 0, 0, 5)

Path 2269 (7 moves):
  (1, 1, 1, 1, 1, 1, 1, 1, 1)
  (1, 1, 1, 1, 0, 2, 1, 1, 1)
  (1, 1, 0, 2, 0, 2, 1, 1, 1)
  (1, 1, 0, 2, 0, 3, 0, 1, 1)
  (1, 1, 0, 2, 0, 3, 0, 0, 2)
  (1, 3, 0, 0, 0, 3, 0, 0, 2)
  (1, 3, 0, 0, 0, 0, 0, 0, 5)
  (0, 4, 0, 0, 0, 0, 0, 0, 5)

Path 2270 (7 moves):
  (1, 1, 1, 1, 1, 1, 1, 1, 1)
  (1, 1, 1, 1, 0, 2, 1, 1, 1)
  (1, 1, 0, 2, 0, 2, 1, 1, 1)
  (1, 1, 0, 2, 0, 3, 0, 1, 1)
  (1, 1, 0, 2, 0, 3, 0, 0, 2)
  (1, 1, 0, 2, 0, 0, 0, 0, 5)
  (0, 2, 0, 2, 0, 0, 0, 0, 5)
  (0, 4, 0, 0, 0, 0, 0, 0, 5)

Path 2271 (7 moves):
  (1, 1, 1, 1, 1, 1, 1, 1, 1)
  (1, 1, 1, 1, 0, 2, 1, 1, 1)
  (1, 1, 0, 2, 0, 2, 1, 1, 1)
  (1, 1, 0, 2, 0, 3, 0, 1, 1)
  (1, 1, 0, 2, 0, 3, 0, 0, 2)
  (1, 1, 0, 2, 0, 0, 0, 0, 5)
  (2, 0, 0, 2, 0, 0, 0, 0, 5)
  (2, 0, 0, 7, 0, 0, 0, 0, 0)

Path 2272 (7 moves):
  (1, 1, 1, 1, 1, 1, 1, 1, 1)
  (1, 1, 1, 1, 0, 2, 1, 1, 1)
  (1, 1, 0, 2, 0, 2, 1, 1, 1)
  (1, 1, 0, 2, 0, 3, 0, 1, 1)
  (1, 1, 0, 2, 0, 3, 0, 0, 2)
  (1, 1, 0, 2, 0, 0, 0, 0, 5)
  (1, 3, 0, 0, 0, 0, 0, 0, 5)
  (0, 4, 0, 0, 0, 0, 0, 0, 5)

Path 2273 (7 moves):
  (1, 1, 1, 1, 1, 1, 1, 1, 1)
  (1, 1, 1, 1, 0, 2, 1, 1, 1)
  (1, 1, 0, 2, 0, 2, 1, 1, 1)
  (1, 1, 0, 2, 0, 3, 0, 1, 1)
  (1, 1, 0, 2, 0, 3, 0, 0, 2)
  (1, 1, 0, 2, 0, 0, 0, 0, 5)
  (1, 1, 0, 7, 0, 0, 0, 0, 0)
  (2, 0, 0, 7, 0, 0, 0, 0, 0)

Path 2274 (7 moves):
  (1, 1, 1, 1, 1, 1, 1, 1, 1)
  (1, 1, 1, 1, 0, 2, 1, 1, 1)
  (1, 1, 0, 2, 0, 2, 1, 1, 1)
  (1, 1, 0, 2, 0, 3, 0, 1, 1)
  (1, 1, 0, 2, 0, 3, 0, 2, 0)
  (2, 0, 0, 2, 0, 3, 0, 2, 0)
  (2, 0, 0, 0, 0, 5, 0, 2, 0)
  (2, 0, 0, 0, 0, 7, 0, 0, 0)

Path 2275 (7 moves):
  (1, 1, 1, 1, 1, 1, 1, 1, 1)
  (1, 1, 1, 1, 0, 2, 1, 1, 1)
  (1, 1, 0, 2, 0, 2, 1, 1, 1)
  (1, 1, 0, 2, 0, 3, 0, 1, 1)
  (1, 1, 0, 2, 0, 3, 0, 2, 0)
  (2, 0, 0, 2, 0, 3, 0, 2, 0)
  (2, 0, 0, 2, 0, 5, 0, 0, 0)
  (2, 0, 0, 0, 0, 7, 0, 0, 0)

Path 2276 (7 moves):
  (1, 1, 1, 1, 1, 1, 1, 1, 1)
  (1, 1, 1, 1, 0, 2, 1, 1, 1)
  (1, 1, 0, 2, 0, 2, 1, 1, 1)
  (1, 1, 0, 2, 0, 3, 0, 1, 1)
  (1, 1, 0, 2, 0, 3, 0, 2, 0)
  (2, 0, 0, 2, 0, 3, 0, 2, 0)
  (2, 0, 0, 2, 0, 5, 0, 0, 0)
  (7, 0, 0, 2, 0, 0, 0, 0, 0)

Path 2277 (7 moves):
  (1, 1, 1, 1, 1, 1, 1, 1, 1)
  (1, 1, 1, 1, 0, 2, 1, 1, 1)
  (1, 1, 0, 2, 0, 2, 1, 1, 1)
  (1, 1, 0, 2, 0, 3, 0, 1, 1)
  (1, 1, 0, 2, 0, 3, 0, 2, 0)
  (1, 1, 0, 2, 0, 5, 0, 0, 0)
  (0, 2, 0, 2, 0, 5, 0, 0, 0)
  (0, 0, 0, 4, 0, 5, 0, 0, 0)

Path 2278 (7 moves):
  (1, 1, 1, 1, 1, 1, 1, 1, 1)
  (1, 1, 1, 1, 0, 2, 1, 1, 1)
  (1, 1, 0, 2, 0, 2, 1, 1, 1)
  (1, 1, 0, 2, 0, 3, 0, 1, 1)
  (1, 1, 0, 2, 0, 3, 0, 2, 0)
  (1, 1, 0, 2, 0, 5, 0, 0, 0)
  (0, 2, 0, 2, 0, 5, 0, 0, 0)
  (0, 2, 0, 0, 0, 7, 0, 0, 0)

Path 2279 (7 moves):
  (1, 1, 1, 1, 1, 1, 1, 1, 1)
  (1, 1, 1, 1, 0, 2, 1, 1, 1)
  (1, 1, 0, 2, 0, 2, 1, 1, 1)
  (1, 1, 0, 2, 0, 3, 0, 1, 1)
  (1, 1, 0, 2, 0, 3, 0, 2, 0)
  (1, 1, 0, 2, 0, 5, 0, 0, 0)
  (2, 0, 0, 2, 0, 5, 0, 0, 0)
  (2, 0, 0, 0, 0, 7, 0, 0, 0)

Path 2280 (7 moves):
  (1, 1, 1, 1, 1, 1, 1, 1, 1)
  (1, 1, 1, 1, 0, 2, 1, 1, 1)
  (1, 1, 0, 2, 0, 2, 1, 1, 1)
  (1, 1, 0, 2, 0, 3, 0, 1, 1)
  (1, 1, 0, 2, 0, 3, 0, 2, 0)
  (1, 1, 0, 2, 0, 5, 0, 0, 0)
  (2, 0, 0, 2, 0, 5, 0, 0, 0)
  (7, 0, 0, 2, 0, 0, 0, 0, 0)

Path 2281 (7 moves):
  (1, 1, 1, 1, 1, 1, 1, 1, 1)
  (1, 1, 1, 1, 0, 2, 1, 1, 1)
  (1, 1, 0, 2, 0, 2, 1, 1, 1)
  (1, 1, 0, 2, 0, 3, 0, 1, 1)
  (1, 1, 0, 2, 0, 3, 0, 2, 0)
  (1, 1, 0, 2, 0, 5, 0, 0, 0)
  (1, 3, 0, 0, 0, 5, 0, 0, 0)
  (6, 3, 0, 0, 0, 0, 0, 0, 0)

Path 2282 (7 moves):
  (1, 1, 1, 1, 1, 1, 1, 1, 1)
  (1, 1, 1, 1, 0, 2, 1, 1, 1)
  (1, 1, 0, 2, 0, 2, 1, 1, 1)
  (1, 1, 0, 2, 0, 3, 0, 1, 1)
  (1, 1, 0, 2, 0, 3, 0, 2, 0)
  (1, 1, 0, 2, 0, 5, 0, 0, 0)
  (1, 1, 0, 0, 0, 7, 0, 0, 0)
  (0, 2, 0, 0, 0, 7, 0, 0, 0)

Path 2283 (7 moves):
  (1, 1, 1, 1, 1, 1, 1, 1, 1)
  (1, 1, 1, 1, 0, 2, 1, 1, 1)
  (1, 1, 0, 2, 0, 2, 1, 1, 1)
  (1, 1, 0, 2, 0, 3, 0, 1, 1)
  (1, 1, 0, 2, 0, 3, 0, 2, 0)
  (1, 1, 0, 2, 0, 5, 0, 0, 0)
  (1, 1, 0, 0, 0, 7, 0, 0, 0)
  (2, 0, 0, 0, 0, 7, 0, 0, 0)

Path 2284 (7 moves):
  (1, 1, 1, 1, 1, 1, 1, 1, 1)
  (1, 1, 1, 1, 0, 2, 1, 1, 1)
  (1, 1, 0, 2, 0, 2, 1, 1, 1)
  (1, 1, 0, 2, 0, 3, 0, 1, 1)
  (1, 1, 0, 2, 0, 3, 0, 2, 0)
  (1, 1, 0, 2, 0, 5, 0, 0, 0)
  (6, 1, 0, 2, 0, 0, 0, 0, 0)
  (7, 0, 0, 2, 0, 0, 0, 0, 0)

Path 2285 (7 moves):
  (1, 1, 1, 1, 1, 1, 1, 1, 1)
  (1, 1, 1, 1, 0, 2, 1, 1, 1)
  (1, 1, 0, 2, 0, 2, 1, 1, 1)
  (1, 1, 0, 2, 0, 3, 0, 1, 1)
  (1, 1, 0, 2, 0, 3, 0, 2, 0)
  (1, 1, 0, 2, 0, 5, 0, 0, 0)
  (6, 1, 0, 2, 0, 0, 0, 0, 0)
  (6, 3, 0, 0, 0, 0, 0, 0, 0)

Path 2286 (7 moves):
  (1, 1, 1, 1, 1, 1, 1, 1, 1)
  (1, 1, 1, 1, 0, 2, 1, 1, 1)
  (1, 1, 0, 2, 0, 2, 1, 1, 1)
  (1, 1, 0, 2, 0, 2, 1, 0, 2)
  (0, 2, 0, 2, 0, 2, 1, 0, 2)
  (0, 4, 0, 0, 0, 2, 1, 0, 2)
  (0, 0, 0, 0, 0, 6, 1, 0, 2)
  (0, 0, 0, 0, 0, 7, 0, 0, 2)

Path 2287 (7 moves):
  (1, 1, 1, 1, 1, 1, 1, 1, 1)
  (1, 1, 1, 1, 0, 2, 1, 1, 1)
  (1, 1, 0, 2, 0, 2, 1, 1, 1)
  (1, 1, 0, 2, 0, 2, 1, 0, 2)
  (0, 2, 0, 2, 0, 2, 1, 0, 2)
  (0, 4, 0, 0, 0, 2, 1, 0, 2)
  (0, 0, 0, 0, 0, 6, 1, 0, 2)
  (0, 0, 0, 0, 0, 6, 3, 0, 0)

Path 2288 (7 moves):
  (1, 1, 1, 1, 1, 1, 1, 1, 1)
  (1, 1, 1, 1, 0, 2, 1, 1, 1)
  (1, 1, 0, 2, 0, 2, 1, 1, 1)
  (1, 1, 0, 2, 0, 2, 1, 0, 2)
  (0, 2, 0, 2, 0, 2, 1, 0, 2)
  (0, 4, 0, 0, 0, 2, 1, 0, 2)
  (0, 4, 0, 0, 0, 3, 0, 0, 2)
  (0, 0, 0, 0, 0, 7, 0, 0, 2)

Path 2289 (7 moves):
  (1, 1, 1, 1, 1, 1, 1, 1, 1)
  (1, 1, 1, 1, 0, 2, 1, 1, 1)
  (1, 1, 0, 2, 0, 2, 1, 1, 1)
  (1, 1, 0, 2, 0, 2, 1, 0, 2)
  (0, 2, 0, 2, 0, 2, 1, 0, 2)
  (0, 4, 0, 0, 0, 2, 1, 0, 2)
  (0, 4, 0, 0, 0, 3, 0, 0, 2)
  (0, 4, 0, 0, 0, 0, 0, 0, 5)

Path 2290 (7 moves):
  (1, 1, 1, 1, 1, 1, 1, 1, 1)
  (1, 1, 1, 1, 0, 2, 1, 1, 1)
  (1, 1, 0, 2, 0, 2, 1, 1, 1)
  (1, 1, 0, 2, 0, 2, 1, 0, 2)
  (0, 2, 0, 2, 0, 2, 1, 0, 2)
  (0, 4, 0, 0, 0, 2, 1, 0, 2)
  (0, 4, 0, 0, 0, 2, 3, 0, 0)
  (0, 0, 0, 0, 0, 6, 3, 0, 0)

Path 2291 (7 moves):
  (1, 1, 1, 1, 1, 1, 1, 1, 1)
  (1, 1, 1, 1, 0, 2, 1, 1, 1)
  (1, 1, 0, 2, 0, 2, 1, 1, 1)
  (1, 1, 0, 2, 0, 2, 1, 0, 2)
  (2, 0, 0, 2, 0, 2, 1, 0, 2)
  (2, 0, 0, 4, 0, 0, 1, 0, 2)
  (2, 0, 0, 4, 0, 0, 3, 0, 0)
  (2, 0, 0, 7, 0, 0, 0, 0, 0)

Path 2292 (7 moves):
  (1, 1, 1, 1, 1, 1, 1, 1, 1)
  (1, 1, 1, 1, 0, 2, 1, 1, 1)
  (1, 1, 0, 2, 0, 2, 1, 1, 1)
  (1, 1, 0, 2, 0, 2, 1, 0, 2)
  (2, 0, 0, 2, 0, 2, 1, 0, 2)
  (2, 0, 0, 2, 0, 3, 0, 0, 2)
  (2, 0, 0, 0, 0, 5, 0, 0, 2)
  (7, 0, 0, 0, 0, 0, 0, 0, 2)

Path 2293 (7 moves):
  (1, 1, 1, 1, 1, 1, 1, 1, 1)
  (1, 1, 1, 1, 0, 2, 1, 1, 1)
  (1, 1, 0, 2, 0, 2, 1, 1, 1)
  (1, 1, 0, 2, 0, 2, 1, 0, 2)
  (2, 0, 0, 2, 0, 2, 1, 0, 2)
  (2, 0, 0, 2, 0, 3, 0, 0, 2)
  (2, 0, 0, 2, 0, 0, 0, 0, 5)
  (2, 0, 0, 7, 0, 0, 0, 0, 0)

Path 2294 (7 moves):
  (1, 1, 1, 1, 1, 1, 1, 1, 1)
  (1, 1, 1, 1, 0, 2, 1, 1, 1)
  (1, 1, 0, 2, 0, 2, 1, 1, 1)
  (1, 1, 0, 2, 0, 2, 1, 0, 2)
  (1, 3, 0, 0, 0, 2, 1, 0, 2)
  (0, 4, 0, 0, 0, 2, 1, 0, 2)
  (0, 0, 0, 0, 0, 6, 1, 0, 2)
  (0, 0, 0, 0, 0, 7, 0, 0, 2)

Path 2295 (7 moves):
  (1, 1, 1, 1, 1, 1, 1, 1, 1)
  (1, 1, 1, 1, 0, 2, 1, 1, 1)
  (1, 1, 0, 2, 0, 2, 1, 1, 1)
  (1, 1, 0, 2, 0, 2, 1, 0, 2)
  (1, 3, 0, 0, 0, 2, 1, 0, 2)
  (0, 4, 0, 0, 0, 2, 1, 0, 2)
  (0, 0, 0, 0, 0, 6, 1, 0, 2)
  (0, 0, 0, 0, 0, 6, 3, 0, 0)

Path 2296 (7 moves):
  (1, 1, 1, 1, 1, 1, 1, 1, 1)
  (1, 1, 1, 1, 0, 2, 1, 1, 1)
  (1, 1, 0, 2, 0, 2, 1, 1, 1)
  (1, 1, 0, 2, 0, 2, 1, 0, 2)
  (1, 3, 0, 0, 0, 2, 1, 0, 2)
  (0, 4, 0, 0, 0, 2, 1, 0, 2)
  (0, 4, 0, 0, 0, 3, 0, 0, 2)
  (0, 0, 0, 0, 0, 7, 0, 0, 2)

Path 2297 (7 moves):
  (1, 1, 1, 1, 1, 1, 1, 1, 1)
  (1, 1, 1, 1, 0, 2, 1, 1, 1)
  (1, 1, 0, 2, 0, 2, 1, 1, 1)
  (1, 1, 0, 2, 0, 2, 1, 0, 2)
  (1, 3, 0, 0, 0, 2, 1, 0, 2)
  (0, 4, 0, 0, 0, 2, 1, 0, 2)
  (0, 4, 0, 0, 0, 3, 0, 0, 2)
  (0, 4, 0, 0, 0, 0, 0, 0, 5)

Path 2298 (7 moves):
  (1, 1, 1, 1, 1, 1, 1, 1, 1)
  (1, 1, 1, 1, 0, 2, 1, 1, 1)
  (1, 1, 0, 2, 0, 2, 1, 1, 1)
  (1, 1, 0, 2, 0, 2, 1, 0, 2)
  (1, 3, 0, 0, 0, 2, 1, 0, 2)
  (0, 4, 0, 0, 0, 2, 1, 0, 2)
  (0, 4, 0, 0, 0, 2, 3, 0, 0)
  (0, 0, 0, 0, 0, 6, 3, 0, 0)

Path 2299 (7 moves):
  (1, 1, 1, 1, 1, 1, 1, 1, 1)
  (1, 1, 1, 1, 0, 2, 1, 1, 1)
  (1, 1, 0, 2, 0, 2, 1, 1, 1)
  (1, 1, 0, 2, 0, 2, 1, 0, 2)
  (1, 3, 0, 0, 0, 2, 1, 0, 2)
  (1, 3, 0, 0, 0, 3, 0, 0, 2)
  (0, 4, 0, 0, 0, 3, 0, 0, 2)
  (0, 0, 0, 0, 0, 7, 0, 0, 2)

Path 2300 (7 moves):
  (1, 1, 1, 1, 1, 1, 1, 1, 1)
  (1, 1, 1, 1, 0, 2, 1, 1, 1)
  (1, 1, 0, 2, 0, 2, 1, 1, 1)
  (1, 1, 0, 2, 0, 2, 1, 0, 2)
  (1, 3, 0, 0, 0, 2, 1, 0, 2)
  (1, 3, 0, 0, 0, 3, 0, 0, 2)
  (0, 4, 0, 0, 0, 3, 0, 0, 2)
  (0, 4, 0, 0, 0, 0, 0, 0, 5)

Path 2301 (7 moves):
  (1, 1, 1, 1, 1, 1, 1, 1, 1)
  (1, 1, 1, 1, 0, 2, 1, 1, 1)
  (1, 1, 0, 2, 0, 2, 1, 1, 1)
  (1, 1, 0, 2, 0, 2, 1, 0, 2)
  (1, 3, 0, 0, 0, 2, 1, 0, 2)
  (1, 3, 0, 0, 0, 3, 0, 0, 2)
  (1, 3, 0, 0, 0, 0, 0, 0, 5)
  (0, 4, 0, 0, 0, 0, 0, 0, 5)

Path 2302 (7 moves):
  (1, 1, 1, 1, 1, 1, 1, 1, 1)
  (1, 1, 1, 1, 0, 2, 1, 1, 1)
  (1, 1, 0, 2, 0, 2, 1, 1, 1)
  (1, 1, 0, 2, 0, 2, 1, 0, 2)
  (1, 3, 0, 0, 0, 2, 1, 0, 2)
  (1, 3, 0, 0, 0, 2, 3, 0, 0)
  (0, 4, 0, 0, 0, 2, 3, 0, 0)
  (0, 0, 0, 0, 0, 6, 3, 0, 0)

Path 2303 (7 moves):
  (1, 1, 1, 1, 1, 1, 1, 1, 1)
  (1, 1, 1, 1, 0, 2, 1, 1, 1)
  (1, 1, 0, 2, 0, 2, 1, 1, 1)
  (1, 1, 0, 2, 0, 2, 1, 0, 2)
  (1, 1, 0, 0, 0, 4, 1, 0, 2)
  (1, 5, 0, 0, 0, 0, 1, 0, 2)
  (0, 6, 0, 0, 0, 0, 1, 0, 2)
  (0, 6, 0, 0, 0, 0, 3, 0, 0)

Path 2304 (7 moves):
  (1, 1, 1, 1, 1, 1, 1, 1, 1)
  (1, 1, 1, 1, 0, 2, 1, 1, 1)
  (1, 1, 0, 2, 0, 2, 1, 1, 1)
  (1, 1, 0, 2, 0, 2, 1, 0, 2)
  (1, 1, 0, 0, 0, 4, 1, 0, 2)
  (1, 5, 0, 0, 0, 0, 1, 0, 2)
  (1, 0, 0, 0, 0, 0, 6, 0, 2)
  (7, 0, 0, 0, 0, 0, 0, 0, 2)

Path 2305 (7 moves):
  (1, 1, 1, 1, 1, 1, 1, 1, 1)
  (1, 1, 1, 1, 0, 2, 1, 1, 1)
  (1, 1, 0, 2, 0, 2, 1, 1, 1)
  (1, 1, 0, 2, 0, 2, 1, 0, 2)
  (1, 1, 0, 0, 0, 4, 1, 0, 2)
  (1, 5, 0, 0, 0, 0, 1, 0, 2)
  (1, 0, 0, 0, 0, 0, 6, 0, 2)
  (1, 0, 0, 0, 0, 0, 8, 0, 0)

Path 2306 (7 moves):
  (1, 1, 1, 1, 1, 1, 1, 1, 1)
  (1, 1, 1, 1, 0, 2, 1, 1, 1)
  (1, 1, 0, 2, 0, 2, 1, 1, 1)
  (1, 1, 0, 2, 0, 2, 1, 0, 2)
  (1, 1, 0, 0, 0, 4, 1, 0, 2)
  (1, 5, 0, 0, 0, 0, 1, 0, 2)
  (1, 5, 0, 0, 0, 0, 3, 0, 0)
  (0, 6, 0, 0, 0, 0, 3, 0, 0)

Path 2307 (7 moves):
  (1, 1, 1, 1, 1, 1, 1, 1, 1)
  (1, 1, 1, 1, 0, 2, 1, 1, 1)
  (1, 1, 0, 2, 0, 2, 1, 1, 1)
  (1, 1, 0, 2, 0, 2, 1, 0, 2)
  (1, 1, 0, 0, 0, 4, 1, 0, 2)
  (1, 5, 0, 0, 0, 0, 1, 0, 2)
  (1, 5, 0, 0, 0, 0, 3, 0, 0)
  (1, 0, 0, 0, 0, 0, 8, 0, 0)

Path 2308 (7 moves):
  (1, 1, 1, 1, 1, 1, 1, 1, 1)
  (1, 1, 1, 1, 0, 2, 1, 1, 1)
  (1, 1, 0, 2, 0, 2, 1, 1, 1)
  (1, 1, 0, 2, 0, 2, 1, 0, 2)
  (1, 1, 0, 4, 0, 0, 1, 0, 2)
  (2, 0, 0, 4, 0, 0, 1, 0, 2)
  (2, 0, 0, 4, 0, 0, 3, 0, 0)
  (2, 0, 0, 7, 0, 0, 0, 0, 0)

Path 2309 (7 moves):
  (1, 1, 1, 1, 1, 1, 1, 1, 1)
  (1, 1, 1, 1, 0, 2, 1, 1, 1)
  (1, 1, 0, 2, 0, 2, 1, 1, 1)
  (1, 1, 0, 2, 0, 2, 1, 0, 2)
  (1, 1, 0, 2, 0, 3, 0, 0, 2)
  (2, 0, 0, 2, 0, 3, 0, 0, 2)
  (2, 0, 0, 0, 0, 5, 0, 0, 2)
  (7, 0, 0, 0, 0, 0, 0, 0, 2)

Path 2310 (7 moves):
  (1, 1, 1, 1, 1, 1, 1, 1, 1)
  (1, 1, 1, 1, 0, 2, 1, 1, 1)
  (1, 1, 0, 2, 0, 2, 1, 1, 1)
  (1, 1, 0, 2, 0, 2, 1, 0, 2)
  (1, 1, 0, 2, 0, 3, 0, 0, 2)
  (2, 0, 0, 2, 0, 3, 0, 0, 2)
  (2, 0, 0, 2, 0, 0, 0, 0, 5)
  (2, 0, 0, 7, 0, 0, 0, 0, 0)

Path 2311 (7 moves):
  (1, 1, 1, 1, 1, 1, 1, 1, 1)
  (1, 1, 1, 1, 0, 2, 1, 1, 1)
  (1, 1, 0, 2, 0, 2, 1, 1, 1)
  (1, 1, 0, 2, 0, 2, 1, 0, 2)
  (1, 1, 0, 2, 0, 3, 0, 0, 2)
  (1, 3, 0, 0, 0, 3, 0, 0, 2)
  (0, 4, 0, 0, 0, 3, 0, 0, 2)
  (0, 0, 0, 0, 0, 7, 0, 0, 2)

Path 2312 (7 moves):
  (1, 1, 1, 1, 1, 1, 1, 1, 1)
  (1, 1, 1, 1, 0, 2, 1, 1, 1)
  (1, 1, 0, 2, 0, 2, 1, 1, 1)
  (1, 1, 0, 2, 0, 2, 1, 0, 2)
  (1, 1, 0, 2, 0, 3, 0, 0, 2)
  (1, 3, 0, 0, 0, 3, 0, 0, 2)
  (0, 4, 0, 0, 0, 3, 0, 0, 2)
  (0, 4, 0, 0, 0, 0, 0, 0, 5)

Path 2313 (7 moves):
  (1, 1, 1, 1, 1, 1, 1, 1, 1)
  (1, 1, 1, 1, 0, 2, 1, 1, 1)
  (1, 1, 0, 2, 0, 2, 1, 1, 1)
  (1, 1, 0, 2, 0, 2, 1, 0, 2)
  (1, 1, 0, 2, 0, 3, 0, 0, 2)
  (1, 3, 0, 0, 0, 3, 0, 0, 2)
  (1, 3, 0, 0, 0, 0, 0, 0, 5)
  (0, 4, 0, 0, 0, 0, 0, 0, 5)

Path 2314 (7 moves):
  (1, 1, 1, 1, 1, 1, 1, 1, 1)
  (1, 1, 1, 1, 0, 2, 1, 1, 1)
  (1, 1, 0, 2, 0, 2, 1, 1, 1)
  (1, 1, 0, 2, 0, 2, 1, 0, 2)
  (1, 1, 0, 2, 0, 3, 0, 0, 2)
  (1, 1, 0, 2, 0, 0, 0, 0, 5)
  (0, 2, 0, 2, 0, 0, 0, 0, 5)
  (0, 4, 0, 0, 0, 0, 0, 0, 5)

Path 2315 (7 moves):
  (1, 1, 1, 1, 1, 1, 1, 1, 1)
  (1, 1, 1, 1, 0, 2, 1, 1, 1)
  (1, 1, 0, 2, 0, 2, 1, 1, 1)
  (1, 1, 0, 2, 0, 2, 1, 0, 2)
  (1, 1, 0, 2, 0, 3, 0, 0, 2)
  (1, 1, 0, 2, 0, 0, 0, 0, 5)
  (2, 0, 0, 2, 0, 0, 0, 0, 5)
  (2, 0, 0, 7, 0, 0, 0, 0, 0)

Path 2316 (7 moves):
  (1, 1, 1, 1, 1, 1, 1, 1, 1)
  (1, 1, 1, 1, 0, 2, 1, 1, 1)
  (1, 1, 0, 2, 0, 2, 1, 1, 1)
  (1, 1, 0, 2, 0, 2, 1, 0, 2)
  (1, 1, 0, 2, 0, 3, 0, 0, 2)
  (1, 1, 0, 2, 0, 0, 0, 0, 5)
  (1, 3, 0, 0, 0, 0, 0, 0, 5)
  (0, 4, 0, 0, 0, 0, 0, 0, 5)

Path 2317 (7 moves):
  (1, 1, 1, 1, 1, 1, 1, 1, 1)
  (1, 1, 1, 1, 0, 2, 1, 1, 1)
  (1, 1, 0, 2, 0, 2, 1, 1, 1)
  (1, 1, 0, 2, 0, 2, 1, 0, 2)
  (1, 1, 0, 2, 0, 3, 0, 0, 2)
  (1, 1, 0, 2, 0, 0, 0, 0, 5)
  (1, 1, 0, 7, 0, 0, 0, 0, 0)
  (2, 0, 0, 7, 0, 0, 0, 0, 0)

Path 2318 (7 moves):
  (1, 1, 1, 1, 1, 1, 1, 1, 1)
  (1, 1, 1, 1, 0, 2, 1, 1, 1)
  (1, 1, 0, 2, 0, 2, 1, 1, 1)
  (1, 1, 0, 2, 0, 2, 1, 0, 2)
  (1, 1, 0, 2, 0, 2, 3, 0, 0)
  (1, 3, 0, 0, 0, 2, 3, 0, 0)
  (0, 4, 0, 0, 0, 2, 3, 0, 0)
  (0, 0, 0, 0, 0, 6, 3, 0, 0)

Path 2319 (7 moves):
  (1, 1, 1, 1, 1, 1, 1, 1, 1)
  (1, 1, 1, 1, 0, 2, 1, 1, 1)
  (1, 1, 0, 2, 0, 2, 1, 1, 1)
  (1, 1, 0, 2, 0, 2, 1, 2, 0)
  (0, 2, 0, 2, 0, 2, 1, 2, 0)
  (0, 0, 0, 4, 0, 2, 1, 2, 0)
  (0, 0, 0, 0, 0, 2, 1, 6, 0)
  (0, 0, 0, 0, 0, 3, 0, 6, 0)

Path 2320 (7 moves):
  (1, 1, 1, 1, 1, 1, 1, 1, 1)
  (1, 1, 1, 1, 0, 2, 1, 1, 1)
  (1, 1, 0, 2, 0, 2, 1, 1, 1)
  (1, 1, 0, 2, 0, 2, 1, 2, 0)
  (0, 2, 0, 2, 0, 2, 1, 2, 0)
  (0, 0, 0, 4, 0, 2, 1, 2, 0)
  (0, 0, 0, 6, 0, 0, 1, 2, 0)
  (0, 0, 0, 6, 0, 0, 0, 3, 0)

Path 2321 (7 moves):
  (1, 1, 1, 1, 1, 1, 1, 1, 1)
  (1, 1, 1, 1, 0, 2, 1, 1, 1)
  (1, 1, 0, 2, 0, 2, 1, 1, 1)
  (1, 1, 0, 2, 0, 2, 1, 2, 0)
  (0, 2, 0, 2, 0, 2, 1, 2, 0)
  (0, 0, 0, 4, 0, 2, 1, 2, 0)
  (0, 0, 0, 4, 0, 0, 1, 4, 0)
  (0, 0, 0, 8, 0, 0, 1, 0, 0)

Path 2322 (7 moves):
  (1, 1, 1, 1, 1, 1, 1, 1, 1)
  (1, 1, 1, 1, 0, 2, 1, 1, 1)
  (1, 1, 0, 2, 0, 2, 1, 1, 1)
  (1, 1, 0, 2, 0, 2, 1, 2, 0)
  (0, 2, 0, 2, 0, 2, 1, 2, 0)
  (0, 0, 0, 4, 0, 2, 1, 2, 0)
  (0, 0, 0, 4, 0, 3, 0, 2, 0)
  (0, 0, 0, 0, 0, 3, 0, 6, 0)

Path 2323 (7 moves):
  (1, 1, 1, 1, 1, 1, 1, 1, 1)
  (1, 1, 1, 1, 0, 2, 1, 1, 1)
  (1, 1, 0, 2, 0, 2, 1, 1, 1)
  (1, 1, 0, 2, 0, 2, 1, 2, 0)
  (0, 2, 0, 2, 0, 2, 1, 2, 0)
  (0, 0, 0, 4, 0, 2, 1, 2, 0)
  (0, 0, 0, 4, 0, 3, 0, 2, 0)
  (0, 0, 0, 4, 0, 5, 0, 0, 0)

Path 2324 (7 moves):
  (1, 1, 1, 1, 1, 1, 1, 1, 1)
  (1, 1, 1, 1, 0, 2, 1, 1, 1)
  (1, 1, 0, 2, 0, 2, 1, 1, 1)
  (1, 1, 0, 2, 0, 2, 1, 2, 0)
  (0, 2, 0, 2, 0, 2, 1, 2, 0)
  (0, 0, 0, 4, 0, 2, 1, 2, 0)
  (0, 0, 0, 4, 0, 2, 0, 3, 0)
  (0, 0, 0, 6, 0, 0, 0, 3, 0)

Path 2325 (7 moves):
  (1, 1, 1, 1, 1, 1, 1, 1, 1)
  (1, 1, 1, 1, 0, 2, 1, 1, 1)
  (1, 1, 0, 2, 0, 2, 1, 1, 1)
  (1, 1, 0, 2, 0, 2, 1, 2, 0)
  (0, 2, 0, 2, 0, 2, 1, 2, 0)
  (0, 0, 0, 4, 0, 2, 1, 2, 0)
  (0, 0, 0, 4, 0, 4, 1, 0, 0)
  (0, 0, 0, 4, 0, 5, 0, 0, 0)

Path 2326 (7 moves):
  (1, 1, 1, 1, 1, 1, 1, 1, 1)
  (1, 1, 1, 1, 0, 2, 1, 1, 1)
  (1, 1, 0, 2, 0, 2, 1, 1, 1)
  (1, 1, 0, 2, 0, 2, 1, 2, 0)
  (0, 2, 0, 2, 0, 2, 1, 2, 0)
  (0, 2, 0, 4, 0, 0, 1, 2, 0)
  (0, 0, 0, 6, 0, 0, 1, 2, 0)
  (0, 0, 0, 6, 0, 0, 0, 3, 0)

Path 2327 (7 moves):
  (1, 1, 1, 1, 1, 1, 1, 1, 1)
  (1, 1, 1, 1, 0, 2, 1, 1, 1)
  (1, 1, 0, 2, 0, 2, 1, 1, 1)
  (1, 1, 0, 2, 0, 2, 1, 2, 0)
  (0, 2, 0, 2, 0, 2, 1, 2, 0)
  (0, 2, 0, 4, 0, 0, 1, 2, 0)
  (0, 2, 0, 0, 0, 0, 1, 6, 0)
  (0, 2, 0, 0, 0, 0, 0, 7, 0)

Path 2328 (7 moves):
  (1, 1, 1, 1, 1, 1, 1, 1, 1)
  (1, 1, 1, 1, 0, 2, 1, 1, 1)
  (1, 1, 0, 2, 0, 2, 1, 1, 1)
  (1, 1, 0, 2, 0, 2, 1, 2, 0)
  (0, 2, 0, 2, 0, 2, 1, 2, 0)
  (0, 2, 0, 4, 0, 0, 1, 2, 0)
  (0, 2, 0, 0, 0, 0, 1, 6, 0)
  (0, 8, 0, 0, 0, 0, 1, 0, 0)

Path 2329 (7 moves):
  (1, 1, 1, 1, 1, 1, 1, 1, 1)
  (1, 1, 1, 1, 0, 2, 1, 1, 1)
  (1, 1, 0, 2, 0, 2, 1, 1, 1)
  (1, 1, 0, 2, 0, 2, 1, 2, 0)
  (0, 2, 0, 2, 0, 2, 1, 2, 0)
  (0, 2, 0, 4, 0, 0, 1, 2, 0)
  (0, 2, 0, 4, 0, 0, 0, 3, 0)
  (0, 0, 0, 6, 0, 0, 0, 3, 0)

Path 2330 (7 moves):
  (1, 1, 1, 1, 1, 1, 1, 1, 1)
  (1, 1, 1, 1, 0, 2, 1, 1, 1)
  (1, 1, 0, 2, 0, 2, 1, 1, 1)
  (1, 1, 0, 2, 0, 2, 1, 2, 0)
  (0, 2, 0, 2, 0, 2, 1, 2, 0)
  (0, 2, 0, 4, 0, 0, 1, 2, 0)
  (0, 2, 0, 4, 0, 0, 0, 3, 0)
  (0, 2, 0, 0, 0, 0, 0, 7, 0)

Path 2331 (7 moves):
  (1, 1, 1, 1, 1, 1, 1, 1, 1)
  (1, 1, 1, 1, 0, 2, 1, 1, 1)
  (1, 1, 0, 2, 0, 2, 1, 1, 1)
  (1, 1, 0, 2, 0, 2, 1, 2, 0)
  (0, 2, 0, 2, 0, 2, 1, 2, 0)
  (0, 2, 0, 2, 0, 0, 1, 4, 0)
  (0, 0, 0, 4, 0, 0, 1, 4, 0)
  (0, 0, 0, 8, 0, 0, 1, 0, 0)

Path 2332 (7 moves):
  (1, 1, 1, 1, 1, 1, 1, 1, 1)
  (1, 1, 1, 1, 0, 2, 1, 1, 1)
  (1, 1, 0, 2, 0, 2, 1, 1, 1)
  (1, 1, 0, 2, 0, 2, 1, 2, 0)
  (0, 2, 0, 2, 0, 2, 1, 2, 0)
  (0, 2, 0, 2, 0, 0, 1, 4, 0)
  (0, 4, 0, 0, 0, 0, 1, 4, 0)
  (0, 4, 0, 0, 0, 0, 0, 5, 0)

Path 2333 (7 moves):
  (1, 1, 1, 1, 1, 1, 1, 1, 1)
  (1, 1, 1, 1, 0, 2, 1, 1, 1)
  (1, 1, 0, 2, 0, 2, 1, 1, 1)
  (1, 1, 0, 2, 0, 2, 1, 2, 0)
  (0, 2, 0, 2, 0, 2, 1, 2, 0)
  (0, 2, 0, 2, 0, 0, 1, 4, 0)
  (0, 2, 0, 2, 0, 0, 0, 5, 0)
  (0, 4, 0, 0, 0, 0, 0, 5, 0)

Path 2334 (7 moves):
  (1, 1, 1, 1, 1, 1, 1, 1, 1)
  (1, 1, 1, 1, 0, 2, 1, 1, 1)
  (1, 1, 0, 2, 0, 2, 1, 1, 1)
  (1, 1, 0, 2, 0, 2, 1, 2, 0)
  (0, 2, 0, 2, 0, 2, 1, 2, 0)
  (0, 2, 0, 2, 0, 0, 1, 4, 0)
  (0, 2, 0, 6, 0, 0, 1, 0, 0)
  (0, 0, 0, 8, 0, 0, 1, 0, 0)

Path 2335 (7 moves):
  (1, 1, 1, 1, 1, 1, 1, 1, 1)
  (1, 1, 1, 1, 0, 2, 1, 1, 1)
  (1, 1, 0, 2, 0, 2, 1, 1, 1)
  (1, 1, 0, 2, 0, 2, 1, 2, 0)
  (0, 2, 0, 2, 0, 2, 1, 2, 0)
  (0, 2, 0, 2, 0, 4, 1, 0, 0)
  (0, 0, 0, 4, 0, 4, 1, 0, 0)
  (0, 0, 0, 4, 0, 5, 0, 0, 0)

Path 2336 (7 moves):
  (1, 1, 1, 1, 1, 1, 1, 1, 1)
  (1, 1, 1, 1, 0, 2, 1, 1, 1)
  (1, 1, 0, 2, 0, 2, 1, 1, 1)
  (1, 1, 0, 2, 0, 2, 1, 2, 0)
  (0, 2, 0, 2, 0, 2, 1, 2, 0)
  (0, 2, 0, 2, 0, 4, 1, 0, 0)
  (0, 4, 0, 0, 0, 4, 1, 0, 0)
  (0, 8, 0, 0, 0, 0, 1, 0, 0)

Path 2337 (7 moves):
  (1, 1, 1, 1, 1, 1, 1, 1, 1)
  (1, 1, 1, 1, 0, 2, 1, 1, 1)
  (1, 1, 0, 2, 0, 2, 1, 1, 1)
  (1, 1, 0, 2, 0, 2, 1, 2, 0)
  (0, 2, 0, 2, 0, 2, 1, 2, 0)
  (0, 2, 0, 2, 0, 4, 1, 0, 0)
  (0, 2, 0, 0, 0, 6, 1, 0, 0)
  (0, 2, 0, 0, 0, 7, 0, 0, 0)

Path 2338 (7 moves):
  (1, 1, 1, 1, 1, 1, 1, 1, 1)
  (1, 1, 1, 1, 0, 2, 1, 1, 1)
  (1, 1, 0, 2, 0, 2, 1, 1, 1)
  (1, 1, 0, 2, 0, 2, 1, 2, 0)
  (0, 2, 0, 2, 0, 2, 1, 2, 0)
  (0, 2, 0, 2, 0, 4, 1, 0, 0)
  (0, 6, 0, 2, 0, 0, 1, 0, 0)
  (0, 8, 0, 0, 0, 0, 1, 0, 0)

Path 2339 (7 moves):
  (1, 1, 1, 1, 1, 1, 1, 1, 1)
  (1, 1, 1, 1, 0, 2, 1, 1, 1)
  (1, 1, 0, 2, 0, 2, 1, 1, 1)
  (1, 1, 0, 2, 0, 2, 1, 2, 0)
  (0, 2, 0, 2, 0, 2, 1, 2, 0)
  (0, 2, 0, 2, 0, 4, 1, 0, 0)
  (0, 2, 0, 2, 0, 5, 0, 0, 0)
  (0, 0, 0, 4, 0, 5, 0, 0, 0)

Path 2340 (7 moves):
  (1, 1, 1, 1, 1, 1, 1, 1, 1)
  (1, 1, 1, 1, 0, 2, 1, 1, 1)
  (1, 1, 0, 2, 0, 2, 1, 1, 1)
  (1, 1, 0, 2, 0, 2, 1, 2, 0)
  (0, 2, 0, 2, 0, 2, 1, 2, 0)
  (0, 2, 0, 2, 0, 4, 1, 0, 0)
  (0, 2, 0, 2, 0, 5, 0, 0, 0)
  (0, 2, 0, 0, 0, 7, 0, 0, 0)

Path 2341 (7 moves):
  (1, 1, 1, 1, 1, 1, 1, 1, 1)
  (1, 1, 1, 1, 0, 2, 1, 1, 1)
  (1, 1, 0, 2, 0, 2, 1, 1, 1)
  (1, 1, 0, 2, 0, 2, 1, 2, 0)
  (2, 0, 0, 2, 0, 2, 1, 2, 0)
  (2, 0, 0, 2, 0, 3, 0, 2, 0)
  (2, 0, 0, 0, 0, 5, 0, 2, 0)
  (2, 0, 0, 0, 0, 7, 0, 0, 0)

Path 2342 (7 moves):
  (1, 1, 1, 1, 1, 1, 1, 1, 1)
  (1, 1, 1, 1, 0, 2, 1, 1, 1)
  (1, 1, 0, 2, 0, 2, 1, 1, 1)
  (1, 1, 0, 2, 0, 2, 1, 2, 0)
  (2, 0, 0, 2, 0, 2, 1, 2, 0)
  (2, 0, 0, 2, 0, 3, 0, 2, 0)
  (2, 0, 0, 2, 0, 5, 0, 0, 0)
  (2, 0, 0, 0, 0, 7, 0, 0, 0)

Path 2343 (7 moves):
  (1, 1, 1, 1, 1, 1, 1, 1, 1)
  (1, 1, 1, 1, 0, 2, 1, 1, 1)
  (1, 1, 0, 2, 0, 2, 1, 1, 1)
  (1, 1, 0, 2, 0, 2, 1, 2, 0)
  (2, 0, 0, 2, 0, 2, 1, 2, 0)
  (2, 0, 0, 2, 0, 3, 0, 2, 0)
  (2, 0, 0, 2, 0, 5, 0, 0, 0)
  (7, 0, 0, 2, 0, 0, 0, 0, 0)

Path 2344 (7 moves):
  (1, 1, 1, 1, 1, 1, 1, 1, 1)
  (1, 1, 1, 1, 0, 2, 1, 1, 1)
  (1, 1, 0, 2, 0, 2, 1, 1, 1)
  (1, 1, 0, 2, 0, 2, 1, 2, 0)
  (2, 0, 0, 2, 0, 2, 1, 2, 0)
  (2, 0, 0, 2, 0, 4, 1, 0, 0)
  (2, 0, 0, 0, 0, 6, 1, 0, 0)
  (2, 0, 0, 0, 0, 7, 0, 0, 0)

Path 2345 (7 moves):
  (1, 1, 1, 1, 1, 1, 1, 1, 1)
  (1, 1, 1, 1, 0, 2, 1, 1, 1)
  (1, 1, 0, 2, 0, 2, 1, 1, 1)
  (1, 1, 0, 2, 0, 2, 1, 2, 0)
  (2, 0, 0, 2, 0, 2, 1, 2, 0)
  (2, 0, 0, 2, 0, 4, 1, 0, 0)
  (2, 0, 0, 2, 0, 5, 0, 0, 0)
  (2, 0, 0, 0, 0, 7, 0, 0, 0)

Path 2346 (7 moves):
  (1, 1, 1, 1, 1, 1, 1, 1, 1)
  (1, 1, 1, 1, 0, 2, 1, 1, 1)
  (1, 1, 0, 2, 0, 2, 1, 1, 1)
  (1, 1, 0, 2, 0, 2, 1, 2, 0)
  (2, 0, 0, 2, 0, 2, 1, 2, 0)
  (2, 0, 0, 2, 0, 4, 1, 0, 0)
  (2, 0, 0, 2, 0, 5, 0, 0, 0)
  (7, 0, 0, 2, 0, 0, 0, 0, 0)

Path 2347 (7 moves):
  (1, 1, 1, 1, 1, 1, 1, 1, 1)
  (1, 1, 1, 1, 0, 2, 1, 1, 1)
  (1, 1, 0, 2, 0, 2, 1, 1, 1)
  (1, 1, 0, 2, 0, 2, 1, 2, 0)
  (1, 3, 0, 0, 0, 2, 1, 2, 0)
  (1, 3, 0, 0, 0, 0, 1, 4, 0)
  (0, 4, 0, 0, 0, 0, 1, 4, 0)
  (0, 4, 0, 0, 0, 0, 0, 5, 0)

Path 2348 (7 moves):
  (1, 1, 1, 1, 1, 1, 1, 1, 1)
  (1, 1, 1, 1, 0, 2, 1, 1, 1)
  (1, 1, 0, 2, 0, 2, 1, 1, 1)
  (1, 1, 0, 2, 0, 2, 1, 2, 0)
  (1, 3, 0, 0, 0, 2, 1, 2, 0)
  (1, 3, 0, 0, 0, 0, 1, 4, 0)
  (1, 3, 0, 0, 0, 0, 0, 5, 0)
  (0, 4, 0, 0, 0, 0, 0, 5, 0)

Path 2349 (7 moves):
  (1, 1, 1, 1, 1, 1, 1, 1, 1)
  (1, 1, 1, 1, 0, 2, 1, 1, 1)
  (1, 1, 0, 2, 0, 2, 1, 1, 1)
  (1, 1, 0, 2, 0, 2, 1, 2, 0)
  (1, 3, 0, 0, 0, 2, 1, 2, 0)
  (1, 3, 0, 0, 0, 2, 0, 3, 0)
  (0, 4, 0, 0, 0, 2, 0, 3, 0)
  (0, 0, 0, 0, 0, 6, 0, 3, 0)

Path 2350 (7 moves):
  (1, 1, 1, 1, 1, 1, 1, 1, 1)
  (1, 1, 1, 1, 0, 2, 1, 1, 1)
  (1, 1, 0, 2, 0, 2, 1, 1, 1)
  (1, 1, 0, 2, 0, 2, 1, 2, 0)
  (1, 3, 0, 0, 0, 2, 1, 2, 0)
  (1, 3, 0, 0, 0, 2, 0, 3, 0)
  (0, 4, 0, 0, 0, 2, 0, 3, 0)
  (0, 4, 0, 0, 0, 0, 0, 5, 0)

Path 2351 (7 moves):
  (1, 1, 1, 1, 1, 1, 1, 1, 1)
  (1, 1, 1, 1, 0, 2, 1, 1, 1)
  (1, 1, 0, 2, 0, 2, 1, 1, 1)
  (1, 1, 0, 2, 0, 2, 1, 2, 0)
  (1, 3, 0, 0, 0, 2, 1, 2, 0)
  (1, 3, 0, 0, 0, 2, 0, 3, 0)
  (1, 3, 0, 0, 0, 0, 0, 5, 0)
  (0, 4, 0, 0, 0, 0, 0, 5, 0)

Path 2352 (7 moves):
  (1, 1, 1, 1, 1, 1, 1, 1, 1)
  (1, 1, 1, 1, 0, 2, 1, 1, 1)
  (1, 1, 0, 2, 0, 2, 1, 1, 1)
  (1, 1, 0, 2, 0, 2, 1, 2, 0)
  (1, 3, 0, 0, 0, 2, 1, 2, 0)
  (1, 3, 0, 0, 0, 4, 1, 0, 0)
  (0, 4, 0, 0, 0, 4, 1, 0, 0)
  (0, 8, 0, 0, 0, 0, 1, 0, 0)

Path 2353 (7 moves):
  (1, 1, 1, 1, 1, 1, 1, 1, 1)
  (1, 1, 1, 1, 0, 2, 1, 1, 1)
  (1, 1, 0, 2, 0, 2, 1, 1, 1)
  (1, 1, 0, 2, 0, 2, 1, 2, 0)
  (1, 3, 0, 0, 0, 2, 1, 2, 0)
  (1, 3, 0, 0, 0, 4, 1, 0, 0)
  (1, 7, 0, 0, 0, 0, 1, 0, 0)
  (0, 8, 0, 0, 0, 0, 1, 0, 0)

Path 2354 (7 moves):
  (1, 1, 1, 1, 1, 1, 1, 1, 1)
  (1, 1, 1, 1, 0, 2, 1, 1, 1)
  (1, 1, 0, 2, 0, 2, 1, 1, 1)
  (1, 1, 0, 2, 0, 2, 1, 2, 0)
  (1, 3, 0, 0, 0, 2, 1, 2, 0)
  (1, 3, 0, 0, 0, 4, 1, 0, 0)
  (1, 3, 0, 0, 0, 5, 0, 0, 0)
  (6, 3, 0, 0, 0, 0, 0, 0, 0)

Path 2355 (7 moves):
  (1, 1, 1, 1, 1, 1, 1, 1, 1)
  (1, 1, 1, 1, 0, 2, 1, 1, 1)
  (1, 1, 0, 2, 0, 2, 1, 1, 1)
  (1, 1, 0, 2, 0, 2, 1, 2, 0)
  (1, 1, 0, 0, 0, 4, 1, 2, 0)
  (1, 1, 0, 0, 0, 6, 1, 0, 0)
  (0, 2, 0, 0, 0, 6, 1, 0, 0)
  (0, 2, 0, 0, 0, 7, 0, 0, 0)

Path 2356 (7 moves):
  (1, 1, 1, 1, 1, 1, 1, 1, 1)
  (1, 1, 1, 1, 0, 2, 1, 1, 1)
  (1, 1, 0, 2, 0, 2, 1, 1, 1)
  (1, 1, 0, 2, 0, 2, 1, 2, 0)
  (1, 1, 0, 0, 0, 4, 1, 2, 0)
  (1, 1, 0, 0, 0, 6, 1, 0, 0)
  (2, 0, 0, 0, 0, 6, 1, 0, 0)
  (2, 0, 0, 0, 0, 7, 0, 0, 0)

Path 2357 (7 moves):
  (1, 1, 1, 1, 1, 1, 1, 1, 1)
  (1, 1, 1, 1, 0, 2, 1, 1, 1)
  (1, 1, 0, 2, 0, 2, 1, 1, 1)
  (1, 1, 0, 2, 0, 2, 1, 2, 0)
  (1, 1, 0, 0, 0, 4, 1, 2, 0)
  (1, 1, 0, 0, 0, 6, 1, 0, 0)
  (1, 1, 0, 0, 0, 7, 0, 0, 0)
  (0, 2, 0, 0, 0, 7, 0, 0, 0)

Path 2358 (7 moves):
  (1, 1, 1, 1, 1, 1, 1, 1, 1)
  (1, 1, 1, 1, 0, 2, 1, 1, 1)
  (1, 1, 0, 2, 0, 2, 1, 1, 1)
  (1, 1, 0, 2, 0, 2, 1, 2, 0)
  (1, 1, 0, 0, 0, 4, 1, 2, 0)
  (1, 1, 0, 0, 0, 6, 1, 0, 0)
  (1, 1, 0, 0, 0, 7, 0, 0, 0)
  (2, 0, 0, 0, 0, 7, 0, 0, 0)

Path 2359 (7 moves):
  (1, 1, 1, 1, 1, 1, 1, 1, 1)
  (1, 1, 1, 1, 0, 2, 1, 1, 1)
  (1, 1, 0, 2, 0, 2, 1, 1, 1)
  (1, 1, 0, 2, 0, 2, 1, 2, 0)
  (1, 1, 0, 4, 0, 0, 1, 2, 0)
  (0, 2, 0, 4, 0, 0, 1, 2, 0)
  (0, 0, 0, 6, 0, 0, 1, 2, 0)
  (0, 0, 0, 6, 0, 0, 0, 3, 0)

Path 2360 (7 moves):
  (1, 1, 1, 1, 1, 1, 1, 1, 1)
  (1, 1, 1, 1, 0, 2, 1, 1, 1)
  (1, 1, 0, 2, 0, 2, 1, 1, 1)
  (1, 1, 0, 2, 0, 2, 1, 2, 0)
  (1, 1, 0, 4, 0, 0, 1, 2, 0)
  (0, 2, 0, 4, 0, 0, 1, 2, 0)
  (0, 2, 0, 0, 0, 0, 1, 6, 0)
  (0, 2, 0, 0, 0, 0, 0, 7, 0)

Path 2361 (7 moves):
  (1, 1, 1, 1, 1, 1, 1, 1, 1)
  (1, 1, 1, 1, 0, 2, 1, 1, 1)
  (1, 1, 0, 2, 0, 2, 1, 1, 1)
  (1, 1, 0, 2, 0, 2, 1, 2, 0)
  (1, 1, 0, 4, 0, 0, 1, 2, 0)
  (0, 2, 0, 4, 0, 0, 1, 2, 0)
  (0, 2, 0, 0, 0, 0, 1, 6, 0)
  (0, 8, 0, 0, 0, 0, 1, 0, 0)

Path 2362 (7 moves):
  (1, 1, 1, 1, 1, 1, 1, 1, 1)
  (1, 1, 1, 1, 0, 2, 1, 1, 1)
  (1, 1, 0, 2, 0, 2, 1, 1, 1)
  (1, 1, 0, 2, 0, 2, 1, 2, 0)
  (1, 1, 0, 4, 0, 0, 1, 2, 0)
  (0, 2, 0, 4, 0, 0, 1, 2, 0)
  (0, 2, 0, 4, 0, 0, 0, 3, 0)
  (0, 0, 0, 6, 0, 0, 0, 3, 0)

Path 2363 (7 moves):
  (1, 1, 1, 1, 1, 1, 1, 1, 1)
  (1, 1, 1, 1, 0, 2, 1, 1, 1)
  (1, 1, 0, 2, 0, 2, 1, 1, 1)
  (1, 1, 0, 2, 0, 2, 1, 2, 0)
  (1, 1, 0, 4, 0, 0, 1, 2, 0)
  (0, 2, 0, 4, 0, 0, 1, 2, 0)
  (0, 2, 0, 4, 0, 0, 0, 3, 0)
  (0, 2, 0, 0, 0, 0, 0, 7, 0)

Path 2364 (7 moves):
  (1, 1, 1, 1, 1, 1, 1, 1, 1)
  (1, 1, 1, 1, 0, 2, 1, 1, 1)
  (1, 1, 0, 2, 0, 2, 1, 1, 1)
  (1, 1, 0, 2, 0, 2, 1, 2, 0)
  (1, 1, 0, 2, 0, 0, 1, 4, 0)
  (0, 2, 0, 2, 0, 0, 1, 4, 0)
  (0, 0, 0, 4, 0, 0, 1, 4, 0)
  (0, 0, 0, 8, 0, 0, 1, 0, 0)

Path 2365 (7 moves):
  (1, 1, 1, 1, 1, 1, 1, 1, 1)
  (1, 1, 1, 1, 0, 2, 1, 1, 1)
  (1, 1, 0, 2, 0, 2, 1, 1, 1)
  (1, 1, 0, 2, 0, 2, 1, 2, 0)
  (1, 1, 0, 2, 0, 0, 1, 4, 0)
  (0, 2, 0, 2, 0, 0, 1, 4, 0)
  (0, 4, 0, 0, 0, 0, 1, 4, 0)
  (0, 4, 0, 0, 0, 0, 0, 5, 0)

Path 2366 (7 moves):
  (1, 1, 1, 1, 1, 1, 1, 1, 1)
  (1, 1, 1, 1, 0, 2, 1, 1, 1)
  (1, 1, 0, 2, 0, 2, 1, 1, 1)
  (1, 1, 0, 2, 0, 2, 1, 2, 0)
  (1, 1, 0, 2, 0, 0, 1, 4, 0)
  (0, 2, 0, 2, 0, 0, 1, 4, 0)
  (0, 2, 0, 2, 0, 0, 0, 5, 0)
  (0, 4, 0, 0, 0, 0, 0, 5, 0)

Path 2367 (7 moves):
  (1, 1, 1, 1, 1, 1, 1, 1, 1)
  (1, 1, 1, 1, 0, 2, 1, 1, 1)
  (1, 1, 0, 2, 0, 2, 1, 1, 1)
  (1, 1, 0, 2, 0, 2, 1, 2, 0)
  (1, 1, 0, 2, 0, 0, 1, 4, 0)
  (0, 2, 0, 2, 0, 0, 1, 4, 0)
  (0, 2, 0, 6, 0, 0, 1, 0, 0)
  (0, 0, 0, 8, 0, 0, 1, 0, 0)

Path 2368 (7 moves):
  (1, 1, 1, 1, 1, 1, 1, 1, 1)
  (1, 1, 1, 1, 0, 2, 1, 1, 1)
  (1, 1, 0, 2, 0, 2, 1, 1, 1)
  (1, 1, 0, 2, 0, 2, 1, 2, 0)
  (1, 1, 0, 2, 0, 0, 1, 4, 0)
  (1, 3, 0, 0, 0, 0, 1, 4, 0)
  (0, 4, 0, 0, 0, 0, 1, 4, 0)
  (0, 4, 0, 0, 0, 0, 0, 5, 0)

Path 2369 (7 moves):
  (1, 1, 1, 1, 1, 1, 1, 1, 1)
  (1, 1, 1, 1, 0, 2, 1, 1, 1)
  (1, 1, 0, 2, 0, 2, 1, 1, 1)
  (1, 1, 0, 2, 0, 2, 1, 2, 0)
  (1, 1, 0, 2, 0, 0, 1, 4, 0)
  (1, 3, 0, 0, 0, 0, 1, 4, 0)
  (1, 3, 0, 0, 0, 0, 0, 5, 0)
  (0, 4, 0, 0, 0, 0, 0, 5, 0)

Path 2370 (7 moves):
  (1, 1, 1, 1, 1, 1, 1, 1, 1)
  (1, 1, 1, 1, 0, 2, 1, 1, 1)
  (1, 1, 0, 2, 0, 2, 1, 1, 1)
  (1, 1, 0, 2, 0, 2, 1, 2, 0)
  (1, 1, 0, 2, 0, 3, 0, 2, 0)
  (2, 0, 0, 2, 0, 3, 0, 2, 0)
  (2, 0, 0, 0, 0, 5, 0, 2, 0)
  (2, 0, 0, 0, 0, 7, 0, 0, 0)

Path 2371 (7 moves):
  (1, 1, 1, 1, 1, 1, 1, 1, 1)
  (1, 1, 1, 1, 0, 2, 1, 1, 1)
  (1, 1, 0, 2, 0, 2, 1, 1, 1)
  (1, 1, 0, 2, 0, 2, 1, 2, 0)
  (1, 1, 0, 2, 0, 3, 0, 2, 0)
  (2, 0, 0, 2, 0, 3, 0, 2, 0)
  (2, 0, 0, 2, 0, 5, 0, 0, 0)
  (2, 0, 0, 0, 0, 7, 0, 0, 0)

Path 2372 (7 moves):
  (1, 1, 1, 1, 1, 1, 1, 1, 1)
  (1, 1, 1, 1, 0, 2, 1, 1, 1)
  (1, 1, 0, 2, 0, 2, 1, 1, 1)
  (1, 1, 0, 2, 0, 2, 1, 2, 0)
  (1, 1, 0, 2, 0, 3, 0, 2, 0)
  (2, 0, 0, 2, 0, 3, 0, 2, 0)
  (2, 0, 0, 2, 0, 5, 0, 0, 0)
  (7, 0, 0, 2, 0, 0, 0, 0, 0)

Path 2373 (7 moves):
  (1, 1, 1, 1, 1, 1, 1, 1, 1)
  (1, 1, 1, 1, 0, 2, 1, 1, 1)
  (1, 1, 0, 2, 0, 2, 1, 1, 1)
  (1, 1, 0, 2, 0, 2, 1, 2, 0)
  (1, 1, 0, 2, 0, 3, 0, 2, 0)
  (1, 1, 0, 2, 0, 5, 0, 0, 0)
  (0, 2, 0, 2, 0, 5, 0, 0, 0)
  (0, 0, 0, 4, 0, 5, 0, 0, 0)

Path 2374 (7 moves):
  (1, 1, 1, 1, 1, 1, 1, 1, 1)
  (1, 1, 1, 1, 0, 2, 1, 1, 1)
  (1, 1, 0, 2, 0, 2, 1, 1, 1)
  (1, 1, 0, 2, 0, 2, 1, 2, 0)
  (1, 1, 0, 2, 0, 3, 0, 2, 0)
  (1, 1, 0, 2, 0, 5, 0, 0, 0)
  (0, 2, 0, 2, 0, 5, 0, 0, 0)
  (0, 2, 0, 0, 0, 7, 0, 0, 0)

Path 2375 (7 moves):
  (1, 1, 1, 1, 1, 1, 1, 1, 1)
  (1, 1, 1, 1, 0, 2, 1, 1, 1)
  (1, 1, 0, 2, 0, 2, 1, 1, 1)
  (1, 1, 0, 2, 0, 2, 1, 2, 0)
  (1, 1, 0, 2, 0, 3, 0, 2, 0)
  (1, 1, 0, 2, 0, 5, 0, 0, 0)
  (2, 0, 0, 2, 0, 5, 0, 0, 0)
  (2, 0, 0, 0, 0, 7, 0, 0, 0)

Path 2376 (7 moves):
  (1, 1, 1, 1, 1, 1, 1, 1, 1)
  (1, 1, 1, 1, 0, 2, 1, 1, 1)
  (1, 1, 0, 2, 0, 2, 1, 1, 1)
  (1, 1, 0, 2, 0, 2, 1, 2, 0)
  (1, 1, 0, 2, 0, 3, 0, 2, 0)
  (1, 1, 0, 2, 0, 5, 0, 0, 0)
  (2, 0, 0, 2, 0, 5, 0, 0, 0)
  (7, 0, 0, 2, 0, 0, 0, 0, 0)

Path 2377 (7 moves):
  (1, 1, 1, 1, 1, 1, 1, 1, 1)
  (1, 1, 1, 1, 0, 2, 1, 1, 1)
  (1, 1, 0, 2, 0, 2, 1, 1, 1)
  (1, 1, 0, 2, 0, 2, 1, 2, 0)
  (1, 1, 0, 2, 0, 3, 0, 2, 0)
  (1, 1, 0, 2, 0, 5, 0, 0, 0)
  (1, 3, 0, 0, 0, 5, 0, 0, 0)
  (6, 3, 0, 0, 0, 0, 0, 0, 0)

Path 2378 (7 moves):
  (1, 1, 1, 1, 1, 1, 1, 1, 1)
  (1, 1, 1, 1, 0, 2, 1, 1, 1)
  (1, 1, 0, 2, 0, 2, 1, 1, 1)
  (1, 1, 0, 2, 0, 2, 1, 2, 0)
  (1, 1, 0, 2, 0, 3, 0, 2, 0)
  (1, 1, 0, 2, 0, 5, 0, 0, 0)
  (1, 1, 0, 0, 0, 7, 0, 0, 0)
  (0, 2, 0, 0, 0, 7, 0, 0, 0)

Path 2379 (7 moves):
  (1, 1, 1, 1, 1, 1, 1, 1, 1)
  (1, 1, 1, 1, 0, 2, 1, 1, 1)
  (1, 1, 0, 2, 0, 2, 1, 1, 1)
  (1, 1, 0, 2, 0, 2, 1, 2, 0)
  (1, 1, 0, 2, 0, 3, 0, 2, 0)
  (1, 1, 0, 2, 0, 5, 0, 0, 0)
  (1, 1, 0, 0, 0, 7, 0, 0, 0)
  (2, 0, 0, 0, 0, 7, 0, 0, 0)

Path 2380 (7 moves):
  (1, 1, 1, 1, 1, 1, 1, 1, 1)
  (1, 1, 1, 1, 0, 2, 1, 1, 1)
  (1, 1, 0, 2, 0, 2, 1, 1, 1)
  (1, 1, 0, 2, 0, 2, 1, 2, 0)
  (1, 1, 0, 2, 0, 3, 0, 2, 0)
  (1, 1, 0, 2, 0, 5, 0, 0, 0)
  (6, 1, 0, 2, 0, 0, 0, 0, 0)
  (7, 0, 0, 2, 0, 0, 0, 0, 0)

Path 2381 (7 moves):
  (1, 1, 1, 1, 1, 1, 1, 1, 1)
  (1, 1, 1, 1, 0, 2, 1, 1, 1)
  (1, 1, 0, 2, 0, 2, 1, 1, 1)
  (1, 1, 0, 2, 0, 2, 1, 2, 0)
  (1, 1, 0, 2, 0, 3, 0, 2, 0)
  (1, 1, 0, 2, 0, 5, 0, 0, 0)
  (6, 1, 0, 2, 0, 0, 0, 0, 0)
  (6, 3, 0, 0, 0, 0, 0, 0, 0)

Path 2382 (7 moves):
  (1, 1, 1, 1, 1, 1, 1, 1, 1)
  (1, 1, 1, 1, 0, 2, 1, 1, 1)
  (1, 1, 0, 2, 0, 2, 1, 1, 1)
  (1, 1, 0, 2, 0, 2, 1, 2, 0)
  (1, 1, 0, 2, 0, 2, 0, 3, 0)
  (1, 3, 0, 0, 0, 2, 0, 3, 0)
  (0, 4, 0, 0, 0, 2, 0, 3, 0)
  (0, 0, 0, 0, 0, 6, 0, 3, 0)

Path 2383 (7 moves):
  (1, 1, 1, 1, 1, 1, 1, 1, 1)
  (1, 1, 1, 1, 0, 2, 1, 1, 1)
  (1, 1, 0, 2, 0, 2, 1, 1, 1)
  (1, 1, 0, 2, 0, 2, 1, 2, 0)
  (1, 1, 0, 2, 0, 2, 0, 3, 0)
  (1, 3, 0, 0, 0, 2, 0, 3, 0)
  (0, 4, 0, 0, 0, 2, 0, 3, 0)
  (0, 4, 0, 0, 0, 0, 0, 5, 0)

Path 2384 (7 moves):
  (1, 1, 1, 1, 1, 1, 1, 1, 1)
  (1, 1, 1, 1, 0, 2, 1, 1, 1)
  (1, 1, 0, 2, 0, 2, 1, 1, 1)
  (1, 1, 0, 2, 0, 2, 1, 2, 0)
  (1, 1, 0, 2, 0, 2, 0, 3, 0)
  (1, 3, 0, 0, 0, 2, 0, 3, 0)
  (1, 3, 0, 0, 0, 0, 0, 5, 0)
  (0, 4, 0, 0, 0, 0, 0, 5, 0)

Path 2385 (7 moves):
  (1, 1, 1, 1, 1, 1, 1, 1, 1)
  (1, 1, 1, 1, 0, 2, 1, 1, 1)
  (1, 1, 0, 2, 0, 2, 1, 1, 1)
  (1, 1, 0, 2, 0, 2, 1, 2, 0)
  (1, 1, 0, 2, 0, 4, 1, 0, 0)
  (0, 2, 0, 2, 0, 4, 1, 0, 0)
  (0, 0, 0, 4, 0, 4, 1, 0, 0)
  (0, 0, 0, 4, 0, 5, 0, 0, 0)

Path 2386 (7 moves):
  (1, 1, 1, 1, 1, 1, 1, 1, 1)
  (1, 1, 1, 1, 0, 2, 1, 1, 1)
  (1, 1, 0, 2, 0, 2, 1, 1, 1)
  (1, 1, 0, 2, 0, 2, 1, 2, 0)
  (1, 1, 0, 2, 0, 4, 1, 0, 0)
  (0, 2, 0, 2, 0, 4, 1, 0, 0)
  (0, 4, 0, 0, 0, 4, 1, 0, 0)
  (0, 8, 0, 0, 0, 0, 1, 0, 0)

Path 2387 (7 moves):
  (1, 1, 1, 1, 1, 1, 1, 1, 1)
  (1, 1, 1, 1, 0, 2, 1, 1, 1)
  (1, 1, 0, 2, 0, 2, 1, 1, 1)
  (1, 1, 0, 2, 0, 2, 1, 2, 0)
  (1, 1, 0, 2, 0, 4, 1, 0, 0)
  (0, 2, 0, 2, 0, 4, 1, 0, 0)
  (0, 2, 0, 0, 0, 6, 1, 0, 0)
  (0, 2, 0, 0, 0, 7, 0, 0, 0)

Path 2388 (7 moves):
  (1, 1, 1, 1, 1, 1, 1, 1, 1)
  (1, 1, 1, 1, 0, 2, 1, 1, 1)
  (1, 1, 0, 2, 0, 2, 1, 1, 1)
  (1, 1, 0, 2, 0, 2, 1, 2, 0)
  (1, 1, 0, 2, 0, 4, 1, 0, 0)
  (0, 2, 0, 2, 0, 4, 1, 0, 0)
  (0, 6, 0, 2, 0, 0, 1, 0, 0)
  (0, 8, 0, 0, 0, 0, 1, 0, 0)

Path 2389 (7 moves):
  (1, 1, 1, 1, 1, 1, 1, 1, 1)
  (1, 1, 1, 1, 0, 2, 1, 1, 1)
  (1, 1, 0, 2, 0, 2, 1, 1, 1)
  (1, 1, 0, 2, 0, 2, 1, 2, 0)
  (1, 1, 0, 2, 0, 4, 1, 0, 0)
  (0, 2, 0, 2, 0, 4, 1, 0, 0)
  (0, 2, 0, 2, 0, 5, 0, 0, 0)
  (0, 0, 0, 4, 0, 5, 0, 0, 0)

Path 2390 (7 moves):
  (1, 1, 1, 1, 1, 1, 1, 1, 1)
  (1, 1, 1, 1, 0, 2, 1, 1, 1)
  (1, 1, 0, 2, 0, 2, 1, 1, 1)
  (1, 1, 0, 2, 0, 2, 1, 2, 0)
  (1, 1, 0, 2, 0, 4, 1, 0, 0)
  (0, 2, 0, 2, 0, 4, 1, 0, 0)
  (0, 2, 0, 2, 0, 5, 0, 0, 0)
  (0, 2, 0, 0, 0, 7, 0, 0, 0)

Path 2391 (7 moves):
  (1, 1, 1, 1, 1, 1, 1, 1, 1)
  (1, 1, 1, 1, 0, 2, 1, 1, 1)
  (1, 1, 0, 2, 0, 2, 1, 1, 1)
  (1, 1, 0, 2, 0, 2, 1, 2, 0)
  (1, 1, 0, 2, 0, 4, 1, 0, 0)
  (2, 0, 0, 2, 0, 4, 1, 0, 0)
  (2, 0, 0, 0, 0, 6, 1, 0, 0)
  (2, 0, 0, 0, 0, 7, 0, 0, 0)

Path 2392 (7 moves):
  (1, 1, 1, 1, 1, 1, 1, 1, 1)
  (1, 1, 1, 1, 0, 2, 1, 1, 1)
  (1, 1, 0, 2, 0, 2, 1, 1, 1)
  (1, 1, 0, 2, 0, 2, 1, 2, 0)
  (1, 1, 0, 2, 0, 4, 1, 0, 0)
  (2, 0, 0, 2, 0, 4, 1, 0, 0)
  (2, 0, 0, 2, 0, 5, 0, 0, 0)
  (2, 0, 0, 0, 0, 7, 0, 0, 0)

Path 2393 (7 moves):
  (1, 1, 1, 1, 1, 1, 1, 1, 1)
  (1, 1, 1, 1, 0, 2, 1, 1, 1)
  (1, 1, 0, 2, 0, 2, 1, 1, 1)
  (1, 1, 0, 2, 0, 2, 1, 2, 0)
  (1, 1, 0, 2, 0, 4, 1, 0, 0)
  (2, 0, 0, 2, 0, 4, 1, 0, 0)
  (2, 0, 0, 2, 0, 5, 0, 0, 0)
  (7, 0, 0, 2, 0, 0, 0, 0, 0)

Path 2394 (7 moves):
  (1, 1, 1, 1, 1, 1, 1, 1, 1)
  (1, 1, 1, 1, 0, 2, 1, 1, 1)
  (1, 1, 0, 2, 0, 2, 1, 1, 1)
  (1, 1, 0, 2, 0, 2, 1, 2, 0)
  (1, 1, 0, 2, 0, 4, 1, 0, 0)
  (1, 3, 0, 0, 0, 4, 1, 0, 0)
  (0, 4, 0, 0, 0, 4, 1, 0, 0)
  (0, 8, 0, 0, 0, 0, 1, 0, 0)

Path 2395 (7 moves):
  (1, 1, 1, 1, 1, 1, 1, 1, 1)
  (1, 1, 1, 1, 0, 2, 1, 1, 1)
  (1, 1, 0, 2, 0, 2, 1, 1, 1)
  (1, 1, 0, 2, 0, 2, 1, 2, 0)
  (1, 1, 0, 2, 0, 4, 1, 0, 0)
  (1, 3, 0, 0, 0, 4, 1, 0, 0)
  (1, 7, 0, 0, 0, 0, 1, 0, 0)
  (0, 8, 0, 0, 0, 0, 1, 0, 0)

Path 2396 (7 moves):
  (1, 1, 1, 1, 1, 1, 1, 1, 1)
  (1, 1, 1, 1, 0, 2, 1, 1, 1)
  (1, 1, 0, 2, 0, 2, 1, 1, 1)
  (1, 1, 0, 2, 0, 2, 1, 2, 0)
  (1, 1, 0, 2, 0, 4, 1, 0, 0)
  (1, 3, 0, 0, 0, 4, 1, 0, 0)
  (1, 3, 0, 0, 0, 5, 0, 0, 0)
  (6, 3, 0, 0, 0, 0, 0, 0, 0)

Path 2397 (7 moves):
  (1, 1, 1, 1, 1, 1, 1, 1, 1)
  (1, 1, 1, 1, 0, 2, 1, 1, 1)
  (1, 1, 0, 2, 0, 2, 1, 1, 1)
  (1, 1, 0, 2, 0, 2, 1, 2, 0)
  (1, 1, 0, 2, 0, 4, 1, 0, 0)
  (1, 1, 0, 0, 0, 6, 1, 0, 0)
  (0, 2, 0, 0, 0, 6, 1, 0, 0)
  (0, 2, 0, 0, 0, 7, 0, 0, 0)

Path 2398 (7 moves):
  (1, 1, 1, 1, 1, 1, 1, 1, 1)
  (1, 1, 1, 1, 0, 2, 1, 1, 1)
  (1, 1, 0, 2, 0, 2, 1, 1, 1)
  (1, 1, 0, 2, 0, 2, 1, 2, 0)
  (1, 1, 0, 2, 0, 4, 1, 0, 0)
  (1, 1, 0, 0, 0, 6, 1, 0, 0)
  (2, 0, 0, 0, 0, 6, 1, 0, 0)
  (2, 0, 0, 0, 0, 7, 0, 0, 0)

Path 2399 (7 moves):
  (1, 1, 1, 1, 1, 1, 1, 1, 1)
  (1, 1, 1, 1, 0, 2, 1, 1, 1)
  (1, 1, 0, 2, 0, 2, 1, 1, 1)
  (1, 1, 0, 2, 0, 2, 1, 2, 0)
  (1, 1, 0, 2, 0, 4, 1, 0, 0)
  (1, 1, 0, 0, 0, 6, 1, 0, 0)
  (1, 1, 0, 0, 0, 7, 0, 0, 0)
  (0, 2, 0, 0, 0, 7, 0, 0, 0)

Path 2400 (7 moves):
  (1, 1, 1, 1, 1, 1, 1, 1, 1)
  (1, 1, 1, 1, 0, 2, 1, 1, 1)
  (1, 1, 0, 2, 0, 2, 1, 1, 1)
  (1, 1, 0, 2, 0, 2, 1, 2, 0)
  (1, 1, 0, 2, 0, 4, 1, 0, 0)
  (1, 1, 0, 0, 0, 6, 1, 0, 0)
  (1, 1, 0, 0, 0, 7, 0, 0, 0)
  (2, 0, 0, 0, 0, 7, 0, 0, 0)

Path 2401 (7 moves):
  (1, 1, 1, 1, 1, 1, 1, 1, 1)
  (1, 1, 1, 1, 0, 2, 1, 1, 1)
  (1, 1, 0, 2, 0, 2, 1, 1, 1)
  (1, 1, 0, 2, 0, 2, 1, 2, 0)
  (1, 1, 0, 2, 0, 4, 1, 0, 0)
  (1, 5, 0, 2, 0, 0, 1, 0, 0)
  (0, 6, 0, 2, 0, 0, 1, 0, 0)
  (0, 8, 0, 0, 0, 0, 1, 0, 0)

Path 2402 (7 moves):
  (1, 1, 1, 1, 1, 1, 1, 1, 1)
  (1, 1, 1, 1, 0, 2, 1, 1, 1)
  (1, 1, 0, 2, 0, 2, 1, 1, 1)
  (1, 1, 0, 2, 0, 2, 1, 2, 0)
  (1, 1, 0, 2, 0, 4, 1, 0, 0)
  (1, 5, 0, 2, 0, 0, 1, 0, 0)
  (1, 0, 0, 2, 0, 0, 6, 0, 0)
  (7, 0, 0, 2, 0, 0, 0, 0, 0)

Path 2403 (7 moves):
  (1, 1, 1, 1, 1, 1, 1, 1, 1)
  (1, 1, 1, 1, 0, 2, 1, 1, 1)
  (1, 1, 0, 2, 0, 2, 1, 1, 1)
  (1, 1, 0, 2, 0, 2, 1, 2, 0)
  (1, 1, 0, 2, 0, 4, 1, 0, 0)
  (1, 5, 0, 2, 0, 0, 1, 0, 0)
  (1, 7, 0, 0, 0, 0, 1, 0, 0)
  (0, 8, 0, 0, 0, 0, 1, 0, 0)

Path 2404 (7 moves):
  (1, 1, 1, 1, 1, 1, 1, 1, 1)
  (1, 1, 1, 1, 0, 2, 1, 1, 1)
  (1, 1, 0, 2, 0, 2, 1, 1, 1)
  (1, 1, 0, 2, 0, 2, 1, 2, 0)
  (1, 1, 0, 2, 0, 4, 1, 0, 0)
  (1, 1, 0, 2, 0, 5, 0, 0, 0)
  (0, 2, 0, 2, 0, 5, 0, 0, 0)
  (0, 0, 0, 4, 0, 5, 0, 0, 0)

Path 2405 (7 moves):
  (1, 1, 1, 1, 1, 1, 1, 1, 1)
  (1, 1, 1, 1, 0, 2, 1, 1, 1)
  (1, 1, 0, 2, 0, 2, 1, 1, 1)
  (1, 1, 0, 2, 0, 2, 1, 2, 0)
  (1, 1, 0, 2, 0, 4, 1, 0, 0)
  (1, 1, 0, 2, 0, 5, 0, 0, 0)
  (0, 2, 0, 2, 0, 5, 0, 0, 0)
  (0, 2, 0, 0, 0, 7, 0, 0, 0)

Path 2406 (7 moves):
  (1, 1, 1, 1, 1, 1, 1, 1, 1)
  (1, 1, 1, 1, 0, 2, 1, 1, 1)
  (1, 1, 0, 2, 0, 2, 1, 1, 1)
  (1, 1, 0, 2, 0, 2, 1, 2, 0)
  (1, 1, 0, 2, 0, 4, 1, 0, 0)
  (1, 1, 0, 2, 0, 5, 0, 0, 0)
  (2, 0, 0, 2, 0, 5, 0, 0, 0)
  (2, 0, 0, 0, 0, 7, 0, 0, 0)

Path 2407 (7 moves):
  (1, 1, 1, 1, 1, 1, 1, 1, 1)
  (1, 1, 1, 1, 0, 2, 1, 1, 1)
  (1, 1, 0, 2, 0, 2, 1, 1, 1)
  (1, 1, 0, 2, 0, 2, 1, 2, 0)
  (1, 1, 0, 2, 0, 4, 1, 0, 0)
  (1, 1, 0, 2, 0, 5, 0, 0, 0)
  (2, 0, 0, 2, 0, 5, 0, 0, 0)
  (7, 0, 0, 2, 0, 0, 0, 0, 0)

Path 2408 (7 moves):
  (1, 1, 1, 1, 1, 1, 1, 1, 1)
  (1, 1, 1, 1, 0, 2, 1, 1, 1)
  (1, 1, 0, 2, 0, 2, 1, 1, 1)
  (1, 1, 0, 2, 0, 2, 1, 2, 0)
  (1, 1, 0, 2, 0, 4, 1, 0, 0)
  (1, 1, 0, 2, 0, 5, 0, 0, 0)
  (1, 3, 0, 0, 0, 5, 0, 0, 0)
  (6, 3, 0, 0, 0, 0, 0, 0, 0)

Path 2409 (7 moves):
  (1, 1, 1, 1, 1, 1, 1, 1, 1)
  (1, 1, 1, 1, 0, 2, 1, 1, 1)
  (1, 1, 0, 2, 0, 2, 1, 1, 1)
  (1, 1, 0, 2, 0, 2, 1, 2, 0)
  (1, 1, 0, 2, 0, 4, 1, 0, 0)
  (1, 1, 0, 2, 0, 5, 0, 0, 0)
  (1, 1, 0, 0, 0, 7, 0, 0, 0)
  (0, 2, 0, 0, 0, 7, 0, 0, 0)

Path 2410 (7 moves):
  (1, 1, 1, 1, 1, 1, 1, 1, 1)
  (1, 1, 1, 1, 0, 2, 1, 1, 1)
  (1, 1, 0, 2, 0, 2, 1, 1, 1)
  (1, 1, 0, 2, 0, 2, 1, 2, 0)
  (1, 1, 0, 2, 0, 4, 1, 0, 0)
  (1, 1, 0, 2, 0, 5, 0, 0, 0)
  (1, 1, 0, 0, 0, 7, 0, 0, 0)
  (2, 0, 0, 0, 0, 7, 0, 0, 0)

Path 2411 (7 moves):
  (1, 1, 1, 1, 1, 1, 1, 1, 1)
  (1, 1, 1, 1, 0, 2, 1, 1, 1)
  (1, 1, 0, 2, 0, 2, 1, 1, 1)
  (1, 1, 0, 2, 0, 2, 1, 2, 0)
  (1, 1, 0, 2, 0, 4, 1, 0, 0)
  (1, 1, 0, 2, 0, 5, 0, 0, 0)
  (6, 1, 0, 2, 0, 0, 0, 0, 0)
  (7, 0, 0, 2, 0, 0, 0, 0, 0)

Path 2412 (7 moves):
  (1, 1, 1, 1, 1, 1, 1, 1, 1)
  (1, 1, 1, 1, 0, 2, 1, 1, 1)
  (1, 1, 0, 2, 0, 2, 1, 1, 1)
  (1, 1, 0, 2, 0, 2, 1, 2, 0)
  (1, 1, 0, 2, 0, 4, 1, 0, 0)
  (1, 1, 0, 2, 0, 5, 0, 0, 0)
  (6, 1, 0, 2, 0, 0, 0, 0, 0)
  (6, 3, 0, 0, 0, 0, 0, 0, 0)

Path 2413 (7 moves):
  (1, 1, 1, 1, 1, 1, 1, 1, 1)
  (1, 1, 1, 1, 0, 2, 1, 1, 1)
  (1, 1, 2, 0, 0, 2, 1, 1, 1)
  (1, 1, 2, 0, 0, 0, 1, 3, 1)
  (0, 2, 2, 0, 0, 0, 1, 3, 1)
  (0, 2, 2, 0, 0, 0, 0, 4, 1)
  (0, 2, 2, 0, 0, 0, 0, 5, 0)
  (0, 2, 7, 0, 0, 0, 0, 0, 0)

Path 2414 (7 moves):
  (1, 1, 1, 1, 1, 1, 1, 1, 1)
  (1, 1, 1, 1, 0, 2, 1, 1, 1)
  (1, 1, 2, 0, 0, 2, 1, 1, 1)
  (1, 1, 2, 0, 0, 0, 1, 3, 1)
  (0, 2, 2, 0, 0, 0, 1, 3, 1)
  (0, 2, 2, 0, 0, 0, 1, 4, 0)
  (0, 2, 2, 0, 0, 0, 0, 5, 0)
  (0, 2, 7, 0, 0, 0, 0, 0, 0)

Path 2415 (7 moves):
  (1, 1, 1, 1, 1, 1, 1, 1, 1)
  (1, 1, 1, 1, 0, 2, 1, 1, 1)
  (1, 1, 2, 0, 0, 2, 1, 1, 1)
  (1, 1, 2, 0, 0, 0, 1, 3, 1)
  (2, 0, 2, 0, 0, 0, 1, 3, 1)
  (4, 0, 0, 0, 0, 0, 1, 3, 1)
  (4, 0, 0, 0, 0, 0, 0, 4, 1)
  (4, 0, 0, 0, 0, 0, 0, 5, 0)

Path 2416 (7 moves):
  (1, 1, 1, 1, 1, 1, 1, 1, 1)
  (1, 1, 1, 1, 0, 2, 1, 1, 1)
  (1, 1, 2, 0, 0, 2, 1, 1, 1)
  (1, 1, 2, 0, 0, 0, 1, 3, 1)
  (2, 0, 2, 0, 0, 0, 1, 3, 1)
  (4, 0, 0, 0, 0, 0, 1, 3, 1)
  (4, 0, 0, 0, 0, 0, 1, 4, 0)
  (4, 0, 0, 0, 0, 0, 0, 5, 0)

Path 2417 (7 moves):
  (1, 1, 1, 1, 1, 1, 1, 1, 1)
  (1, 1, 1, 1, 0, 2, 1, 1, 1)
  (1, 1, 2, 0, 0, 2, 1, 1, 1)
  (1, 1, 2, 0, 0, 0, 1, 3, 1)
  (2, 0, 2, 0, 0, 0, 1, 3, 1)
  (2, 0, 2, 0, 0, 0, 1, 4, 0)
  (0, 0, 4, 0, 0, 0, 1, 4, 0)
  (0, 0, 0, 0, 0, 0, 5, 4, 0)

Path 2418 (7 moves):
  (1, 1, 1, 1, 1, 1, 1, 1, 1)
  (1, 1, 1, 1, 0, 2, 1, 1, 1)
  (1, 1, 2, 0, 0, 2, 1, 1, 1)
  (1, 1, 2, 0, 0, 0, 1, 3, 1)
  (2, 0, 2, 0, 0, 0, 1, 3, 1)
  (2, 0, 2, 0, 0, 0, 1, 4, 0)
  (4, 0, 0, 0, 0, 0, 1, 4, 0)
  (4, 0, 0, 0, 0, 0, 0, 5, 0)

Path 2419 (7 moves):
  (1, 1, 1, 1, 1, 1, 1, 1, 1)
  (1, 1, 1, 1, 0, 2, 1, 1, 1)
  (1, 1, 2, 0, 0, 2, 1, 1, 1)
  (1, 1, 2, 0, 0, 0, 1, 3, 1)
  (2, 0, 2, 0, 0, 0, 1, 3, 1)
  (2, 0, 2, 0, 0, 0, 1, 4, 0)
  (2, 0, 2, 0, 0, 0, 0, 5, 0)
  (4, 0, 0, 0, 0, 0, 0, 5, 0)

Path 2420 (7 moves):
  (1, 1, 1, 1, 1, 1, 1, 1, 1)
  (1, 1, 1, 1, 0, 2, 1, 1, 1)
  (1, 1, 2, 0, 0, 2, 1, 1, 1)
  (1, 1, 2, 0, 0, 0, 1, 3, 1)
  (1, 0, 3, 0, 0, 0, 1, 3, 1)
  (1, 0, 3, 0, 0, 0, 0, 4, 1)
  (1, 0, 3, 0, 0, 0, 0, 5, 0)
  (1, 0, 8, 0, 0, 0, 0, 0, 0)

Path 2421 (7 moves):
  (1, 1, 1, 1, 1, 1, 1, 1, 1)
  (1, 1, 1, 1, 0, 2, 1, 1, 1)
  (1, 1, 2, 0, 0, 2, 1, 1, 1)
  (1, 1, 2, 0, 0, 0, 1, 3, 1)
  (1, 0, 3, 0, 0, 0, 1, 3, 1)
  (1, 0, 3, 0, 0, 0, 1, 4, 0)
  (1, 0, 3, 0, 0, 0, 0, 5, 0)
  (1, 0, 8, 0, 0, 0, 0, 0, 0)

Path 2422 (7 moves):
  (1, 1, 1, 1, 1, 1, 1, 1, 1)
  (1, 1, 1, 1, 0, 2, 1, 1, 1)
  (1, 1, 2, 0, 0, 2, 1, 1, 1)
  (1, 1, 2, 0, 0, 0, 1, 3, 1)
  (3, 1, 0, 0, 0, 0, 1, 3, 1)
  (4, 0, 0, 0, 0, 0, 1, 3, 1)
  (4, 0, 0, 0, 0, 0, 0, 4, 1)
  (4, 0, 0, 0, 0, 0, 0, 5, 0)

Path 2423 (7 moves):
  (1, 1, 1, 1, 1, 1, 1, 1, 1)
  (1, 1, 1, 1, 0, 2, 1, 1, 1)
  (1, 1, 2, 0, 0, 2, 1, 1, 1)
  (1, 1, 2, 0, 0, 0, 1, 3, 1)
  (3, 1, 0, 0, 0, 0, 1, 3, 1)
  (4, 0, 0, 0, 0, 0, 1, 3, 1)
  (4, 0, 0, 0, 0, 0, 1, 4, 0)
  (4, 0, 0, 0, 0, 0, 0, 5, 0)

Path 2424 (7 moves):
  (1, 1, 1, 1, 1, 1, 1, 1, 1)
  (1, 1, 1, 1, 0, 2, 1, 1, 1)
  (1, 1, 2, 0, 0, 2, 1, 1, 1)
  (1, 1, 2, 0, 0, 0, 1, 3, 1)
  (3, 1, 0, 0, 0, 0, 1, 3, 1)
  (3, 1, 0, 0, 0, 0, 0, 4, 1)
  (4, 0, 0, 0, 0, 0, 0, 4, 1)
  (4, 0, 0, 0, 0, 0, 0, 5, 0)

Path 2425 (7 moves):
  (1, 1, 1, 1, 1, 1, 1, 1, 1)
  (1, 1, 1, 1, 0, 2, 1, 1, 1)
  (1, 1, 2, 0, 0, 2, 1, 1, 1)
  (1, 1, 2, 0, 0, 0, 1, 3, 1)
  (3, 1, 0, 0, 0, 0, 1, 3, 1)
  (3, 1, 0, 0, 0, 0, 0, 4, 1)
  (3, 1, 0, 0, 0, 0, 0, 5, 0)
  (4, 0, 0, 0, 0, 0, 0, 5, 0)

Path 2426 (7 moves):
  (1, 1, 1, 1, 1, 1, 1, 1, 1)
  (1, 1, 1, 1, 0, 2, 1, 1, 1)
  (1, 1, 2, 0, 0, 2, 1, 1, 1)
  (1, 1, 2, 0, 0, 0, 1, 3, 1)
  (3, 1, 0, 0, 0, 0, 1, 3, 1)
  (3, 1, 0, 0, 0, 0, 1, 4, 0)
  (4, 0, 0, 0, 0, 0, 1, 4, 0)
  (4, 0, 0, 0, 0, 0, 0, 5, 0)

Path 2427 (7 moves):
  (1, 1, 1, 1, 1, 1, 1, 1, 1)
  (1, 1, 1, 1, 0, 2, 1, 1, 1)
  (1, 1, 2, 0, 0, 2, 1, 1, 1)
  (1, 1, 2, 0, 0, 0, 1, 3, 1)
  (3, 1, 0, 0, 0, 0, 1, 3, 1)
  (3, 1, 0, 0, 0, 0, 1, 4, 0)
  (3, 1, 0, 0, 0, 0, 0, 5, 0)
  (4, 0, 0, 0, 0, 0, 0, 5, 0)

Path 2428 (7 moves):
  (1, 1, 1, 1, 1, 1, 1, 1, 1)
  (1, 1, 1, 1, 0, 2, 1, 1, 1)
  (1, 1, 2, 0, 0, 2, 1, 1, 1)
  (1, 1, 2, 0, 0, 0, 1, 3, 1)
  (1, 1, 2, 0, 0, 0, 0, 4, 1)
  (0, 2, 2, 0, 0, 0, 0, 4, 1)
  (0, 2, 2, 0, 0, 0, 0, 5, 0)
  (0, 2, 7, 0, 0, 0, 0, 0, 0)

Path 2429 (7 moves):
  (1, 1, 1, 1, 1, 1, 1, 1, 1)
  (1, 1, 1, 1, 0, 2, 1, 1, 1)
  (1, 1, 2, 0, 0, 2, 1, 1, 1)
  (1, 1, 2, 0, 0, 0, 1, 3, 1)
  (1, 1, 2, 0, 0, 0, 0, 4, 1)
  (1, 0, 3, 0, 0, 0, 0, 4, 1)
  (1, 0, 3, 0, 0, 0, 0, 5, 0)
  (1, 0, 8, 0, 0, 0, 0, 0, 0)

Path 2430 (7 moves):
  (1, 1, 1, 1, 1, 1, 1, 1, 1)
  (1, 1, 1, 1, 0, 2, 1, 1, 1)
  (1, 1, 2, 0, 0, 2, 1, 1, 1)
  (1, 1, 2, 0, 0, 0, 1, 3, 1)
  (1, 1, 2, 0, 0, 0, 0, 4, 1)
  (3, 1, 0, 0, 0, 0, 0, 4, 1)
  (4, 0, 0, 0, 0, 0, 0, 4, 1)
  (4, 0, 0, 0, 0, 0, 0, 5, 0)

Path 2431 (7 moves):
  (1, 1, 1, 1, 1, 1, 1, 1, 1)
  (1, 1, 1, 1, 0, 2, 1, 1, 1)
  (1, 1, 2, 0, 0, 2, 1, 1, 1)
  (1, 1, 2, 0, 0, 0, 1, 3, 1)
  (1, 1, 2, 0, 0, 0, 0, 4, 1)
  (3, 1, 0, 0, 0, 0, 0, 4, 1)
  (3, 1, 0, 0, 0, 0, 0, 5, 0)
  (4, 0, 0, 0, 0, 0, 0, 5, 0)

Path 2432 (7 moves):
  (1, 1, 1, 1, 1, 1, 1, 1, 1)
  (1, 1, 1, 1, 0, 2, 1, 1, 1)
  (1, 1, 2, 0, 0, 2, 1, 1, 1)
  (1, 1, 2, 0, 0, 0, 1, 3, 1)
  (1, 1, 2, 0, 0, 0, 0, 4, 1)
  (1, 1, 2, 0, 0, 0, 0, 5, 0)
  (0, 2, 2, 0, 0, 0, 0, 5, 0)
  (0, 2, 7, 0, 0, 0, 0, 0, 0)

Path 2433 (7 moves):
  (1, 1, 1, 1, 1, 1, 1, 1, 1)
  (1, 1, 1, 1, 0, 2, 1, 1, 1)
  (1, 1, 2, 0, 0, 2, 1, 1, 1)
  (1, 1, 2, 0, 0, 0, 1, 3, 1)
  (1, 1, 2, 0, 0, 0, 0, 4, 1)
  (1, 1, 2, 0, 0, 0, 0, 5, 0)
  (2, 0, 2, 0, 0, 0, 0, 5, 0)
  (4, 0, 0, 0, 0, 0, 0, 5, 0)

Path 2434 (7 moves):
  (1, 1, 1, 1, 1, 1, 1, 1, 1)
  (1, 1, 1, 1, 0, 2, 1, 1, 1)
  (1, 1, 2, 0, 0, 2, 1, 1, 1)
  (1, 1, 2, 0, 0, 0, 1, 3, 1)
  (1, 1, 2, 0, 0, 0, 0, 4, 1)
  (1, 1, 2, 0, 0, 0, 0, 5, 0)
  (1, 0, 3, 0, 0, 0, 0, 5, 0)
  (1, 0, 8, 0, 0, 0, 0, 0, 0)

Path 2435 (7 moves):
  (1, 1, 1, 1, 1, 1, 1, 1, 1)
  (1, 1, 1, 1, 0, 2, 1, 1, 1)
  (1, 1, 2, 0, 0, 2, 1, 1, 1)
  (1, 1, 2, 0, 0, 0, 1, 3, 1)
  (1, 1, 2, 0, 0, 0, 0, 4, 1)
  (1, 1, 2, 0, 0, 0, 0, 5, 0)
  (3, 1, 0, 0, 0, 0, 0, 5, 0)
  (4, 0, 0, 0, 0, 0, 0, 5, 0)

Path 2436 (7 moves):
  (1, 1, 1, 1, 1, 1, 1, 1, 1)
  (1, 1, 1, 1, 0, 2, 1, 1, 1)
  (1, 1, 2, 0, 0, 2, 1, 1, 1)
  (1, 1, 2, 0, 0, 0, 1, 3, 1)
  (1, 1, 2, 0, 0, 0, 0, 4, 1)
  (1, 1, 2, 0, 0, 0, 0, 5, 0)
  (1, 1, 7, 0, 0, 0, 0, 0, 0)
  (0, 2, 7, 0, 0, 0, 0, 0, 0)

Path 2437 (7 moves):
  (1, 1, 1, 1, 1, 1, 1, 1, 1)
  (1, 1, 1, 1, 0, 2, 1, 1, 1)
  (1, 1, 2, 0, 0, 2, 1, 1, 1)
  (1, 1, 2, 0, 0, 0, 1, 3, 1)
  (1, 1, 2, 0, 0, 0, 0, 4, 1)
  (1, 1, 2, 0, 0, 0, 0, 5, 0)
  (1, 1, 7, 0, 0, 0, 0, 0, 0)
  (1, 0, 8, 0, 0, 0, 0, 0, 0)

Path 2438 (7 moves):
  (1, 1, 1, 1, 1, 1, 1, 1, 1)
  (1, 1, 1, 1, 0, 2, 1, 1, 1)
  (1, 1, 2, 0, 0, 2, 1, 1, 1)
  (1, 1, 2, 0, 0, 0, 1, 3, 1)
  (1, 1, 2, 0, 0, 0, 1, 4, 0)
  (0, 2, 2, 0, 0, 0, 1, 4, 0)
  (0, 2, 2, 0, 0, 0, 0, 5, 0)
  (0, 2, 7, 0, 0, 0, 0, 0, 0)

Path 2439 (7 moves):
  (1, 1, 1, 1, 1, 1, 1, 1, 1)
  (1, 1, 1, 1, 0, 2, 1, 1, 1)
  (1, 1, 2, 0, 0, 2, 1, 1, 1)
  (1, 1, 2, 0, 0, 0, 1, 3, 1)
  (1, 1, 2, 0, 0, 0, 1, 4, 0)
  (2, 0, 2, 0, 0, 0, 1, 4, 0)
  (0, 0, 4, 0, 0, 0, 1, 4, 0)
  (0, 0, 0, 0, 0, 0, 5, 4, 0)

Path 2440 (7 moves):
  (1, 1, 1, 1, 1, 1, 1, 1, 1)
  (1, 1, 1, 1, 0, 2, 1, 1, 1)
  (1, 1, 2, 0, 0, 2, 1, 1, 1)
  (1, 1, 2, 0, 0, 0, 1, 3, 1)
  (1, 1, 2, 0, 0, 0, 1, 4, 0)
  (2, 0, 2, 0, 0, 0, 1, 4, 0)
  (4, 0, 0, 0, 0, 0, 1, 4, 0)
  (4, 0, 0, 0, 0, 0, 0, 5, 0)

Path 2441 (7 moves):
  (1, 1, 1, 1, 1, 1, 1, 1, 1)
  (1, 1, 1, 1, 0, 2, 1, 1, 1)
  (1, 1, 2, 0, 0, 2, 1, 1, 1)
  (1, 1, 2, 0, 0, 0, 1, 3, 1)
  (1, 1, 2, 0, 0, 0, 1, 4, 0)
  (2, 0, 2, 0, 0, 0, 1, 4, 0)
  (2, 0, 2, 0, 0, 0, 0, 5, 0)
  (4, 0, 0, 0, 0, 0, 0, 5, 0)

Path 2442 (7 moves):
  (1, 1, 1, 1, 1, 1, 1, 1, 1)
  (1, 1, 1, 1, 0, 2, 1, 1, 1)
  (1, 1, 2, 0, 0, 2, 1, 1, 1)
  (1, 1, 2, 0, 0, 0, 1, 3, 1)
  (1, 1, 2, 0, 0, 0, 1, 4, 0)
  (1, 0, 3, 0, 0, 0, 1, 4, 0)
  (1, 0, 3, 0, 0, 0, 0, 5, 0)
  (1, 0, 8, 0, 0, 0, 0, 0, 0)

Path 2443 (7 moves):
  (1, 1, 1, 1, 1, 1, 1, 1, 1)
  (1, 1, 1, 1, 0, 2, 1, 1, 1)
  (1, 1, 2, 0, 0, 2, 1, 1, 1)
  (1, 1, 2, 0, 0, 0, 1, 3, 1)
  (1, 1, 2, 0, 0, 0, 1, 4, 0)
  (3, 1, 0, 0, 0, 0, 1, 4, 0)
  (4, 0, 0, 0, 0, 0, 1, 4, 0)
  (4, 0, 0, 0, 0, 0, 0, 5, 0)

Path 2444 (7 moves):
  (1, 1, 1, 1, 1, 1, 1, 1, 1)
  (1, 1, 1, 1, 0, 2, 1, 1, 1)
  (1, 1, 2, 0, 0, 2, 1, 1, 1)
  (1, 1, 2, 0, 0, 0, 1, 3, 1)
  (1, 1, 2, 0, 0, 0, 1, 4, 0)
  (3, 1, 0, 0, 0, 0, 1, 4, 0)
  (3, 1, 0, 0, 0, 0, 0, 5, 0)
  (4, 0, 0, 0, 0, 0, 0, 5, 0)

Path 2445 (7 moves):
  (1, 1, 1, 1, 1, 1, 1, 1, 1)
  (1, 1, 1, 1, 0, 2, 1, 1, 1)
  (1, 1, 2, 0, 0, 2, 1, 1, 1)
  (1, 1, 2, 0, 0, 0, 1, 3, 1)
  (1, 1, 2, 0, 0, 0, 1, 4, 0)
  (1, 1, 2, 0, 0, 0, 0, 5, 0)
  (0, 2, 2, 0, 0, 0, 0, 5, 0)
  (0, 2, 7, 0, 0, 0, 0, 0, 0)

Path 2446 (7 moves):
  (1, 1, 1, 1, 1, 1, 1, 1, 1)
  (1, 1, 1, 1, 0, 2, 1, 1, 1)
  (1, 1, 2, 0, 0, 2, 1, 1, 1)
  (1, 1, 2, 0, 0, 0, 1, 3, 1)
  (1, 1, 2, 0, 0, 0, 1, 4, 0)
  (1, 1, 2, 0, 0, 0, 0, 5, 0)
  (2, 0, 2, 0, 0, 0, 0, 5, 0)
  (4, 0, 0, 0, 0, 0, 0, 5, 0)

Path 2447 (7 moves):
  (1, 1, 1, 1, 1, 1, 1, 1, 1)
  (1, 1, 1, 1, 0, 2, 1, 1, 1)
  (1, 1, 2, 0, 0, 2, 1, 1, 1)
  (1, 1, 2, 0, 0, 0, 1, 3, 1)
  (1, 1, 2, 0, 0, 0, 1, 4, 0)
  (1, 1, 2, 0, 0, 0, 0, 5, 0)
  (1, 0, 3, 0, 0, 0, 0, 5, 0)
  (1, 0, 8, 0, 0, 0, 0, 0, 0)

Path 2448 (7 moves):
  (1, 1, 1, 1, 1, 1, 1, 1, 1)
  (1, 1, 1, 1, 0, 2, 1, 1, 1)
  (1, 1, 2, 0, 0, 2, 1, 1, 1)
  (1, 1, 2, 0, 0, 0, 1, 3, 1)
  (1, 1, 2, 0, 0, 0, 1, 4, 0)
  (1, 1, 2, 0, 0, 0, 0, 5, 0)
  (3, 1, 0, 0, 0, 0, 0, 5, 0)
  (4, 0, 0, 0, 0, 0, 0, 5, 0)

Path 2449 (7 moves):
  (1, 1, 1, 1, 1, 1, 1, 1, 1)
  (1, 1, 1, 1, 0, 2, 1, 1, 1)
  (1, 1, 2, 0, 0, 2, 1, 1, 1)
  (1, 1, 2, 0, 0, 0, 1, 3, 1)
  (1, 1, 2, 0, 0, 0, 1, 4, 0)
  (1, 1, 2, 0, 0, 0, 0, 5, 0)
  (1, 1, 7, 0, 0, 0, 0, 0, 0)
  (0, 2, 7, 0, 0, 0, 0, 0, 0)

Path 2450 (7 moves):
  (1, 1, 1, 1, 1, 1, 1, 1, 1)
  (1, 1, 1, 1, 0, 2, 1, 1, 1)
  (1, 1, 2, 0, 0, 2, 1, 1, 1)
  (1, 1, 2, 0, 0, 0, 1, 3, 1)
  (1, 1, 2, 0, 0, 0, 1, 4, 0)
  (1, 1, 2, 0, 0, 0, 0, 5, 0)
  (1, 1, 7, 0, 0, 0, 0, 0, 0)
  (1, 0, 8, 0, 0, 0, 0, 0, 0)

Path 2451 (7 moves):
  (1, 1, 1, 1, 1, 1, 1, 1, 1)
  (1, 1, 1, 1, 0, 2, 1, 1, 1)
  (1, 1, 1, 3, 0, 0, 1, 1, 1)
  (0, 2, 1, 3, 0, 0, 1, 1, 1)
  (0, 0, 1, 5, 0, 0, 1, 1, 1)
  (0, 0, 1, 5, 0, 0, 0, 2, 1)
  (0, 0, 0, 6, 0, 0, 0, 2, 1)
  (0, 0, 0, 6, 0, 0, 0, 3, 0)

Path 2452 (7 moves):
  (1, 1, 1, 1, 1, 1, 1, 1, 1)
  (1, 1, 1, 1, 0, 2, 1, 1, 1)
  (1, 1, 1, 3, 0, 0, 1, 1, 1)
  (0, 2, 1, 3, 0, 0, 1, 1, 1)
  (0, 0, 1, 5, 0, 0, 1, 1, 1)
  (0, 0, 1, 5, 0, 0, 0, 2, 1)
  (0, 0, 1, 0, 0, 0, 0, 2, 6)
  (0, 0, 7, 0, 0, 0, 0, 2, 0)

Path 2453 (7 moves):
  (1, 1, 1, 1, 1, 1, 1, 1, 1)
  (1, 1, 1, 1, 0, 2, 1, 1, 1)
  (1, 1, 1, 3, 0, 0, 1, 1, 1)
  (0, 2, 1, 3, 0, 0, 1, 1, 1)
  (0, 0, 1, 5, 0, 0, 1, 1, 1)
  (0, 0, 1, 5, 0, 0, 0, 2, 1)
  (0, 0, 1, 5, 0, 0, 0, 3, 0)
  (0, 0, 0, 6, 0, 0, 0, 3, 0)

Path 2454 (7 moves):
  (1, 1, 1, 1, 1, 1, 1, 1, 1)
  (1, 1, 1, 1, 0, 2, 1, 1, 1)
  (1, 1, 1, 3, 0, 0, 1, 1, 1)
  (0, 2, 1, 3, 0, 0, 1, 1, 1)
  (0, 0, 1, 5, 0, 0, 1, 1, 1)
  (0, 0, 1, 5, 0, 0, 2, 0, 1)
  (0, 0, 0, 6, 0, 0, 2, 0, 1)
  (0, 0, 0, 6, 0, 0, 0, 0, 3)

Path 2455 (7 moves):
  (1, 1, 1, 1, 1, 1, 1, 1, 1)
  (1, 1, 1, 1, 0, 2, 1, 1, 1)
  (1, 1, 1, 3, 0, 0, 1, 1, 1)
  (0, 2, 1, 3, 0, 0, 1, 1, 1)
  (0, 0, 1, 5, 0, 0, 1, 1, 1)
  (0, 0, 1, 5, 0, 0, 2, 0, 1)
  (0, 0, 1, 0, 0, 0, 2, 0, 6)
  (0, 0, 1, 0, 0, 0, 0, 0, 8)

Path 2456 (7 moves):
  (1, 1, 1, 1, 1, 1, 1, 1, 1)
  (1, 1, 1, 1, 0, 2, 1, 1, 1)
  (1, 1, 1, 3, 0, 0, 1, 1, 1)
  (0, 2, 1, 3, 0, 0, 1, 1, 1)
  (0, 0, 1, 5, 0, 0, 1, 1, 1)
  (0, 0, 1, 5, 0, 0, 2, 0, 1)
  (0, 0, 1, 0, 0, 0, 2, 0, 6)
  (0, 0, 7, 0, 0, 0, 2, 0, 0)

Path 2457 (7 moves):
  (1, 1, 1, 1, 1, 1, 1, 1, 1)
  (1, 1, 1, 1, 0, 2, 1, 1, 1)
  (1, 1, 1, 3, 0, 0, 1, 1, 1)
  (0, 2, 1, 3, 0, 0, 1, 1, 1)
  (0, 0, 1, 5, 0, 0, 1, 1, 1)
  (0, 0, 1, 5, 0, 0, 2, 0, 1)
  (0, 0, 1, 5, 0, 0, 0, 0, 3)
  (0, 0, 0, 6, 0, 0, 0, 0, 3)

Path 2458 (7 moves):
  (1, 1, 1, 1, 1, 1, 1, 1, 1)
  (1, 1, 1, 1, 0, 2, 1, 1, 1)
  (1, 1, 1, 3, 0, 0, 1, 1, 1)
  (0, 2, 1, 3, 0, 0, 1, 1, 1)
  (0, 0, 1, 5, 0, 0, 1, 1, 1)
  (0, 0, 1, 5, 0, 0, 2, 0, 1)
  (0, 0, 1, 5, 0, 0, 0, 0, 3)
  (0, 0, 1, 0, 0, 0, 0, 0, 8)

Path 2459 (7 moves):
  (1, 1, 1, 1, 1, 1, 1, 1, 1)
  (1, 1, 1, 1, 0, 2, 1, 1, 1)
  (1, 1, 1, 3, 0, 0, 1, 1, 1)
  (0, 2, 1, 3, 0, 0, 1, 1, 1)
  (0, 0, 1, 5, 0, 0, 1, 1, 1)
  (0, 0, 1, 5, 0, 0, 1, 2, 0)
  (0, 0, 0, 6, 0, 0, 1, 2, 0)
  (0, 0, 0, 6, 0, 0, 0, 3, 0)

Path 2460 (7 moves):
  (1, 1, 1, 1, 1, 1, 1, 1, 1)
  (1, 1, 1, 1, 0, 2, 1, 1, 1)
  (1, 1, 1, 3, 0, 0, 1, 1, 1)
  (0, 2, 1, 3, 0, 0, 1, 1, 1)
  (0, 0, 1, 5, 0, 0, 1, 1, 1)
  (0, 0, 1, 5, 0, 0, 1, 2, 0)
  (0, 0, 1, 5, 0, 0, 0, 3, 0)
  (0, 0, 0, 6, 0, 0, 0, 3, 0)

Path 2461 (7 moves):
  (1, 1, 1, 1, 1, 1, 1, 1, 1)
  (1, 1, 1, 1, 0, 2, 1, 1, 1)
  (1, 1, 1, 3, 0, 0, 1, 1, 1)
  (0, 2, 1, 3, 0, 0, 1, 1, 1)
  (0, 3, 0, 3, 0, 0, 1, 1, 1)
  (0, 3, 0, 3, 0, 0, 1, 0, 2)
  (0, 3, 0, 0, 0, 0, 4, 0, 2)
  (0, 3, 0, 0, 0, 0, 6, 0, 0)

Path 2462 (7 moves):
  (1, 1, 1, 1, 1, 1, 1, 1, 1)
  (1, 1, 1, 1, 0, 2, 1, 1, 1)
  (1, 1, 1, 3, 0, 0, 1, 1, 1)
  (0, 2, 1, 3, 0, 0, 1, 1, 1)
  (0, 3, 0, 3, 0, 0, 1, 1, 1)
  (0, 3, 0, 3, 0, 0, 1, 0, 2)
  (0, 3, 0, 3, 0, 0, 3, 0, 0)
  (0, 3, 0, 0, 0, 0, 6, 0, 0)

Path 2463 (7 moves):
  (1, 1, 1, 1, 1, 1, 1, 1, 1)
  (1, 1, 1, 1, 0, 2, 1, 1, 1)
  (1, 1, 1, 3, 0, 0, 1, 1, 1)
  (0, 2, 1, 3, 0, 0, 1, 1, 1)
  (0, 3, 0, 3, 0, 0, 1, 1, 1)
  (0, 3, 0, 3, 0, 0, 1, 0, 2)
  (0, 3, 0, 3, 0, 0, 3, 0, 0)
  (0, 3, 0, 6, 0, 0, 0, 0, 0)

Path 2464 (7 moves):
  (1, 1, 1, 1, 1, 1, 1, 1, 1)
  (1, 1, 1, 1, 0, 2, 1, 1, 1)
  (1, 1, 1, 3, 0, 0, 1, 1, 1)
  (0, 2, 1, 3, 0, 0, 1, 1, 1)
  (0, 2, 0, 4, 0, 0, 1, 1, 1)
  (0, 2, 0, 0, 0, 0, 1, 5, 1)
  (0, 2, 0, 0, 0, 0, 0, 6, 1)
  (0, 8, 0, 0, 0, 0, 0, 0, 1)

Path 2465 (7 moves):
  (1, 1, 1, 1, 1, 1, 1, 1, 1)
  (1, 1, 1, 1, 0, 2, 1, 1, 1)
  (1, 1, 1, 3, 0, 0, 1, 1, 1)
  (0, 2, 1, 3, 0, 0, 1, 1, 1)
  (0, 2, 0, 4, 0, 0, 1, 1, 1)
  (0, 2, 0, 0, 0, 0, 1, 5, 1)
  (0, 2, 0, 0, 0, 0, 0, 6, 1)
  (0, 2, 0, 0, 0, 0, 0, 7, 0)

Path 2466 (7 moves):
  (1, 1, 1, 1, 1, 1, 1, 1, 1)
  (1, 1, 1, 1, 0, 2, 1, 1, 1)
  (1, 1, 1, 3, 0, 0, 1, 1, 1)
  (0, 2, 1, 3, 0, 0, 1, 1, 1)
  (0, 2, 0, 4, 0, 0, 1, 1, 1)
  (0, 2, 0, 0, 0, 0, 1, 5, 1)
  (0, 2, 0, 0, 0, 0, 1, 6, 0)
  (0, 2, 0, 0, 0, 0, 0, 7, 0)

Path 2467 (7 moves):
  (1, 1, 1, 1, 1, 1, 1, 1, 1)
  (1, 1, 1, 1, 0, 2, 1, 1, 1)
  (1, 1, 1, 3, 0, 0, 1, 1, 1)
  (0, 2, 1, 3, 0, 0, 1, 1, 1)
  (0, 2, 0, 4, 0, 0, 1, 1, 1)
  (0, 2, 0, 0, 0, 0, 1, 5, 1)
  (0, 2, 0, 0, 0, 0, 1, 6, 0)
  (0, 8, 0, 0, 0, 0, 1, 0, 0)

Path 2468 (7 moves):
  (1, 1, 1, 1, 1, 1, 1, 1, 1)
  (1, 1, 1, 1, 0, 2, 1, 1, 1)
  (1, 1, 1, 3, 0, 0, 1, 1, 1)
  (0, 2, 1, 3, 0, 0, 1, 1, 1)
  (0, 2, 0, 4, 0, 0, 1, 1, 1)
  (0, 2, 0, 4, 0, 0, 0, 2, 1)
  (0, 0, 0, 6, 0, 0, 0, 2, 1)
  (0, 0, 0, 6, 0, 0, 0, 3, 0)

Path 2469 (7 moves):
  (1, 1, 1, 1, 1, 1, 1, 1, 1)
  (1, 1, 1, 1, 0, 2, 1, 1, 1)
  (1, 1, 1, 3, 0, 0, 1, 1, 1)
  (0, 2, 1, 3, 0, 0, 1, 1, 1)
  (0, 2, 0, 4, 0, 0, 1, 1, 1)
  (0, 2, 0, 4, 0, 0, 0, 2, 1)
  (0, 2, 0, 0, 0, 0, 0, 6, 1)
  (0, 8, 0, 0, 0, 0, 0, 0, 1)

Path 2470 (7 moves):
  (1, 1, 1, 1, 1, 1, 1, 1, 1)
  (1, 1, 1, 1, 0, 2, 1, 1, 1)
  (1, 1, 1, 3, 0, 0, 1, 1, 1)
  (0, 2, 1, 3, 0, 0, 1, 1, 1)
  (0, 2, 0, 4, 0, 0, 1, 1, 1)
  (0, 2, 0, 4, 0, 0, 0, 2, 1)
  (0, 2, 0, 0, 0, 0, 0, 6, 1)
  (0, 2, 0, 0, 0, 0, 0, 7, 0)

Path 2471 (7 moves):
  (1, 1, 1, 1, 1, 1, 1, 1, 1)
  (1, 1, 1, 1, 0, 2, 1, 1, 1)
  (1, 1, 1, 3, 0, 0, 1, 1, 1)
  (0, 2, 1, 3, 0, 0, 1, 1, 1)
  (0, 2, 0, 4, 0, 0, 1, 1, 1)
  (0, 2, 0, 4, 0, 0, 0, 2, 1)
  (0, 2, 0, 4, 0, 0, 0, 3, 0)
  (0, 0, 0, 6, 0, 0, 0, 3, 0)

Path 2472 (7 moves):
  (1, 1, 1, 1, 1, 1, 1, 1, 1)
  (1, 1, 1, 1, 0, 2, 1, 1, 1)
  (1, 1, 1, 3, 0, 0, 1, 1, 1)
  (0, 2, 1, 3, 0, 0, 1, 1, 1)
  (0, 2, 0, 4, 0, 0, 1, 1, 1)
  (0, 2, 0, 4, 0, 0, 0, 2, 1)
  (0, 2, 0, 4, 0, 0, 0, 3, 0)
  (0, 2, 0, 0, 0, 0, 0, 7, 0)

Path 2473 (7 moves):
  (1, 1, 1, 1, 1, 1, 1, 1, 1)
  (1, 1, 1, 1, 0, 2, 1, 1, 1)
  (1, 1, 1, 3, 0, 0, 1, 1, 1)
  (0, 2, 1, 3, 0, 0, 1, 1, 1)
  (0, 2, 0, 4, 0, 0, 1, 1, 1)
  (0, 2, 0, 4, 0, 0, 2, 0, 1)
  (0, 0, 0, 6, 0, 0, 2, 0, 1)
  (0, 0, 0, 6, 0, 0, 0, 0, 3)

Path 2474 (7 moves):
  (1, 1, 1, 1, 1, 1, 1, 1, 1)
  (1, 1, 1, 1, 0, 2, 1, 1, 1)
  (1, 1, 1, 3, 0, 0, 1, 1, 1)
  (0, 2, 1, 3, 0, 0, 1, 1, 1)
  (0, 2, 0, 4, 0, 0, 1, 1, 1)
  (0, 2, 0, 4, 0, 0, 2, 0, 1)
  (0, 2, 0, 4, 0, 0, 0, 0, 3)
  (0, 0, 0, 6, 0, 0, 0, 0, 3)

Path 2475 (7 moves):
  (1, 1, 1, 1, 1, 1, 1, 1, 1)
  (1, 1, 1, 1, 0, 2, 1, 1, 1)
  (1, 1, 1, 3, 0, 0, 1, 1, 1)
  (0, 2, 1, 3, 0, 0, 1, 1, 1)
  (0, 2, 0, 4, 0, 0, 1, 1, 1)
  (0, 2, 0, 4, 0, 0, 1, 2, 0)
  (0, 0, 0, 6, 0, 0, 1, 2, 0)
  (0, 0, 0, 6, 0, 0, 0, 3, 0)

Path 2476 (7 moves):
  (1, 1, 1, 1, 1, 1, 1, 1, 1)
  (1, 1, 1, 1, 0, 2, 1, 1, 1)
  (1, 1, 1, 3, 0, 0, 1, 1, 1)
  (0, 2, 1, 3, 0, 0, 1, 1, 1)
  (0, 2, 0, 4, 0, 0, 1, 1, 1)
  (0, 2, 0, 4, 0, 0, 1, 2, 0)
  (0, 2, 0, 0, 0, 0, 1, 6, 0)
  (0, 2, 0, 0, 0, 0, 0, 7, 0)

Path 2477 (7 moves):
  (1, 1, 1, 1, 1, 1, 1, 1, 1)
  (1, 1, 1, 1, 0, 2, 1, 1, 1)
  (1, 1, 1, 3, 0, 0, 1, 1, 1)
  (0, 2, 1, 3, 0, 0, 1, 1, 1)
  (0, 2, 0, 4, 0, 0, 1, 1, 1)
  (0, 2, 0, 4, 0, 0, 1, 2, 0)
  (0, 2, 0, 0, 0, 0, 1, 6, 0)
  (0, 8, 0, 0, 0, 0, 1, 0, 0)

Path 2478 (7 moves):
  (1, 1, 1, 1, 1, 1, 1, 1, 1)
  (1, 1, 1, 1, 0, 2, 1, 1, 1)
  (1, 1, 1, 3, 0, 0, 1, 1, 1)
  (0, 2, 1, 3, 0, 0, 1, 1, 1)
  (0, 2, 0, 4, 0, 0, 1, 1, 1)
  (0, 2, 0, 4, 0, 0, 1, 2, 0)
  (0, 2, 0, 4, 0, 0, 0, 3, 0)
  (0, 0, 0, 6, 0, 0, 0, 3, 0)

Path 2479 (7 moves):
  (1, 1, 1, 1, 1, 1, 1, 1, 1)
  (1, 1, 1, 1, 0, 2, 1, 1, 1)
  (1, 1, 1, 3, 0, 0, 1, 1, 1)
  (0, 2, 1, 3, 0, 0, 1, 1, 1)
  (0, 2, 0, 4, 0, 0, 1, 1, 1)
  (0, 2, 0, 4, 0, 0, 1, 2, 0)
  (0, 2, 0, 4, 0, 0, 0, 3, 0)
  (0, 2, 0, 0, 0, 0, 0, 7, 0)

Path 2480 (7 moves):
  (1, 1, 1, 1, 1, 1, 1, 1, 1)
  (1, 1, 1, 1, 0, 2, 1, 1, 1)
  (1, 1, 1, 3, 0, 0, 1, 1, 1)
  (0, 2, 1, 3, 0, 0, 1, 1, 1)
  (0, 2, 1, 0, 0, 0, 4, 1, 1)
  (0, 2, 1, 0, 0, 0, 5, 0, 1)
  (0, 3, 0, 0, 0, 0, 5, 0, 1)
  (0, 8, 0, 0, 0, 0, 0, 0, 1)

Path 2481 (7 moves):
  (1, 1, 1, 1, 1, 1, 1, 1, 1)
  (1, 1, 1, 1, 0, 2, 1, 1, 1)
  (1, 1, 1, 3, 0, 0, 1, 1, 1)
  (0, 2, 1, 3, 0, 0, 1, 1, 1)
  (0, 2, 1, 0, 0, 0, 4, 1, 1)
  (0, 2, 1, 0, 0, 0, 5, 0, 1)
  (0, 7, 1, 0, 0, 0, 0, 0, 1)
  (0, 0, 1, 0, 0, 0, 0, 0, 8)

Path 2482 (7 moves):
  (1, 1, 1, 1, 1, 1, 1, 1, 1)
  (1, 1, 1, 1, 0, 2, 1, 1, 1)
  (1, 1, 1, 3, 0, 0, 1, 1, 1)
  (0, 2, 1, 3, 0, 0, 1, 1, 1)
  (0, 2, 1, 0, 0, 0, 4, 1, 1)
  (0, 2, 1, 0, 0, 0, 5, 0, 1)
  (0, 7, 1, 0, 0, 0, 0, 0, 1)
  (0, 8, 0, 0, 0, 0, 0, 0, 1)

Path 2483 (7 moves):
  (1, 1, 1, 1, 1, 1, 1, 1, 1)
  (1, 1, 1, 1, 0, 2, 1, 1, 1)
  (1, 1, 1, 3, 0, 0, 1, 1, 1)
  (0, 2, 1, 3, 0, 0, 1, 1, 1)
  (0, 2, 1, 3, 0, 0, 0, 2, 1)
  (0, 0, 1, 5, 0, 0, 0, 2, 1)
  (0, 0, 0, 6, 0, 0, 0, 2, 1)
  (0, 0, 0, 6, 0, 0, 0, 3, 0)

Path 2484 (7 moves):
  (1, 1, 1, 1, 1, 1, 1, 1, 1)
  (1, 1, 1, 1, 0, 2, 1, 1, 1)
  (1, 1, 1, 3, 0, 0, 1, 1, 1)
  (0, 2, 1, 3, 0, 0, 1, 1, 1)
  (0, 2, 1, 3, 0, 0, 0, 2, 1)
  (0, 0, 1, 5, 0, 0, 0, 2, 1)
  (0, 0, 1, 0, 0, 0, 0, 2, 6)
  (0, 0, 7, 0, 0, 0, 0, 2, 0)

Path 2485 (7 moves):
  (1, 1, 1, 1, 1, 1, 1, 1, 1)
  (1, 1, 1, 1, 0, 2, 1, 1, 1)
  (1, 1, 1, 3, 0, 0, 1, 1, 1)
  (0, 2, 1, 3, 0, 0, 1, 1, 1)
  (0, 2, 1, 3, 0, 0, 0, 2, 1)
  (0, 0, 1, 5, 0, 0, 0, 2, 1)
  (0, 0, 1, 5, 0, 0, 0, 3, 0)
  (0, 0, 0, 6, 0, 0, 0, 3, 0)

Path 2486 (7 moves):
  (1, 1, 1, 1, 1, 1, 1, 1, 1)
  (1, 1, 1, 1, 0, 2, 1, 1, 1)
  (1, 1, 1, 3, 0, 0, 1, 1, 1)
  (0, 2, 1, 3, 0, 0, 1, 1, 1)
  (0, 2, 1, 3, 0, 0, 0, 2, 1)
  (0, 2, 0, 4, 0, 0, 0, 2, 1)
  (0, 0, 0, 6, 0, 0, 0, 2, 1)
  (0, 0, 0, 6, 0, 0, 0, 3, 0)

Path 2487 (7 moves):
  (1, 1, 1, 1, 1, 1, 1, 1, 1)
  (1, 1, 1, 1, 0, 2, 1, 1, 1)
  (1, 1, 1, 3, 0, 0, 1, 1, 1)
  (0, 2, 1, 3, 0, 0, 1, 1, 1)
  (0, 2, 1, 3, 0, 0, 0, 2, 1)
  (0, 2, 0, 4, 0, 0, 0, 2, 1)
  (0, 2, 0, 0, 0, 0, 0, 6, 1)
  (0, 8, 0, 0, 0, 0, 0, 0, 1)

Path 2488 (7 moves):
  (1, 1, 1, 1, 1, 1, 1, 1, 1)
  (1, 1, 1, 1, 0, 2, 1, 1, 1)
  (1, 1, 1, 3, 0, 0, 1, 1, 1)
  (0, 2, 1, 3, 0, 0, 1, 1, 1)
  (0, 2, 1, 3, 0, 0, 0, 2, 1)
  (0, 2, 0, 4, 0, 0, 0, 2, 1)
  (0, 2, 0, 0, 0, 0, 0, 6, 1)
  (0, 2, 0, 0, 0, 0, 0, 7, 0)

Path 2489 (7 moves):
  (1, 1, 1, 1, 1, 1, 1, 1, 1)
  (1, 1, 1, 1, 0, 2, 1, 1, 1)
  (1, 1, 1, 3, 0, 0, 1, 1, 1)
  (0, 2, 1, 3, 0, 0, 1, 1, 1)
  (0, 2, 1, 3, 0, 0, 0, 2, 1)
  (0, 2, 0, 4, 0, 0, 0, 2, 1)
  (0, 2, 0, 4, 0, 0, 0, 3, 0)
  (0, 0, 0, 6, 0, 0, 0, 3, 0)

Path 2490 (7 moves):
  (1, 1, 1, 1, 1, 1, 1, 1, 1)
  (1, 1, 1, 1, 0, 2, 1, 1, 1)
  (1, 1, 1, 3, 0, 0, 1, 1, 1)
  (0, 2, 1, 3, 0, 0, 1, 1, 1)
  (0, 2, 1, 3, 0, 0, 0, 2, 1)
  (0, 2, 0, 4, 0, 0, 0, 2, 1)
  (0, 2, 0, 4, 0, 0, 0, 3, 0)
  (0, 2, 0, 0, 0, 0, 0, 7, 0)

Path 2491 (7 moves):
  (1, 1, 1, 1, 1, 1, 1, 1, 1)
  (1, 1, 1, 1, 0, 2, 1, 1, 1)
  (1, 1, 1, 3, 0, 0, 1, 1, 1)
  (0, 2, 1, 3, 0, 0, 1, 1, 1)
  (0, 2, 1, 3, 0, 0, 2, 0, 1)
  (0, 0, 1, 5, 0, 0, 2, 0, 1)
  (0, 0, 0, 6, 0, 0, 2, 0, 1)
  (0, 0, 0, 6, 0, 0, 0, 0, 3)

Path 2492 (7 moves):
  (1, 1, 1, 1, 1, 1, 1, 1, 1)
  (1, 1, 1, 1, 0, 2, 1, 1, 1)
  (1, 1, 1, 3, 0, 0, 1, 1, 1)
  (0, 2, 1, 3, 0, 0, 1, 1, 1)
  (0, 2, 1, 3, 0, 0, 2, 0, 1)
  (0, 0, 1, 5, 0, 0, 2, 0, 1)
  (0, 0, 1, 0, 0, 0, 2, 0, 6)
  (0, 0, 1, 0, 0, 0, 0, 0, 8)

Path 2493 (7 moves):
  (1, 1, 1, 1, 1, 1, 1, 1, 1)
  (1, 1, 1, 1, 0, 2, 1, 1, 1)
  (1, 1, 1, 3, 0, 0, 1, 1, 1)
  (0, 2, 1, 3, 0, 0, 1, 1, 1)
  (0, 2, 1, 3, 0, 0, 2, 0, 1)
  (0, 0, 1, 5, 0, 0, 2, 0, 1)
  (0, 0, 1, 0, 0, 0, 2, 0, 6)
  (0, 0, 7, 0, 0, 0, 2, 0, 0)

Path 2494 (7 moves):
  (1, 1, 1, 1, 1, 1, 1, 1, 1)
  (1, 1, 1, 1, 0, 2, 1, 1, 1)
  (1, 1, 1, 3, 0, 0, 1, 1, 1)
  (0, 2, 1, 3, 0, 0, 1, 1, 1)
  (0, 2, 1, 3, 0, 0, 2, 0, 1)
  (0, 0, 1, 5, 0, 0, 2, 0, 1)
  (0, 0, 1, 5, 0, 0, 0, 0, 3)
  (0, 0, 0, 6, 0, 0, 0, 0, 3)

Path 2495 (7 moves):
  (1, 1, 1, 1, 1, 1, 1, 1, 1)
  (1, 1, 1, 1, 0, 2, 1, 1, 1)
  (1, 1, 1, 3, 0, 0, 1, 1, 1)
  (0, 2, 1, 3, 0, 0, 1, 1, 1)
  (0, 2, 1, 3, 0, 0, 2, 0, 1)
  (0, 0, 1, 5, 0, 0, 2, 0, 1)
  (0, 0, 1, 5, 0, 0, 0, 0, 3)
  (0, 0, 1, 0, 0, 0, 0, 0, 8)

Path 2496 (7 moves):
  (1, 1, 1, 1, 1, 1, 1, 1, 1)
  (1, 1, 1, 1, 0, 2, 1, 1, 1)
  (1, 1, 1, 3, 0, 0, 1, 1, 1)
  (0, 2, 1, 3, 0, 0, 1, 1, 1)
  (0, 2, 1, 3, 0, 0, 2, 0, 1)
  (0, 2, 0, 4, 0, 0, 2, 0, 1)
  (0, 0, 0, 6, 0, 0, 2, 0, 1)
  (0, 0, 0, 6, 0, 0, 0, 0, 3)

Path 2497 (7 moves):
  (1, 1, 1, 1, 1, 1, 1, 1, 1)
  (1, 1, 1, 1, 0, 2, 1, 1, 1)
  (1, 1, 1, 3, 0, 0, 1, 1, 1)
  (0, 2, 1, 3, 0, 0, 1, 1, 1)
  (0, 2, 1, 3, 0, 0, 2, 0, 1)
  (0, 2, 0, 4, 0, 0, 2, 0, 1)
  (0, 2, 0, 4, 0, 0, 0, 0, 3)
  (0, 0, 0, 6, 0, 0, 0, 0, 3)

Path 2498 (7 moves):
  (1, 1, 1, 1, 1, 1, 1, 1, 1)
  (1, 1, 1, 1, 0, 2, 1, 1, 1)
  (1, 1, 1, 3, 0, 0, 1, 1, 1)
  (0, 2, 1, 3, 0, 0, 1, 1, 1)
  (0, 2, 1, 3, 0, 0, 2, 0, 1)
  (0, 2, 1, 0, 0, 0, 5, 0, 1)
  (0, 3, 0, 0, 0, 0, 5, 0, 1)
  (0, 8, 0, 0, 0, 0, 0, 0, 1)

Path 2499 (7 moves):
  (1, 1, 1, 1, 1, 1, 1, 1, 1)
  (1, 1, 1, 1, 0, 2, 1, 1, 1)
  (1, 1, 1, 3, 0, 0, 1, 1, 1)
  (0, 2, 1, 3, 0, 0, 1, 1, 1)
  (0, 2, 1, 3, 0, 0, 2, 0, 1)
  (0, 2, 1, 0, 0, 0, 5, 0, 1)
  (0, 7, 1, 0, 0, 0, 0, 0, 1)
  (0, 0, 1, 0, 0, 0, 0, 0, 8)

Path 2500 (7 moves):
  (1, 1, 1, 1, 1, 1, 1, 1, 1)
  (1, 1, 1, 1, 0, 2, 1, 1, 1)
  (1, 1, 1, 3, 0, 0, 1, 1, 1)
  (0, 2, 1, 3, 0, 0, 1, 1, 1)
  (0, 2, 1, 3, 0, 0, 2, 0, 1)
  (0, 2, 1, 0, 0, 0, 5, 0, 1)
  (0, 7, 1, 0, 0, 0, 0, 0, 1)
  (0, 8, 0, 0, 0, 0, 0, 0, 1)

Path 2501 (7 moves):
  (1, 1, 1, 1, 1, 1, 1, 1, 1)
  (1, 1, 1, 1, 0, 2, 1, 1, 1)
  (1, 1, 1, 3, 0, 0, 1, 1, 1)
  (0, 2, 1, 3, 0, 0, 1, 1, 1)
  (0, 2, 1, 3, 0, 0, 1, 0, 2)
  (0, 3, 0, 3, 0, 0, 1, 0, 2)
  (0, 3, 0, 0, 0, 0, 4, 0, 2)
  (0, 3, 0, 0, 0, 0, 6, 0, 0)

Path 2502 (7 moves):
  (1, 1, 1, 1, 1, 1, 1, 1, 1)
  (1, 1, 1, 1, 0, 2, 1, 1, 1)
  (1, 1, 1, 3, 0, 0, 1, 1, 1)
  (0, 2, 1, 3, 0, 0, 1, 1, 1)
  (0, 2, 1, 3, 0, 0, 1, 0, 2)
  (0, 3, 0, 3, 0, 0, 1, 0, 2)
  (0, 3, 0, 3, 0, 0, 3, 0, 0)
  (0, 3, 0, 0, 0, 0, 6, 0, 0)

Path 2503 (7 moves):
  (1, 1, 1, 1, 1, 1, 1, 1, 1)
  (1, 1, 1, 1, 0, 2, 1, 1, 1)
  (1, 1, 1, 3, 0, 0, 1, 1, 1)
  (0, 2, 1, 3, 0, 0, 1, 1, 1)
  (0, 2, 1, 3, 0, 0, 1, 0, 2)
  (0, 3, 0, 3, 0, 0, 1, 0, 2)
  (0, 3, 0, 3, 0, 0, 3, 0, 0)
  (0, 3, 0, 6, 0, 0, 0, 0, 0)

Path 2504 (7 moves):
  (1, 1, 1, 1, 1, 1, 1, 1, 1)
  (1, 1, 1, 1, 0, 2, 1, 1, 1)
  (1, 1, 1, 3, 0, 0, 1, 1, 1)
  (0, 2, 1, 3, 0, 0, 1, 1, 1)
  (0, 2, 1, 3, 0, 0, 1, 2, 0)
  (0, 0, 1, 5, 0, 0, 1, 2, 0)
  (0, 0, 0, 6, 0, 0, 1, 2, 0)
  (0, 0, 0, 6, 0, 0, 0, 3, 0)

Path 2505 (7 moves):
  (1, 1, 1, 1, 1, 1, 1, 1, 1)
  (1, 1, 1, 1, 0, 2, 1, 1, 1)
  (1, 1, 1, 3, 0, 0, 1, 1, 1)
  (0, 2, 1, 3, 0, 0, 1, 1, 1)
  (0, 2, 1, 3, 0, 0, 1, 2, 0)
  (0, 0, 1, 5, 0, 0, 1, 2, 0)
  (0, 0, 1, 5, 0, 0, 0, 3, 0)
  (0, 0, 0, 6, 0, 0, 0, 3, 0)

Path 2506 (7 moves):
  (1, 1, 1, 1, 1, 1, 1, 1, 1)
  (1, 1, 1, 1, 0, 2, 1, 1, 1)
  (1, 1, 1, 3, 0, 0, 1, 1, 1)
  (0, 2, 1, 3, 0, 0, 1, 1, 1)
  (0, 2, 1, 3, 0, 0, 1, 2, 0)
  (0, 2, 0, 4, 0, 0, 1, 2, 0)
  (0, 0, 0, 6, 0, 0, 1, 2, 0)
  (0, 0, 0, 6, 0, 0, 0, 3, 0)

Path 2507 (7 moves):
  (1, 1, 1, 1, 1, 1, 1, 1, 1)
  (1, 1, 1, 1, 0, 2, 1, 1, 1)
  (1, 1, 1, 3, 0, 0, 1, 1, 1)
  (0, 2, 1, 3, 0, 0, 1, 1, 1)
  (0, 2, 1, 3, 0, 0, 1, 2, 0)
  (0, 2, 0, 4, 0, 0, 1, 2, 0)
  (0, 2, 0, 0, 0, 0, 1, 6, 0)
  (0, 2, 0, 0, 0, 0, 0, 7, 0)

Path 2508 (7 moves):
  (1, 1, 1, 1, 1, 1, 1, 1, 1)
  (1, 1, 1, 1, 0, 2, 1, 1, 1)
  (1, 1, 1, 3, 0, 0, 1, 1, 1)
  (0, 2, 1, 3, 0, 0, 1, 1, 1)
  (0, 2, 1, 3, 0, 0, 1, 2, 0)
  (0, 2, 0, 4, 0, 0, 1, 2, 0)
  (0, 2, 0, 0, 0, 0, 1, 6, 0)
  (0, 8, 0, 0, 0, 0, 1, 0, 0)

Path 2509 (7 moves):
  (1, 1, 1, 1, 1, 1, 1, 1, 1)
  (1, 1, 1, 1, 0, 2, 1, 1, 1)
  (1, 1, 1, 3, 0, 0, 1, 1, 1)
  (0, 2, 1, 3, 0, 0, 1, 1, 1)
  (0, 2, 1, 3, 0, 0, 1, 2, 0)
  (0, 2, 0, 4, 0, 0, 1, 2, 0)
  (0, 2, 0, 4, 0, 0, 0, 3, 0)
  (0, 0, 0, 6, 0, 0, 0, 3, 0)

Path 2510 (7 moves):
  (1, 1, 1, 1, 1, 1, 1, 1, 1)
  (1, 1, 1, 1, 0, 2, 1, 1, 1)
  (1, 1, 1, 3, 0, 0, 1, 1, 1)
  (0, 2, 1, 3, 0, 0, 1, 1, 1)
  (0, 2, 1, 3, 0, 0, 1, 2, 0)
  (0, 2, 0, 4, 0, 0, 1, 2, 0)
  (0, 2, 0, 4, 0, 0, 0, 3, 0)
  (0, 2, 0, 0, 0, 0, 0, 7, 0)

Path 2511 (7 moves):
  (1, 1, 1, 1, 1, 1, 1, 1, 1)
  (1, 1, 1, 1, 0, 2, 1, 1, 1)
  (1, 1, 1, 3, 0, 0, 1, 1, 1)
  (1, 1, 0, 4, 0, 0, 1, 1, 1)
  (0, 2, 0, 4, 0, 0, 1, 1, 1)
  (0, 2, 0, 0, 0, 0, 1, 5, 1)
  (0, 2, 0, 0, 0, 0, 0, 6, 1)
  (0, 8, 0, 0, 0, 0, 0, 0, 1)

Path 2512 (7 moves):
  (1, 1, 1, 1, 1, 1, 1, 1, 1)
  (1, 1, 1, 1, 0, 2, 1, 1, 1)
  (1, 1, 1, 3, 0, 0, 1, 1, 1)
  (1, 1, 0, 4, 0, 0, 1, 1, 1)
  (0, 2, 0, 4, 0, 0, 1, 1, 1)
  (0, 2, 0, 0, 0, 0, 1, 5, 1)
  (0, 2, 0, 0, 0, 0, 0, 6, 1)
  (0, 2, 0, 0, 0, 0, 0, 7, 0)

Path 2513 (7 moves):
  (1, 1, 1, 1, 1, 1, 1, 1, 1)
  (1, 1, 1, 1, 0, 2, 1, 1, 1)
  (1, 1, 1, 3, 0, 0, 1, 1, 1)
  (1, 1, 0, 4, 0, 0, 1, 1, 1)
  (0, 2, 0, 4, 0, 0, 1, 1, 1)
  (0, 2, 0, 0, 0, 0, 1, 5, 1)
  (0, 2, 0, 0, 0, 0, 1, 6, 0)
  (0, 2, 0, 0, 0, 0, 0, 7, 0)

Path 2514 (7 moves):
  (1, 1, 1, 1, 1, 1, 1, 1, 1)
  (1, 1, 1, 1, 0, 2, 1, 1, 1)
  (1, 1, 1, 3, 0, 0, 1, 1, 1)
  (1, 1, 0, 4, 0, 0, 1, 1, 1)
  (0, 2, 0, 4, 0, 0, 1, 1, 1)
  (0, 2, 0, 0, 0, 0, 1, 5, 1)
  (0, 2, 0, 0, 0, 0, 1, 6, 0)
  (0, 8, 0, 0, 0, 0, 1, 0, 0)

Path 2515 (7 moves):
  (1, 1, 1, 1, 1, 1, 1, 1, 1)
  (1, 1, 1, 1, 0, 2, 1, 1, 1)
  (1, 1, 1, 3, 0, 0, 1, 1, 1)
  (1, 1, 0, 4, 0, 0, 1, 1, 1)
  (0, 2, 0, 4, 0, 0, 1, 1, 1)
  (0, 2, 0, 4, 0, 0, 0, 2, 1)
  (0, 0, 0, 6, 0, 0, 0, 2, 1)
  (0, 0, 0, 6, 0, 0, 0, 3, 0)

Path 2516 (7 moves):
  (1, 1, 1, 1, 1, 1, 1, 1, 1)
  (1, 1, 1, 1, 0, 2, 1, 1, 1)
  (1, 1, 1, 3, 0, 0, 1, 1, 1)
  (1, 1, 0, 4, 0, 0, 1, 1, 1)
  (0, 2, 0, 4, 0, 0, 1, 1, 1)
  (0, 2, 0, 4, 0, 0, 0, 2, 1)
  (0, 2, 0, 0, 0, 0, 0, 6, 1)
  (0, 8, 0, 0, 0, 0, 0, 0, 1)

Path 2517 (7 moves):
  (1, 1, 1, 1, 1, 1, 1, 1, 1)
  (1, 1, 1, 1, 0, 2, 1, 1, 1)
  (1, 1, 1, 3, 0, 0, 1, 1, 1)
  (1, 1, 0, 4, 0, 0, 1, 1, 1)
  (0, 2, 0, 4, 0, 0, 1, 1, 1)
  (0, 2, 0, 4, 0, 0, 0, 2, 1)
  (0, 2, 0, 0, 0, 0, 0, 6, 1)
  (0, 2, 0, 0, 0, 0, 0, 7, 0)

Path 2518 (7 moves):
  (1, 1, 1, 1, 1, 1, 1, 1, 1)
  (1, 1, 1, 1, 0, 2, 1, 1, 1)
  (1, 1, 1, 3, 0, 0, 1, 1, 1)
  (1, 1, 0, 4, 0, 0, 1, 1, 1)
  (0, 2, 0, 4, 0, 0, 1, 1, 1)
  (0, 2, 0, 4, 0, 0, 0, 2, 1)
  (0, 2, 0, 4, 0, 0, 0, 3, 0)
  (0, 0, 0, 6, 0, 0, 0, 3, 0)

Path 2519 (7 moves):
  (1, 1, 1, 1, 1, 1, 1, 1, 1)
  (1, 1, 1, 1, 0, 2, 1, 1, 1)
  (1, 1, 1, 3, 0, 0, 1, 1, 1)
  (1, 1, 0, 4, 0, 0, 1, 1, 1)
  (0, 2, 0, 4, 0, 0, 1, 1, 1)
  (0, 2, 0, 4, 0, 0, 0, 2, 1)
  (0, 2, 0, 4, 0, 0, 0, 3, 0)
  (0, 2, 0, 0, 0, 0, 0, 7, 0)

Path 2520 (7 moves):
  (1, 1, 1, 1, 1, 1, 1, 1, 1)
  (1, 1, 1, 1, 0, 2, 1, 1, 1)
  (1, 1, 1, 3, 0, 0, 1, 1, 1)
  (1, 1, 0, 4, 0, 0, 1, 1, 1)
  (0, 2, 0, 4, 0, 0, 1, 1, 1)
  (0, 2, 0, 4, 0, 0, 2, 0, 1)
  (0, 0, 0, 6, 0, 0, 2, 0, 1)
  (0, 0, 0, 6, 0, 0, 0, 0, 3)

Path 2521 (7 moves):
  (1, 1, 1, 1, 1, 1, 1, 1, 1)
  (1, 1, 1, 1, 0, 2, 1, 1, 1)
  (1, 1, 1, 3, 0, 0, 1, 1, 1)
  (1, 1, 0, 4, 0, 0, 1, 1, 1)
  (0, 2, 0, 4, 0, 0, 1, 1, 1)
  (0, 2, 0, 4, 0, 0, 2, 0, 1)
  (0, 2, 0, 4, 0, 0, 0, 0, 3)
  (0, 0, 0, 6, 0, 0, 0, 0, 3)

Path 2522 (7 moves):
  (1, 1, 1, 1, 1, 1, 1, 1, 1)
  (1, 1, 1, 1, 0, 2, 1, 1, 1)
  (1, 1, 1, 3, 0, 0, 1, 1, 1)
  (1, 1, 0, 4, 0, 0, 1, 1, 1)
  (0, 2, 0, 4, 0, 0, 1, 1, 1)
  (0, 2, 0, 4, 0, 0, 1, 2, 0)
  (0, 0, 0, 6, 0, 0, 1, 2, 0)
  (0, 0, 0, 6, 0, 0, 0, 3, 0)

Path 2523 (7 moves):
  (1, 1, 1, 1, 1, 1, 1, 1, 1)
  (1, 1, 1, 1, 0, 2, 1, 1, 1)
  (1, 1, 1, 3, 0, 0, 1, 1, 1)
  (1, 1, 0, 4, 0, 0, 1, 1, 1)
  (0, 2, 0, 4, 0, 0, 1, 1, 1)
  (0, 2, 0, 4, 0, 0, 1, 2, 0)
  (0, 2, 0, 0, 0, 0, 1, 6, 0)
  (0, 2, 0, 0, 0, 0, 0, 7, 0)

Path 2524 (7 moves):
  (1, 1, 1, 1, 1, 1, 1, 1, 1)
  (1, 1, 1, 1, 0, 2, 1, 1, 1)
  (1, 1, 1, 3, 0, 0, 1, 1, 1)
  (1, 1, 0, 4, 0, 0, 1, 1, 1)
  (0, 2, 0, 4, 0, 0, 1, 1, 1)
  (0, 2, 0, 4, 0, 0, 1, 2, 0)
  (0, 2, 0, 0, 0, 0, 1, 6, 0)
  (0, 8, 0, 0, 0, 0, 1, 0, 0)

Path 2525 (7 moves):
  (1, 1, 1, 1, 1, 1, 1, 1, 1)
  (1, 1, 1, 1, 0, 2, 1, 1, 1)
  (1, 1, 1, 3, 0, 0, 1, 1, 1)
  (1, 1, 0, 4, 0, 0, 1, 1, 1)
  (0, 2, 0, 4, 0, 0, 1, 1, 1)
  (0, 2, 0, 4, 0, 0, 1, 2, 0)
  (0, 2, 0, 4, 0, 0, 0, 3, 0)
  (0, 0, 0, 6, 0, 0, 0, 3, 0)

Path 2526 (7 moves):
  (1, 1, 1, 1, 1, 1, 1, 1, 1)
  (1, 1, 1, 1, 0, 2, 1, 1, 1)
  (1, 1, 1, 3, 0, 0, 1, 1, 1)
  (1, 1, 0, 4, 0, 0, 1, 1, 1)
  (0, 2, 0, 4, 0, 0, 1, 1, 1)
  (0, 2, 0, 4, 0, 0, 1, 2, 0)
  (0, 2, 0, 4, 0, 0, 0, 3, 0)
  (0, 2, 0, 0, 0, 0, 0, 7, 0)

Path 2527 (7 moves):
  (1, 1, 1, 1, 1, 1, 1, 1, 1)
  (1, 1, 1, 1, 0, 2, 1, 1, 1)
  (1, 1, 1, 3, 0, 0, 1, 1, 1)
  (1, 1, 0, 4, 0, 0, 1, 1, 1)
  (2, 0, 0, 4, 0, 0, 1, 1, 1)
  (2, 0, 0, 4, 0, 0, 1, 0, 2)
  (2, 0, 0, 4, 0, 0, 3, 0, 0)
  (2, 0, 0, 7, 0, 0, 0, 0, 0)

Path 2528 (7 moves):
  (1, 1, 1, 1, 1, 1, 1, 1, 1)
  (1, 1, 1, 1, 0, 2, 1, 1, 1)
  (1, 1, 1, 3, 0, 0, 1, 1, 1)
  (1, 1, 0, 4, 0, 0, 1, 1, 1)
  (1, 1, 0, 0, 0, 0, 1, 5, 1)
  (0, 2, 0, 0, 0, 0, 1, 5, 1)
  (0, 2, 0, 0, 0, 0, 0, 6, 1)
  (0, 8, 0, 0, 0, 0, 0, 0, 1)

Path 2529 (7 moves):
  (1, 1, 1, 1, 1, 1, 1, 1, 1)
  (1, 1, 1, 1, 0, 2, 1, 1, 1)
  (1, 1, 1, 3, 0, 0, 1, 1, 1)
  (1, 1, 0, 4, 0, 0, 1, 1, 1)
  (1, 1, 0, 0, 0, 0, 1, 5, 1)
  (0, 2, 0, 0, 0, 0, 1, 5, 1)
  (0, 2, 0, 0, 0, 0, 0, 6, 1)
  (0, 2, 0, 0, 0, 0, 0, 7, 0)

Path 2530 (7 moves):
  (1, 1, 1, 1, 1, 1, 1, 1, 1)
  (1, 1, 1, 1, 0, 2, 1, 1, 1)
  (1, 1, 1, 3, 0, 0, 1, 1, 1)
  (1, 1, 0, 4, 0, 0, 1, 1, 1)
  (1, 1, 0, 0, 0, 0, 1, 5, 1)
  (0, 2, 0, 0, 0, 0, 1, 5, 1)
  (0, 2, 0, 0, 0, 0, 1, 6, 0)
  (0, 2, 0, 0, 0, 0, 0, 7, 0)

Path 2531 (7 moves):
  (1, 1, 1, 1, 1, 1, 1, 1, 1)
  (1, 1, 1, 1, 0, 2, 1, 1, 1)
  (1, 1, 1, 3, 0, 0, 1, 1, 1)
  (1, 1, 0, 4, 0, 0, 1, 1, 1)
  (1, 1, 0, 0, 0, 0, 1, 5, 1)
  (0, 2, 0, 0, 0, 0, 1, 5, 1)
  (0, 2, 0, 0, 0, 0, 1, 6, 0)
  (0, 8, 0, 0, 0, 0, 1, 0, 0)

Path 2532 (7 moves):
  (1, 1, 1, 1, 1, 1, 1, 1, 1)
  (1, 1, 1, 1, 0, 2, 1, 1, 1)
  (1, 1, 1, 3, 0, 0, 1, 1, 1)
  (1, 1, 0, 4, 0, 0, 1, 1, 1)
  (1, 1, 0, 4, 0, 0, 0, 2, 1)
  (0, 2, 0, 4, 0, 0, 0, 2, 1)
  (0, 0, 0, 6, 0, 0, 0, 2, 1)
  (0, 0, 0, 6, 0, 0, 0, 3, 0)

Path 2533 (7 moves):
  (1, 1, 1, 1, 1, 1, 1, 1, 1)
  (1, 1, 1, 1, 0, 2, 1, 1, 1)
  (1, 1, 1, 3, 0, 0, 1, 1, 1)
  (1, 1, 0, 4, 0, 0, 1, 1, 1)
  (1, 1, 0, 4, 0, 0, 0, 2, 1)
  (0, 2, 0, 4, 0, 0, 0, 2, 1)
  (0, 2, 0, 0, 0, 0, 0, 6, 1)
  (0, 8, 0, 0, 0, 0, 0, 0, 1)

Path 2534 (7 moves):
  (1, 1, 1, 1, 1, 1, 1, 1, 1)
  (1, 1, 1, 1, 0, 2, 1, 1, 1)
  (1, 1, 1, 3, 0, 0, 1, 1, 1)
  (1, 1, 0, 4, 0, 0, 1, 1, 1)
  (1, 1, 0, 4, 0, 0, 0, 2, 1)
  (0, 2, 0, 4, 0, 0, 0, 2, 1)
  (0, 2, 0, 0, 0, 0, 0, 6, 1)
  (0, 2, 0, 0, 0, 0, 0, 7, 0)

Path 2535 (7 moves):
  (1, 1, 1, 1, 1, 1, 1, 1, 1)
  (1, 1, 1, 1, 0, 2, 1, 1, 1)
  (1, 1, 1, 3, 0, 0, 1, 1, 1)
  (1, 1, 0, 4, 0, 0, 1, 1, 1)
  (1, 1, 0, 4, 0, 0, 0, 2, 1)
  (0, 2, 0, 4, 0, 0, 0, 2, 1)
  (0, 2, 0, 4, 0, 0, 0, 3, 0)
  (0, 0, 0, 6, 0, 0, 0, 3, 0)

Path 2536 (7 moves):
  (1, 1, 1, 1, 1, 1, 1, 1, 1)
  (1, 1, 1, 1, 0, 2, 1, 1, 1)
  (1, 1, 1, 3, 0, 0, 1, 1, 1)
  (1, 1, 0, 4, 0, 0, 1, 1, 1)
  (1, 1, 0, 4, 0, 0, 0, 2, 1)
  (0, 2, 0, 4, 0, 0, 0, 2, 1)
  (0, 2, 0, 4, 0, 0, 0, 3, 0)
  (0, 2, 0, 0, 0, 0, 0, 7, 0)

Path 2537 (7 moves):
  (1, 1, 1, 1, 1, 1, 1, 1, 1)
  (1, 1, 1, 1, 0, 2, 1, 1, 1)
  (1, 1, 1, 3, 0, 0, 1, 1, 1)
  (1, 1, 0, 4, 0, 0, 1, 1, 1)
  (1, 1, 0, 4, 0, 0, 2, 0, 1)
  (0, 2, 0, 4, 0, 0, 2, 0, 1)
  (0, 0, 0, 6, 0, 0, 2, 0, 1)
  (0, 0, 0, 6, 0, 0, 0, 0, 3)

Path 2538 (7 moves):
  (1, 1, 1, 1, 1, 1, 1, 1, 1)
  (1, 1, 1, 1, 0, 2, 1, 1, 1)
  (1, 1, 1, 3, 0, 0, 1, 1, 1)
  (1, 1, 0, 4, 0, 0, 1, 1, 1)
  (1, 1, 0, 4, 0, 0, 2, 0, 1)
  (0, 2, 0, 4, 0, 0, 2, 0, 1)
  (0, 2, 0, 4, 0, 0, 0, 0, 3)
  (0, 0, 0, 6, 0, 0, 0, 0, 3)

Path 2539 (7 moves):
  (1, 1, 1, 1, 1, 1, 1, 1, 1)
  (1, 1, 1, 1, 0, 2, 1, 1, 1)
  (1, 1, 1, 3, 0, 0, 1, 1, 1)
  (1, 1, 0, 4, 0, 0, 1, 1, 1)
  (1, 1, 0, 4, 0, 0, 1, 0, 2)
  (2, 0, 0, 4, 0, 0, 1, 0, 2)
  (2, 0, 0, 4, 0, 0, 3, 0, 0)
  (2, 0, 0, 7, 0, 0, 0, 0, 0)

Path 2540 (7 moves):
  (1, 1, 1, 1, 1, 1, 1, 1, 1)
  (1, 1, 1, 1, 0, 2, 1, 1, 1)
  (1, 1, 1, 3, 0, 0, 1, 1, 1)
  (1, 1, 0, 4, 0, 0, 1, 1, 1)
  (1, 1, 0, 4, 0, 0, 1, 2, 0)
  (0, 2, 0, 4, 0, 0, 1, 2, 0)
  (0, 0, 0, 6, 0, 0, 1, 2, 0)
  (0, 0, 0, 6, 0, 0, 0, 3, 0)

Path 2541 (7 moves):
  (1, 1, 1, 1, 1, 1, 1, 1, 1)
  (1, 1, 1, 1, 0, 2, 1, 1, 1)
  (1, 1, 1, 3, 0, 0, 1, 1, 1)
  (1, 1, 0, 4, 0, 0, 1, 1, 1)
  (1, 1, 0, 4, 0, 0, 1, 2, 0)
  (0, 2, 0, 4, 0, 0, 1, 2, 0)
  (0, 2, 0, 0, 0, 0, 1, 6, 0)
  (0, 2, 0, 0, 0, 0, 0, 7, 0)

Path 2542 (7 moves):
  (1, 1, 1, 1, 1, 1, 1, 1, 1)
  (1, 1, 1, 1, 0, 2, 1, 1, 1)
  (1, 1, 1, 3, 0, 0, 1, 1, 1)
  (1, 1, 0, 4, 0, 0, 1, 1, 1)
  (1, 1, 0, 4, 0, 0, 1, 2, 0)
  (0, 2, 0, 4, 0, 0, 1, 2, 0)
  (0, 2, 0, 0, 0, 0, 1, 6, 0)
  (0, 8, 0, 0, 0, 0, 1, 0, 0)

Path 2543 (7 moves):
  (1, 1, 1, 1, 1, 1, 1, 1, 1)
  (1, 1, 1, 1, 0, 2, 1, 1, 1)
  (1, 1, 1, 3, 0, 0, 1, 1, 1)
  (1, 1, 0, 4, 0, 0, 1, 1, 1)
  (1, 1, 0, 4, 0, 0, 1, 2, 0)
  (0, 2, 0, 4, 0, 0, 1, 2, 0)
  (0, 2, 0, 4, 0, 0, 0, 3, 0)
  (0, 0, 0, 6, 0, 0, 0, 3, 0)

Path 2544 (7 moves):
  (1, 1, 1, 1, 1, 1, 1, 1, 1)
  (1, 1, 1, 1, 0, 2, 1, 1, 1)
  (1, 1, 1, 3, 0, 0, 1, 1, 1)
  (1, 1, 0, 4, 0, 0, 1, 1, 1)
  (1, 1, 0, 4, 0, 0, 1, 2, 0)
  (0, 2, 0, 4, 0, 0, 1, 2, 0)
  (0, 2, 0, 4, 0, 0, 0, 3, 0)
  (0, 2, 0, 0, 0, 0, 0, 7, 0)

Path 2545 (7 moves):
  (1, 1, 1, 1, 1, 1, 1, 1, 1)
  (1, 1, 1, 1, 0, 2, 1, 1, 1)
  (1, 1, 1, 1, 0, 0, 1, 3, 1)
  (1, 1, 2, 0, 0, 0, 1, 3, 1)
  (0, 2, 2, 0, 0, 0, 1, 3, 1)
  (0, 2, 2, 0, 0, 0, 0, 4, 1)
  (0, 2, 2, 0, 0, 0, 0, 5, 0)
  (0, 2, 7, 0, 0, 0, 0, 0, 0)

Path 2546 (7 moves):
  (1, 1, 1, 1, 1, 1, 1, 1, 1)
  (1, 1, 1, 1, 0, 2, 1, 1, 1)
  (1, 1, 1, 1, 0, 0, 1, 3, 1)
  (1, 1, 2, 0, 0, 0, 1, 3, 1)
  (0, 2, 2, 0, 0, 0, 1, 3, 1)
  (0, 2, 2, 0, 0, 0, 1, 4, 0)
  (0, 2, 2, 0, 0, 0, 0, 5, 0)
  (0, 2, 7, 0, 0, 0, 0, 0, 0)

Path 2547 (7 moves):
  (1, 1, 1, 1, 1, 1, 1, 1, 1)
  (1, 1, 1, 1, 0, 2, 1, 1, 1)
  (1, 1, 1, 1, 0, 0, 1, 3, 1)
  (1, 1, 2, 0, 0, 0, 1, 3, 1)
  (2, 0, 2, 0, 0, 0, 1, 3, 1)
  (4, 0, 0, 0, 0, 0, 1, 3, 1)
  (4, 0, 0, 0, 0, 0, 0, 4, 1)
  (4, 0, 0, 0, 0, 0, 0, 5, 0)

Path 2548 (7 moves):
  (1, 1, 1, 1, 1, 1, 1, 1, 1)
  (1, 1, 1, 1, 0, 2, 1, 1, 1)
  (1, 1, 1, 1, 0, 0, 1, 3, 1)
  (1, 1, 2, 0, 0, 0, 1, 3, 1)
  (2, 0, 2, 0, 0, 0, 1, 3, 1)
  (4, 0, 0, 0, 0, 0, 1, 3, 1)
  (4, 0, 0, 0, 0, 0, 1, 4, 0)
  (4, 0, 0, 0, 0, 0, 0, 5, 0)

Path 2549 (7 moves):
  (1, 1, 1, 1, 1, 1, 1, 1, 1)
  (1, 1, 1, 1, 0, 2, 1, 1, 1)
  (1, 1, 1, 1, 0, 0, 1, 3, 1)
  (1, 1, 2, 0, 0, 0, 1, 3, 1)
  (2, 0, 2, 0, 0, 0, 1, 3, 1)
  (2, 0, 2, 0, 0, 0, 1, 4, 0)
  (0, 0, 4, 0, 0, 0, 1, 4, 0)
  (0, 0, 0, 0, 0, 0, 5, 4, 0)

Path 2550 (7 moves):
  (1, 1, 1, 1, 1, 1, 1, 1, 1)
  (1, 1, 1, 1, 0, 2, 1, 1, 1)
  (1, 1, 1, 1, 0, 0, 1, 3, 1)
  (1, 1, 2, 0, 0, 0, 1, 3, 1)
  (2, 0, 2, 0, 0, 0, 1, 3, 1)
  (2, 0, 2, 0, 0, 0, 1, 4, 0)
  (4, 0, 0, 0, 0, 0, 1, 4, 0)
  (4, 0, 0, 0, 0, 0, 0, 5, 0)

Path 2551 (7 moves):
  (1, 1, 1, 1, 1, 1, 1, 1, 1)
  (1, 1, 1, 1, 0, 2, 1, 1, 1)
  (1, 1, 1, 1, 0, 0, 1, 3, 1)
  (1, 1, 2, 0, 0, 0, 1, 3, 1)
  (2, 0, 2, 0, 0, 0, 1, 3, 1)
  (2, 0, 2, 0, 0, 0, 1, 4, 0)
  (2, 0, 2, 0, 0, 0, 0, 5, 0)
  (4, 0, 0, 0, 0, 0, 0, 5, 0)

Path 2552 (7 moves):
  (1, 1, 1, 1, 1, 1, 1, 1, 1)
  (1, 1, 1, 1, 0, 2, 1, 1, 1)
  (1, 1, 1, 1, 0, 0, 1, 3, 1)
  (1, 1, 2, 0, 0, 0, 1, 3, 1)
  (1, 0, 3, 0, 0, 0, 1, 3, 1)
  (1, 0, 3, 0, 0, 0, 0, 4, 1)
  (1, 0, 3, 0, 0, 0, 0, 5, 0)
  (1, 0, 8, 0, 0, 0, 0, 0, 0)

Path 2553 (7 moves):
  (1, 1, 1, 1, 1, 1, 1, 1, 1)
  (1, 1, 1, 1, 0, 2, 1, 1, 1)
  (1, 1, 1, 1, 0, 0, 1, 3, 1)
  (1, 1, 2, 0, 0, 0, 1, 3, 1)
  (1, 0, 3, 0, 0, 0, 1, 3, 1)
  (1, 0, 3, 0, 0, 0, 1, 4, 0)
  (1, 0, 3, 0, 0, 0, 0, 5, 0)
  (1, 0, 8, 0, 0, 0, 0, 0, 0)

Path 2554 (7 moves):
  (1, 1, 1, 1, 1, 1, 1, 1, 1)
  (1, 1, 1, 1, 0, 2, 1, 1, 1)
  (1, 1, 1, 1, 0, 0, 1, 3, 1)
  (1, 1, 2, 0, 0, 0, 1, 3, 1)
  (3, 1, 0, 0, 0, 0, 1, 3, 1)
  (4, 0, 0, 0, 0, 0, 1, 3, 1)
  (4, 0, 0, 0, 0, 0, 0, 4, 1)
  (4, 0, 0, 0, 0, 0, 0, 5, 0)

Path 2555 (7 moves):
  (1, 1, 1, 1, 1, 1, 1, 1, 1)
  (1, 1, 1, 1, 0, 2, 1, 1, 1)
  (1, 1, 1, 1, 0, 0, 1, 3, 1)
  (1, 1, 2, 0, 0, 0, 1, 3, 1)
  (3, 1, 0, 0, 0, 0, 1, 3, 1)
  (4, 0, 0, 0, 0, 0, 1, 3, 1)
  (4, 0, 0, 0, 0, 0, 1, 4, 0)
  (4, 0, 0, 0, 0, 0, 0, 5, 0)

Path 2556 (7 moves):
  (1, 1, 1, 1, 1, 1, 1, 1, 1)
  (1, 1, 1, 1, 0, 2, 1, 1, 1)
  (1, 1, 1, 1, 0, 0, 1, 3, 1)
  (1, 1, 2, 0, 0, 0, 1, 3, 1)
  (3, 1, 0, 0, 0, 0, 1, 3, 1)
  (3, 1, 0, 0, 0, 0, 0, 4, 1)
  (4, 0, 0, 0, 0, 0, 0, 4, 1)
  (4, 0, 0, 0, 0, 0, 0, 5, 0)

Path 2557 (7 moves):
  (1, 1, 1, 1, 1, 1, 1, 1, 1)
  (1, 1, 1, 1, 0, 2, 1, 1, 1)
  (1, 1, 1, 1, 0, 0, 1, 3, 1)
  (1, 1, 2, 0, 0, 0, 1, 3, 1)
  (3, 1, 0, 0, 0, 0, 1, 3, 1)
  (3, 1, 0, 0, 0, 0, 0, 4, 1)
  (3, 1, 0, 0, 0, 0, 0, 5, 0)
  (4, 0, 0, 0, 0, 0, 0, 5, 0)

Path 2558 (7 moves):
  (1, 1, 1, 1, 1, 1, 1, 1, 1)
  (1, 1, 1, 1, 0, 2, 1, 1, 1)
  (1, 1, 1, 1, 0, 0, 1, 3, 1)
  (1, 1, 2, 0, 0, 0, 1, 3, 1)
  (3, 1, 0, 0, 0, 0, 1, 3, 1)
  (3, 1, 0, 0, 0, 0, 1, 4, 0)
  (4, 0, 0, 0, 0, 0, 1, 4, 0)
  (4, 0, 0, 0, 0, 0, 0, 5, 0)

Path 2559 (7 moves):
  (1, 1, 1, 1, 1, 1, 1, 1, 1)
  (1, 1, 1, 1, 0, 2, 1, 1, 1)
  (1, 1, 1, 1, 0, 0, 1, 3, 1)
  (1, 1, 2, 0, 0, 0, 1, 3, 1)
  (3, 1, 0, 0, 0, 0, 1, 3, 1)
  (3, 1, 0, 0, 0, 0, 1, 4, 0)
  (3, 1, 0, 0, 0, 0, 0, 5, 0)
  (4, 0, 0, 0, 0, 0, 0, 5, 0)

Path 2560 (7 moves):
  (1, 1, 1, 1, 1, 1, 1, 1, 1)
  (1, 1, 1, 1, 0, 2, 1, 1, 1)
  (1, 1, 1, 1, 0, 0, 1, 3, 1)
  (1, 1, 2, 0, 0, 0, 1, 3, 1)
  (1, 1, 2, 0, 0, 0, 0, 4, 1)
  (0, 2, 2, 0, 0, 0, 0, 4, 1)
  (0, 2, 2, 0, 0, 0, 0, 5, 0)
  (0, 2, 7, 0, 0, 0, 0, 0, 0)

Path 2561 (7 moves):
  (1, 1, 1, 1, 1, 1, 1, 1, 1)
  (1, 1, 1, 1, 0, 2, 1, 1, 1)
  (1, 1, 1, 1, 0, 0, 1, 3, 1)
  (1, 1, 2, 0, 0, 0, 1, 3, 1)
  (1, 1, 2, 0, 0, 0, 0, 4, 1)
  (1, 0, 3, 0, 0, 0, 0, 4, 1)
  (1, 0, 3, 0, 0, 0, 0, 5, 0)
  (1, 0, 8, 0, 0, 0, 0, 0, 0)

Path 2562 (7 moves):
  (1, 1, 1, 1, 1, 1, 1, 1, 1)
  (1, 1, 1, 1, 0, 2, 1, 1, 1)
  (1, 1, 1, 1, 0, 0, 1, 3, 1)
  (1, 1, 2, 0, 0, 0, 1, 3, 1)
  (1, 1, 2, 0, 0, 0, 0, 4, 1)
  (3, 1, 0, 0, 0, 0, 0, 4, 1)
  (4, 0, 0, 0, 0, 0, 0, 4, 1)
  (4, 0, 0, 0, 0, 0, 0, 5, 0)

Path 2563 (7 moves):
  (1, 1, 1, 1, 1, 1, 1, 1, 1)
  (1, 1, 1, 1, 0, 2, 1, 1, 1)
  (1, 1, 1, 1, 0, 0, 1, 3, 1)
  (1, 1, 2, 0, 0, 0, 1, 3, 1)
  (1, 1, 2, 0, 0, 0, 0, 4, 1)
  (3, 1, 0, 0, 0, 0, 0, 4, 1)
  (3, 1, 0, 0, 0, 0, 0, 5, 0)
  (4, 0, 0, 0, 0, 0, 0, 5, 0)

Path 2564 (7 moves):
  (1, 1, 1, 1, 1, 1, 1, 1, 1)
  (1, 1, 1, 1, 0, 2, 1, 1, 1)
  (1, 1, 1, 1, 0, 0, 1, 3, 1)
  (1, 1, 2, 0, 0, 0, 1, 3, 1)
  (1, 1, 2, 0, 0, 0, 0, 4, 1)
  (1, 1, 2, 0, 0, 0, 0, 5, 0)
  (0, 2, 2, 0, 0, 0, 0, 5, 0)
  (0, 2, 7, 0, 0, 0, 0, 0, 0)

Path 2565 (7 moves):
  (1, 1, 1, 1, 1, 1, 1, 1, 1)
  (1, 1, 1, 1, 0, 2, 1, 1, 1)
  (1, 1, 1, 1, 0, 0, 1, 3, 1)
  (1, 1, 2, 0, 0, 0, 1, 3, 1)
  (1, 1, 2, 0, 0, 0, 0, 4, 1)
  (1, 1, 2, 0, 0, 0, 0, 5, 0)
  (2, 0, 2, 0, 0, 0, 0, 5, 0)
  (4, 0, 0, 0, 0, 0, 0, 5, 0)

Path 2566 (7 moves):
  (1, 1, 1, 1, 1, 1, 1, 1, 1)
  (1, 1, 1, 1, 0, 2, 1, 1, 1)
  (1, 1, 1, 1, 0, 0, 1, 3, 1)
  (1, 1, 2, 0, 0, 0, 1, 3, 1)
  (1, 1, 2, 0, 0, 0, 0, 4, 1)
  (1, 1, 2, 0, 0, 0, 0, 5, 0)
  (1, 0, 3, 0, 0, 0, 0, 5, 0)
  (1, 0, 8, 0, 0, 0, 0, 0, 0)

Path 2567 (7 moves):
  (1, 1, 1, 1, 1, 1, 1, 1, 1)
  (1, 1, 1, 1, 0, 2, 1, 1, 1)
  (1, 1, 1, 1, 0, 0, 1, 3, 1)
  (1, 1, 2, 0, 0, 0, 1, 3, 1)
  (1, 1, 2, 0, 0, 0, 0, 4, 1)
  (1, 1, 2, 0, 0, 0, 0, 5, 0)
  (3, 1, 0, 0, 0, 0, 0, 5, 0)
  (4, 0, 0, 0, 0, 0, 0, 5, 0)

Path 2568 (7 moves):
  (1, 1, 1, 1, 1, 1, 1, 1, 1)
  (1, 1, 1, 1, 0, 2, 1, 1, 1)
  (1, 1, 1, 1, 0, 0, 1, 3, 1)
  (1, 1, 2, 0, 0, 0, 1, 3, 1)
  (1, 1, 2, 0, 0, 0, 0, 4, 1)
  (1, 1, 2, 0, 0, 0, 0, 5, 0)
  (1, 1, 7, 0, 0, 0, 0, 0, 0)
  (0, 2, 7, 0, 0, 0, 0, 0, 0)

Path 2569 (7 moves):
  (1, 1, 1, 1, 1, 1, 1, 1, 1)
  (1, 1, 1, 1, 0, 2, 1, 1, 1)
  (1, 1, 1, 1, 0, 0, 1, 3, 1)
  (1, 1, 2, 0, 0, 0, 1, 3, 1)
  (1, 1, 2, 0, 0, 0, 0, 4, 1)
  (1, 1, 2, 0, 0, 0, 0, 5, 0)
  (1, 1, 7, 0, 0, 0, 0, 0, 0)
  (1, 0, 8, 0, 0, 0, 0, 0, 0)

Path 2570 (7 moves):
  (1, 1, 1, 1, 1, 1, 1, 1, 1)
  (1, 1, 1, 1, 0, 2, 1, 1, 1)
  (1, 1, 1, 1, 0, 0, 1, 3, 1)
  (1, 1, 2, 0, 0, 0, 1, 3, 1)
  (1, 1, 2, 0, 0, 0, 1, 4, 0)
  (0, 2, 2, 0, 0, 0, 1, 4, 0)
  (0, 2, 2, 0, 0, 0, 0, 5, 0)
  (0, 2, 7, 0, 0, 0, 0, 0, 0)

Path 2571 (7 moves):
  (1, 1, 1, 1, 1, 1, 1, 1, 1)
  (1, 1, 1, 1, 0, 2, 1, 1, 1)
  (1, 1, 1, 1, 0, 0, 1, 3, 1)
  (1, 1, 2, 0, 0, 0, 1, 3, 1)
  (1, 1, 2, 0, 0, 0, 1, 4, 0)
  (2, 0, 2, 0, 0, 0, 1, 4, 0)
  (0, 0, 4, 0, 0, 0, 1, 4, 0)
  (0, 0, 0, 0, 0, 0, 5, 4, 0)

Path 2572 (7 moves):
  (1, 1, 1, 1, 1, 1, 1, 1, 1)
  (1, 1, 1, 1, 0, 2, 1, 1, 1)
  (1, 1, 1, 1, 0, 0, 1, 3, 1)
  (1, 1, 2, 0, 0, 0, 1, 3, 1)
  (1, 1, 2, 0, 0, 0, 1, 4, 0)
  (2, 0, 2, 0, 0, 0, 1, 4, 0)
  (4, 0, 0, 0, 0, 0, 1, 4, 0)
  (4, 0, 0, 0, 0, 0, 0, 5, 0)

Path 2573 (7 moves):
  (1, 1, 1, 1, 1, 1, 1, 1, 1)
  (1, 1, 1, 1, 0, 2, 1, 1, 1)
  (1, 1, 1, 1, 0, 0, 1, 3, 1)
  (1, 1, 2, 0, 0, 0, 1, 3, 1)
  (1, 1, 2, 0, 0, 0, 1, 4, 0)
  (2, 0, 2, 0, 0, 0, 1, 4, 0)
  (2, 0, 2, 0, 0, 0, 0, 5, 0)
  (4, 0, 0, 0, 0, 0, 0, 5, 0)

Path 2574 (7 moves):
  (1, 1, 1, 1, 1, 1, 1, 1, 1)
  (1, 1, 1, 1, 0, 2, 1, 1, 1)
  (1, 1, 1, 1, 0, 0, 1, 3, 1)
  (1, 1, 2, 0, 0, 0, 1, 3, 1)
  (1, 1, 2, 0, 0, 0, 1, 4, 0)
  (1, 0, 3, 0, 0, 0, 1, 4, 0)
  (1, 0, 3, 0, 0, 0, 0, 5, 0)
  (1, 0, 8, 0, 0, 0, 0, 0, 0)

Path 2575 (7 moves):
  (1, 1, 1, 1, 1, 1, 1, 1, 1)
  (1, 1, 1, 1, 0, 2, 1, 1, 1)
  (1, 1, 1, 1, 0, 0, 1, 3, 1)
  (1, 1, 2, 0, 0, 0, 1, 3, 1)
  (1, 1, 2, 0, 0, 0, 1, 4, 0)
  (3, 1, 0, 0, 0, 0, 1, 4, 0)
  (4, 0, 0, 0, 0, 0, 1, 4, 0)
  (4, 0, 0, 0, 0, 0, 0, 5, 0)

Path 2576 (7 moves):
  (1, 1, 1, 1, 1, 1, 1, 1, 1)
  (1, 1, 1, 1, 0, 2, 1, 1, 1)
  (1, 1, 1, 1, 0, 0, 1, 3, 1)
  (1, 1, 2, 0, 0, 0, 1, 3, 1)
  (1, 1, 2, 0, 0, 0, 1, 4, 0)
  (3, 1, 0, 0, 0, 0, 1, 4, 0)
  (3, 1, 0, 0, 0, 0, 0, 5, 0)
  (4, 0, 0, 0, 0, 0, 0, 5, 0)

Path 2577 (7 moves):
  (1, 1, 1, 1, 1, 1, 1, 1, 1)
  (1, 1, 1, 1, 0, 2, 1, 1, 1)
  (1, 1, 1, 1, 0, 0, 1, 3, 1)
  (1, 1, 2, 0, 0, 0, 1, 3, 1)
  (1, 1, 2, 0, 0, 0, 1, 4, 0)
  (1, 1, 2, 0, 0, 0, 0, 5, 0)
  (0, 2, 2, 0, 0, 0, 0, 5, 0)
  (0, 2, 7, 0, 0, 0, 0, 0, 0)

Path 2578 (7 moves):
  (1, 1, 1, 1, 1, 1, 1, 1, 1)
  (1, 1, 1, 1, 0, 2, 1, 1, 1)
  (1, 1, 1, 1, 0, 0, 1, 3, 1)
  (1, 1, 2, 0, 0, 0, 1, 3, 1)
  (1, 1, 2, 0, 0, 0, 1, 4, 0)
  (1, 1, 2, 0, 0, 0, 0, 5, 0)
  (2, 0, 2, 0, 0, 0, 0, 5, 0)
  (4, 0, 0, 0, 0, 0, 0, 5, 0)

Path 2579 (7 moves):
  (1, 1, 1, 1, 1, 1, 1, 1, 1)
  (1, 1, 1, 1, 0, 2, 1, 1, 1)
  (1, 1, 1, 1, 0, 0, 1, 3, 1)
  (1, 1, 2, 0, 0, 0, 1, 3, 1)
  (1, 1, 2, 0, 0, 0, 1, 4, 0)
  (1, 1, 2, 0, 0, 0, 0, 5, 0)
  (1, 0, 3, 0, 0, 0, 0, 5, 0)
  (1, 0, 8, 0, 0, 0, 0, 0, 0)

Path 2580 (7 moves):
  (1, 1, 1, 1, 1, 1, 1, 1, 1)
  (1, 1, 1, 1, 0, 2, 1, 1, 1)
  (1, 1, 1, 1, 0, 0, 1, 3, 1)
  (1, 1, 2, 0, 0, 0, 1, 3, 1)
  (1, 1, 2, 0, 0, 0, 1, 4, 0)
  (1, 1, 2, 0, 0, 0, 0, 5, 0)
  (3, 1, 0, 0, 0, 0, 0, 5, 0)
  (4, 0, 0, 0, 0, 0, 0, 5, 0)

Path 2581 (7 moves):
  (1, 1, 1, 1, 1, 1, 1, 1, 1)
  (1, 1, 1, 1, 0, 2, 1, 1, 1)
  (1, 1, 1, 1, 0, 0, 1, 3, 1)
  (1, 1, 2, 0, 0, 0, 1, 3, 1)
  (1, 1, 2, 0, 0, 0, 1, 4, 0)
  (1, 1, 2, 0, 0, 0, 0, 5, 0)
  (1, 1, 7, 0, 0, 0, 0, 0, 0)
  (0, 2, 7, 0, 0, 0, 0, 0, 0)

Path 2582 (7 moves):
  (1, 1, 1, 1, 1, 1, 1, 1, 1)
  (1, 1, 1, 1, 0, 2, 1, 1, 1)
  (1, 1, 1, 1, 0, 0, 1, 3, 1)
  (1, 1, 2, 0, 0, 0, 1, 3, 1)
  (1, 1, 2, 0, 0, 0, 1, 4, 0)
  (1, 1, 2, 0, 0, 0, 0, 5, 0)
  (1, 1, 7, 0, 0, 0, 0, 0, 0)
  (1, 0, 8, 0, 0, 0, 0, 0, 0)

Path 2583 (7 moves):
  (1, 1, 1, 1, 1, 1, 1, 1, 1)
  (1, 1, 1, 1, 0, 2, 1, 1, 1)
  (1, 1, 1, 1, 0, 3, 0, 1, 1)
  (2, 0, 1, 1, 0, 3, 0, 1, 1)
  (0, 0, 3, 1, 0, 3, 0, 1, 1)
  (0, 0, 4, 0, 0, 3, 0, 1, 1)
  (0, 0, 7, 0, 0, 0, 0, 1, 1)
  (0, 0, 7, 0, 0, 0, 0, 0, 2)

Path 2584 (7 moves):
  (1, 1, 1, 1, 1, 1, 1, 1, 1)
  (1, 1, 1, 1, 0, 2, 1, 1, 1)
  (1, 1, 1, 1, 0, 3, 0, 1, 1)
  (2, 0, 1, 1, 0, 3, 0, 1, 1)
  (0, 0, 3, 1, 0, 3, 0, 1, 1)
  (0, 0, 4, 0, 0, 3, 0, 1, 1)
  (0, 0, 7, 0, 0, 0, 0, 1, 1)
  (0, 0, 7, 0, 0, 0, 0, 2, 0)

Path 2585 (7 moves):
  (1, 1, 1, 1, 1, 1, 1, 1, 1)
  (1, 1, 1, 1, 0, 2, 1, 1, 1)
  (1, 1, 1, 1, 0, 3, 0, 1, 1)
  (2, 0, 1, 1, 0, 3, 0, 1, 1)
  (0, 0, 3, 1, 0, 3, 0, 1, 1)
  (0, 0, 4, 0, 0, 3, 0, 1, 1)
  (0, 0, 4, 0, 0, 0, 0, 1, 4)
  (0, 0, 4, 0, 0, 0, 0, 0, 5)

Path 2586 (7 moves):
  (1, 1, 1, 1, 1, 1, 1, 1, 1)
  (1, 1, 1, 1, 0, 2, 1, 1, 1)
  (1, 1, 1, 1, 0, 3, 0, 1, 1)
  (2, 0, 1, 1, 0, 3, 0, 1, 1)
  (0, 0, 3, 1, 0, 3, 0, 1, 1)
  (0, 0, 4, 0, 0, 3, 0, 1, 1)
  (0, 0, 4, 0, 0, 3, 0, 0, 2)
  (0, 0, 7, 0, 0, 0, 0, 0, 2)

Path 2587 (7 moves):
  (1, 1, 1, 1, 1, 1, 1, 1, 1)
  (1, 1, 1, 1, 0, 2, 1, 1, 1)
  (1, 1, 1, 1, 0, 3, 0, 1, 1)
  (2, 0, 1, 1, 0, 3, 0, 1, 1)
  (0, 0, 3, 1, 0, 3, 0, 1, 1)
  (0, 0, 4, 0, 0, 3, 0, 1, 1)
  (0, 0, 4, 0, 0, 3, 0, 0, 2)
  (0, 0, 4, 0, 0, 0, 0, 0, 5)

Path 2588 (7 moves):
  (1, 1, 1, 1, 1, 1, 1, 1, 1)
  (1, 1, 1, 1, 0, 2, 1, 1, 1)
  (1, 1, 1, 1, 0, 3, 0, 1, 1)
  (2, 0, 1, 1, 0, 3, 0, 1, 1)
  (0, 0, 3, 1, 0, 3, 0, 1, 1)
  (0, 0, 4, 0, 0, 3, 0, 1, 1)
  (0, 0, 4, 0, 0, 3, 0, 2, 0)
  (0, 0, 7, 0, 0, 0, 0, 2, 0)

Path 2589 (7 moves):
  (1, 1, 1, 1, 1, 1, 1, 1, 1)
  (1, 1, 1, 1, 0, 2, 1, 1, 1)
  (1, 1, 1, 1, 0, 3, 0, 1, 1)
  (2, 0, 1, 1, 0, 3, 0, 1, 1)
  (0, 0, 3, 1, 0, 3, 0, 1, 1)
  (0, 0, 4, 0, 0, 3, 0, 1, 1)
  (0, 0, 4, 0, 0, 3, 0, 2, 0)
  (0, 0, 4, 0, 0, 5, 0, 0, 0)

Path 2590 (7 moves):
  (1, 1, 1, 1, 1, 1, 1, 1, 1)
  (1, 1, 1, 1, 0, 2, 1, 1, 1)
  (1, 1, 1, 1, 0, 3, 0, 1, 1)
  (2, 0, 1, 1, 0, 3, 0, 1, 1)
  (0, 0, 3, 1, 0, 3, 0, 1, 1)
  (0, 0, 6, 1, 0, 0, 0, 1, 1)
  (0, 0, 0, 1, 0, 0, 0, 1, 7)
  (0, 0, 0, 1, 0, 0, 0, 0, 8)

Path 2591 (7 moves):
  (1, 1, 1, 1, 1, 1, 1, 1, 1)
  (1, 1, 1, 1, 0, 2, 1, 1, 1)
  (1, 1, 1, 1, 0, 3, 0, 1, 1)
  (2, 0, 1, 1, 0, 3, 0, 1, 1)
  (0, 0, 3, 1, 0, 3, 0, 1, 1)
  (0, 0, 6, 1, 0, 0, 0, 1, 1)
  (0, 0, 7, 0, 0, 0, 0, 1, 1)
  (0, 0, 7, 0, 0, 0, 0, 0, 2)

Path 2592 (7 moves):
  (1, 1, 1, 1, 1, 1, 1, 1, 1)
  (1, 1, 1, 1, 0, 2, 1, 1, 1)
  (1, 1, 1, 1, 0, 3, 0, 1, 1)
  (2, 0, 1, 1, 0, 3, 0, 1, 1)
  (0, 0, 3, 1, 0, 3, 0, 1, 1)
  (0, 0, 6, 1, 0, 0, 0, 1, 1)
  (0, 0, 7, 0, 0, 0, 0, 1, 1)
  (0, 0, 7, 0, 0, 0, 0, 2, 0)

Path 2593 (7 moves):
  (1, 1, 1, 1, 1, 1, 1, 1, 1)
  (1, 1, 1, 1, 0, 2, 1, 1, 1)
  (1, 1, 1, 1, 0, 3, 0, 1, 1)
  (2, 0, 1, 1, 0, 3, 0, 1, 1)
  (0, 0, 3, 1, 0, 3, 0, 1, 1)
  (0, 0, 6, 1, 0, 0, 0, 1, 1)
  (0, 0, 6, 1, 0, 0, 0, 0, 2)
  (0, 0, 0, 1, 0, 0, 0, 0, 8)

Path 2594 (7 moves):
  (1, 1, 1, 1, 1, 1, 1, 1, 1)
  (1, 1, 1, 1, 0, 2, 1, 1, 1)
  (1, 1, 1, 1, 0, 3, 0, 1, 1)
  (2, 0, 1, 1, 0, 3, 0, 1, 1)
  (0, 0, 3, 1, 0, 3, 0, 1, 1)
  (0, 0, 6, 1, 0, 0, 0, 1, 1)
  (0, 0, 6, 1, 0, 0, 0, 0, 2)
  (0, 0, 7, 0, 0, 0, 0, 0, 2)

Path 2595 (7 moves):
  (1, 1, 1, 1, 1, 1, 1, 1, 1)
  (1, 1, 1, 1, 0, 2, 1, 1, 1)
  (1, 1, 1, 1, 0, 3, 0, 1, 1)
  (2, 0, 1, 1, 0, 3, 0, 1, 1)
  (0, 0, 3, 1, 0, 3, 0, 1, 1)
  (0, 0, 6, 1, 0, 0, 0, 1, 1)
  (0, 0, 6, 1, 0, 0, 0, 2, 0)
  (0, 0, 7, 0, 0, 0, 0, 2, 0)

Path 2596 (7 moves):
  (1, 1, 1, 1, 1, 1, 1, 1, 1)
  (1, 1, 1, 1, 0, 2, 1, 1, 1)
  (1, 1, 1, 1, 0, 3, 0, 1, 1)
  (2, 0, 1, 1, 0, 3, 0, 1, 1)
  (0, 0, 3, 1, 0, 3, 0, 1, 1)
  (0, 0, 3, 1, 0, 0, 0, 1, 4)
  (0, 0, 4, 0, 0, 0, 0, 1, 4)
  (0, 0, 4, 0, 0, 0, 0, 0, 5)

Path 2597 (7 moves):
  (1, 1, 1, 1, 1, 1, 1, 1, 1)
  (1, 1, 1, 1, 0, 2, 1, 1, 1)
  (1, 1, 1, 1, 0, 3, 0, 1, 1)
  (2, 0, 1, 1, 0, 3, 0, 1, 1)
  (0, 0, 3, 1, 0, 3, 0, 1, 1)
  (0, 0, 3, 1, 0, 0, 0, 1, 4)
  (0, 0, 3, 1, 0, 0, 0, 0, 5)
  (0, 0, 4, 0, 0, 0, 0, 0, 5)

Path 2598 (7 moves):
  (1, 1, 1, 1, 1, 1, 1, 1, 1)
  (1, 1, 1, 1, 0, 2, 1, 1, 1)
  (1, 1, 1, 1, 0, 3, 0, 1, 1)
  (2, 0, 1, 1, 0, 3, 0, 1, 1)
  (0, 0, 3, 1, 0, 3, 0, 1, 1)
  (0, 0, 3, 1, 0, 0, 0, 1, 4)
  (0, 0, 3, 1, 0, 0, 0, 0, 5)
  (0, 0, 3, 6, 0, 0, 0, 0, 0)

Path 2599 (7 moves):
  (1, 1, 1, 1, 1, 1, 1, 1, 1)
  (1, 1, 1, 1, 0, 2, 1, 1, 1)
  (1, 1, 1, 1, 0, 3, 0, 1, 1)
  (2, 0, 1, 1, 0, 3, 0, 1, 1)
  (0, 0, 3, 1, 0, 3, 0, 1, 1)
  (0, 0, 3, 1, 0, 3, 0, 2, 0)
  (0, 0, 0, 1, 0, 6, 0, 2, 0)
  (0, 0, 0, 1, 0, 8, 0, 0, 0)

Path 2600 (7 moves):
  (1, 1, 1, 1, 1, 1, 1, 1, 1)
  (1, 1, 1, 1, 0, 2, 1, 1, 1)
  (1, 1, 1, 1, 0, 3, 0, 1, 1)
  (2, 0, 1, 1, 0, 3, 0, 1, 1)
  (0, 0, 3, 1, 0, 3, 0, 1, 1)
  (0, 0, 3, 1, 0, 3, 0, 2, 0)
  (0, 0, 4, 0, 0, 3, 0, 2, 0)
  (0, 0, 7, 0, 0, 0, 0, 2, 0)

Path 2601 (7 moves):
  (1, 1, 1, 1, 1, 1, 1, 1, 1)
  (1, 1, 1, 1, 0, 2, 1, 1, 1)
  (1, 1, 1, 1, 0, 3, 0, 1, 1)
  (2, 0, 1, 1, 0, 3, 0, 1, 1)
  (0, 0, 3, 1, 0, 3, 0, 1, 1)
  (0, 0, 3, 1, 0, 3, 0, 2, 0)
  (0, 0, 4, 0, 0, 3, 0, 2, 0)
  (0, 0, 4, 0, 0, 5, 0, 0, 0)

Path 2602 (7 moves):
  (1, 1, 1, 1, 1, 1, 1, 1, 1)
  (1, 1, 1, 1, 0, 2, 1, 1, 1)
  (1, 1, 1, 1, 0, 3, 0, 1, 1)
  (2, 0, 1, 1, 0, 3, 0, 1, 1)
  (0, 0, 3, 1, 0, 3, 0, 1, 1)
  (0, 0, 3, 1, 0, 3, 0, 2, 0)
  (0, 0, 6, 1, 0, 0, 0, 2, 0)
  (0, 0, 7, 0, 0, 0, 0, 2, 0)

Path 2603 (7 moves):
  (1, 1, 1, 1, 1, 1, 1, 1, 1)
  (1, 1, 1, 1, 0, 2, 1, 1, 1)
  (1, 1, 1, 1, 0, 3, 0, 1, 1)
  (2, 0, 1, 1, 0, 3, 0, 1, 1)
  (0, 0, 3, 1, 0, 3, 0, 1, 1)
  (0, 0, 3, 1, 0, 3, 0, 2, 0)
  (0, 0, 3, 1, 0, 5, 0, 0, 0)
  (0, 0, 0, 1, 0, 8, 0, 0, 0)

Path 2604 (7 moves):
  (1, 1, 1, 1, 1, 1, 1, 1, 1)
  (1, 1, 1, 1, 0, 2, 1, 1, 1)
  (1, 1, 1, 1, 0, 3, 0, 1, 1)
  (2, 0, 1, 1, 0, 3, 0, 1, 1)
  (0, 0, 3, 1, 0, 3, 0, 1, 1)
  (0, 0, 3, 1, 0, 3, 0, 2, 0)
  (0, 0, 3, 1, 0, 5, 0, 0, 0)
  (0, 0, 4, 0, 0, 5, 0, 0, 0)

Path 2605 (7 moves):
  (1, 1, 1, 1, 1, 1, 1, 1, 1)
  (1, 1, 1, 1, 0, 2, 1, 1, 1)
  (1, 1, 1, 1, 0, 3, 0, 1, 1)
  (2, 0, 1, 1, 0, 3, 0, 1, 1)
  (2, 0, 0, 2, 0, 3, 0, 1, 1)
  (2, 0, 0, 0, 0, 5, 0, 1, 1)
  (7, 0, 0, 0, 0, 0, 0, 1, 1)
  (7, 0, 0, 0, 0, 0, 0, 0, 2)

Path 2606 (7 moves):
  (1, 1, 1, 1, 1, 1, 1, 1, 1)
  (1, 1, 1, 1, 0, 2, 1, 1, 1)
  (1, 1, 1, 1, 0, 3, 0, 1, 1)
  (2, 0, 1, 1, 0, 3, 0, 1, 1)
  (2, 0, 0, 2, 0, 3, 0, 1, 1)
  (2, 0, 0, 0, 0, 5, 0, 1, 1)
  (2, 0, 0, 0, 0, 5, 0, 0, 2)
  (7, 0, 0, 0, 0, 0, 0, 0, 2)

Path 2607 (7 moves):
  (1, 1, 1, 1, 1, 1, 1, 1, 1)
  (1, 1, 1, 1, 0, 2, 1, 1, 1)
  (1, 1, 1, 1, 0, 3, 0, 1, 1)
  (2, 0, 1, 1, 0, 3, 0, 1, 1)
  (2, 0, 0, 2, 0, 3, 0, 1, 1)
  (2, 0, 0, 0, 0, 5, 0, 1, 1)
  (2, 0, 0, 0, 0, 5, 0, 2, 0)
  (2, 0, 0, 0, 0, 7, 0, 0, 0)

Path 2608 (7 moves):
  (1, 1, 1, 1, 1, 1, 1, 1, 1)
  (1, 1, 1, 1, 0, 2, 1, 1, 1)
  (1, 1, 1, 1, 0, 3, 0, 1, 1)
  (2, 0, 1, 1, 0, 3, 0, 1, 1)
  (2, 0, 0, 2, 0, 3, 0, 1, 1)
  (2, 0, 0, 2, 0, 0, 0, 1, 4)
  (2, 0, 0, 2, 0, 0, 0, 0, 5)
  (2, 0, 0, 7, 0, 0, 0, 0, 0)

Path 2609 (7 moves):
  (1, 1, 1, 1, 1, 1, 1, 1, 1)
  (1, 1, 1, 1, 0, 2, 1, 1, 1)
  (1, 1, 1, 1, 0, 3, 0, 1, 1)
  (2, 0, 1, 1, 0, 3, 0, 1, 1)
  (2, 0, 0, 2, 0, 3, 0, 1, 1)
  (2, 0, 0, 2, 0, 3, 0, 0, 2)
  (2, 0, 0, 0, 0, 5, 0, 0, 2)
  (7, 0, 0, 0, 0, 0, 0, 0, 2)

Path 2610 (7 moves):
  (1, 1, 1, 1, 1, 1, 1, 1, 1)
  (1, 1, 1, 1, 0, 2, 1, 1, 1)
  (1, 1, 1, 1, 0, 3, 0, 1, 1)
  (2, 0, 1, 1, 0, 3, 0, 1, 1)
  (2, 0, 0, 2, 0, 3, 0, 1, 1)
  (2, 0, 0, 2, 0, 3, 0, 0, 2)
  (2, 0, 0, 2, 0, 0, 0, 0, 5)
  (2, 0, 0, 7, 0, 0, 0, 0, 0)

Path 2611 (7 moves):
  (1, 1, 1, 1, 1, 1, 1, 1, 1)
  (1, 1, 1, 1, 0, 2, 1, 1, 1)
  (1, 1, 1, 1, 0, 3, 0, 1, 1)
  (2, 0, 1, 1, 0, 3, 0, 1, 1)
  (2, 0, 0, 2, 0, 3, 0, 1, 1)
  (2, 0, 0, 2, 0, 3, 0, 2, 0)
  (2, 0, 0, 0, 0, 5, 0, 2, 0)
  (2, 0, 0, 0, 0, 7, 0, 0, 0)

Path 2612 (7 moves):
  (1, 1, 1, 1, 1, 1, 1, 1, 1)
  (1, 1, 1, 1, 0, 2, 1, 1, 1)
  (1, 1, 1, 1, 0, 3, 0, 1, 1)
  (2, 0, 1, 1, 0, 3, 0, 1, 1)
  (2, 0, 0, 2, 0, 3, 0, 1, 1)
  (2, 0, 0, 2, 0, 3, 0, 2, 0)
  (2, 0, 0, 2, 0, 5, 0, 0, 0)
  (2, 0, 0, 0, 0, 7, 0, 0, 0)

Path 2613 (7 moves):
  (1, 1, 1, 1, 1, 1, 1, 1, 1)
  (1, 1, 1, 1, 0, 2, 1, 1, 1)
  (1, 1, 1, 1, 0, 3, 0, 1, 1)
  (2, 0, 1, 1, 0, 3, 0, 1, 1)
  (2, 0, 0, 2, 0, 3, 0, 1, 1)
  (2, 0, 0, 2, 0, 3, 0, 2, 0)
  (2, 0, 0, 2, 0, 5, 0, 0, 0)
  (7, 0, 0, 2, 0, 0, 0, 0, 0)

Path 2614 (7 moves):
  (1, 1, 1, 1, 1, 1, 1, 1, 1)
  (1, 1, 1, 1, 0, 2, 1, 1, 1)
  (1, 1, 1, 1, 0, 3, 0, 1, 1)
  (2, 0, 1, 1, 0, 3, 0, 1, 1)
  (2, 0, 2, 0, 0, 3, 0, 1, 1)
  (0, 0, 4, 0, 0, 3, 0, 1, 1)
  (0, 0, 7, 0, 0, 0, 0, 1, 1)
  (0, 0, 7, 0, 0, 0, 0, 0, 2)

Path 2615 (7 moves):
  (1, 1, 1, 1, 1, 1, 1, 1, 1)
  (1, 1, 1, 1, 0, 2, 1, 1, 1)
  (1, 1, 1, 1, 0, 3, 0, 1, 1)
  (2, 0, 1, 1, 0, 3, 0, 1, 1)
  (2, 0, 2, 0, 0, 3, 0, 1, 1)
  (0, 0, 4, 0, 0, 3, 0, 1, 1)
  (0, 0, 7, 0, 0, 0, 0, 1, 1)
  (0, 0, 7, 0, 0, 0, 0, 2, 0)

Path 2616 (7 moves):
  (1, 1, 1, 1, 1, 1, 1, 1, 1)
  (1, 1, 1, 1, 0, 2, 1, 1, 1)
  (1, 1, 1, 1, 0, 3, 0, 1, 1)
  (2, 0, 1, 1, 0, 3, 0, 1, 1)
  (2, 0, 2, 0, 0, 3, 0, 1, 1)
  (0, 0, 4, 0, 0, 3, 0, 1, 1)
  (0, 0, 4, 0, 0, 0, 0, 1, 4)
  (0, 0, 4, 0, 0, 0, 0, 0, 5)

Path 2617 (7 moves):
  (1, 1, 1, 1, 1, 1, 1, 1, 1)
  (1, 1, 1, 1, 0, 2, 1, 1, 1)
  (1, 1, 1, 1, 0, 3, 0, 1, 1)
  (2, 0, 1, 1, 0, 3, 0, 1, 1)
  (2, 0, 2, 0, 0, 3, 0, 1, 1)
  (0, 0, 4, 0, 0, 3, 0, 1, 1)
  (0, 0, 4, 0, 0, 3, 0, 0, 2)
  (0, 0, 7, 0, 0, 0, 0, 0, 2)

Path 2618 (7 moves):
  (1, 1, 1, 1, 1, 1, 1, 1, 1)
  (1, 1, 1, 1, 0, 2, 1, 1, 1)
  (1, 1, 1, 1, 0, 3, 0, 1, 1)
  (2, 0, 1, 1, 0, 3, 0, 1, 1)
  (2, 0, 2, 0, 0, 3, 0, 1, 1)
  (0, 0, 4, 0, 0, 3, 0, 1, 1)
  (0, 0, 4, 0, 0, 3, 0, 0, 2)
  (0, 0, 4, 0, 0, 0, 0, 0, 5)

Path 2619 (7 moves):
  (1, 1, 1, 1, 1, 1, 1, 1, 1)
  (1, 1, 1, 1, 0, 2, 1, 1, 1)
  (1, 1, 1, 1, 0, 3, 0, 1, 1)
  (2, 0, 1, 1, 0, 3, 0, 1, 1)
  (2, 0, 2, 0, 0, 3, 0, 1, 1)
  (0, 0, 4, 0, 0, 3, 0, 1, 1)
  (0, 0, 4, 0, 0, 3, 0, 2, 0)
  (0, 0, 7, 0, 0, 0, 0, 2, 0)

Path 2620 (7 moves):
  (1, 1, 1, 1, 1, 1, 1, 1, 1)
  (1, 1, 1, 1, 0, 2, 1, 1, 1)
  (1, 1, 1, 1, 0, 3, 0, 1, 1)
  (2, 0, 1, 1, 0, 3, 0, 1, 1)
  (2, 0, 2, 0, 0, 3, 0, 1, 1)
  (0, 0, 4, 0, 0, 3, 0, 1, 1)
  (0, 0, 4, 0, 0, 3, 0, 2, 0)
  (0, 0, 4, 0, 0, 5, 0, 0, 0)

Path 2621 (7 moves):
  (1, 1, 1, 1, 1, 1, 1, 1, 1)
  (1, 1, 1, 1, 0, 2, 1, 1, 1)
  (1, 1, 1, 1, 0, 3, 0, 1, 1)
  (2, 0, 1, 1, 0, 3, 0, 1, 1)
  (2, 0, 2, 0, 0, 3, 0, 1, 1)
  (2, 0, 2, 0, 0, 0, 0, 1, 4)
  (0, 0, 4, 0, 0, 0, 0, 1, 4)
  (0, 0, 4, 0, 0, 0, 0, 0, 5)

Path 2622 (7 moves):
  (1, 1, 1, 1, 1, 1, 1, 1, 1)
  (1, 1, 1, 1, 0, 2, 1, 1, 1)
  (1, 1, 1, 1, 0, 3, 0, 1, 1)
  (2, 0, 1, 1, 0, 3, 0, 1, 1)
  (2, 0, 2, 0, 0, 3, 0, 1, 1)
  (2, 0, 2, 0, 0, 0, 0, 1, 4)
  (4, 0, 0, 0, 0, 0, 0, 1, 4)
  (4, 0, 0, 0, 0, 0, 0, 0, 5)

Path 2623 (7 moves):
  (1, 1, 1, 1, 1, 1, 1, 1, 1)
  (1, 1, 1, 1, 0, 2, 1, 1, 1)
  (1, 1, 1, 1, 0, 3, 0, 1, 1)
  (2, 0, 1, 1, 0, 3, 0, 1, 1)
  (2, 0, 2, 0, 0, 3, 0, 1, 1)
  (2, 0, 2, 0, 0, 0, 0, 1, 4)
  (2, 0, 2, 0, 0, 0, 0, 0, 5)
  (0, 0, 4, 0, 0, 0, 0, 0, 5)

Path 2624 (7 moves):
  (1, 1, 1, 1, 1, 1, 1, 1, 1)
  (1, 1, 1, 1, 0, 2, 1, 1, 1)
  (1, 1, 1, 1, 0, 3, 0, 1, 1)
  (2, 0, 1, 1, 0, 3, 0, 1, 1)
  (2, 0, 2, 0, 0, 3, 0, 1, 1)
  (2, 0, 2, 0, 0, 0, 0, 1, 4)
  (2, 0, 2, 0, 0, 0, 0, 0, 5)
  (4, 0, 0, 0, 0, 0, 0, 0, 5)

Path 2625 (7 moves):
  (1, 1, 1, 1, 1, 1, 1, 1, 1)
  (1, 1, 1, 1, 0, 2, 1, 1, 1)
  (1, 1, 1, 1, 0, 3, 0, 1, 1)
  (2, 0, 1, 1, 0, 3, 0, 1, 1)
  (2, 0, 2, 0, 0, 3, 0, 1, 1)
  (2, 0, 2, 0, 0, 3, 0, 0, 2)
  (0, 0, 4, 0, 0, 3, 0, 0, 2)
  (0, 0, 7, 0, 0, 0, 0, 0, 2)

Path 2626 (7 moves):
  (1, 1, 1, 1, 1, 1, 1, 1, 1)
  (1, 1, 1, 1, 0, 2, 1, 1, 1)
  (1, 1, 1, 1, 0, 3, 0, 1, 1)
  (2, 0, 1, 1, 0, 3, 0, 1, 1)
  (2, 0, 2, 0, 0, 3, 0, 1, 1)
  (2, 0, 2, 0, 0, 3, 0, 0, 2)
  (0, 0, 4, 0, 0, 3, 0, 0, 2)
  (0, 0, 4, 0, 0, 0, 0, 0, 5)

Path 2627 (7 moves):
  (1, 1, 1, 1, 1, 1, 1, 1, 1)
  (1, 1, 1, 1, 0, 2, 1, 1, 1)
  (1, 1, 1, 1, 0, 3, 0, 1, 1)
  (2, 0, 1, 1, 0, 3, 0, 1, 1)
  (2, 0, 2, 0, 0, 3, 0, 1, 1)
  (2, 0, 2, 0, 0, 3, 0, 0, 2)
  (4, 0, 0, 0, 0, 3, 0, 0, 2)
  (4, 0, 0, 0, 0, 0, 0, 0, 5)

Path 2628 (7 moves):
  (1, 1, 1, 1, 1, 1, 1, 1, 1)
  (1, 1, 1, 1, 0, 2, 1, 1, 1)
  (1, 1, 1, 1, 0, 3, 0, 1, 1)
  (2, 0, 1, 1, 0, 3, 0, 1, 1)
  (2, 0, 2, 0, 0, 3, 0, 1, 1)
  (2, 0, 2, 0, 0, 3, 0, 0, 2)
  (2, 0, 5, 0, 0, 0, 0, 0, 2)
  (0, 0, 7, 0, 0, 0, 0, 0, 2)

Path 2629 (7 moves):
  (1, 1, 1, 1, 1, 1, 1, 1, 1)
  (1, 1, 1, 1, 0, 2, 1, 1, 1)
  (1, 1, 1, 1, 0, 3, 0, 1, 1)
  (2, 0, 1, 1, 0, 3, 0, 1, 1)
  (2, 0, 2, 0, 0, 3, 0, 1, 1)
  (2, 0, 2, 0, 0, 3, 0, 0, 2)
  (2, 0, 2, 0, 0, 0, 0, 0, 5)
  (0, 0, 4, 0, 0, 0, 0, 0, 5)

Path 2630 (7 moves):
  (1, 1, 1, 1, 1, 1, 1, 1, 1)
  (1, 1, 1, 1, 0, 2, 1, 1, 1)
  (1, 1, 1, 1, 0, 3, 0, 1, 1)
  (2, 0, 1, 1, 0, 3, 0, 1, 1)
  (2, 0, 2, 0, 0, 3, 0, 1, 1)
  (2, 0, 2, 0, 0, 3, 0, 0, 2)
  (2, 0, 2, 0, 0, 0, 0, 0, 5)
  (4, 0, 0, 0, 0, 0, 0, 0, 5)

Path 2631 (7 moves):
  (1, 1, 1, 1, 1, 1, 1, 1, 1)
  (1, 1, 1, 1, 0, 2, 1, 1, 1)
  (1, 1, 1, 1, 0, 3, 0, 1, 1)
  (2, 0, 1, 1, 0, 3, 0, 1, 1)
  (2, 0, 4, 1, 0, 0, 0, 1, 1)
  (0, 0, 6, 1, 0, 0, 0, 1, 1)
  (0, 0, 0, 1, 0, 0, 0, 1, 7)
  (0, 0, 0, 1, 0, 0, 0, 0, 8)

Path 2632 (7 moves):
  (1, 1, 1, 1, 1, 1, 1, 1, 1)
  (1, 1, 1, 1, 0, 2, 1, 1, 1)
  (1, 1, 1, 1, 0, 3, 0, 1, 1)
  (2, 0, 1, 1, 0, 3, 0, 1, 1)
  (2, 0, 4, 1, 0, 0, 0, 1, 1)
  (0, 0, 6, 1, 0, 0, 0, 1, 1)
  (0, 0, 7, 0, 0, 0, 0, 1, 1)
  (0, 0, 7, 0, 0, 0, 0, 0, 2)

Path 2633 (7 moves):
  (1, 1, 1, 1, 1, 1, 1, 1, 1)
  (1, 1, 1, 1, 0, 2, 1, 1, 1)
  (1, 1, 1, 1, 0, 3, 0, 1, 1)
  (2, 0, 1, 1, 0, 3, 0, 1, 1)
  (2, 0, 4, 1, 0, 0, 0, 1, 1)
  (0, 0, 6, 1, 0, 0, 0, 1, 1)
  (0, 0, 7, 0, 0, 0, 0, 1, 1)
  (0, 0, 7, 0, 0, 0, 0, 2, 0)

Path 2634 (7 moves):
  (1, 1, 1, 1, 1, 1, 1, 1, 1)
  (1, 1, 1, 1, 0, 2, 1, 1, 1)
  (1, 1, 1, 1, 0, 3, 0, 1, 1)
  (2, 0, 1, 1, 0, 3, 0, 1, 1)
  (2, 0, 4, 1, 0, 0, 0, 1, 1)
  (0, 0, 6, 1, 0, 0, 0, 1, 1)
  (0, 0, 6, 1, 0, 0, 0, 0, 2)
  (0, 0, 0, 1, 0, 0, 0, 0, 8)

Path 2635 (7 moves):
  (1, 1, 1, 1, 1, 1, 1, 1, 1)
  (1, 1, 1, 1, 0, 2, 1, 1, 1)
  (1, 1, 1, 1, 0, 3, 0, 1, 1)
  (2, 0, 1, 1, 0, 3, 0, 1, 1)
  (2, 0, 4, 1, 0, 0, 0, 1, 1)
  (0, 0, 6, 1, 0, 0, 0, 1, 1)
  (0, 0, 6, 1, 0, 0, 0, 0, 2)
  (0, 0, 7, 0, 0, 0, 0, 0, 2)

Path 2636 (7 moves):
  (1, 1, 1, 1, 1, 1, 1, 1, 1)
  (1, 1, 1, 1, 0, 2, 1, 1, 1)
  (1, 1, 1, 1, 0, 3, 0, 1, 1)
  (2, 0, 1, 1, 0, 3, 0, 1, 1)
  (2, 0, 4, 1, 0, 0, 0, 1, 1)
  (0, 0, 6, 1, 0, 0, 0, 1, 1)
  (0, 0, 6, 1, 0, 0, 0, 2, 0)
  (0, 0, 7, 0, 0, 0, 0, 2, 0)

Path 2637 (7 moves):
  (1, 1, 1, 1, 1, 1, 1, 1, 1)
  (1, 1, 1, 1, 0, 2, 1, 1, 1)
  (1, 1, 1, 1, 0, 3, 0, 1, 1)
  (2, 0, 1, 1, 0, 3, 0, 1, 1)
  (2, 0, 4, 1, 0, 0, 0, 1, 1)
  (2, 0, 4, 1, 0, 0, 0, 0, 2)
  (0, 0, 6, 1, 0, 0, 0, 0, 2)
  (0, 0, 0, 1, 0, 0, 0, 0, 8)

Path 2638 (7 moves):
  (1, 1, 1, 1, 1, 1, 1, 1, 1)
  (1, 1, 1, 1, 0, 2, 1, 1, 1)
  (1, 1, 1, 1, 0, 3, 0, 1, 1)
  (2, 0, 1, 1, 0, 3, 0, 1, 1)
  (2, 0, 4, 1, 0, 0, 0, 1, 1)
  (2, 0, 4, 1, 0, 0, 0, 0, 2)
  (0, 0, 6, 1, 0, 0, 0, 0, 2)
  (0, 0, 7, 0, 0, 0, 0, 0, 2)

Path 2639 (7 moves):
  (1, 1, 1, 1, 1, 1, 1, 1, 1)
  (1, 1, 1, 1, 0, 2, 1, 1, 1)
  (1, 1, 1, 1, 0, 3, 0, 1, 1)
  (2, 0, 1, 1, 0, 3, 0, 1, 1)
  (2, 0, 4, 1, 0, 0, 0, 1, 1)
  (2, 0, 4, 1, 0, 0, 0, 0, 2)
  (2, 0, 5, 0, 0, 0, 0, 0, 2)
  (0, 0, 7, 0, 0, 0, 0, 0, 2)

Path 2640 (7 moves):
  (1, 1, 1, 1, 1, 1, 1, 1, 1)
  (1, 1, 1, 1, 0, 2, 1, 1, 1)
  (1, 1, 1, 1, 0, 3, 0, 1, 1)
  (2, 0, 1, 1, 0, 3, 0, 1, 1)
  (2, 0, 4, 1, 0, 0, 0, 1, 1)
  (2, 0, 4, 1, 0, 0, 0, 2, 0)
  (0, 0, 6, 1, 0, 0, 0, 2, 0)
  (0, 0, 7, 0, 0, 0, 0, 2, 0)

Path 2641 (7 moves):
  (1, 1, 1, 1, 1, 1, 1, 1, 1)
  (1, 1, 1, 1, 0, 2, 1, 1, 1)
  (1, 1, 1, 1, 0, 3, 0, 1, 1)
  (2, 0, 1, 1, 0, 3, 0, 1, 1)
  (2, 0, 4, 1, 0, 0, 0, 1, 1)
  (2, 0, 4, 1, 0, 0, 0, 2, 0)
  (2, 0, 5, 0, 0, 0, 0, 2, 0)
  (0, 0, 7, 0, 0, 0, 0, 2, 0)

Path 2642 (7 moves):
  (1, 1, 1, 1, 1, 1, 1, 1, 1)
  (1, 1, 1, 1, 0, 2, 1, 1, 1)
  (1, 1, 1, 1, 0, 3, 0, 1, 1)
  (2, 0, 1, 1, 0, 3, 0, 1, 1)
  (2, 0, 1, 1, 0, 0, 0, 1, 4)
  (0, 0, 3, 1, 0, 0, 0, 1, 4)
  (0, 0, 4, 0, 0, 0, 0, 1, 4)
  (0, 0, 4, 0, 0, 0, 0, 0, 5)

Path 2643 (7 moves):
  (1, 1, 1, 1, 1, 1, 1, 1, 1)
  (1, 1, 1, 1, 0, 2, 1, 1, 1)
  (1, 1, 1, 1, 0, 3, 0, 1, 1)
  (2, 0, 1, 1, 0, 3, 0, 1, 1)
  (2, 0, 1, 1, 0, 0, 0, 1, 4)
  (0, 0, 3, 1, 0, 0, 0, 1, 4)
  (0, 0, 3, 1, 0, 0, 0, 0, 5)
  (0, 0, 4, 0, 0, 0, 0, 0, 5)

Path 2644 (7 moves):
  (1, 1, 1, 1, 1, 1, 1, 1, 1)
  (1, 1, 1, 1, 0, 2, 1, 1, 1)
  (1, 1, 1, 1, 0, 3, 0, 1, 1)
  (2, 0, 1, 1, 0, 3, 0, 1, 1)
  (2, 0, 1, 1, 0, 0, 0, 1, 4)
  (0, 0, 3, 1, 0, 0, 0, 1, 4)
  (0, 0, 3, 1, 0, 0, 0, 0, 5)
  (0, 0, 3, 6, 0, 0, 0, 0, 0)

Path 2645 (7 moves):
  (1, 1, 1, 1, 1, 1, 1, 1, 1)
  (1, 1, 1, 1, 0, 2, 1, 1, 1)
  (1, 1, 1, 1, 0, 3, 0, 1, 1)
  (2, 0, 1, 1, 0, 3, 0, 1, 1)
  (2, 0, 1, 1, 0, 0, 0, 1, 4)
  (2, 0, 0, 2, 0, 0, 0, 1, 4)
  (2, 0, 0, 2, 0, 0, 0, 0, 5)
  (2, 0, 0, 7, 0, 0, 0, 0, 0)

Path 2646 (7 moves):
  (1, 1, 1, 1, 1, 1, 1, 1, 1)
  (1, 1, 1, 1, 0, 2, 1, 1, 1)
  (1, 1, 1, 1, 0, 3, 0, 1, 1)
  (2, 0, 1, 1, 0, 3, 0, 1, 1)
  (2, 0, 1, 1, 0, 0, 0, 1, 4)
  (2, 0, 2, 0, 0, 0, 0, 1, 4)
  (0, 0, 4, 0, 0, 0, 0, 1, 4)
  (0, 0, 4, 0, 0, 0, 0, 0, 5)

Path 2647 (7 moves):
  (1, 1, 1, 1, 1, 1, 1, 1, 1)
  (1, 1, 1, 1, 0, 2, 1, 1, 1)
  (1, 1, 1, 1, 0, 3, 0, 1, 1)
  (2, 0, 1, 1, 0, 3, 0, 1, 1)
  (2, 0, 1, 1, 0, 0, 0, 1, 4)
  (2, 0, 2, 0, 0, 0, 0, 1, 4)
  (4, 0, 0, 0, 0, 0, 0, 1, 4)
  (4, 0, 0, 0, 0, 0, 0, 0, 5)

Path 2648 (7 moves):
  (1, 1, 1, 1, 1, 1, 1, 1, 1)
  (1, 1, 1, 1, 0, 2, 1, 1, 1)
  (1, 1, 1, 1, 0, 3, 0, 1, 1)
  (2, 0, 1, 1, 0, 3, 0, 1, 1)
  (2, 0, 1, 1, 0, 0, 0, 1, 4)
  (2, 0, 2, 0, 0, 0, 0, 1, 4)
  (2, 0, 2, 0, 0, 0, 0, 0, 5)
  (0, 0, 4, 0, 0, 0, 0, 0, 5)

Path 2649 (7 moves):
  (1, 1, 1, 1, 1, 1, 1, 1, 1)
  (1, 1, 1, 1, 0, 2, 1, 1, 1)
  (1, 1, 1, 1, 0, 3, 0, 1, 1)
  (2, 0, 1, 1, 0, 3, 0, 1, 1)
  (2, 0, 1, 1, 0, 0, 0, 1, 4)
  (2, 0, 2, 0, 0, 0, 0, 1, 4)
  (2, 0, 2, 0, 0, 0, 0, 0, 5)
  (4, 0, 0, 0, 0, 0, 0, 0, 5)

Path 2650 (7 moves):
  (1, 1, 1, 1, 1, 1, 1, 1, 1)
  (1, 1, 1, 1, 0, 2, 1, 1, 1)
  (1, 1, 1, 1, 0, 3, 0, 1, 1)
  (2, 0, 1, 1, 0, 3, 0, 1, 1)
  (2, 0, 1, 1, 0, 0, 0, 1, 4)
  (2, 0, 1, 1, 0, 0, 0, 0, 5)
  (0, 0, 3, 1, 0, 0, 0, 0, 5)
  (0, 0, 4, 0, 0, 0, 0, 0, 5)

Path 2651 (7 moves):
  (1, 1, 1, 1, 1, 1, 1, 1, 1)
  (1, 1, 1, 1, 0, 2, 1, 1, 1)
  (1, 1, 1, 1, 0, 3, 0, 1, 1)
  (2, 0, 1, 1, 0, 3, 0, 1, 1)
  (2, 0, 1, 1, 0, 0, 0, 1, 4)
  (2, 0, 1, 1, 0, 0, 0, 0, 5)
  (0, 0, 3, 1, 0, 0, 0, 0, 5)
  (0, 0, 3, 6, 0, 0, 0, 0, 0)

Path 2652 (7 moves):
  (1, 1, 1, 1, 1, 1, 1, 1, 1)
  (1, 1, 1, 1, 0, 2, 1, 1, 1)
  (1, 1, 1, 1, 0, 3, 0, 1, 1)
  (2, 0, 1, 1, 0, 3, 0, 1, 1)
  (2, 0, 1, 1, 0, 0, 0, 1, 4)
  (2, 0, 1, 1, 0, 0, 0, 0, 5)
  (2, 0, 0, 2, 0, 0, 0, 0, 5)
  (2, 0, 0, 7, 0, 0, 0, 0, 0)

Path 2653 (7 moves):
  (1, 1, 1, 1, 1, 1, 1, 1, 1)
  (1, 1, 1, 1, 0, 2, 1, 1, 1)
  (1, 1, 1, 1, 0, 3, 0, 1, 1)
  (2, 0, 1, 1, 0, 3, 0, 1, 1)
  (2, 0, 1, 1, 0, 0, 0, 1, 4)
  (2, 0, 1, 1, 0, 0, 0, 0, 5)
  (2, 0, 2, 0, 0, 0, 0, 0, 5)
  (0, 0, 4, 0, 0, 0, 0, 0, 5)

Path 2654 (7 moves):
  (1, 1, 1, 1, 1, 1, 1, 1, 1)
  (1, 1, 1, 1, 0, 2, 1, 1, 1)
  (1, 1, 1, 1, 0, 3, 0, 1, 1)
  (2, 0, 1, 1, 0, 3, 0, 1, 1)
  (2, 0, 1, 1, 0, 0, 0, 1, 4)
  (2, 0, 1, 1, 0, 0, 0, 0, 5)
  (2, 0, 2, 0, 0, 0, 0, 0, 5)
  (4, 0, 0, 0, 0, 0, 0, 0, 5)

Path 2655 (7 moves):
  (1, 1, 1, 1, 1, 1, 1, 1, 1)
  (1, 1, 1, 1, 0, 2, 1, 1, 1)
  (1, 1, 1, 1, 0, 3, 0, 1, 1)
  (2, 0, 1, 1, 0, 3, 0, 1, 1)
  (2, 0, 1, 1, 0, 0, 0, 1, 4)
  (2, 0, 1, 1, 0, 0, 0, 0, 5)
  (2, 0, 1, 6, 0, 0, 0, 0, 0)
  (0, 0, 3, 6, 0, 0, 0, 0, 0)

Path 2656 (7 moves):
  (1, 1, 1, 1, 1, 1, 1, 1, 1)
  (1, 1, 1, 1, 0, 2, 1, 1, 1)
  (1, 1, 1, 1, 0, 3, 0, 1, 1)
  (2, 0, 1, 1, 0, 3, 0, 1, 1)
  (2, 0, 1, 1, 0, 0, 0, 1, 4)
  (2, 0, 1, 1, 0, 0, 0, 0, 5)
  (2, 0, 1, 6, 0, 0, 0, 0, 0)
  (2, 0, 0, 7, 0, 0, 0, 0, 0)

Path 2657 (7 moves):
  (1, 1, 1, 1, 1, 1, 1, 1, 1)
  (1, 1, 1, 1, 0, 2, 1, 1, 1)
  (1, 1, 1, 1, 0, 3, 0, 1, 1)
  (2, 0, 1, 1, 0, 3, 0, 1, 1)
  (2, 0, 1, 1, 0, 3, 0, 0, 2)
  (2, 0, 0, 2, 0, 3, 0, 0, 2)
  (2, 0, 0, 0, 0, 5, 0, 0, 2)
  (7, 0, 0, 0, 0, 0, 0, 0, 2)

Path 2658 (7 moves):
  (1, 1, 1, 1, 1, 1, 1, 1, 1)
  (1, 1, 1, 1, 0, 2, 1, 1, 1)
  (1, 1, 1, 1, 0, 3, 0, 1, 1)
  (2, 0, 1, 1, 0, 3, 0, 1, 1)
  (2, 0, 1, 1, 0, 3, 0, 0, 2)
  (2, 0, 0, 2, 0, 3, 0, 0, 2)
  (2, 0, 0, 2, 0, 0, 0, 0, 5)
  (2, 0, 0, 7, 0, 0, 0, 0, 0)

Path 2659 (7 moves):
  (1, 1, 1, 1, 1, 1, 1, 1, 1)
  (1, 1, 1, 1, 0, 2, 1, 1, 1)
  (1, 1, 1, 1, 0, 3, 0, 1, 1)
  (2, 0, 1, 1, 0, 3, 0, 1, 1)
  (2, 0, 1, 1, 0, 3, 0, 0, 2)
  (2, 0, 2, 0, 0, 3, 0, 0, 2)
  (0, 0, 4, 0, 0, 3, 0, 0, 2)
  (0, 0, 7, 0, 0, 0, 0, 0, 2)

Path 2660 (7 moves):
  (1, 1, 1, 1, 1, 1, 1, 1, 1)
  (1, 1, 1, 1, 0, 2, 1, 1, 1)
  (1, 1, 1, 1, 0, 3, 0, 1, 1)
  (2, 0, 1, 1, 0, 3, 0, 1, 1)
  (2, 0, 1, 1, 0, 3, 0, 0, 2)
  (2, 0, 2, 0, 0, 3, 0, 0, 2)
  (0, 0, 4, 0, 0, 3, 0, 0, 2)
  (0, 0, 4, 0, 0, 0, 0, 0, 5)

Path 2661 (7 moves):
  (1, 1, 1, 1, 1, 1, 1, 1, 1)
  (1, 1, 1, 1, 0, 2, 1, 1, 1)
  (1, 1, 1, 1, 0, 3, 0, 1, 1)
  (2, 0, 1, 1, 0, 3, 0, 1, 1)
  (2, 0, 1, 1, 0, 3, 0, 0, 2)
  (2, 0, 2, 0, 0, 3, 0, 0, 2)
  (4, 0, 0, 0, 0, 3, 0, 0, 2)
  (4, 0, 0, 0, 0, 0, 0, 0, 5)

Path 2662 (7 moves):
  (1, 1, 1, 1, 1, 1, 1, 1, 1)
  (1, 1, 1, 1, 0, 2, 1, 1, 1)
  (1, 1, 1, 1, 0, 3, 0, 1, 1)
  (2, 0, 1, 1, 0, 3, 0, 1, 1)
  (2, 0, 1, 1, 0, 3, 0, 0, 2)
  (2, 0, 2, 0, 0, 3, 0, 0, 2)
  (2, 0, 5, 0, 0, 0, 0, 0, 2)
  (0, 0, 7, 0, 0, 0, 0, 0, 2)

Path 2663 (7 moves):
  (1, 1, 1, 1, 1, 1, 1, 1, 1)
  (1, 1, 1, 1, 0, 2, 1, 1, 1)
  (1, 1, 1, 1, 0, 3, 0, 1, 1)
  (2, 0, 1, 1, 0, 3, 0, 1, 1)
  (2, 0, 1, 1, 0, 3, 0, 0, 2)
  (2, 0, 2, 0, 0, 3, 0, 0, 2)
  (2, 0, 2, 0, 0, 0, 0, 0, 5)
  (0, 0, 4, 0, 0, 0, 0, 0, 5)

Path 2664 (7 moves):
  (1, 1, 1, 1, 1, 1, 1, 1, 1)
  (1, 1, 1, 1, 0, 2, 1, 1, 1)
  (1, 1, 1, 1, 0, 3, 0, 1, 1)
  (2, 0, 1, 1, 0, 3, 0, 1, 1)
  (2, 0, 1, 1, 0, 3, 0, 0, 2)
  (2, 0, 2, 0, 0, 3, 0, 0, 2)
  (2, 0, 2, 0, 0, 0, 0, 0, 5)
  (4, 0, 0, 0, 0, 0, 0, 0, 5)

Path 2665 (7 moves):
  (1, 1, 1, 1, 1, 1, 1, 1, 1)
  (1, 1, 1, 1, 0, 2, 1, 1, 1)
  (1, 1, 1, 1, 0, 3, 0, 1, 1)
  (2, 0, 1, 1, 0, 3, 0, 1, 1)
  (2, 0, 1, 1, 0, 3, 0, 0, 2)
  (2, 0, 4, 1, 0, 0, 0, 0, 2)
  (0, 0, 6, 1, 0, 0, 0, 0, 2)
  (0, 0, 0, 1, 0, 0, 0, 0, 8)

Path 2666 (7 moves):
  (1, 1, 1, 1, 1, 1, 1, 1, 1)
  (1, 1, 1, 1, 0, 2, 1, 1, 1)
  (1, 1, 1, 1, 0, 3, 0, 1, 1)
  (2, 0, 1, 1, 0, 3, 0, 1, 1)
  (2, 0, 1, 1, 0, 3, 0, 0, 2)
  (2, 0, 4, 1, 0, 0, 0, 0, 2)
  (0, 0, 6, 1, 0, 0, 0, 0, 2)
  (0, 0, 7, 0, 0, 0, 0, 0, 2)

Path 2667 (7 moves):
  (1, 1, 1, 1, 1, 1, 1, 1, 1)
  (1, 1, 1, 1, 0, 2, 1, 1, 1)
  (1, 1, 1, 1, 0, 3, 0, 1, 1)
  (2, 0, 1, 1, 0, 3, 0, 1, 1)
  (2, 0, 1, 1, 0, 3, 0, 0, 2)
  (2, 0, 4, 1, 0, 0, 0, 0, 2)
  (2, 0, 5, 0, 0, 0, 0, 0, 2)
  (0, 0, 7, 0, 0, 0, 0, 0, 2)

Path 2668 (7 moves):
  (1, 1, 1, 1, 1, 1, 1, 1, 1)
  (1, 1, 1, 1, 0, 2, 1, 1, 1)
  (1, 1, 1, 1, 0, 3, 0, 1, 1)
  (2, 0, 1, 1, 0, 3, 0, 1, 1)
  (2, 0, 1, 1, 0, 3, 0, 0, 2)
  (2, 0, 1, 1, 0, 0, 0, 0, 5)
  (0, 0, 3, 1, 0, 0, 0, 0, 5)
  (0, 0, 4, 0, 0, 0, 0, 0, 5)

Path 2669 (7 moves):
  (1, 1, 1, 1, 1, 1, 1, 1, 1)
  (1, 1, 1, 1, 0, 2, 1, 1, 1)
  (1, 1, 1, 1, 0, 3, 0, 1, 1)
  (2, 0, 1, 1, 0, 3, 0, 1, 1)
  (2, 0, 1, 1, 0, 3, 0, 0, 2)
  (2, 0, 1, 1, 0, 0, 0, 0, 5)
  (0, 0, 3, 1, 0, 0, 0, 0, 5)
  (0, 0, 3, 6, 0, 0, 0, 0, 0)

Path 2670 (7 moves):
  (1, 1, 1, 1, 1, 1, 1, 1, 1)
  (1, 1, 1, 1, 0, 2, 1, 1, 1)
  (1, 1, 1, 1, 0, 3, 0, 1, 1)
  (2, 0, 1, 1, 0, 3, 0, 1, 1)
  (2, 0, 1, 1, 0, 3, 0, 0, 2)
  (2, 0, 1, 1, 0, 0, 0, 0, 5)
  (2, 0, 0, 2, 0, 0, 0, 0, 5)
  (2, 0, 0, 7, 0, 0, 0, 0, 0)

Path 2671 (7 moves):
  (1, 1, 1, 1, 1, 1, 1, 1, 1)
  (1, 1, 1, 1, 0, 2, 1, 1, 1)
  (1, 1, 1, 1, 0, 3, 0, 1, 1)
  (2, 0, 1, 1, 0, 3, 0, 1, 1)
  (2, 0, 1, 1, 0, 3, 0, 0, 2)
  (2, 0, 1, 1, 0, 0, 0, 0, 5)
  (2, 0, 2, 0, 0, 0, 0, 0, 5)
  (0, 0, 4, 0, 0, 0, 0, 0, 5)

Path 2672 (7 moves):
  (1, 1, 1, 1, 1, 1, 1, 1, 1)
  (1, 1, 1, 1, 0, 2, 1, 1, 1)
  (1, 1, 1, 1, 0, 3, 0, 1, 1)
  (2, 0, 1, 1, 0, 3, 0, 1, 1)
  (2, 0, 1, 1, 0, 3, 0, 0, 2)
  (2, 0, 1, 1, 0, 0, 0, 0, 5)
  (2, 0, 2, 0, 0, 0, 0, 0, 5)
  (4, 0, 0, 0, 0, 0, 0, 0, 5)

Path 2673 (7 moves):
  (1, 1, 1, 1, 1, 1, 1, 1, 1)
  (1, 1, 1, 1, 0, 2, 1, 1, 1)
  (1, 1, 1, 1, 0, 3, 0, 1, 1)
  (2, 0, 1, 1, 0, 3, 0, 1, 1)
  (2, 0, 1, 1, 0, 3, 0, 0, 2)
  (2, 0, 1, 1, 0, 0, 0, 0, 5)
  (2, 0, 1, 6, 0, 0, 0, 0, 0)
  (0, 0, 3, 6, 0, 0, 0, 0, 0)

Path 2674 (7 moves):
  (1, 1, 1, 1, 1, 1, 1, 1, 1)
  (1, 1, 1, 1, 0, 2, 1, 1, 1)
  (1, 1, 1, 1, 0, 3, 0, 1, 1)
  (2, 0, 1, 1, 0, 3, 0, 1, 1)
  (2, 0, 1, 1, 0, 3, 0, 0, 2)
  (2, 0, 1, 1, 0, 0, 0, 0, 5)
  (2, 0, 1, 6, 0, 0, 0, 0, 0)
  (2, 0, 0, 7, 0, 0, 0, 0, 0)

Path 2675 (7 moves):
  (1, 1, 1, 1, 1, 1, 1, 1, 1)
  (1, 1, 1, 1, 0, 2, 1, 1, 1)
  (1, 1, 1, 1, 0, 3, 0, 1, 1)
  (2, 0, 1, 1, 0, 3, 0, 1, 1)
  (2, 0, 1, 1, 0, 3, 0, 2, 0)
  (0, 0, 3, 1, 0, 3, 0, 2, 0)
  (0, 0, 0, 1, 0, 6, 0, 2, 0)
  (0, 0, 0, 1, 0, 8, 0, 0, 0)

Path 2676 (7 moves):
  (1, 1, 1, 1, 1, 1, 1, 1, 1)
  (1, 1, 1, 1, 0, 2, 1, 1, 1)
  (1, 1, 1, 1, 0, 3, 0, 1, 1)
  (2, 0, 1, 1, 0, 3, 0, 1, 1)
  (2, 0, 1, 1, 0, 3, 0, 2, 0)
  (0, 0, 3, 1, 0, 3, 0, 2, 0)
  (0, 0, 4, 0, 0, 3, 0, 2, 0)
  (0, 0, 7, 0, 0, 0, 0, 2, 0)

Path 2677 (7 moves):
  (1, 1, 1, 1, 1, 1, 1, 1, 1)
  (1, 1, 1, 1, 0, 2, 1, 1, 1)
  (1, 1, 1, 1, 0, 3, 0, 1, 1)
  (2, 0, 1, 1, 0, 3, 0, 1, 1)
  (2, 0, 1, 1, 0, 3, 0, 2, 0)
  (0, 0, 3, 1, 0, 3, 0, 2, 0)
  (0, 0, 4, 0, 0, 3, 0, 2, 0)
  (0, 0, 4, 0, 0, 5, 0, 0, 0)

Path 2678 (7 moves):
  (1, 1, 1, 1, 1, 1, 1, 1, 1)
  (1, 1, 1, 1, 0, 2, 1, 1, 1)
  (1, 1, 1, 1, 0, 3, 0, 1, 1)
  (2, 0, 1, 1, 0, 3, 0, 1, 1)
  (2, 0, 1, 1, 0, 3, 0, 2, 0)
  (0, 0, 3, 1, 0, 3, 0, 2, 0)
  (0, 0, 6, 1, 0, 0, 0, 2, 0)
  (0, 0, 7, 0, 0, 0, 0, 2, 0)

Path 2679 (7 moves):
  (1, 1, 1, 1, 1, 1, 1, 1, 1)
  (1, 1, 1, 1, 0, 2, 1, 1, 1)
  (1, 1, 1, 1, 0, 3, 0, 1, 1)
  (2, 0, 1, 1, 0, 3, 0, 1, 1)
  (2, 0, 1, 1, 0, 3, 0, 2, 0)
  (0, 0, 3, 1, 0, 3, 0, 2, 0)
  (0, 0, 3, 1, 0, 5, 0, 0, 0)
  (0, 0, 0, 1, 0, 8, 0, 0, 0)

Path 2680 (7 moves):
  (1, 1, 1, 1, 1, 1, 1, 1, 1)
  (1, 1, 1, 1, 0, 2, 1, 1, 1)
  (1, 1, 1, 1, 0, 3, 0, 1, 1)
  (2, 0, 1, 1, 0, 3, 0, 1, 1)
  (2, 0, 1, 1, 0, 3, 0, 2, 0)
  (0, 0, 3, 1, 0, 3, 0, 2, 0)
  (0, 0, 3, 1, 0, 5, 0, 0, 0)
  (0, 0, 4, 0, 0, 5, 0, 0, 0)

Path 2681 (7 moves):
  (1, 1, 1, 1, 1, 1, 1, 1, 1)
  (1, 1, 1, 1, 0, 2, 1, 1, 1)
  (1, 1, 1, 1, 0, 3, 0, 1, 1)
  (2, 0, 1, 1, 0, 3, 0, 1, 1)
  (2, 0, 1, 1, 0, 3, 0, 2, 0)
  (2, 0, 0, 2, 0, 3, 0, 2, 0)
  (2, 0, 0, 0, 0, 5, 0, 2, 0)
  (2, 0, 0, 0, 0, 7, 0, 0, 0)

Path 2682 (7 moves):
  (1, 1, 1, 1, 1, 1, 1, 1, 1)
  (1, 1, 1, 1, 0, 2, 1, 1, 1)
  (1, 1, 1, 1, 0, 3, 0, 1, 1)
  (2, 0, 1, 1, 0, 3, 0, 1, 1)
  (2, 0, 1, 1, 0, 3, 0, 2, 0)
  (2, 0, 0, 2, 0, 3, 0, 2, 0)
  (2, 0, 0, 2, 0, 5, 0, 0, 0)
  (2, 0, 0, 0, 0, 7, 0, 0, 0)

Path 2683 (7 moves):
  (1, 1, 1, 1, 1, 1, 1, 1, 1)
  (1, 1, 1, 1, 0, 2, 1, 1, 1)
  (1, 1, 1, 1, 0, 3, 0, 1, 1)
  (2, 0, 1, 1, 0, 3, 0, 1, 1)
  (2, 0, 1, 1, 0, 3, 0, 2, 0)
  (2, 0, 0, 2, 0, 3, 0, 2, 0)
  (2, 0, 0, 2, 0, 5, 0, 0, 0)
  (7, 0, 0, 2, 0, 0, 0, 0, 0)

Path 2684 (7 moves):
  (1, 1, 1, 1, 1, 1, 1, 1, 1)
  (1, 1, 1, 1, 0, 2, 1, 1, 1)
  (1, 1, 1, 1, 0, 3, 0, 1, 1)
  (2, 0, 1, 1, 0, 3, 0, 1, 1)
  (2, 0, 1, 1, 0, 3, 0, 2, 0)
  (2, 0, 4, 1, 0, 0, 0, 2, 0)
  (0, 0, 6, 1, 0, 0, 0, 2, 0)
  (0, 0, 7, 0, 0, 0, 0, 2, 0)

Path 2685 (7 moves):
  (1, 1, 1, 1, 1, 1, 1, 1, 1)
  (1, 1, 1, 1, 0, 2, 1, 1, 1)
  (1, 1, 1, 1, 0, 3, 0, 1, 1)
  (2, 0, 1, 1, 0, 3, 0, 1, 1)
  (2, 0, 1, 1, 0, 3, 0, 2, 0)
  (2, 0, 4, 1, 0, 0, 0, 2, 0)
  (2, 0, 5, 0, 0, 0, 0, 2, 0)
  (0, 0, 7, 0, 0, 0, 0, 2, 0)

Path 2686 (7 moves):
  (1, 1, 1, 1, 1, 1, 1, 1, 1)
  (1, 1, 1, 1, 0, 2, 1, 1, 1)
  (1, 1, 1, 1, 0, 3, 0, 1, 1)
  (2, 0, 1, 1, 0, 3, 0, 1, 1)
  (2, 0, 1, 1, 0, 3, 0, 2, 0)
  (2, 0, 1, 1, 0, 5, 0, 0, 0)
  (0, 0, 3, 1, 0, 5, 0, 0, 0)
  (0, 0, 0, 1, 0, 8, 0, 0, 0)

Path 2687 (7 moves):
  (1, 1, 1, 1, 1, 1, 1, 1, 1)
  (1, 1, 1, 1, 0, 2, 1, 1, 1)
  (1, 1, 1, 1, 0, 3, 0, 1, 1)
  (2, 0, 1, 1, 0, 3, 0, 1, 1)
  (2, 0, 1, 1, 0, 3, 0, 2, 0)
  (2, 0, 1, 1, 0, 5, 0, 0, 0)
  (0, 0, 3, 1, 0, 5, 0, 0, 0)
  (0, 0, 4, 0, 0, 5, 0, 0, 0)

Path 2688 (7 moves):
  (1, 1, 1, 1, 1, 1, 1, 1, 1)
  (1, 1, 1, 1, 0, 2, 1, 1, 1)
  (1, 1, 1, 1, 0, 3, 0, 1, 1)
  (2, 0, 1, 1, 0, 3, 0, 1, 1)
  (2, 0, 1, 1, 0, 3, 0, 2, 0)
  (2, 0, 1, 1, 0, 5, 0, 0, 0)
  (2, 0, 0, 2, 0, 5, 0, 0, 0)
  (2, 0, 0, 0, 0, 7, 0, 0, 0)

Path 2689 (7 moves):
  (1, 1, 1, 1, 1, 1, 1, 1, 1)
  (1, 1, 1, 1, 0, 2, 1, 1, 1)
  (1, 1, 1, 1, 0, 3, 0, 1, 1)
  (2, 0, 1, 1, 0, 3, 0, 1, 1)
  (2, 0, 1, 1, 0, 3, 0, 2, 0)
  (2, 0, 1, 1, 0, 5, 0, 0, 0)
  (2, 0, 0, 2, 0, 5, 0, 0, 0)
  (7, 0, 0, 2, 0, 0, 0, 0, 0)

Path 2690 (7 moves):
  (1, 1, 1, 1, 1, 1, 1, 1, 1)
  (1, 1, 1, 1, 0, 2, 1, 1, 1)
  (1, 1, 1, 1, 0, 3, 0, 1, 1)
  (2, 0, 1, 1, 0, 3, 0, 1, 1)
  (2, 0, 1, 1, 0, 3, 0, 2, 0)
  (2, 0, 1, 1, 0, 5, 0, 0, 0)
  (2, 0, 2, 0, 0, 5, 0, 0, 0)
  (0, 0, 4, 0, 0, 5, 0, 0, 0)

Path 2691 (7 moves):
  (1, 1, 1, 1, 1, 1, 1, 1, 1)
  (1, 1, 1, 1, 0, 2, 1, 1, 1)
  (1, 1, 1, 1, 0, 3, 0, 1, 1)
  (2, 0, 1, 1, 0, 3, 0, 1, 1)
  (2, 0, 1, 1, 0, 3, 0, 2, 0)
  (2, 0, 1, 1, 0, 5, 0, 0, 0)
  (7, 0, 1, 1, 0, 0, 0, 0, 0)
  (7, 0, 0, 2, 0, 0, 0, 0, 0)

Path 2692 (7 moves):
  (1, 1, 1, 1, 1, 1, 1, 1, 1)
  (1, 1, 1, 1, 0, 2, 1, 1, 1)
  (1, 1, 1, 1, 0, 3, 0, 1, 1)
  (1, 1, 0, 2, 0, 3, 0, 1, 1)
  (0, 2, 0, 2, 0, 3, 0, 1, 1)
  (0, 2, 0, 2, 0, 0, 0, 1, 4)
  (0, 0, 0, 4, 0, 0, 0, 1, 4)
  (0, 0, 0, 0, 0, 0, 0, 5, 4)

Path 2693 (7 moves):
  (1, 1, 1, 1, 1, 1, 1, 1, 1)
  (1, 1, 1, 1, 0, 2, 1, 1, 1)
  (1, 1, 1, 1, 0, 3, 0, 1, 1)
  (1, 1, 0, 2, 0, 3, 0, 1, 1)
  (0, 2, 0, 2, 0, 3, 0, 1, 1)
  (0, 2, 0, 2, 0, 0, 0, 1, 4)
  (0, 4, 0, 0, 0, 0, 0, 1, 4)
  (0, 4, 0, 0, 0, 0, 0, 0, 5)

Path 2694 (7 moves):
  (1, 1, 1, 1, 1, 1, 1, 1, 1)
  (1, 1, 1, 1, 0, 2, 1, 1, 1)
  (1, 1, 1, 1, 0, 3, 0, 1, 1)
  (1, 1, 0, 2, 0, 3, 0, 1, 1)
  (0, 2, 0, 2, 0, 3, 0, 1, 1)
  (0, 2, 0, 2, 0, 0, 0, 1, 4)
  (0, 2, 0, 2, 0, 0, 0, 0, 5)
  (0, 4, 0, 0, 0, 0, 0, 0, 5)

Path 2695 (7 moves):
  (1, 1, 1, 1, 1, 1, 1, 1, 1)
  (1, 1, 1, 1, 0, 2, 1, 1, 1)
  (1, 1, 1, 1, 0, 3, 0, 1, 1)
  (1, 1, 0, 2, 0, 3, 0, 1, 1)
  (2, 0, 0, 2, 0, 3, 0, 1, 1)
  (2, 0, 0, 0, 0, 5, 0, 1, 1)
  (7, 0, 0, 0, 0, 0, 0, 1, 1)
  (7, 0, 0, 0, 0, 0, 0, 0, 2)

Path 2696 (7 moves):
  (1, 1, 1, 1, 1, 1, 1, 1, 1)
  (1, 1, 1, 1, 0, 2, 1, 1, 1)
  (1, 1, 1, 1, 0, 3, 0, 1, 1)
  (1, 1, 0, 2, 0, 3, 0, 1, 1)
  (2, 0, 0, 2, 0, 3, 0, 1, 1)
  (2, 0, 0, 0, 0, 5, 0, 1, 1)
  (2, 0, 0, 0, 0, 5, 0, 0, 2)
  (7, 0, 0, 0, 0, 0, 0, 0, 2)

Path 2697 (7 moves):
  (1, 1, 1, 1, 1, 1, 1, 1, 1)
  (1, 1, 1, 1, 0, 2, 1, 1, 1)
  (1, 1, 1, 1, 0, 3, 0, 1, 1)
  (1, 1, 0, 2, 0, 3, 0, 1, 1)
  (2, 0, 0, 2, 0, 3, 0, 1, 1)
  (2, 0, 0, 0, 0, 5, 0, 1, 1)
  (2, 0, 0, 0, 0, 5, 0, 2, 0)
  (2, 0, 0, 0, 0, 7, 0, 0, 0)

Path 2698 (7 moves):
  (1, 1, 1, 1, 1, 1, 1, 1, 1)
  (1, 1, 1, 1, 0, 2, 1, 1, 1)
  (1, 1, 1, 1, 0, 3, 0, 1, 1)
  (1, 1, 0, 2, 0, 3, 0, 1, 1)
  (2, 0, 0, 2, 0, 3, 0, 1, 1)
  (2, 0, 0, 2, 0, 0, 0, 1, 4)
  (2, 0, 0, 2, 0, 0, 0, 0, 5)
  (2, 0, 0, 7, 0, 0, 0, 0, 0)

Path 2699 (7 moves):
  (1, 1, 1, 1, 1, 1, 1, 1, 1)
  (1, 1, 1, 1, 0, 2, 1, 1, 1)
  (1, 1, 1, 1, 0, 3, 0, 1, 1)
  (1, 1, 0, 2, 0, 3, 0, 1, 1)
  (2, 0, 0, 2, 0, 3, 0, 1, 1)
  (2, 0, 0, 2, 0, 3, 0, 0, 2)
  (2, 0, 0, 0, 0, 5, 0, 0, 2)
  (7, 0, 0, 0, 0, 0, 0, 0, 2)

Path 2700 (7 moves):
  (1, 1, 1, 1, 1, 1, 1, 1, 1)
  (1, 1, 1, 1, 0, 2, 1, 1, 1)
  (1, 1, 1, 1, 0, 3, 0, 1, 1)
  (1, 1, 0, 2, 0, 3, 0, 1, 1)
  (2, 0, 0, 2, 0, 3, 0, 1, 1)
  (2, 0, 0, 2, 0, 3, 0, 0, 2)
  (2, 0, 0, 2, 0, 0, 0, 0, 5)
  (2, 0, 0, 7, 0, 0, 0, 0, 0)

Path 2701 (7 moves):
  (1, 1, 1, 1, 1, 1, 1, 1, 1)
  (1, 1, 1, 1, 0, 2, 1, 1, 1)
  (1, 1, 1, 1, 0, 3, 0, 1, 1)
  (1, 1, 0, 2, 0, 3, 0, 1, 1)
  (2, 0, 0, 2, 0, 3, 0, 1, 1)
  (2, 0, 0, 2, 0, 3, 0, 2, 0)
  (2, 0, 0, 0, 0, 5, 0, 2, 0)
  (2, 0, 0, 0, 0, 7, 0, 0, 0)

Path 2702 (7 moves):
  (1, 1, 1, 1, 1, 1, 1, 1, 1)
  (1, 1, 1, 1, 0, 2, 1, 1, 1)
  (1, 1, 1, 1, 0, 3, 0, 1, 1)
  (1, 1, 0, 2, 0, 3, 0, 1, 1)
  (2, 0, 0, 2, 0, 3, 0, 1, 1)
  (2, 0, 0, 2, 0, 3, 0, 2, 0)
  (2, 0, 0, 2, 0, 5, 0, 0, 0)
  (2, 0, 0, 0, 0, 7, 0, 0, 0)

Path 2703 (7 moves):
  (1, 1, 1, 1, 1, 1, 1, 1, 1)
  (1, 1, 1, 1, 0, 2, 1, 1, 1)
  (1, 1, 1, 1, 0, 3, 0, 1, 1)
  (1, 1, 0, 2, 0, 3, 0, 1, 1)
  (2, 0, 0, 2, 0, 3, 0, 1, 1)
  (2, 0, 0, 2, 0, 3, 0, 2, 0)
  (2, 0, 0, 2, 0, 5, 0, 0, 0)
  (7, 0, 0, 2, 0, 0, 0, 0, 0)

Path 2704 (7 moves):
  (1, 1, 1, 1, 1, 1, 1, 1, 1)
  (1, 1, 1, 1, 0, 2, 1, 1, 1)
  (1, 1, 1, 1, 0, 3, 0, 1, 1)
  (1, 1, 0, 2, 0, 3, 0, 1, 1)
  (1, 3, 0, 0, 0, 3, 0, 1, 1)
  (1, 3, 0, 0, 0, 0, 0, 1, 4)
  (0, 4, 0, 0, 0, 0, 0, 1, 4)
  (0, 4, 0, 0, 0, 0, 0, 0, 5)

Path 2705 (7 moves):
  (1, 1, 1, 1, 1, 1, 1, 1, 1)
  (1, 1, 1, 1, 0, 2, 1, 1, 1)
  (1, 1, 1, 1, 0, 3, 0, 1, 1)
  (1, 1, 0, 2, 0, 3, 0, 1, 1)
  (1, 3, 0, 0, 0, 3, 0, 1, 1)
  (1, 3, 0, 0, 0, 0, 0, 1, 4)
  (1, 3, 0, 0, 0, 0, 0, 0, 5)
  (0, 4, 0, 0, 0, 0, 0, 0, 5)

Path 2706 (7 moves):
  (1, 1, 1, 1, 1, 1, 1, 1, 1)
  (1, 1, 1, 1, 0, 2, 1, 1, 1)
  (1, 1, 1, 1, 0, 3, 0, 1, 1)
  (1, 1, 0, 2, 0, 3, 0, 1, 1)
  (1, 3, 0, 0, 0, 3, 0, 1, 1)
  (1, 3, 0, 0, 0, 3, 0, 0, 2)
  (0, 4, 0, 0, 0, 3, 0, 0, 2)
  (0, 0, 0, 0, 0, 7, 0, 0, 2)

Path 2707 (7 moves):
  (1, 1, 1, 1, 1, 1, 1, 1, 1)
  (1, 1, 1, 1, 0, 2, 1, 1, 1)
  (1, 1, 1, 1, 0, 3, 0, 1, 1)
  (1, 1, 0, 2, 0, 3, 0, 1, 1)
  (1, 3, 0, 0, 0, 3, 0, 1, 1)
  (1, 3, 0, 0, 0, 3, 0, 0, 2)
  (0, 4, 0, 0, 0, 3, 0, 0, 2)
  (0, 4, 0, 0, 0, 0, 0, 0, 5)

Path 2708 (7 moves):
  (1, 1, 1, 1, 1, 1, 1, 1, 1)
  (1, 1, 1, 1, 0, 2, 1, 1, 1)
  (1, 1, 1, 1, 0, 3, 0, 1, 1)
  (1, 1, 0, 2, 0, 3, 0, 1, 1)
  (1, 3, 0, 0, 0, 3, 0, 1, 1)
  (1, 3, 0, 0, 0, 3, 0, 0, 2)
  (1, 3, 0, 0, 0, 0, 0, 0, 5)
  (0, 4, 0, 0, 0, 0, 0, 0, 5)

Path 2709 (7 moves):
  (1, 1, 1, 1, 1, 1, 1, 1, 1)
  (1, 1, 1, 1, 0, 2, 1, 1, 1)
  (1, 1, 1, 1, 0, 3, 0, 1, 1)
  (1, 1, 0, 2, 0, 3, 0, 1, 1)
  (1, 1, 0, 0, 0, 5, 0, 1, 1)
  (2, 0, 0, 0, 0, 5, 0, 1, 1)
  (7, 0, 0, 0, 0, 0, 0, 1, 1)
  (7, 0, 0, 0, 0, 0, 0, 0, 2)

Path 2710 (7 moves):
  (1, 1, 1, 1, 1, 1, 1, 1, 1)
  (1, 1, 1, 1, 0, 2, 1, 1, 1)
  (1, 1, 1, 1, 0, 3, 0, 1, 1)
  (1, 1, 0, 2, 0, 3, 0, 1, 1)
  (1, 1, 0, 0, 0, 5, 0, 1, 1)
  (2, 0, 0, 0, 0, 5, 0, 1, 1)
  (2, 0, 0, 0, 0, 5, 0, 0, 2)
  (7, 0, 0, 0, 0, 0, 0, 0, 2)

Path 2711 (7 moves):
  (1, 1, 1, 1, 1, 1, 1, 1, 1)
  (1, 1, 1, 1, 0, 2, 1, 1, 1)
  (1, 1, 1, 1, 0, 3, 0, 1, 1)
  (1, 1, 0, 2, 0, 3, 0, 1, 1)
  (1, 1, 0, 0, 0, 5, 0, 1, 1)
  (2, 0, 0, 0, 0, 5, 0, 1, 1)
  (2, 0, 0, 0, 0, 5, 0, 2, 0)
  (2, 0, 0, 0, 0, 7, 0, 0, 0)

Path 2712 (7 moves):
  (1, 1, 1, 1, 1, 1, 1, 1, 1)
  (1, 1, 1, 1, 0, 2, 1, 1, 1)
  (1, 1, 1, 1, 0, 3, 0, 1, 1)
  (1, 1, 0, 2, 0, 3, 0, 1, 1)
  (1, 1, 0, 2, 0, 0, 0, 1, 4)
  (0, 2, 0, 2, 0, 0, 0, 1, 4)
  (0, 0, 0, 4, 0, 0, 0, 1, 4)
  (0, 0, 0, 0, 0, 0, 0, 5, 4)

Path 2713 (7 moves):
  (1, 1, 1, 1, 1, 1, 1, 1, 1)
  (1, 1, 1, 1, 0, 2, 1, 1, 1)
  (1, 1, 1, 1, 0, 3, 0, 1, 1)
  (1, 1, 0, 2, 0, 3, 0, 1, 1)
  (1, 1, 0, 2, 0, 0, 0, 1, 4)
  (0, 2, 0, 2, 0, 0, 0, 1, 4)
  (0, 4, 0, 0, 0, 0, 0, 1, 4)
  (0, 4, 0, 0, 0, 0, 0, 0, 5)

Path 2714 (7 moves):
  (1, 1, 1, 1, 1, 1, 1, 1, 1)
  (1, 1, 1, 1, 0, 2, 1, 1, 1)
  (1, 1, 1, 1, 0, 3, 0, 1, 1)
  (1, 1, 0, 2, 0, 3, 0, 1, 1)
  (1, 1, 0, 2, 0, 0, 0, 1, 4)
  (0, 2, 0, 2, 0, 0, 0, 1, 4)
  (0, 2, 0, 2, 0, 0, 0, 0, 5)
  (0, 4, 0, 0, 0, 0, 0, 0, 5)

Path 2715 (7 moves):
  (1, 1, 1, 1, 1, 1, 1, 1, 1)
  (1, 1, 1, 1, 0, 2, 1, 1, 1)
  (1, 1, 1, 1, 0, 3, 0, 1, 1)
  (1, 1, 0, 2, 0, 3, 0, 1, 1)
  (1, 1, 0, 2, 0, 0, 0, 1, 4)
  (2, 0, 0, 2, 0, 0, 0, 1, 4)
  (2, 0, 0, 2, 0, 0, 0, 0, 5)
  (2, 0, 0, 7, 0, 0, 0, 0, 0)

Path 2716 (7 moves):
  (1, 1, 1, 1, 1, 1, 1, 1, 1)
  (1, 1, 1, 1, 0, 2, 1, 1, 1)
  (1, 1, 1, 1, 0, 3, 0, 1, 1)
  (1, 1, 0, 2, 0, 3, 0, 1, 1)
  (1, 1, 0, 2, 0, 0, 0, 1, 4)
  (1, 3, 0, 0, 0, 0, 0, 1, 4)
  (0, 4, 0, 0, 0, 0, 0, 1, 4)
  (0, 4, 0, 0, 0, 0, 0, 0, 5)

Path 2717 (7 moves):
  (1, 1, 1, 1, 1, 1, 1, 1, 1)
  (1, 1, 1, 1, 0, 2, 1, 1, 1)
  (1, 1, 1, 1, 0, 3, 0, 1, 1)
  (1, 1, 0, 2, 0, 3, 0, 1, 1)
  (1, 1, 0, 2, 0, 0, 0, 1, 4)
  (1, 3, 0, 0, 0, 0, 0, 1, 4)
  (1, 3, 0, 0, 0, 0, 0, 0, 5)
  (0, 4, 0, 0, 0, 0, 0, 0, 5)

Path 2718 (7 moves):
  (1, 1, 1, 1, 1, 1, 1, 1, 1)
  (1, 1, 1, 1, 0, 2, 1, 1, 1)
  (1, 1, 1, 1, 0, 3, 0, 1, 1)
  (1, 1, 0, 2, 0, 3, 0, 1, 1)
  (1, 1, 0, 2, 0, 0, 0, 1, 4)
  (1, 1, 0, 2, 0, 0, 0, 0, 5)
  (0, 2, 0, 2, 0, 0, 0, 0, 5)
  (0, 4, 0, 0, 0, 0, 0, 0, 5)

Path 2719 (7 moves):
  (1, 1, 1, 1, 1, 1, 1, 1, 1)
  (1, 1, 1, 1, 0, 2, 1, 1, 1)
  (1, 1, 1, 1, 0, 3, 0, 1, 1)
  (1, 1, 0, 2, 0, 3, 0, 1, 1)
  (1, 1, 0, 2, 0, 0, 0, 1, 4)
  (1, 1, 0, 2, 0, 0, 0, 0, 5)
  (2, 0, 0, 2, 0, 0, 0, 0, 5)
  (2, 0, 0, 7, 0, 0, 0, 0, 0)

Path 2720 (7 moves):
  (1, 1, 1, 1, 1, 1, 1, 1, 1)
  (1, 1, 1, 1, 0, 2, 1, 1, 1)
  (1, 1, 1, 1, 0, 3, 0, 1, 1)
  (1, 1, 0, 2, 0, 3, 0, 1, 1)
  (1, 1, 0, 2, 0, 0, 0, 1, 4)
  (1, 1, 0, 2, 0, 0, 0, 0, 5)
  (1, 3, 0, 0, 0, 0, 0, 0, 5)
  (0, 4, 0, 0, 0, 0, 0, 0, 5)

Path 2721 (7 moves):
  (1, 1, 1, 1, 1, 1, 1, 1, 1)
  (1, 1, 1, 1, 0, 2, 1, 1, 1)
  (1, 1, 1, 1, 0, 3, 0, 1, 1)
  (1, 1, 0, 2, 0, 3, 0, 1, 1)
  (1, 1, 0, 2, 0, 0, 0, 1, 4)
  (1, 1, 0, 2, 0, 0, 0, 0, 5)
  (1, 1, 0, 7, 0, 0, 0, 0, 0)
  (2, 0, 0, 7, 0, 0, 0, 0, 0)

Path 2722 (7 moves):
  (1, 1, 1, 1, 1, 1, 1, 1, 1)
  (1, 1, 1, 1, 0, 2, 1, 1, 1)
  (1, 1, 1, 1, 0, 3, 0, 1, 1)
  (1, 1, 0, 2, 0, 3, 0, 1, 1)
  (1, 1, 0, 2, 0, 3, 0, 0, 2)
  (2, 0, 0, 2, 0, 3, 0, 0, 2)
  (2, 0, 0, 0, 0, 5, 0, 0, 2)
  (7, 0, 0, 0, 0, 0, 0, 0, 2)

Path 2723 (7 moves):
  (1, 1, 1, 1, 1, 1, 1, 1, 1)
  (1, 1, 1, 1, 0, 2, 1, 1, 1)
  (1, 1, 1, 1, 0, 3, 0, 1, 1)
  (1, 1, 0, 2, 0, 3, 0, 1, 1)
  (1, 1, 0, 2, 0, 3, 0, 0, 2)
  (2, 0, 0, 2, 0, 3, 0, 0, 2)
  (2, 0, 0, 2, 0, 0, 0, 0, 5)
  (2, 0, 0, 7, 0, 0, 0, 0, 0)

Path 2724 (7 moves):
  (1, 1, 1, 1, 1, 1, 1, 1, 1)
  (1, 1, 1, 1, 0, 2, 1, 1, 1)
  (1, 1, 1, 1, 0, 3, 0, 1, 1)
  (1, 1, 0, 2, 0, 3, 0, 1, 1)
  (1, 1, 0, 2, 0, 3, 0, 0, 2)
  (1, 3, 0, 0, 0, 3, 0, 0, 2)
  (0, 4, 0, 0, 0, 3, 0, 0, 2)
  (0, 0, 0, 0, 0, 7, 0, 0, 2)

Path 2725 (7 moves):
  (1, 1, 1, 1, 1, 1, 1, 1, 1)
  (1, 1, 1, 1, 0, 2, 1, 1, 1)
  (1, 1, 1, 1, 0, 3, 0, 1, 1)
  (1, 1, 0, 2, 0, 3, 0, 1, 1)
  (1, 1, 0, 2, 0, 3, 0, 0, 2)
  (1, 3, 0, 0, 0, 3, 0, 0, 2)
  (0, 4, 0, 0, 0, 3, 0, 0, 2)
  (0, 4, 0, 0, 0, 0, 0, 0, 5)

Path 2726 (7 moves):
  (1, 1, 1, 1, 1, 1, 1, 1, 1)
  (1, 1, 1, 1, 0, 2, 1, 1, 1)
  (1, 1, 1, 1, 0, 3, 0, 1, 1)
  (1, 1, 0, 2, 0, 3, 0, 1, 1)
  (1, 1, 0, 2, 0, 3, 0, 0, 2)
  (1, 3, 0, 0, 0, 3, 0, 0, 2)
  (1, 3, 0, 0, 0, 0, 0, 0, 5)
  (0, 4, 0, 0, 0, 0, 0, 0, 5)

Path 2727 (7 moves):
  (1, 1, 1, 1, 1, 1, 1, 1, 1)
  (1, 1, 1, 1, 0, 2, 1, 1, 1)
  (1, 1, 1, 1, 0, 3, 0, 1, 1)
  (1, 1, 0, 2, 0, 3, 0, 1, 1)
  (1, 1, 0, 2, 0, 3, 0, 0, 2)
  (1, 1, 0, 2, 0, 0, 0, 0, 5)
  (0, 2, 0, 2, 0, 0, 0, 0, 5)
  (0, 4, 0, 0, 0, 0, 0, 0, 5)

Path 2728 (7 moves):
  (1, 1, 1, 1, 1, 1, 1, 1, 1)
  (1, 1, 1, 1, 0, 2, 1, 1, 1)
  (1, 1, 1, 1, 0, 3, 0, 1, 1)
  (1, 1, 0, 2, 0, 3, 0, 1, 1)
  (1, 1, 0, 2, 0, 3, 0, 0, 2)
  (1, 1, 0, 2, 0, 0, 0, 0, 5)
  (2, 0, 0, 2, 0, 0, 0, 0, 5)
  (2, 0, 0, 7, 0, 0, 0, 0, 0)

Path 2729 (7 moves):
  (1, 1, 1, 1, 1, 1, 1, 1, 1)
  (1, 1, 1, 1, 0, 2, 1, 1, 1)
  (1, 1, 1, 1, 0, 3, 0, 1, 1)
  (1, 1, 0, 2, 0, 3, 0, 1, 1)
  (1, 1, 0, 2, 0, 3, 0, 0, 2)
  (1, 1, 0, 2, 0, 0, 0, 0, 5)
  (1, 3, 0, 0, 0, 0, 0, 0, 5)
  (0, 4, 0, 0, 0, 0, 0, 0, 5)

Path 2730 (7 moves):
  (1, 1, 1, 1, 1, 1, 1, 1, 1)
  (1, 1, 1, 1, 0, 2, 1, 1, 1)
  (1, 1, 1, 1, 0, 3, 0, 1, 1)
  (1, 1, 0, 2, 0, 3, 0, 1, 1)
  (1, 1, 0, 2, 0, 3, 0, 0, 2)
  (1, 1, 0, 2, 0, 0, 0, 0, 5)
  (1, 1, 0, 7, 0, 0, 0, 0, 0)
  (2, 0, 0, 7, 0, 0, 0, 0, 0)

Path 2731 (7 moves):
  (1, 1, 1, 1, 1, 1, 1, 1, 1)
  (1, 1, 1, 1, 0, 2, 1, 1, 1)
  (1, 1, 1, 1, 0, 3, 0, 1, 1)
  (1, 1, 0, 2, 0, 3, 0, 1, 1)
  (1, 1, 0, 2, 0, 3, 0, 2, 0)
  (2, 0, 0, 2, 0, 3, 0, 2, 0)
  (2, 0, 0, 0, 0, 5, 0, 2, 0)
  (2, 0, 0, 0, 0, 7, 0, 0, 0)

Path 2732 (7 moves):
  (1, 1, 1, 1, 1, 1, 1, 1, 1)
  (1, 1, 1, 1, 0, 2, 1, 1, 1)
  (1, 1, 1, 1, 0, 3, 0, 1, 1)
  (1, 1, 0, 2, 0, 3, 0, 1, 1)
  (1, 1, 0, 2, 0, 3, 0, 2, 0)
  (2, 0, 0, 2, 0, 3, 0, 2, 0)
  (2, 0, 0, 2, 0, 5, 0, 0, 0)
  (2, 0, 0, 0, 0, 7, 0, 0, 0)

Path 2733 (7 moves):
  (1, 1, 1, 1, 1, 1, 1, 1, 1)
  (1, 1, 1, 1, 0, 2, 1, 1, 1)
  (1, 1, 1, 1, 0, 3, 0, 1, 1)
  (1, 1, 0, 2, 0, 3, 0, 1, 1)
  (1, 1, 0, 2, 0, 3, 0, 2, 0)
  (2, 0, 0, 2, 0, 3, 0, 2, 0)
  (2, 0, 0, 2, 0, 5, 0, 0, 0)
  (7, 0, 0, 2, 0, 0, 0, 0, 0)

Path 2734 (7 moves):
  (1, 1, 1, 1, 1, 1, 1, 1, 1)
  (1, 1, 1, 1, 0, 2, 1, 1, 1)
  (1, 1, 1, 1, 0, 3, 0, 1, 1)
  (1, 1, 0, 2, 0, 3, 0, 1, 1)
  (1, 1, 0, 2, 0, 3, 0, 2, 0)
  (1, 1, 0, 2, 0, 5, 0, 0, 0)
  (0, 2, 0, 2, 0, 5, 0, 0, 0)
  (0, 0, 0, 4, 0, 5, 0, 0, 0)

Path 2735 (7 moves):
  (1, 1, 1, 1, 1, 1, 1, 1, 1)
  (1, 1, 1, 1, 0, 2, 1, 1, 1)
  (1, 1, 1, 1, 0, 3, 0, 1, 1)
  (1, 1, 0, 2, 0, 3, 0, 1, 1)
  (1, 1, 0, 2, 0, 3, 0, 2, 0)
  (1, 1, 0, 2, 0, 5, 0, 0, 0)
  (0, 2, 0, 2, 0, 5, 0, 0, 0)
  (0, 2, 0, 0, 0, 7, 0, 0, 0)

Path 2736 (7 moves):
  (1, 1, 1, 1, 1, 1, 1, 1, 1)
  (1, 1, 1, 1, 0, 2, 1, 1, 1)
  (1, 1, 1, 1, 0, 3, 0, 1, 1)
  (1, 1, 0, 2, 0, 3, 0, 1, 1)
  (1, 1, 0, 2, 0, 3, 0, 2, 0)
  (1, 1, 0, 2, 0, 5, 0, 0, 0)
  (2, 0, 0, 2, 0, 5, 0, 0, 0)
  (2, 0, 0, 0, 0, 7, 0, 0, 0)

Path 2737 (7 moves):
  (1, 1, 1, 1, 1, 1, 1, 1, 1)
  (1, 1, 1, 1, 0, 2, 1, 1, 1)
  (1, 1, 1, 1, 0, 3, 0, 1, 1)
  (1, 1, 0, 2, 0, 3, 0, 1, 1)
  (1, 1, 0, 2, 0, 3, 0, 2, 0)
  (1, 1, 0, 2, 0, 5, 0, 0, 0)
  (2, 0, 0, 2, 0, 5, 0, 0, 0)
  (7, 0, 0, 2, 0, 0, 0, 0, 0)

Path 2738 (7 moves):
  (1, 1, 1, 1, 1, 1, 1, 1, 1)
  (1, 1, 1, 1, 0, 2, 1, 1, 1)
  (1, 1, 1, 1, 0, 3, 0, 1, 1)
  (1, 1, 0, 2, 0, 3, 0, 1, 1)
  (1, 1, 0, 2, 0, 3, 0, 2, 0)
  (1, 1, 0, 2, 0, 5, 0, 0, 0)
  (1, 3, 0, 0, 0, 5, 0, 0, 0)
  (6, 3, 0, 0, 0, 0, 0, 0, 0)

Path 2739 (7 moves):
  (1, 1, 1, 1, 1, 1, 1, 1, 1)
  (1, 1, 1, 1, 0, 2, 1, 1, 1)
  (1, 1, 1, 1, 0, 3, 0, 1, 1)
  (1, 1, 0, 2, 0, 3, 0, 1, 1)
  (1, 1, 0, 2, 0, 3, 0, 2, 0)
  (1, 1, 0, 2, 0, 5, 0, 0, 0)
  (1, 1, 0, 0, 0, 7, 0, 0, 0)
  (0, 2, 0, 0, 0, 7, 0, 0, 0)

Path 2740 (7 moves):
  (1, 1, 1, 1, 1, 1, 1, 1, 1)
  (1, 1, 1, 1, 0, 2, 1, 1, 1)
  (1, 1, 1, 1, 0, 3, 0, 1, 1)
  (1, 1, 0, 2, 0, 3, 0, 1, 1)
  (1, 1, 0, 2, 0, 3, 0, 2, 0)
  (1, 1, 0, 2, 0, 5, 0, 0, 0)
  (1, 1, 0, 0, 0, 7, 0, 0, 0)
  (2, 0, 0, 0, 0, 7, 0, 0, 0)

Path 2741 (7 moves):
  (1, 1, 1, 1, 1, 1, 1, 1, 1)
  (1, 1, 1, 1, 0, 2, 1, 1, 1)
  (1, 1, 1, 1, 0, 3, 0, 1, 1)
  (1, 1, 0, 2, 0, 3, 0, 1, 1)
  (1, 1, 0, 2, 0, 3, 0, 2, 0)
  (1, 1, 0, 2, 0, 5, 0, 0, 0)
  (6, 1, 0, 2, 0, 0, 0, 0, 0)
  (7, 0, 0, 2, 0, 0, 0, 0, 0)

Path 2742 (7 moves):
  (1, 1, 1, 1, 1, 1, 1, 1, 1)
  (1, 1, 1, 1, 0, 2, 1, 1, 1)
  (1, 1, 1, 1, 0, 3, 0, 1, 1)
  (1, 1, 0, 2, 0, 3, 0, 1, 1)
  (1, 1, 0, 2, 0, 3, 0, 2, 0)
  (1, 1, 0, 2, 0, 5, 0, 0, 0)
  (6, 1, 0, 2, 0, 0, 0, 0, 0)
  (6, 3, 0, 0, 0, 0, 0, 0, 0)

Path 2743 (7 moves):
  (1, 1, 1, 1, 1, 1, 1, 1, 1)
  (1, 1, 1, 1, 0, 2, 1, 1, 1)
  (1, 1, 1, 1, 0, 2, 0, 2, 1)
  (0, 2, 1, 1, 0, 2, 0, 2, 1)
  (0, 0, 1, 3, 0, 2, 0, 2, 1)
  (0, 0, 1, 5, 0, 0, 0, 2, 1)
  (0, 0, 0, 6, 0, 0, 0, 2, 1)
  (0, 0, 0, 6, 0, 0, 0, 3, 0)

Path 2744 (7 moves):
  (1, 1, 1, 1, 1, 1, 1, 1, 1)
  (1, 1, 1, 1, 0, 2, 1, 1, 1)
  (1, 1, 1, 1, 0, 2, 0, 2, 1)
  (0, 2, 1, 1, 0, 2, 0, 2, 1)
  (0, 0, 1, 3, 0, 2, 0, 2, 1)
  (0, 0, 1, 5, 0, 0, 0, 2, 1)
  (0, 0, 1, 0, 0, 0, 0, 2, 6)
  (0, 0, 7, 0, 0, 0, 0, 2, 0)

Path 2745 (7 moves):
  (1, 1, 1, 1, 1, 1, 1, 1, 1)
  (1, 1, 1, 1, 0, 2, 1, 1, 1)
  (1, 1, 1, 1, 0, 2, 0, 2, 1)
  (0, 2, 1, 1, 0, 2, 0, 2, 1)
  (0, 0, 1, 3, 0, 2, 0, 2, 1)
  (0, 0, 1, 5, 0, 0, 0, 2, 1)
  (0, 0, 1, 5, 0, 0, 0, 3, 0)
  (0, 0, 0, 6, 0, 0, 0, 3, 0)

Path 2746 (7 moves):
  (1, 1, 1, 1, 1, 1, 1, 1, 1)
  (1, 1, 1, 1, 0, 2, 1, 1, 1)
  (1, 1, 1, 1, 0, 2, 0, 2, 1)
  (0, 2, 1, 1, 0, 2, 0, 2, 1)
  (0, 0, 1, 3, 0, 2, 0, 2, 1)
  (0, 0, 1, 3, 0, 0, 0, 4, 1)
  (0, 0, 0, 4, 0, 0, 0, 4, 1)
  (0, 0, 0, 8, 0, 0, 0, 0, 1)

Path 2747 (7 moves):
  (1, 1, 1, 1, 1, 1, 1, 1, 1)
  (1, 1, 1, 1, 0, 2, 1, 1, 1)
  (1, 1, 1, 1, 0, 2, 0, 2, 1)
  (0, 2, 1, 1, 0, 2, 0, 2, 1)
  (0, 0, 1, 3, 0, 2, 0, 2, 1)
  (0, 0, 1, 3, 0, 0, 0, 4, 1)
  (0, 0, 1, 7, 0, 0, 0, 0, 1)
  (0, 0, 0, 8, 0, 0, 0, 0, 1)

Path 2748 (7 moves):
  (1, 1, 1, 1, 1, 1, 1, 1, 1)
  (1, 1, 1, 1, 0, 2, 1, 1, 1)
  (1, 1, 1, 1, 0, 2, 0, 2, 1)
  (0, 2, 1, 1, 0, 2, 0, 2, 1)
  (0, 0, 1, 3, 0, 2, 0, 2, 1)
  (0, 0, 1, 3, 0, 0, 0, 4, 1)
  (0, 0, 1, 3, 0, 0, 0, 5, 0)
  (0, 0, 6, 3, 0, 0, 0, 0, 0)

Path 2749 (7 moves):
  (1, 1, 1, 1, 1, 1, 1, 1, 1)
  (1, 1, 1, 1, 0, 2, 1, 1, 1)
  (1, 1, 1, 1, 0, 2, 0, 2, 1)
  (0, 2, 1, 1, 0, 2, 0, 2, 1)
  (0, 0, 1, 3, 0, 2, 0, 2, 1)
  (0, 0, 1, 3, 0, 2, 0, 3, 0)
  (0, 0, 0, 4, 0, 2, 0, 3, 0)
  (0, 0, 0, 6, 0, 0, 0, 3, 0)

Path 2750 (7 moves):
  (1, 1, 1, 1, 1, 1, 1, 1, 1)
  (1, 1, 1, 1, 0, 2, 1, 1, 1)
  (1, 1, 1, 1, 0, 2, 0, 2, 1)
  (0, 2, 1, 1, 0, 2, 0, 2, 1)
  (0, 0, 1, 3, 0, 2, 0, 2, 1)
  (0, 0, 1, 3, 0, 2, 0, 3, 0)
  (0, 0, 1, 5, 0, 0, 0, 3, 0)
  (0, 0, 0, 6, 0, 0, 0, 3, 0)

Path 2751 (7 moves):
  (1, 1, 1, 1, 1, 1, 1, 1, 1)
  (1, 1, 1, 1, 0, 2, 1, 1, 1)
  (1, 1, 1, 1, 0, 2, 0, 2, 1)
  (0, 2, 1, 1, 0, 2, 0, 2, 1)
  (0, 0, 1, 3, 0, 2, 0, 2, 1)
  (0, 0, 1, 3, 0, 2, 0, 3, 0)
  (0, 0, 1, 3, 0, 0, 0, 5, 0)
  (0, 0, 6, 3, 0, 0, 0, 0, 0)

Path 2752 (7 moves):
  (1, 1, 1, 1, 1, 1, 1, 1, 1)
  (1, 1, 1, 1, 0, 2, 1, 1, 1)
  (1, 1, 1, 1, 0, 2, 0, 2, 1)
  (0, 2, 1, 1, 0, 2, 0, 2, 1)
  (0, 3, 0, 1, 0, 2, 0, 2, 1)
  (0, 3, 0, 1, 0, 4, 0, 0, 1)
  (0, 7, 0, 1, 0, 0, 0, 0, 1)
  (0, 0, 0, 1, 0, 0, 0, 0, 8)

Path 2753 (7 moves):
  (1, 1, 1, 1, 1, 1, 1, 1, 1)
  (1, 1, 1, 1, 0, 2, 1, 1, 1)
  (1, 1, 1, 1, 0, 2, 0, 2, 1)
  (0, 2, 1, 1, 0, 2, 0, 2, 1)
  (0, 2, 0, 2, 0, 2, 0, 2, 1)
  (0, 4, 0, 0, 0, 2, 0, 2, 1)
  (0, 0, 0, 0, 0, 6, 0, 2, 1)
  (0, 0, 0, 0, 0, 8, 0, 0, 1)

Path 2754 (7 moves):
  (1, 1, 1, 1, 1, 1, 1, 1, 1)
  (1, 1, 1, 1, 0, 2, 1, 1, 1)
  (1, 1, 1, 1, 0, 2, 0, 2, 1)
  (0, 2, 1, 1, 0, 2, 0, 2, 1)
  (0, 2, 0, 2, 0, 2, 0, 2, 1)
  (0, 4, 0, 0, 0, 2, 0, 2, 1)
  (0, 0, 0, 0, 0, 6, 0, 2, 1)
  (0, 0, 0, 0, 0, 6, 0, 3, 0)

Path 2755 (7 moves):
  (1, 1, 1, 1, 1, 1, 1, 1, 1)
  (1, 1, 1, 1, 0, 2, 1, 1, 1)
  (1, 1, 1, 1, 0, 2, 0, 2, 1)
  (0, 2, 1, 1, 0, 2, 0, 2, 1)
  (0, 2, 0, 2, 0, 2, 0, 2, 1)
  (0, 4, 0, 0, 0, 2, 0, 2, 1)
  (0, 4, 0, 0, 0, 0, 0, 4, 1)
  (0, 4, 0, 0, 0, 0, 0, 5, 0)

Path 2756 (7 moves):
  (1, 1, 1, 1, 1, 1, 1, 1, 1)
  (1, 1, 1, 1, 0, 2, 1, 1, 1)
  (1, 1, 1, 1, 0, 2, 0, 2, 1)
  (0, 2, 1, 1, 0, 2, 0, 2, 1)
  (0, 2, 0, 2, 0, 2, 0, 2, 1)
  (0, 4, 0, 0, 0, 2, 0, 2, 1)
  (0, 4, 0, 0, 0, 4, 0, 0, 1)
  (0, 0, 0, 0, 0, 8, 0, 0, 1)

Path 2757 (7 moves):
  (1, 1, 1, 1, 1, 1, 1, 1, 1)
  (1, 1, 1, 1, 0, 2, 1, 1, 1)
  (1, 1, 1, 1, 0, 2, 0, 2, 1)
  (0, 2, 1, 1, 0, 2, 0, 2, 1)
  (0, 2, 0, 2, 0, 2, 0, 2, 1)
  (0, 4, 0, 0, 0, 2, 0, 2, 1)
  (0, 4, 0, 0, 0, 4, 0, 0, 1)
  (0, 8, 0, 0, 0, 0, 0, 0, 1)

Path 2758 (7 moves):
  (1, 1, 1, 1, 1, 1, 1, 1, 1)
  (1, 1, 1, 1, 0, 2, 1, 1, 1)
  (1, 1, 1, 1, 0, 2, 0, 2, 1)
  (0, 2, 1, 1, 0, 2, 0, 2, 1)
  (0, 2, 0, 2, 0, 2, 0, 2, 1)
  (0, 4, 0, 0, 0, 2, 0, 2, 1)
  (0, 4, 0, 0, 0, 2, 0, 3, 0)
  (0, 0, 0, 0, 0, 6, 0, 3, 0)

Path 2759 (7 moves):
  (1, 1, 1, 1, 1, 1, 1, 1, 1)
  (1, 1, 1, 1, 0, 2, 1, 1, 1)
  (1, 1, 1, 1, 0, 2, 0, 2, 1)
  (0, 2, 1, 1, 0, 2, 0, 2, 1)
  (0, 2, 0, 2, 0, 2, 0, 2, 1)
  (0, 4, 0, 0, 0, 2, 0, 2, 1)
  (0, 4, 0, 0, 0, 2, 0, 3, 0)
  (0, 4, 0, 0, 0, 0, 0, 5, 0)

Path 2760 (7 moves):
  (1, 1, 1, 1, 1, 1, 1, 1, 1)
  (1, 1, 1, 1, 0, 2, 1, 1, 1)
  (1, 1, 1, 1, 0, 2, 0, 2, 1)
  (0, 2, 1, 1, 0, 2, 0, 2, 1)
  (0, 2, 0, 2, 0, 2, 0, 2, 1)
  (0, 2, 0, 4, 0, 0, 0, 2, 1)
  (0, 0, 0, 6, 0, 0, 0, 2, 1)
  (0, 0, 0, 6, 0, 0, 0, 3, 0)

Path 2761 (7 moves):
  (1, 1, 1, 1, 1, 1, 1, 1, 1)
  (1, 1, 1, 1, 0, 2, 1, 1, 1)
  (1, 1, 1, 1, 0, 2, 0, 2, 1)
  (0, 2, 1, 1, 0, 2, 0, 2, 1)
  (0, 2, 0, 2, 0, 2, 0, 2, 1)
  (0, 2, 0, 4, 0, 0, 0, 2, 1)
  (0, 2, 0, 0, 0, 0, 0, 6, 1)
  (0, 8, 0, 0, 0, 0, 0, 0, 1)

Path 2762 (7 moves):
  (1, 1, 1, 1, 1, 1, 1, 1, 1)
  (1, 1, 1, 1, 0, 2, 1, 1, 1)
  (1, 1, 1, 1, 0, 2, 0, 2, 1)
  (0, 2, 1, 1, 0, 2, 0, 2, 1)
  (0, 2, 0, 2, 0, 2, 0, 2, 1)
  (0, 2, 0, 4, 0, 0, 0, 2, 1)
  (0, 2, 0, 0, 0, 0, 0, 6, 1)
  (0, 2, 0, 0, 0, 0, 0, 7, 0)

Path 2763 (7 moves):
  (1, 1, 1, 1, 1, 1, 1, 1, 1)
  (1, 1, 1, 1, 0, 2, 1, 1, 1)
  (1, 1, 1, 1, 0, 2, 0, 2, 1)
  (0, 2, 1, 1, 0, 2, 0, 2, 1)
  (0, 2, 0, 2, 0, 2, 0, 2, 1)
  (0, 2, 0, 4, 0, 0, 0, 2, 1)
  (0, 2, 0, 4, 0, 0, 0, 3, 0)
  (0, 0, 0, 6, 0, 0, 0, 3, 0)

Path 2764 (7 moves):
  (1, 1, 1, 1, 1, 1, 1, 1, 1)
  (1, 1, 1, 1, 0, 2, 1, 1, 1)
  (1, 1, 1, 1, 0, 2, 0, 2, 1)
  (0, 2, 1, 1, 0, 2, 0, 2, 1)
  (0, 2, 0, 2, 0, 2, 0, 2, 1)
  (0, 2, 0, 4, 0, 0, 0, 2, 1)
  (0, 2, 0, 4, 0, 0, 0, 3, 0)
  (0, 2, 0, 0, 0, 0, 0, 7, 0)

Path 2765 (7 moves):
  (1, 1, 1, 1, 1, 1, 1, 1, 1)
  (1, 1, 1, 1, 0, 2, 1, 1, 1)
  (1, 1, 1, 1, 0, 2, 0, 2, 1)
  (0, 2, 1, 1, 0, 2, 0, 2, 1)
  (0, 2, 0, 2, 0, 2, 0, 2, 1)
  (0, 2, 0, 2, 0, 0, 0, 4, 1)
  (0, 0, 0, 4, 0, 0, 0, 4, 1)
  (0, 0, 0, 8, 0, 0, 0, 0, 1)

Path 2766 (7 moves):
  (1, 1, 1, 1, 1, 1, 1, 1, 1)
  (1, 1, 1, 1, 0, 2, 1, 1, 1)
  (1, 1, 1, 1, 0, 2, 0, 2, 1)
  (0, 2, 1, 1, 0, 2, 0, 2, 1)
  (0, 2, 0, 2, 0, 2, 0, 2, 1)
  (0, 2, 0, 2, 0, 0, 0, 4, 1)
  (0, 4, 0, 0, 0, 0, 0, 4, 1)
  (0, 4, 0, 0, 0, 0, 0, 5, 0)

Path 2767 (7 moves):
  (1, 1, 1, 1, 1, 1, 1, 1, 1)
  (1, 1, 1, 1, 0, 2, 1, 1, 1)
  (1, 1, 1, 1, 0, 2, 0, 2, 1)
  (0, 2, 1, 1, 0, 2, 0, 2, 1)
  (0, 2, 0, 2, 0, 2, 0, 2, 1)
  (0, 2, 0, 2, 0, 0, 0, 4, 1)
  (0, 2, 0, 6, 0, 0, 0, 0, 1)
  (0, 0, 0, 8, 0, 0, 0, 0, 1)

Path 2768 (7 moves):
  (1, 1, 1, 1, 1, 1, 1, 1, 1)
  (1, 1, 1, 1, 0, 2, 1, 1, 1)
  (1, 1, 1, 1, 0, 2, 0, 2, 1)
  (0, 2, 1, 1, 0, 2, 0, 2, 1)
  (0, 2, 0, 2, 0, 2, 0, 2, 1)
  (0, 2, 0, 2, 0, 0, 0, 4, 1)
  (0, 2, 0, 2, 0, 0, 0, 5, 0)
  (0, 4, 0, 0, 0, 0, 0, 5, 0)

Path 2769 (7 moves):
  (1, 1, 1, 1, 1, 1, 1, 1, 1)
  (1, 1, 1, 1, 0, 2, 1, 1, 1)
  (1, 1, 1, 1, 0, 2, 0, 2, 1)
  (0, 2, 1, 1, 0, 2, 0, 2, 1)
  (0, 2, 2, 0, 0, 2, 0, 2, 1)
  (0, 2, 2, 0, 0, 0, 0, 4, 1)
  (0, 2, 2, 0, 0, 0, 0, 5, 0)
  (0, 2, 7, 0, 0, 0, 0, 0, 0)

Path 2770 (7 moves):
  (1, 1, 1, 1, 1, 1, 1, 1, 1)
  (1, 1, 1, 1, 0, 2, 1, 1, 1)
  (1, 1, 1, 1, 0, 2, 0, 2, 1)
  (0, 2, 1, 1, 0, 2, 0, 2, 1)
  (0, 2, 2, 0, 0, 2, 0, 2, 1)
  (0, 2, 2, 0, 0, 2, 0, 3, 0)
  (0, 2, 2, 0, 0, 0, 0, 5, 0)
  (0, 2, 7, 0, 0, 0, 0, 0, 0)

Path 2771 (7 moves):
  (1, 1, 1, 1, 1, 1, 1, 1, 1)
  (1, 1, 1, 1, 0, 2, 1, 1, 1)
  (1, 1, 1, 1, 0, 2, 0, 2, 1)
  (0, 2, 1, 1, 0, 2, 0, 2, 1)
  (0, 2, 1, 3, 0, 0, 0, 2, 1)
  (0, 0, 1, 5, 0, 0, 0, 2, 1)
  (0, 0, 0, 6, 0, 0, 0, 2, 1)
  (0, 0, 0, 6, 0, 0, 0, 3, 0)

Path 2772 (7 moves):
  (1, 1, 1, 1, 1, 1, 1, 1, 1)
  (1, 1, 1, 1, 0, 2, 1, 1, 1)
  (1, 1, 1, 1, 0, 2, 0, 2, 1)
  (0, 2, 1, 1, 0, 2, 0, 2, 1)
  (0, 2, 1, 3, 0, 0, 0, 2, 1)
  (0, 0, 1, 5, 0, 0, 0, 2, 1)
  (0, 0, 1, 0, 0, 0, 0, 2, 6)
  (0, 0, 7, 0, 0, 0, 0, 2, 0)

Path 2773 (7 moves):
  (1, 1, 1, 1, 1, 1, 1, 1, 1)
  (1, 1, 1, 1, 0, 2, 1, 1, 1)
  (1, 1, 1, 1, 0, 2, 0, 2, 1)
  (0, 2, 1, 1, 0, 2, 0, 2, 1)
  (0, 2, 1, 3, 0, 0, 0, 2, 1)
  (0, 0, 1, 5, 0, 0, 0, 2, 1)
  (0, 0, 1, 5, 0, 0, 0, 3, 0)
  (0, 0, 0, 6, 0, 0, 0, 3, 0)

Path 2774 (7 moves):
  (1, 1, 1, 1, 1, 1, 1, 1, 1)
  (1, 1, 1, 1, 0, 2, 1, 1, 1)
  (1, 1, 1, 1, 0, 2, 0, 2, 1)
  (0, 2, 1, 1, 0, 2, 0, 2, 1)
  (0, 2, 1, 3, 0, 0, 0, 2, 1)
  (0, 2, 0, 4, 0, 0, 0, 2, 1)
  (0, 0, 0, 6, 0, 0, 0, 2, 1)
  (0, 0, 0, 6, 0, 0, 0, 3, 0)

Path 2775 (7 moves):
  (1, 1, 1, 1, 1, 1, 1, 1, 1)
  (1, 1, 1, 1, 0, 2, 1, 1, 1)
  (1, 1, 1, 1, 0, 2, 0, 2, 1)
  (0, 2, 1, 1, 0, 2, 0, 2, 1)
  (0, 2, 1, 3, 0, 0, 0, 2, 1)
  (0, 2, 0, 4, 0, 0, 0, 2, 1)
  (0, 2, 0, 0, 0, 0, 0, 6, 1)
  (0, 8, 0, 0, 0, 0, 0, 0, 1)

Path 2776 (7 moves):
  (1, 1, 1, 1, 1, 1, 1, 1, 1)
  (1, 1, 1, 1, 0, 2, 1, 1, 1)
  (1, 1, 1, 1, 0, 2, 0, 2, 1)
  (0, 2, 1, 1, 0, 2, 0, 2, 1)
  (0, 2, 1, 3, 0, 0, 0, 2, 1)
  (0, 2, 0, 4, 0, 0, 0, 2, 1)
  (0, 2, 0, 0, 0, 0, 0, 6, 1)
  (0, 2, 0, 0, 0, 0, 0, 7, 0)

Path 2777 (7 moves):
  (1, 1, 1, 1, 1, 1, 1, 1, 1)
  (1, 1, 1, 1, 0, 2, 1, 1, 1)
  (1, 1, 1, 1, 0, 2, 0, 2, 1)
  (0, 2, 1, 1, 0, 2, 0, 2, 1)
  (0, 2, 1, 3, 0, 0, 0, 2, 1)
  (0, 2, 0, 4, 0, 0, 0, 2, 1)
  (0, 2, 0, 4, 0, 0, 0, 3, 0)
  (0, 0, 0, 6, 0, 0, 0, 3, 0)

Path 2778 (7 moves):
  (1, 1, 1, 1, 1, 1, 1, 1, 1)
  (1, 1, 1, 1, 0, 2, 1, 1, 1)
  (1, 1, 1, 1, 0, 2, 0, 2, 1)
  (0, 2, 1, 1, 0, 2, 0, 2, 1)
  (0, 2, 1, 3, 0, 0, 0, 2, 1)
  (0, 2, 0, 4, 0, 0, 0, 2, 1)
  (0, 2, 0, 4, 0, 0, 0, 3, 0)
  (0, 2, 0, 0, 0, 0, 0, 7, 0)

Path 2779 (7 moves):
  (1, 1, 1, 1, 1, 1, 1, 1, 1)
  (1, 1, 1, 1, 0, 2, 1, 1, 1)
  (1, 1, 1, 1, 0, 2, 0, 2, 1)
  (0, 2, 1, 1, 0, 2, 0, 2, 1)
  (0, 2, 1, 1, 0, 0, 0, 4, 1)
  (0, 0, 1, 3, 0, 0, 0, 4, 1)
  (0, 0, 0, 4, 0, 0, 0, 4, 1)
  (0, 0, 0, 8, 0, 0, 0, 0, 1)

Path 2780 (7 moves):
  (1, 1, 1, 1, 1, 1, 1, 1, 1)
  (1, 1, 1, 1, 0, 2, 1, 1, 1)
  (1, 1, 1, 1, 0, 2, 0, 2, 1)
  (0, 2, 1, 1, 0, 2, 0, 2, 1)
  (0, 2, 1, 1, 0, 0, 0, 4, 1)
  (0, 0, 1, 3, 0, 0, 0, 4, 1)
  (0, 0, 1, 7, 0, 0, 0, 0, 1)
  (0, 0, 0, 8, 0, 0, 0, 0, 1)

Path 2781 (7 moves):
  (1, 1, 1, 1, 1, 1, 1, 1, 1)
  (1, 1, 1, 1, 0, 2, 1, 1, 1)
  (1, 1, 1, 1, 0, 2, 0, 2, 1)
  (0, 2, 1, 1, 0, 2, 0, 2, 1)
  (0, 2, 1, 1, 0, 0, 0, 4, 1)
  (0, 0, 1, 3, 0, 0, 0, 4, 1)
  (0, 0, 1, 3, 0, 0, 0, 5, 0)
  (0, 0, 6, 3, 0, 0, 0, 0, 0)

Path 2782 (7 moves):
  (1, 1, 1, 1, 1, 1, 1, 1, 1)
  (1, 1, 1, 1, 0, 2, 1, 1, 1)
  (1, 1, 1, 1, 0, 2, 0, 2, 1)
  (0, 2, 1, 1, 0, 2, 0, 2, 1)
  (0, 2, 1, 1, 0, 0, 0, 4, 1)
  (0, 2, 0, 2, 0, 0, 0, 4, 1)
  (0, 0, 0, 4, 0, 0, 0, 4, 1)
  (0, 0, 0, 8, 0, 0, 0, 0, 1)

Path 2783 (7 moves):
  (1, 1, 1, 1, 1, 1, 1, 1, 1)
  (1, 1, 1, 1, 0, 2, 1, 1, 1)
  (1, 1, 1, 1, 0, 2, 0, 2, 1)
  (0, 2, 1, 1, 0, 2, 0, 2, 1)
  (0, 2, 1, 1, 0, 0, 0, 4, 1)
  (0, 2, 0, 2, 0, 0, 0, 4, 1)
  (0, 4, 0, 0, 0, 0, 0, 4, 1)
  (0, 4, 0, 0, 0, 0, 0, 5, 0)

Path 2784 (7 moves):
  (1, 1, 1, 1, 1, 1, 1, 1, 1)
  (1, 1, 1, 1, 0, 2, 1, 1, 1)
  (1, 1, 1, 1, 0, 2, 0, 2, 1)
  (0, 2, 1, 1, 0, 2, 0, 2, 1)
  (0, 2, 1, 1, 0, 0, 0, 4, 1)
  (0, 2, 0, 2, 0, 0, 0, 4, 1)
  (0, 2, 0, 6, 0, 0, 0, 0, 1)
  (0, 0, 0, 8, 0, 0, 0, 0, 1)

Path 2785 (7 moves):
  (1, 1, 1, 1, 1, 1, 1, 1, 1)
  (1, 1, 1, 1, 0, 2, 1, 1, 1)
  (1, 1, 1, 1, 0, 2, 0, 2, 1)
  (0, 2, 1, 1, 0, 2, 0, 2, 1)
  (0, 2, 1, 1, 0, 0, 0, 4, 1)
  (0, 2, 0, 2, 0, 0, 0, 4, 1)
  (0, 2, 0, 2, 0, 0, 0, 5, 0)
  (0, 4, 0, 0, 0, 0, 0, 5, 0)

Path 2786 (7 moves):
  (1, 1, 1, 1, 1, 1, 1, 1, 1)
  (1, 1, 1, 1, 0, 2, 1, 1, 1)
  (1, 1, 1, 1, 0, 2, 0, 2, 1)
  (0, 2, 1, 1, 0, 2, 0, 2, 1)
  (0, 2, 1, 1, 0, 0, 0, 4, 1)
  (0, 2, 2, 0, 0, 0, 0, 4, 1)
  (0, 2, 2, 0, 0, 0, 0, 5, 0)
  (0, 2, 7, 0, 0, 0, 0, 0, 0)

Path 2787 (7 moves):
  (1, 1, 1, 1, 1, 1, 1, 1, 1)
  (1, 1, 1, 1, 0, 2, 1, 1, 1)
  (1, 1, 1, 1, 0, 2, 0, 2, 1)
  (0, 2, 1, 1, 0, 2, 0, 2, 1)
  (0, 2, 1, 1, 0, 0, 0, 4, 1)
  (0, 2, 1, 5, 0, 0, 0, 0, 1)
  (0, 0, 1, 7, 0, 0, 0, 0, 1)
  (0, 0, 0, 8, 0, 0, 0, 0, 1)

Path 2788 (7 moves):
  (1, 1, 1, 1, 1, 1, 1, 1, 1)
  (1, 1, 1, 1, 0, 2, 1, 1, 1)
  (1, 1, 1, 1, 0, 2, 0, 2, 1)
  (0, 2, 1, 1, 0, 2, 0, 2, 1)
  (0, 2, 1, 1, 0, 0, 0, 4, 1)
  (0, 2, 1, 5, 0, 0, 0, 0, 1)
  (0, 3, 0, 5, 0, 0, 0, 0, 1)
  (0, 3, 0, 0, 0, 0, 0, 0, 6)

Path 2789 (7 moves):
  (1, 1, 1, 1, 1, 1, 1, 1, 1)
  (1, 1, 1, 1, 0, 2, 1, 1, 1)
  (1, 1, 1, 1, 0, 2, 0, 2, 1)
  (0, 2, 1, 1, 0, 2, 0, 2, 1)
  (0, 2, 1, 1, 0, 0, 0, 4, 1)
  (0, 2, 1, 5, 0, 0, 0, 0, 1)
  (0, 2, 0, 6, 0, 0, 0, 0, 1)
  (0, 0, 0, 8, 0, 0, 0, 0, 1)

Path 2790 (7 moves):
  (1, 1, 1, 1, 1, 1, 1, 1, 1)
  (1, 1, 1, 1, 0, 2, 1, 1, 1)
  (1, 1, 1, 1, 0, 2, 0, 2, 1)
  (0, 2, 1, 1, 0, 2, 0, 2, 1)
  (0, 2, 1, 1, 0, 0, 0, 4, 1)
  (0, 2, 1, 5, 0, 0, 0, 0, 1)
  (0, 2, 1, 0, 0, 0, 0, 0, 6)
  (0, 3, 0, 0, 0, 0, 0, 0, 6)

Path 2791 (7 moves):
  (1, 1, 1, 1, 1, 1, 1, 1, 1)
  (1, 1, 1, 1, 0, 2, 1, 1, 1)
  (1, 1, 1, 1, 0, 2, 0, 2, 1)
  (0, 2, 1, 1, 0, 2, 0, 2, 1)
  (0, 2, 1, 1, 0, 0, 0, 4, 1)
  (0, 2, 1, 5, 0, 0, 0, 0, 1)
  (0, 2, 1, 0, 0, 0, 0, 0, 6)
  (0, 2, 7, 0, 0, 0, 0, 0, 0)

Path 2792 (7 moves):
  (1, 1, 1, 1, 1, 1, 1, 1, 1)
  (1, 1, 1, 1, 0, 2, 1, 1, 1)
  (1, 1, 1, 1, 0, 2, 0, 2, 1)
  (0, 2, 1, 1, 0, 2, 0, 2, 1)
  (0, 2, 1, 1, 0, 4, 0, 0, 1)
  (0, 3, 0, 1, 0, 4, 0, 0, 1)
  (0, 7, 0, 1, 0, 0, 0, 0, 1)
  (0, 0, 0, 1, 0, 0, 0, 0, 8)

Path 2793 (7 moves):
  (1, 1, 1, 1, 1, 1, 1, 1, 1)
  (1, 1, 1, 1, 0, 2, 1, 1, 1)
  (1, 1, 1, 1, 0, 2, 0, 2, 1)
  (0, 2, 1, 1, 0, 2, 0, 2, 1)
  (0, 2, 1, 1, 0, 2, 0, 3, 0)
  (0, 0, 1, 3, 0, 2, 0, 3, 0)
  (0, 0, 0, 4, 0, 2, 0, 3, 0)
  (0, 0, 0, 6, 0, 0, 0, 3, 0)

Path 2794 (7 moves):
  (1, 1, 1, 1, 1, 1, 1, 1, 1)
  (1, 1, 1, 1, 0, 2, 1, 1, 1)
  (1, 1, 1, 1, 0, 2, 0, 2, 1)
  (0, 2, 1, 1, 0, 2, 0, 2, 1)
  (0, 2, 1, 1, 0, 2, 0, 3, 0)
  (0, 0, 1, 3, 0, 2, 0, 3, 0)
  (0, 0, 1, 5, 0, 0, 0, 3, 0)
  (0, 0, 0, 6, 0, 0, 0, 3, 0)

Path 2795 (7 moves):
  (1, 1, 1, 1, 1, 1, 1, 1, 1)
  (1, 1, 1, 1, 0, 2, 1, 1, 1)
  (1, 1, 1, 1, 0, 2, 0, 2, 1)
  (0, 2, 1, 1, 0, 2, 0, 2, 1)
  (0, 2, 1, 1, 0, 2, 0, 3, 0)
  (0, 0, 1, 3, 0, 2, 0, 3, 0)
  (0, 0, 1, 3, 0, 0, 0, 5, 0)
  (0, 0, 6, 3, 0, 0, 0, 0, 0)

Path 2796 (7 moves):
  (1, 1, 1, 1, 1, 1, 1, 1, 1)
  (1, 1, 1, 1, 0, 2, 1, 1, 1)
  (1, 1, 1, 1, 0, 2, 0, 2, 1)
  (0, 2, 1, 1, 0, 2, 0, 2, 1)
  (0, 2, 1, 1, 0, 2, 0, 3, 0)
  (0, 2, 2, 0, 0, 2, 0, 3, 0)
  (0, 2, 2, 0, 0, 0, 0, 5, 0)
  (0, 2, 7, 0, 0, 0, 0, 0, 0)

Path 2797 (7 moves):
  (1, 1, 1, 1, 1, 1, 1, 1, 1)
  (1, 1, 1, 1, 0, 2, 1, 1, 1)
  (1, 1, 1, 1, 0, 2, 2, 0, 1)
  (1, 0, 2, 1, 0, 2, 2, 0, 1)
  (3, 0, 0, 1, 0, 2, 2, 0, 1)
  (0, 0, 0, 4, 0, 2, 2, 0, 1)
  (0, 0, 0, 6, 0, 0, 2, 0, 1)
  (0, 0, 0, 6, 0, 0, 0, 0, 3)

Path 2798 (7 moves):
  (1, 1, 1, 1, 1, 1, 1, 1, 1)
  (1, 1, 1, 1, 0, 2, 1, 1, 1)
  (1, 1, 1, 1, 0, 2, 2, 0, 1)
  (1, 0, 2, 1, 0, 2, 2, 0, 1)
  (3, 0, 0, 1, 0, 2, 2, 0, 1)
  (0, 0, 0, 4, 0, 2, 2, 0, 1)
  (0, 0, 0, 4, 0, 2, 0, 0, 3)
  (0, 0, 0, 6, 0, 0, 0, 0, 3)

Path 2799 (7 moves):
  (1, 1, 1, 1, 1, 1, 1, 1, 1)
  (1, 1, 1, 1, 0, 2, 1, 1, 1)
  (1, 1, 1, 1, 0, 2, 2, 0, 1)
  (1, 0, 2, 1, 0, 2, 2, 0, 1)
  (3, 0, 0, 1, 0, 2, 2, 0, 1)
  (0, 0, 0, 4, 0, 2, 2, 0, 1)
  (0, 0, 0, 4, 0, 2, 0, 0, 3)
  (0, 0, 0, 4, 0, 5, 0, 0, 0)

Path 2800 (7 moves):
  (1, 1, 1, 1, 1, 1, 1, 1, 1)
  (1, 1, 1, 1, 0, 2, 1, 1, 1)
  (1, 1, 1, 1, 0, 2, 2, 0, 1)
  (1, 0, 2, 1, 0, 2, 2, 0, 1)
  (3, 0, 0, 1, 0, 2, 2, 0, 1)
  (3, 0, 0, 1, 0, 2, 0, 0, 3)
  (0, 0, 0, 4, 0, 2, 0, 0, 3)
  (0, 0, 0, 6, 0, 0, 0, 0, 3)

Path 2801 (7 moves):
  (1, 1, 1, 1, 1, 1, 1, 1, 1)
  (1, 1, 1, 1, 0, 2, 1, 1, 1)
  (1, 1, 1, 1, 0, 2, 2, 0, 1)
  (1, 0, 2, 1, 0, 2, 2, 0, 1)
  (3, 0, 0, 1, 0, 2, 2, 0, 1)
  (3, 0, 0, 1, 0, 2, 0, 0, 3)
  (0, 0, 0, 4, 0, 2, 0, 0, 3)
  (0, 0, 0, 4, 0, 5, 0, 0, 0)

Path 2802 (7 moves):
  (1, 1, 1, 1, 1, 1, 1, 1, 1)
  (1, 1, 1, 1, 0, 2, 1, 1, 1)
  (1, 1, 1, 1, 0, 2, 2, 0, 1)
  (1, 0, 2, 1, 0, 2, 2, 0, 1)
  (3, 0, 0, 1, 0, 2, 2, 0, 1)
  (3, 0, 0, 1, 0, 2, 0, 0, 3)
  (3, 0, 0, 3, 0, 0, 0, 0, 3)
  (0, 0, 0, 6, 0, 0, 0, 0, 3)

Path 2803 (7 moves):
  (1, 1, 1, 1, 1, 1, 1, 1, 1)
  (1, 1, 1, 1, 0, 2, 1, 1, 1)
  (1, 1, 1, 1, 0, 2, 2, 0, 1)
  (1, 0, 2, 1, 0, 2, 2, 0, 1)
  (3, 0, 0, 1, 0, 2, 2, 0, 1)
  (3, 0, 0, 1, 0, 2, 0, 0, 3)
  (3, 0, 0, 3, 0, 0, 0, 0, 3)
  (6, 0, 0, 0, 0, 0, 0, 0, 3)

Path 2804 (7 moves):
  (1, 1, 1, 1, 1, 1, 1, 1, 1)
  (1, 1, 1, 1, 0, 2, 1, 1, 1)
  (1, 1, 1, 1, 0, 2, 2, 0, 1)
  (1, 0, 2, 1, 0, 2, 2, 0, 1)
  (3, 0, 0, 1, 0, 2, 2, 0, 1)
  (3, 0, 0, 1, 0, 2, 0, 0, 3)
  (3, 0, 0, 1, 0, 5, 0, 0, 0)
  (0, 0, 0, 4, 0, 5, 0, 0, 0)

Path 2805 (7 moves):
  (1, 1, 1, 1, 1, 1, 1, 1, 1)
  (1, 1, 1, 1, 0, 2, 1, 1, 1)
  (1, 1, 1, 1, 0, 2, 2, 0, 1)
  (1, 0, 2, 1, 0, 2, 2, 0, 1)
  (3, 0, 0, 1, 0, 2, 2, 0, 1)
  (3, 0, 0, 1, 0, 2, 0, 0, 3)
  (3, 0, 0, 1, 0, 5, 0, 0, 0)
  (8, 0, 0, 1, 0, 0, 0, 0, 0)

Path 2806 (7 moves):
  (1, 1, 1, 1, 1, 1, 1, 1, 1)
  (1, 1, 1, 1, 0, 2, 1, 1, 1)
  (1, 1, 1, 1, 0, 2, 2, 0, 1)
  (1, 0, 2, 1, 0, 2, 2, 0, 1)
  (1, 0, 3, 0, 0, 2, 2, 0, 1)
  (1, 0, 0, 0, 0, 5, 2, 0, 1)
  (6, 0, 0, 0, 0, 0, 2, 0, 1)
  (0, 0, 0, 0, 0, 0, 8, 0, 1)

Path 2807 (7 moves):
  (1, 1, 1, 1, 1, 1, 1, 1, 1)
  (1, 1, 1, 1, 0, 2, 1, 1, 1)
  (1, 1, 1, 1, 0, 2, 2, 0, 1)
  (1, 0, 2, 1, 0, 2, 2, 0, 1)
  (1, 0, 3, 0, 0, 2, 2, 0, 1)
  (1, 0, 0, 0, 0, 5, 2, 0, 1)
  (6, 0, 0, 0, 0, 0, 2, 0, 1)
  (6, 0, 0, 0, 0, 0, 0, 0, 3)

Path 2808 (7 moves):
  (1, 1, 1, 1, 1, 1, 1, 1, 1)
  (1, 1, 1, 1, 0, 2, 1, 1, 1)
  (1, 1, 1, 1, 0, 2, 2, 0, 1)
  (1, 0, 2, 1, 0, 2, 2, 0, 1)
  (1, 0, 3, 0, 0, 2, 2, 0, 1)
  (1, 0, 0, 0, 0, 5, 2, 0, 1)
  (1, 0, 0, 0, 0, 5, 0, 0, 3)
  (6, 0, 0, 0, 0, 0, 0, 0, 3)

Path 2809 (7 moves):
  (1, 1, 1, 1, 1, 1, 1, 1, 1)
  (1, 1, 1, 1, 0, 2, 1, 1, 1)
  (1, 1, 1, 1, 0, 2, 2, 0, 1)
  (1, 0, 2, 1, 0, 2, 2, 0, 1)
  (1, 0, 3, 0, 0, 2, 2, 0, 1)
  (1, 0, 0, 0, 0, 5, 2, 0, 1)
  (1, 0, 0, 0, 0, 5, 0, 0, 3)
  (1, 0, 0, 0, 0, 8, 0, 0, 0)

Path 2810 (7 moves):
  (1, 1, 1, 1, 1, 1, 1, 1, 1)
  (1, 1, 1, 1, 0, 2, 1, 1, 1)
  (1, 1, 1, 1, 0, 2, 2, 0, 1)
  (1, 0, 2, 1, 0, 2, 2, 0, 1)
  (1, 0, 3, 0, 0, 2, 2, 0, 1)
  (1, 0, 3, 0, 0, 2, 0, 0, 3)
  (1, 0, 0, 0, 0, 5, 0, 0, 3)
  (6, 0, 0, 0, 0, 0, 0, 0, 3)

Path 2811 (7 moves):
  (1, 1, 1, 1, 1, 1, 1, 1, 1)
  (1, 1, 1, 1, 0, 2, 1, 1, 1)
  (1, 1, 1, 1, 0, 2, 2, 0, 1)
  (1, 0, 2, 1, 0, 2, 2, 0, 1)
  (1, 0, 3, 0, 0, 2, 2, 0, 1)
  (1, 0, 3, 0, 0, 2, 0, 0, 3)
  (1, 0, 0, 0, 0, 5, 0, 0, 3)
  (1, 0, 0, 0, 0, 8, 0, 0, 0)

Path 2812 (7 moves):
  (1, 1, 1, 1, 1, 1, 1, 1, 1)
  (1, 1, 1, 1, 0, 2, 1, 1, 1)
  (1, 1, 1, 1, 0, 2, 2, 0, 1)
  (1, 0, 2, 1, 0, 2, 2, 0, 1)
  (1, 0, 3, 0, 0, 2, 2, 0, 1)
  (1, 0, 3, 0, 0, 2, 0, 0, 3)
  (1, 0, 3, 0, 0, 5, 0, 0, 0)
  (1, 0, 0, 0, 0, 8, 0, 0, 0)

Path 2813 (7 moves):
  (1, 1, 1, 1, 1, 1, 1, 1, 1)
  (1, 1, 1, 1, 0, 2, 1, 1, 1)
  (1, 1, 1, 1, 0, 2, 2, 0, 1)
  (1, 0, 2, 1, 0, 2, 2, 0, 1)
  (1, 0, 3, 0, 0, 2, 2, 0, 1)
  (1, 0, 3, 0, 0, 2, 0, 0, 3)
  (1, 0, 3, 0, 0, 5, 0, 0, 0)
  (6, 0, 3, 0, 0, 0, 0, 0, 0)

Path 2814 (7 moves):
  (1, 1, 1, 1, 1, 1, 1, 1, 1)
  (1, 1, 1, 1, 0, 2, 1, 1, 1)
  (1, 1, 1, 1, 0, 2, 2, 0, 1)
  (1, 0, 2, 1, 0, 2, 2, 0, 1)
  (1, 0, 2, 3, 0, 0, 2, 0, 1)
  (4, 0, 2, 0, 0, 0, 2, 0, 1)
  (6, 0, 0, 0, 0, 0, 2, 0, 1)
  (0, 0, 0, 0, 0, 0, 8, 0, 1)

Path 2815 (7 moves):
  (1, 1, 1, 1, 1, 1, 1, 1, 1)
  (1, 1, 1, 1, 0, 2, 1, 1, 1)
  (1, 1, 1, 1, 0, 2, 2, 0, 1)
  (1, 0, 2, 1, 0, 2, 2, 0, 1)
  (1, 0, 2, 3, 0, 0, 2, 0, 1)
  (4, 0, 2, 0, 0, 0, 2, 0, 1)
  (6, 0, 0, 0, 0, 0, 2, 0, 1)
  (6, 0, 0, 0, 0, 0, 0, 0, 3)

Path 2816 (7 moves):
  (1, 1, 1, 1, 1, 1, 1, 1, 1)
  (1, 1, 1, 1, 0, 2, 1, 1, 1)
  (1, 1, 1, 1, 0, 2, 2, 0, 1)
  (1, 0, 2, 1, 0, 2, 2, 0, 1)
  (1, 0, 2, 3, 0, 0, 2, 0, 1)
  (4, 0, 2, 0, 0, 0, 2, 0, 1)
  (4, 0, 2, 0, 0, 0, 0, 0, 3)
  (6, 0, 0, 0, 0, 0, 0, 0, 3)

Path 2817 (7 moves):
  (1, 1, 1, 1, 1, 1, 1, 1, 1)
  (1, 1, 1, 1, 0, 2, 1, 1, 1)
  (1, 1, 1, 1, 0, 2, 2, 0, 1)
  (1, 0, 2, 1, 0, 2, 2, 0, 1)
  (1, 0, 2, 3, 0, 0, 2, 0, 1)
  (1, 0, 2, 3, 0, 0, 0, 0, 3)
  (3, 0, 0, 3, 0, 0, 0, 0, 3)
  (0, 0, 0, 6, 0, 0, 0, 0, 3)

Path 2818 (7 moves):
  (1, 1, 1, 1, 1, 1, 1, 1, 1)
  (1, 1, 1, 1, 0, 2, 1, 1, 1)
  (1, 1, 1, 1, 0, 2, 2, 0, 1)
  (1, 0, 2, 1, 0, 2, 2, 0, 1)
  (1, 0, 2, 3, 0, 0, 2, 0, 1)
  (1, 0, 2, 3, 0, 0, 0, 0, 3)
  (3, 0, 0, 3, 0, 0, 0, 0, 3)
  (6, 0, 0, 0, 0, 0, 0, 0, 3)

Path 2819 (7 moves):
  (1, 1, 1, 1, 1, 1, 1, 1, 1)
  (1, 1, 1, 1, 0, 2, 1, 1, 1)
  (1, 1, 1, 1, 0, 2, 2, 0, 1)
  (1, 0, 2, 1, 0, 2, 2, 0, 1)
  (1, 0, 2, 3, 0, 0, 2, 0, 1)
  (1, 0, 2, 3, 0, 0, 0, 0, 3)
  (4, 0, 2, 0, 0, 0, 0, 0, 3)
  (6, 0, 0, 0, 0, 0, 0, 0, 3)

Path 2820 (7 moves):
  (1, 1, 1, 1, 1, 1, 1, 1, 1)
  (1, 1, 1, 1, 0, 2, 1, 1, 1)
  (1, 1, 1, 1, 0, 2, 2, 0, 1)
  (1, 0, 2, 1, 0, 2, 2, 0, 1)
  (1, 0, 2, 1, 0, 2, 0, 0, 3)
  (3, 0, 0, 1, 0, 2, 0, 0, 3)
  (0, 0, 0, 4, 0, 2, 0, 0, 3)
  (0, 0, 0, 6, 0, 0, 0, 0, 3)

Path 2821 (7 moves):
  (1, 1, 1, 1, 1, 1, 1, 1, 1)
  (1, 1, 1, 1, 0, 2, 1, 1, 1)
  (1, 1, 1, 1, 0, 2, 2, 0, 1)
  (1, 0, 2, 1, 0, 2, 2, 0, 1)
  (1, 0, 2, 1, 0, 2, 0, 0, 3)
  (3, 0, 0, 1, 0, 2, 0, 0, 3)
  (0, 0, 0, 4, 0, 2, 0, 0, 3)
  (0, 0, 0, 4, 0, 5, 0, 0, 0)

Path 2822 (7 moves):
  (1, 1, 1, 1, 1, 1, 1, 1, 1)
  (1, 1, 1, 1, 0, 2, 1, 1, 1)
  (1, 1, 1, 1, 0, 2, 2, 0, 1)
  (1, 0, 2, 1, 0, 2, 2, 0, 1)
  (1, 0, 2, 1, 0, 2, 0, 0, 3)
  (3, 0, 0, 1, 0, 2, 0, 0, 3)
  (3, 0, 0, 3, 0, 0, 0, 0, 3)
  (0, 0, 0, 6, 0, 0, 0, 0, 3)

Path 2823 (7 moves):
  (1, 1, 1, 1, 1, 1, 1, 1, 1)
  (1, 1, 1, 1, 0, 2, 1, 1, 1)
  (1, 1, 1, 1, 0, 2, 2, 0, 1)
  (1, 0, 2, 1, 0, 2, 2, 0, 1)
  (1, 0, 2, 1, 0, 2, 0, 0, 3)
  (3, 0, 0, 1, 0, 2, 0, 0, 3)
  (3, 0, 0, 3, 0, 0, 0, 0, 3)
  (6, 0, 0, 0, 0, 0, 0, 0, 3)

Path 2824 (7 moves):
  (1, 1, 1, 1, 1, 1, 1, 1, 1)
  (1, 1, 1, 1, 0, 2, 1, 1, 1)
  (1, 1, 1, 1, 0, 2, 2, 0, 1)
  (1, 0, 2, 1, 0, 2, 2, 0, 1)
  (1, 0, 2, 1, 0, 2, 0, 0, 3)
  (3, 0, 0, 1, 0, 2, 0, 0, 3)
  (3, 0, 0, 1, 0, 5, 0, 0, 0)
  (0, 0, 0, 4, 0, 5, 0, 0, 0)

Path 2825 (7 moves):
  (1, 1, 1, 1, 1, 1, 1, 1, 1)
  (1, 1, 1, 1, 0, 2, 1, 1, 1)
  (1, 1, 1, 1, 0, 2, 2, 0, 1)
  (1, 0, 2, 1, 0, 2, 2, 0, 1)
  (1, 0, 2, 1, 0, 2, 0, 0, 3)
  (3, 0, 0, 1, 0, 2, 0, 0, 3)
  (3, 0, 0, 1, 0, 5, 0, 0, 0)
  (8, 0, 0, 1, 0, 0, 0, 0, 0)

Path 2826 (7 moves):
  (1, 1, 1, 1, 1, 1, 1, 1, 1)
  (1, 1, 1, 1, 0, 2, 1, 1, 1)
  (1, 1, 1, 1, 0, 2, 2, 0, 1)
  (1, 0, 2, 1, 0, 2, 2, 0, 1)
  (1, 0, 2, 1, 0, 2, 0, 0, 3)
  (1, 0, 3, 0, 0, 2, 0, 0, 3)
  (1, 0, 0, 0, 0, 5, 0, 0, 3)
  (6, 0, 0, 0, 0, 0, 0, 0, 3)

Path 2827 (7 moves):
  (1, 1, 1, 1, 1, 1, 1, 1, 1)
  (1, 1, 1, 1, 0, 2, 1, 1, 1)
  (1, 1, 1, 1, 0, 2, 2, 0, 1)
  (1, 0, 2, 1, 0, 2, 2, 0, 1)
  (1, 0, 2, 1, 0, 2, 0, 0, 3)
  (1, 0, 3, 0, 0, 2, 0, 0, 3)
  (1, 0, 0, 0, 0, 5, 0, 0, 3)
  (1, 0, 0, 0, 0, 8, 0, 0, 0)

Path 2828 (7 moves):
  (1, 1, 1, 1, 1, 1, 1, 1, 1)
  (1, 1, 1, 1, 0, 2, 1, 1, 1)
  (1, 1, 1, 1, 0, 2, 2, 0, 1)
  (1, 0, 2, 1, 0, 2, 2, 0, 1)
  (1, 0, 2, 1, 0, 2, 0, 0, 3)
  (1, 0, 3, 0, 0, 2, 0, 0, 3)
  (1, 0, 3, 0, 0, 5, 0, 0, 0)
  (1, 0, 0, 0, 0, 8, 0, 0, 0)

Path 2829 (7 moves):
  (1, 1, 1, 1, 1, 1, 1, 1, 1)
  (1, 1, 1, 1, 0, 2, 1, 1, 1)
  (1, 1, 1, 1, 0, 2, 2, 0, 1)
  (1, 0, 2, 1, 0, 2, 2, 0, 1)
  (1, 0, 2, 1, 0, 2, 0, 0, 3)
  (1, 0, 3, 0, 0, 2, 0, 0, 3)
  (1, 0, 3, 0, 0, 5, 0, 0, 0)
  (6, 0, 3, 0, 0, 0, 0, 0, 0)

Path 2830 (7 moves):
  (1, 1, 1, 1, 1, 1, 1, 1, 1)
  (1, 1, 1, 1, 0, 2, 1, 1, 1)
  (1, 1, 1, 1, 0, 2, 2, 0, 1)
  (1, 0, 2, 1, 0, 2, 2, 0, 1)
  (1, 0, 2, 1, 0, 2, 0, 0, 3)
  (1, 0, 2, 3, 0, 0, 0, 0, 3)
  (3, 0, 0, 3, 0, 0, 0, 0, 3)
  (0, 0, 0, 6, 0, 0, 0, 0, 3)

Path 2831 (7 moves):
  (1, 1, 1, 1, 1, 1, 1, 1, 1)
  (1, 1, 1, 1, 0, 2, 1, 1, 1)
  (1, 1, 1, 1, 0, 2, 2, 0, 1)
  (1, 0, 2, 1, 0, 2, 2, 0, 1)
  (1, 0, 2, 1, 0, 2, 0, 0, 3)
  (1, 0, 2, 3, 0, 0, 0, 0, 3)
  (3, 0, 0, 3, 0, 0, 0, 0, 3)
  (6, 0, 0, 0, 0, 0, 0, 0, 3)

Path 2832 (7 moves):
  (1, 1, 1, 1, 1, 1, 1, 1, 1)
  (1, 1, 1, 1, 0, 2, 1, 1, 1)
  (1, 1, 1, 1, 0, 2, 2, 0, 1)
  (1, 0, 2, 1, 0, 2, 2, 0, 1)
  (1, 0, 2, 1, 0, 2, 0, 0, 3)
  (1, 0, 2, 3, 0, 0, 0, 0, 3)
  (4, 0, 2, 0, 0, 0, 0, 0, 3)
  (6, 0, 0, 0, 0, 0, 0, 0, 3)

Path 2833 (7 moves):
  (1, 1, 1, 1, 1, 1, 1, 1, 1)
  (1, 1, 1, 1, 0, 2, 1, 1, 1)
  (1, 1, 1, 1, 0, 2, 2, 0, 1)
  (1, 0, 2, 1, 0, 2, 2, 0, 1)
  (1, 0, 2, 1, 0, 2, 0, 0, 3)
  (1, 0, 2, 1, 0, 5, 0, 0, 0)
  (3, 0, 0, 1, 0, 5, 0, 0, 0)
  (0, 0, 0, 4, 0, 5, 0, 0, 0)

Path 2834 (7 moves):
  (1, 1, 1, 1, 1, 1, 1, 1, 1)
  (1, 1, 1, 1, 0, 2, 1, 1, 1)
  (1, 1, 1, 1, 0, 2, 2, 0, 1)
  (1, 0, 2, 1, 0, 2, 2, 0, 1)
  (1, 0, 2, 1, 0, 2, 0, 0, 3)
  (1, 0, 2, 1, 0, 5, 0, 0, 0)
  (3, 0, 0, 1, 0, 5, 0, 0, 0)
  (8, 0, 0, 1, 0, 0, 0, 0, 0)

Path 2835 (7 moves):
  (1, 1, 1, 1, 1, 1, 1, 1, 1)
  (1, 1, 1, 1, 0, 2, 1, 1, 1)
  (1, 1, 1, 1, 0, 2, 2, 0, 1)
  (1, 0, 2, 1, 0, 2, 2, 0, 1)
  (1, 0, 2, 1, 0, 2, 0, 0, 3)
  (1, 0, 2, 1, 0, 5, 0, 0, 0)
  (1, 0, 3, 0, 0, 5, 0, 0, 0)
  (1, 0, 0, 0, 0, 8, 0, 0, 0)

Path 2836 (7 moves):
  (1, 1, 1, 1, 1, 1, 1, 1, 1)
  (1, 1, 1, 1, 0, 2, 1, 1, 1)
  (1, 1, 1, 1, 0, 2, 2, 0, 1)
  (1, 0, 2, 1, 0, 2, 2, 0, 1)
  (1, 0, 2, 1, 0, 2, 0, 0, 3)
  (1, 0, 2, 1, 0, 5, 0, 0, 0)
  (1, 0, 3, 0, 0, 5, 0, 0, 0)
  (6, 0, 3, 0, 0, 0, 0, 0, 0)

Path 2837 (7 moves):
  (1, 1, 1, 1, 1, 1, 1, 1, 1)
  (1, 1, 1, 1, 0, 2, 1, 1, 1)
  (1, 1, 1, 1, 0, 2, 2, 0, 1)
  (1, 0, 2, 1, 0, 2, 2, 0, 1)
  (1, 0, 2, 1, 0, 2, 0, 0, 3)
  (1, 0, 2, 1, 0, 5, 0, 0, 0)
  (6, 0, 2, 1, 0, 0, 0, 0, 0)
  (8, 0, 0, 1, 0, 0, 0, 0, 0)

Path 2838 (7 moves):
  (1, 1, 1, 1, 1, 1, 1, 1, 1)
  (1, 1, 1, 1, 0, 2, 1, 1, 1)
  (1, 1, 1, 1, 0, 2, 2, 0, 1)
  (1, 0, 2, 1, 0, 2, 2, 0, 1)
  (1, 0, 2, 1, 0, 2, 0, 0, 3)
  (1, 0, 2, 1, 0, 5, 0, 0, 0)
  (6, 0, 2, 1, 0, 0, 0, 0, 0)
  (6, 0, 3, 0, 0, 0, 0, 0, 0)

Path 2839 (7 moves):
  (1, 1, 1, 1, 1, 1, 1, 1, 1)
  (1, 1, 1, 1, 0, 2, 1, 1, 1)
  (1, 1, 1, 1, 0, 2, 1, 0, 2)
  (2, 0, 1, 1, 0, 2, 1, 0, 2)
  (0, 0, 3, 1, 0, 2, 1, 0, 2)
  (0, 0, 4, 0, 0, 2, 1, 0, 2)
  (0, 0, 0, 0, 0, 2, 5, 0, 2)
  (0, 0, 0, 0, 0, 2, 7, 0, 0)

Path 2840 (7 moves):
  (1, 1, 1, 1, 1, 1, 1, 1, 1)
  (1, 1, 1, 1, 0, 2, 1, 1, 1)
  (1, 1, 1, 1, 0, 2, 1, 0, 2)
  (2, 0, 1, 1, 0, 2, 1, 0, 2)
  (0, 0, 3, 1, 0, 2, 1, 0, 2)
  (0, 0, 4, 0, 0, 2, 1, 0, 2)
  (0, 0, 4, 0, 0, 3, 0, 0, 2)
  (0, 0, 7, 0, 0, 0, 0, 0, 2)

Path 2841 (7 moves):
  (1, 1, 1, 1, 1, 1, 1, 1, 1)
  (1, 1, 1, 1, 0, 2, 1, 1, 1)
  (1, 1, 1, 1, 0, 2, 1, 0, 2)
  (2, 0, 1, 1, 0, 2, 1, 0, 2)
  (0, 0, 3, 1, 0, 2, 1, 0, 2)
  (0, 0, 4, 0, 0, 2, 1, 0, 2)
  (0, 0, 4, 0, 0, 3, 0, 0, 2)
  (0, 0, 4, 0, 0, 0, 0, 0, 5)

Path 2842 (7 moves):
  (1, 1, 1, 1, 1, 1, 1, 1, 1)
  (1, 1, 1, 1, 0, 2, 1, 1, 1)
  (1, 1, 1, 1, 0, 2, 1, 0, 2)
  (2, 0, 1, 1, 0, 2, 1, 0, 2)
  (0, 0, 3, 1, 0, 2, 1, 0, 2)
  (0, 0, 4, 0, 0, 2, 1, 0, 2)
  (0, 0, 4, 0, 0, 2, 3, 0, 0)
  (0, 0, 0, 0, 0, 2, 7, 0, 0)

Path 2843 (7 moves):
  (1, 1, 1, 1, 1, 1, 1, 1, 1)
  (1, 1, 1, 1, 0, 2, 1, 1, 1)
  (1, 1, 1, 1, 0, 2, 1, 0, 2)
  (2, 0, 1, 1, 0, 2, 1, 0, 2)
  (0, 0, 3, 1, 0, 2, 1, 0, 2)
  (0, 0, 3, 3, 0, 0, 1, 0, 2)
  (0, 0, 3, 0, 0, 0, 4, 0, 2)
  (0, 0, 7, 0, 0, 0, 0, 0, 2)

Path 2844 (7 moves):
  (1, 1, 1, 1, 1, 1, 1, 1, 1)
  (1, 1, 1, 1, 0, 2, 1, 1, 1)
  (1, 1, 1, 1, 0, 2, 1, 0, 2)
  (2, 0, 1, 1, 0, 2, 1, 0, 2)
  (0, 0, 3, 1, 0, 2, 1, 0, 2)
  (0, 0, 3, 3, 0, 0, 1, 0, 2)
  (0, 0, 3, 0, 0, 0, 4, 0, 2)
  (0, 0, 3, 0, 0, 0, 6, 0, 0)

Path 2845 (7 moves):
  (1, 1, 1, 1, 1, 1, 1, 1, 1)
  (1, 1, 1, 1, 0, 2, 1, 1, 1)
  (1, 1, 1, 1, 0, 2, 1, 0, 2)
  (2, 0, 1, 1, 0, 2, 1, 0, 2)
  (0, 0, 3, 1, 0, 2, 1, 0, 2)
  (0, 0, 3, 3, 0, 0, 1, 0, 2)
  (0, 0, 3, 3, 0, 0, 3, 0, 0)
  (0, 0, 3, 0, 0, 0, 6, 0, 0)

Path 2846 (7 moves):
  (1, 1, 1, 1, 1, 1, 1, 1, 1)
  (1, 1, 1, 1, 0, 2, 1, 1, 1)
  (1, 1, 1, 1, 0, 2, 1, 0, 2)
  (2, 0, 1, 1, 0, 2, 1, 0, 2)
  (0, 0, 3, 1, 0, 2, 1, 0, 2)
  (0, 0, 3, 3, 0, 0, 1, 0, 2)
  (0, 0, 3, 3, 0, 0, 3, 0, 0)
  (0, 0, 3, 6, 0, 0, 0, 0, 0)

Path 2847 (7 moves):
  (1, 1, 1, 1, 1, 1, 1, 1, 1)
  (1, 1, 1, 1, 0, 2, 1, 1, 1)
  (1, 1, 1, 1, 0, 2, 1, 0, 2)
  (2, 0, 1, 1, 0, 2, 1, 0, 2)
  (0, 0, 3, 1, 0, 2, 1, 0, 2)
  (0, 0, 3, 1, 0, 2, 3, 0, 0)
  (0, 0, 0, 1, 0, 5, 3, 0, 0)
  (0, 0, 0, 4, 0, 5, 0, 0, 0)

Path 2848 (7 moves):
  (1, 1, 1, 1, 1, 1, 1, 1, 1)
  (1, 1, 1, 1, 0, 2, 1, 1, 1)
  (1, 1, 1, 1, 0, 2, 1, 0, 2)
  (2, 0, 1, 1, 0, 2, 1, 0, 2)
  (0, 0, 3, 1, 0, 2, 1, 0, 2)
  (0, 0, 3, 1, 0, 2, 3, 0, 0)
  (0, 0, 4, 0, 0, 2, 3, 0, 0)
  (0, 0, 0, 0, 0, 2, 7, 0, 0)

Path 2849 (7 moves):
  (1, 1, 1, 1, 1, 1, 1, 1, 1)
  (1, 1, 1, 1, 0, 2, 1, 1, 1)
  (1, 1, 1, 1, 0, 2, 1, 0, 2)
  (2, 0, 1, 1, 0, 2, 1, 0, 2)
  (0, 0, 3, 1, 0, 2, 1, 0, 2)
  (0, 0, 3, 1, 0, 2, 3, 0, 0)
  (0, 0, 3, 3, 0, 0, 3, 0, 0)
  (0, 0, 3, 0, 0, 0, 6, 0, 0)

Path 2850 (7 moves):
  (1, 1, 1, 1, 1, 1, 1, 1, 1)
  (1, 1, 1, 1, 0, 2, 1, 1, 1)
  (1, 1, 1, 1, 0, 2, 1, 0, 2)
  (2, 0, 1, 1, 0, 2, 1, 0, 2)
  (0, 0, 3, 1, 0, 2, 1, 0, 2)
  (0, 0, 3, 1, 0, 2, 3, 0, 0)
  (0, 0, 3, 3, 0, 0, 3, 0, 0)
  (0, 0, 3, 6, 0, 0, 0, 0, 0)

Path 2851 (7 moves):
  (1, 1, 1, 1, 1, 1, 1, 1, 1)
  (1, 1, 1, 1, 0, 2, 1, 1, 1)
  (1, 1, 1, 1, 0, 2, 1, 0, 2)
  (2, 0, 1, 1, 0, 2, 1, 0, 2)
  (0, 0, 3, 1, 0, 2, 1, 0, 2)
  (0, 0, 3, 1, 0, 2, 3, 0, 0)
  (0, 0, 3, 4, 0, 2, 0, 0, 0)
  (0, 0, 0, 4, 0, 5, 0, 0, 0)

Path 2852 (7 moves):
  (1, 1, 1, 1, 1, 1, 1, 1, 1)
  (1, 1, 1, 1, 0, 2, 1, 1, 1)
  (1, 1, 1, 1, 0, 2, 1, 0, 2)
  (2, 0, 1, 1, 0, 2, 1, 0, 2)
  (0, 0, 3, 1, 0, 2, 1, 0, 2)
  (0, 0, 3, 1, 0, 2, 3, 0, 0)
  (0, 0, 3, 4, 0, 2, 0, 0, 0)
  (0, 0, 3, 6, 0, 0, 0, 0, 0)

Path 2853 (7 moves):
  (1, 1, 1, 1, 1, 1, 1, 1, 1)
  (1, 1, 1, 1, 0, 2, 1, 1, 1)
  (1, 1, 1, 1, 0, 2, 1, 0, 2)
  (2, 0, 1, 1, 0, 2, 1, 0, 2)
  (2, 0, 0, 2, 0, 2, 1, 0, 2)
  (2, 0, 0, 4, 0, 0, 1, 0, 2)
  (2, 0, 0, 4, 0, 0, 3, 0, 0)
  (2, 0, 0, 7, 0, 0, 0, 0, 0)

Path 2854 (7 moves):
  (1, 1, 1, 1, 1, 1, 1, 1, 1)
  (1, 1, 1, 1, 0, 2, 1, 1, 1)
  (1, 1, 1, 1, 0, 2, 1, 0, 2)
  (2, 0, 1, 1, 0, 2, 1, 0, 2)
  (2, 0, 0, 2, 0, 2, 1, 0, 2)
  (2, 0, 0, 2, 0, 3, 0, 0, 2)
  (2, 0, 0, 0, 0, 5, 0, 0, 2)
  (7, 0, 0, 0, 0, 0, 0, 0, 2)

Path 2855 (7 moves):
  (1, 1, 1, 1, 1, 1, 1, 1, 1)
  (1, 1, 1, 1, 0, 2, 1, 1, 1)
  (1, 1, 1, 1, 0, 2, 1, 0, 2)
  (2, 0, 1, 1, 0, 2, 1, 0, 2)
  (2, 0, 0, 2, 0, 2, 1, 0, 2)
  (2, 0, 0, 2, 0, 3, 0, 0, 2)
  (2, 0, 0, 2, 0, 0, 0, 0, 5)
  (2, 0, 0, 7, 0, 0, 0, 0, 0)

Path 2856 (7 moves):
  (1, 1, 1, 1, 1, 1, 1, 1, 1)
  (1, 1, 1, 1, 0, 2, 1, 1, 1)
  (1, 1, 1, 1, 0, 2, 1, 0, 2)
  (2, 0, 1, 1, 0, 2, 1, 0, 2)
  (2, 0, 2, 0, 0, 2, 1, 0, 2)
  (0, 0, 4, 0, 0, 2, 1, 0, 2)
  (0, 0, 0, 0, 0, 2, 5, 0, 2)
  (0, 0, 0, 0, 0, 2, 7, 0, 0)

Path 2857 (7 moves):
  (1, 1, 1, 1, 1, 1, 1, 1, 1)
  (1, 1, 1, 1, 0, 2, 1, 1, 1)
  (1, 1, 1, 1, 0, 2, 1, 0, 2)
  (2, 0, 1, 1, 0, 2, 1, 0, 2)
  (2, 0, 2, 0, 0, 2, 1, 0, 2)
  (0, 0, 4, 0, 0, 2, 1, 0, 2)
  (0, 0, 4, 0, 0, 3, 0, 0, 2)
  (0, 0, 7, 0, 0, 0, 0, 0, 2)

Path 2858 (7 moves):
  (1, 1, 1, 1, 1, 1, 1, 1, 1)
  (1, 1, 1, 1, 0, 2, 1, 1, 1)
  (1, 1, 1, 1, 0, 2, 1, 0, 2)
  (2, 0, 1, 1, 0, 2, 1, 0, 2)
  (2, 0, 2, 0, 0, 2, 1, 0, 2)
  (0, 0, 4, 0, 0, 2, 1, 0, 2)
  (0, 0, 4, 0, 0, 3, 0, 0, 2)
  (0, 0, 4, 0, 0, 0, 0, 0, 5)

Path 2859 (7 moves):
  (1, 1, 1, 1, 1, 1, 1, 1, 1)
  (1, 1, 1, 1, 0, 2, 1, 1, 1)
  (1, 1, 1, 1, 0, 2, 1, 0, 2)
  (2, 0, 1, 1, 0, 2, 1, 0, 2)
  (2, 0, 2, 0, 0, 2, 1, 0, 2)
  (0, 0, 4, 0, 0, 2, 1, 0, 2)
  (0, 0, 4, 0, 0, 2, 3, 0, 0)
  (0, 0, 0, 0, 0, 2, 7, 0, 0)

Path 2860 (7 moves):
  (1, 1, 1, 1, 1, 1, 1, 1, 1)
  (1, 1, 1, 1, 0, 2, 1, 1, 1)
  (1, 1, 1, 1, 0, 2, 1, 0, 2)
  (2, 0, 1, 1, 0, 2, 1, 0, 2)
  (2, 0, 2, 0, 0, 2, 1, 0, 2)
  (2, 0, 2, 0, 0, 3, 0, 0, 2)
  (0, 0, 4, 0, 0, 3, 0, 0, 2)
  (0, 0, 7, 0, 0, 0, 0, 0, 2)

Path 2861 (7 moves):
  (1, 1, 1, 1, 1, 1, 1, 1, 1)
  (1, 1, 1, 1, 0, 2, 1, 1, 1)
  (1, 1, 1, 1, 0, 2, 1, 0, 2)
  (2, 0, 1, 1, 0, 2, 1, 0, 2)
  (2, 0, 2, 0, 0, 2, 1, 0, 2)
  (2, 0, 2, 0, 0, 3, 0, 0, 2)
  (0, 0, 4, 0, 0, 3, 0, 0, 2)
  (0, 0, 4, 0, 0, 0, 0, 0, 5)

Path 2862 (7 moves):
  (1, 1, 1, 1, 1, 1, 1, 1, 1)
  (1, 1, 1, 1, 0, 2, 1, 1, 1)
  (1, 1, 1, 1, 0, 2, 1, 0, 2)
  (2, 0, 1, 1, 0, 2, 1, 0, 2)
  (2, 0, 2, 0, 0, 2, 1, 0, 2)
  (2, 0, 2, 0, 0, 3, 0, 0, 2)
  (4, 0, 0, 0, 0, 3, 0, 0, 2)
  (4, 0, 0, 0, 0, 0, 0, 0, 5)

Path 2863 (7 moves):
  (1, 1, 1, 1, 1, 1, 1, 1, 1)
  (1, 1, 1, 1, 0, 2, 1, 1, 1)
  (1, 1, 1, 1, 0, 2, 1, 0, 2)
  (2, 0, 1, 1, 0, 2, 1, 0, 2)
  (2, 0, 2, 0, 0, 2, 1, 0, 2)
  (2, 0, 2, 0, 0, 3, 0, 0, 2)
  (2, 0, 5, 0, 0, 0, 0, 0, 2)
  (0, 0, 7, 0, 0, 0, 0, 0, 2)

Path 2864 (7 moves):
  (1, 1, 1, 1, 1, 1, 1, 1, 1)
  (1, 1, 1, 1, 0, 2, 1, 1, 1)
  (1, 1, 1, 1, 0, 2, 1, 0, 2)
  (2, 0, 1, 1, 0, 2, 1, 0, 2)
  (2, 0, 2, 0, 0, 2, 1, 0, 2)
  (2, 0, 2, 0, 0, 3, 0, 0, 2)
  (2, 0, 2, 0, 0, 0, 0, 0, 5)
  (0, 0, 4, 0, 0, 0, 0, 0, 5)

Path 2865 (7 moves):
  (1, 1, 1, 1, 1, 1, 1, 1, 1)
  (1, 1, 1, 1, 0, 2, 1, 1, 1)
  (1, 1, 1, 1, 0, 2, 1, 0, 2)
  (2, 0, 1, 1, 0, 2, 1, 0, 2)
  (2, 0, 2, 0, 0, 2, 1, 0, 2)
  (2, 0, 2, 0, 0, 3, 0, 0, 2)
  (2, 0, 2, 0, 0, 0, 0, 0, 5)
  (4, 0, 0, 0, 0, 0, 0, 0, 5)

Path 2866 (7 moves):
  (1, 1, 1, 1, 1, 1, 1, 1, 1)
  (1, 1, 1, 1, 0, 2, 1, 1, 1)
  (1, 1, 1, 1, 0, 2, 1, 0, 2)
  (2, 0, 1, 1, 0, 2, 1, 0, 2)
  (2, 0, 1, 3, 0, 0, 1, 0, 2)
  (0, 0, 3, 3, 0, 0, 1, 0, 2)
  (0, 0, 3, 0, 0, 0, 4, 0, 2)
  (0, 0, 7, 0, 0, 0, 0, 0, 2)

Path 2867 (7 moves):
  (1, 1, 1, 1, 1, 1, 1, 1, 1)
  (1, 1, 1, 1, 0, 2, 1, 1, 1)
  (1, 1, 1, 1, 0, 2, 1, 0, 2)
  (2, 0, 1, 1, 0, 2, 1, 0, 2)
  (2, 0, 1, 3, 0, 0, 1, 0, 2)
  (0, 0, 3, 3, 0, 0, 1, 0, 2)
  (0, 0, 3, 0, 0, 0, 4, 0, 2)
  (0, 0, 3, 0, 0, 0, 6, 0, 0)

Path 2868 (7 moves):
  (1, 1, 1, 1, 1, 1, 1, 1, 1)
  (1, 1, 1, 1, 0, 2, 1, 1, 1)
  (1, 1, 1, 1, 0, 2, 1, 0, 2)
  (2, 0, 1, 1, 0, 2, 1, 0, 2)
  (2, 0, 1, 3, 0, 0, 1, 0, 2)
  (0, 0, 3, 3, 0, 0, 1, 0, 2)
  (0, 0, 3, 3, 0, 0, 3, 0, 0)
  (0, 0, 3, 0, 0, 0, 6, 0, 0)

Path 2869 (7 moves):
  (1, 1, 1, 1, 1, 1, 1, 1, 1)
  (1, 1, 1, 1, 0, 2, 1, 1, 1)
  (1, 1, 1, 1, 0, 2, 1, 0, 2)
  (2, 0, 1, 1, 0, 2, 1, 0, 2)
  (2, 0, 1, 3, 0, 0, 1, 0, 2)
  (0, 0, 3, 3, 0, 0, 1, 0, 2)
  (0, 0, 3, 3, 0, 0, 3, 0, 0)
  (0, 0, 3, 6, 0, 0, 0, 0, 0)

Path 2870 (7 moves):
  (1, 1, 1, 1, 1, 1, 1, 1, 1)
  (1, 1, 1, 1, 0, 2, 1, 1, 1)
  (1, 1, 1, 1, 0, 2, 1, 0, 2)
  (2, 0, 1, 1, 0, 2, 1, 0, 2)
  (2, 0, 1, 3, 0, 0, 1, 0, 2)
  (2, 0, 0, 4, 0, 0, 1, 0, 2)
  (2, 0, 0, 4, 0, 0, 3, 0, 0)
  (2, 0, 0, 7, 0, 0, 0, 0, 0)

Path 2871 (7 moves):
  (1, 1, 1, 1, 1, 1, 1, 1, 1)
  (1, 1, 1, 1, 0, 2, 1, 1, 1)
  (1, 1, 1, 1, 0, 2, 1, 0, 2)
  (2, 0, 1, 1, 0, 2, 1, 0, 2)
  (2, 0, 1, 3, 0, 0, 1, 0, 2)
  (2, 0, 1, 0, 0, 0, 4, 0, 2)
  (0, 0, 3, 0, 0, 0, 4, 0, 2)
  (0, 0, 7, 0, 0, 0, 0, 0, 2)

Path 2872 (7 moves):
  (1, 1, 1, 1, 1, 1, 1, 1, 1)
  (1, 1, 1, 1, 0, 2, 1, 1, 1)
  (1, 1, 1, 1, 0, 2, 1, 0, 2)
  (2, 0, 1, 1, 0, 2, 1, 0, 2)
  (2, 0, 1, 3, 0, 0, 1, 0, 2)
  (2, 0, 1, 0, 0, 0, 4, 0, 2)
  (0, 0, 3, 0, 0, 0, 4, 0, 2)
  (0, 0, 3, 0, 0, 0, 6, 0, 0)

Path 2873 (7 moves):
  (1, 1, 1, 1, 1, 1, 1, 1, 1)
  (1, 1, 1, 1, 0, 2, 1, 1, 1)
  (1, 1, 1, 1, 0, 2, 1, 0, 2)
  (2, 0, 1, 1, 0, 2, 1, 0, 2)
  (2, 0, 1, 3, 0, 0, 1, 0, 2)
  (2, 0, 1, 0, 0, 0, 4, 0, 2)
  (2, 0, 5, 0, 0, 0, 0, 0, 2)
  (0, 0, 7, 0, 0, 0, 0, 0, 2)

Path 2874 (7 moves):
  (1, 1, 1, 1, 1, 1, 1, 1, 1)
  (1, 1, 1, 1, 0, 2, 1, 1, 1)
  (1, 1, 1, 1, 0, 2, 1, 0, 2)
  (2, 0, 1, 1, 0, 2, 1, 0, 2)
  (2, 0, 1, 3, 0, 0, 1, 0, 2)
  (2, 0, 1, 0, 0, 0, 4, 0, 2)
  (2, 0, 1, 0, 0, 0, 6, 0, 0)
  (0, 0, 3, 0, 0, 0, 6, 0, 0)

Path 2875 (7 moves):
  (1, 1, 1, 1, 1, 1, 1, 1, 1)
  (1, 1, 1, 1, 0, 2, 1, 1, 1)
  (1, 1, 1, 1, 0, 2, 1, 0, 2)
  (2, 0, 1, 1, 0, 2, 1, 0, 2)
  (2, 0, 1, 3, 0, 0, 1, 0, 2)
  (2, 0, 1, 0, 0, 0, 4, 0, 2)
  (2, 0, 1, 0, 0, 0, 6, 0, 0)
  (8, 0, 1, 0, 0, 0, 0, 0, 0)

Path 2876 (7 moves):
  (1, 1, 1, 1, 1, 1, 1, 1, 1)
  (1, 1, 1, 1, 0, 2, 1, 1, 1)
  (1, 1, 1, 1, 0, 2, 1, 0, 2)
  (2, 0, 1, 1, 0, 2, 1, 0, 2)
  (2, 0, 1, 1, 0, 3, 0, 0, 2)
  (2, 0, 0, 2, 0, 3, 0, 0, 2)
  (2, 0, 0, 0, 0, 5, 0, 0, 2)
  (7, 0, 0, 0, 0, 0, 0, 0, 2)

Path 2877 (7 moves):
  (1, 1, 1, 1, 1, 1, 1, 1, 1)
  (1, 1, 1, 1, 0, 2, 1, 1, 1)
  (1, 1, 1, 1, 0, 2, 1, 0, 2)
  (2, 0, 1, 1, 0, 2, 1, 0, 2)
  (2, 0, 1, 1, 0, 3, 0, 0, 2)
  (2, 0, 0, 2, 0, 3, 0, 0, 2)
  (2, 0, 0, 2, 0, 0, 0, 0, 5)
  (2, 0, 0, 7, 0, 0, 0, 0, 0)

Path 2878 (7 moves):
  (1, 1, 1, 1, 1, 1, 1, 1, 1)
  (1, 1, 1, 1, 0, 2, 1, 1, 1)
  (1, 1, 1, 1, 0, 2, 1, 0, 2)
  (2, 0, 1, 1, 0, 2, 1, 0, 2)
  (2, 0, 1, 1, 0, 3, 0, 0, 2)
  (2, 0, 2, 0, 0, 3, 0, 0, 2)
  (0, 0, 4, 0, 0, 3, 0, 0, 2)
  (0, 0, 7, 0, 0, 0, 0, 0, 2)

Path 2879 (7 moves):
  (1, 1, 1, 1, 1, 1, 1, 1, 1)
  (1, 1, 1, 1, 0, 2, 1, 1, 1)
  (1, 1, 1, 1, 0, 2, 1, 0, 2)
  (2, 0, 1, 1, 0, 2, 1, 0, 2)
  (2, 0, 1, 1, 0, 3, 0, 0, 2)
  (2, 0, 2, 0, 0, 3, 0, 0, 2)
  (0, 0, 4, 0, 0, 3, 0, 0, 2)
  (0, 0, 4, 0, 0, 0, 0, 0, 5)

Path 2880 (7 moves):
  (1, 1, 1, 1, 1, 1, 1, 1, 1)
  (1, 1, 1, 1, 0, 2, 1, 1, 1)
  (1, 1, 1, 1, 0, 2, 1, 0, 2)
  (2, 0, 1, 1, 0, 2, 1, 0, 2)
  (2, 0, 1, 1, 0, 3, 0, 0, 2)
  (2, 0, 2, 0, 0, 3, 0, 0, 2)
  (4, 0, 0, 0, 0, 3, 0, 0, 2)
  (4, 0, 0, 0, 0, 0, 0, 0, 5)

Path 2881 (7 moves):
  (1, 1, 1, 1, 1, 1, 1, 1, 1)
  (1, 1, 1, 1, 0, 2, 1, 1, 1)
  (1, 1, 1, 1, 0, 2, 1, 0, 2)
  (2, 0, 1, 1, 0, 2, 1, 0, 2)
  (2, 0, 1, 1, 0, 3, 0, 0, 2)
  (2, 0, 2, 0, 0, 3, 0, 0, 2)
  (2, 0, 5, 0, 0, 0, 0, 0, 2)
  (0, 0, 7, 0, 0, 0, 0, 0, 2)

Path 2882 (7 moves):
  (1, 1, 1, 1, 1, 1, 1, 1, 1)
  (1, 1, 1, 1, 0, 2, 1, 1, 1)
  (1, 1, 1, 1, 0, 2, 1, 0, 2)
  (2, 0, 1, 1, 0, 2, 1, 0, 2)
  (2, 0, 1, 1, 0, 3, 0, 0, 2)
  (2, 0, 2, 0, 0, 3, 0, 0, 2)
  (2, 0, 2, 0, 0, 0, 0, 0, 5)
  (0, 0, 4, 0, 0, 0, 0, 0, 5)

Path 2883 (7 moves):
  (1, 1, 1, 1, 1, 1, 1, 1, 1)
  (1, 1, 1, 1, 0, 2, 1, 1, 1)
  (1, 1, 1, 1, 0, 2, 1, 0, 2)
  (2, 0, 1, 1, 0, 2, 1, 0, 2)
  (2, 0, 1, 1, 0, 3, 0, 0, 2)
  (2, 0, 2, 0, 0, 3, 0, 0, 2)
  (2, 0, 2, 0, 0, 0, 0, 0, 5)
  (4, 0, 0, 0, 0, 0, 0, 0, 5)

Path 2884 (7 moves):
  (1, 1, 1, 1, 1, 1, 1, 1, 1)
  (1, 1, 1, 1, 0, 2, 1, 1, 1)
  (1, 1, 1, 1, 0, 2, 1, 0, 2)
  (2, 0, 1, 1, 0, 2, 1, 0, 2)
  (2, 0, 1, 1, 0, 3, 0, 0, 2)
  (2, 0, 4, 1, 0, 0, 0, 0, 2)
  (0, 0, 6, 1, 0, 0, 0, 0, 2)
  (0, 0, 0, 1, 0, 0, 0, 0, 8)

Path 2885 (7 moves):
  (1, 1, 1, 1, 1, 1, 1, 1, 1)
  (1, 1, 1, 1, 0, 2, 1, 1, 1)
  (1, 1, 1, 1, 0, 2, 1, 0, 2)
  (2, 0, 1, 1, 0, 2, 1, 0, 2)
  (2, 0, 1, 1, 0, 3, 0, 0, 2)
  (2, 0, 4, 1, 0, 0, 0, 0, 2)
  (0, 0, 6, 1, 0, 0, 0, 0, 2)
  (0, 0, 7, 0, 0, 0, 0, 0, 2)

Path 2886 (7 moves):
  (1, 1, 1, 1, 1, 1, 1, 1, 1)
  (1, 1, 1, 1, 0, 2, 1, 1, 1)
  (1, 1, 1, 1, 0, 2, 1, 0, 2)
  (2, 0, 1, 1, 0, 2, 1, 0, 2)
  (2, 0, 1, 1, 0, 3, 0, 0, 2)
  (2, 0, 4, 1, 0, 0, 0, 0, 2)
  (2, 0, 5, 0, 0, 0, 0, 0, 2)
  (0, 0, 7, 0, 0, 0, 0, 0, 2)

Path 2887 (7 moves):
  (1, 1, 1, 1, 1, 1, 1, 1, 1)
  (1, 1, 1, 1, 0, 2, 1, 1, 1)
  (1, 1, 1, 1, 0, 2, 1, 0, 2)
  (2, 0, 1, 1, 0, 2, 1, 0, 2)
  (2, 0, 1, 1, 0, 3, 0, 0, 2)
  (2, 0, 1, 1, 0, 0, 0, 0, 5)
  (0, 0, 3, 1, 0, 0, 0, 0, 5)
  (0, 0, 4, 0, 0, 0, 0, 0, 5)

Path 2888 (7 moves):
  (1, 1, 1, 1, 1, 1, 1, 1, 1)
  (1, 1, 1, 1, 0, 2, 1, 1, 1)
  (1, 1, 1, 1, 0, 2, 1, 0, 2)
  (2, 0, 1, 1, 0, 2, 1, 0, 2)
  (2, 0, 1, 1, 0, 3, 0, 0, 2)
  (2, 0, 1, 1, 0, 0, 0, 0, 5)
  (0, 0, 3, 1, 0, 0, 0, 0, 5)
  (0, 0, 3, 6, 0, 0, 0, 0, 0)

Path 2889 (7 moves):
  (1, 1, 1, 1, 1, 1, 1, 1, 1)
  (1, 1, 1, 1, 0, 2, 1, 1, 1)
  (1, 1, 1, 1, 0, 2, 1, 0, 2)
  (2, 0, 1, 1, 0, 2, 1, 0, 2)
  (2, 0, 1, 1, 0, 3, 0, 0, 2)
  (2, 0, 1, 1, 0, 0, 0, 0, 5)
  (2, 0, 0, 2, 0, 0, 0, 0, 5)
  (2, 0, 0, 7, 0, 0, 0, 0, 0)

Path 2890 (7 moves):
  (1, 1, 1, 1, 1, 1, 1, 1, 1)
  (1, 1, 1, 1, 0, 2, 1, 1, 1)
  (1, 1, 1, 1, 0, 2, 1, 0, 2)
  (2, 0, 1, 1, 0, 2, 1, 0, 2)
  (2, 0, 1, 1, 0, 3, 0, 0, 2)
  (2, 0, 1, 1, 0, 0, 0, 0, 5)
  (2, 0, 2, 0, 0, 0, 0, 0, 5)
  (0, 0, 4, 0, 0, 0, 0, 0, 5)

Path 2891 (7 moves):
  (1, 1, 1, 1, 1, 1, 1, 1, 1)
  (1, 1, 1, 1, 0, 2, 1, 1, 1)
  (1, 1, 1, 1, 0, 2, 1, 0, 2)
  (2, 0, 1, 1, 0, 2, 1, 0, 2)
  (2, 0, 1, 1, 0, 3, 0, 0, 2)
  (2, 0, 1, 1, 0, 0, 0, 0, 5)
  (2, 0, 2, 0, 0, 0, 0, 0, 5)
  (4, 0, 0, 0, 0, 0, 0, 0, 5)

Path 2892 (7 moves):
  (1, 1, 1, 1, 1, 1, 1, 1, 1)
  (1, 1, 1, 1, 0, 2, 1, 1, 1)
  (1, 1, 1, 1, 0, 2, 1, 0, 2)
  (2, 0, 1, 1, 0, 2, 1, 0, 2)
  (2, 0, 1, 1, 0, 3, 0, 0, 2)
  (2, 0, 1, 1, 0, 0, 0, 0, 5)
  (2, 0, 1, 6, 0, 0, 0, 0, 0)
  (0, 0, 3, 6, 0, 0, 0, 0, 0)

Path 2893 (7 moves):
  (1, 1, 1, 1, 1, 1, 1, 1, 1)
  (1, 1, 1, 1, 0, 2, 1, 1, 1)
  (1, 1, 1, 1, 0, 2, 1, 0, 2)
  (2, 0, 1, 1, 0, 2, 1, 0, 2)
  (2, 0, 1, 1, 0, 3, 0, 0, 2)
  (2, 0, 1, 1, 0, 0, 0, 0, 5)
  (2, 0, 1, 6, 0, 0, 0, 0, 0)
  (2, 0, 0, 7, 0, 0, 0, 0, 0)

Path 2894 (7 moves):
  (1, 1, 1, 1, 1, 1, 1, 1, 1)
  (1, 1, 1, 1, 0, 2, 1, 1, 1)
  (1, 1, 1, 1, 0, 2, 1, 0, 2)
  (2, 0, 1, 1, 0, 2, 1, 0, 2)
  (2, 0, 1, 1, 0, 2, 3, 0, 0)
  (0, 0, 3, 1, 0, 2, 3, 0, 0)
  (0, 0, 0, 1, 0, 5, 3, 0, 0)
  (0, 0, 0, 4, 0, 5, 0, 0, 0)

Path 2895 (7 moves):
  (1, 1, 1, 1, 1, 1, 1, 1, 1)
  (1, 1, 1, 1, 0, 2, 1, 1, 1)
  (1, 1, 1, 1, 0, 2, 1, 0, 2)
  (2, 0, 1, 1, 0, 2, 1, 0, 2)
  (2, 0, 1, 1, 0, 2, 3, 0, 0)
  (0, 0, 3, 1, 0, 2, 3, 0, 0)
  (0, 0, 4, 0, 0, 2, 3, 0, 0)
  (0, 0, 0, 0, 0, 2, 7, 0, 0)

Path 2896 (7 moves):
  (1, 1, 1, 1, 1, 1, 1, 1, 1)
  (1, 1, 1, 1, 0, 2, 1, 1, 1)
  (1, 1, 1, 1, 0, 2, 1, 0, 2)
  (2, 0, 1, 1, 0, 2, 1, 0, 2)
  (2, 0, 1, 1, 0, 2, 3, 0, 0)
  (0, 0, 3, 1, 0, 2, 3, 0, 0)
  (0, 0, 3, 3, 0, 0, 3, 0, 0)
  (0, 0, 3, 0, 0, 0, 6, 0, 0)

Path 2897 (7 moves):
  (1, 1, 1, 1, 1, 1, 1, 1, 1)
  (1, 1, 1, 1, 0, 2, 1, 1, 1)
  (1, 1, 1, 1, 0, 2, 1, 0, 2)
  (2, 0, 1, 1, 0, 2, 1, 0, 2)
  (2, 0, 1, 1, 0, 2, 3, 0, 0)
  (0, 0, 3, 1, 0, 2, 3, 0, 0)
  (0, 0, 3, 3, 0, 0, 3, 0, 0)
  (0, 0, 3, 6, 0, 0, 0, 0, 0)

Path 2898 (7 moves):
  (1, 1, 1, 1, 1, 1, 1, 1, 1)
  (1, 1, 1, 1, 0, 2, 1, 1, 1)
  (1, 1, 1, 1, 0, 2, 1, 0, 2)
  (2, 0, 1, 1, 0, 2, 1, 0, 2)
  (2, 0, 1, 1, 0, 2, 3, 0, 0)
  (0, 0, 3, 1, 0, 2, 3, 0, 0)
  (0, 0, 3, 4, 0, 2, 0, 0, 0)
  (0, 0, 0, 4, 0, 5, 0, 0, 0)

Path 2899 (7 moves):
  (1, 1, 1, 1, 1, 1, 1, 1, 1)
  (1, 1, 1, 1, 0, 2, 1, 1, 1)
  (1, 1, 1, 1, 0, 2, 1, 0, 2)
  (2, 0, 1, 1, 0, 2, 1, 0, 2)
  (2, 0, 1, 1, 0, 2, 3, 0, 0)
  (0, 0, 3, 1, 0, 2, 3, 0, 0)
  (0, 0, 3, 4, 0, 2, 0, 0, 0)
  (0, 0, 3, 6, 0, 0, 0, 0, 0)

Path 2900 (7 moves):
  (1, 1, 1, 1, 1, 1, 1, 1, 1)
  (1, 1, 1, 1, 0, 2, 1, 1, 1)
  (1, 1, 1, 1, 0, 2, 1, 0, 2)
  (2, 0, 1, 1, 0, 2, 1, 0, 2)
  (2, 0, 1, 1, 0, 2, 3, 0, 0)
  (2, 0, 1, 4, 0, 2, 0, 0, 0)
  (0, 0, 3, 4, 0, 2, 0, 0, 0)
  (0, 0, 0, 4, 0, 5, 0, 0, 0)

Path 2901 (7 moves):
  (1, 1, 1, 1, 1, 1, 1, 1, 1)
  (1, 1, 1, 1, 0, 2, 1, 1, 1)
  (1, 1, 1, 1, 0, 2, 1, 0, 2)
  (2, 0, 1, 1, 0, 2, 1, 0, 2)
  (2, 0, 1, 1, 0, 2, 3, 0, 0)
  (2, 0, 1, 4, 0, 2, 0, 0, 0)
  (0, 0, 3, 4, 0, 2, 0, 0, 0)
  (0, 0, 3, 6, 0, 0, 0, 0, 0)

Path 2902 (7 moves):
  (1, 1, 1, 1, 1, 1, 1, 1, 1)
  (1, 1, 1, 1, 0, 2, 1, 1, 1)
  (1, 1, 1, 1, 0, 2, 1, 0, 2)
  (2, 0, 1, 1, 0, 2, 1, 0, 2)
  (2, 0, 1, 1, 0, 2, 3, 0, 0)
  (2, 0, 1, 4, 0, 2, 0, 0, 0)
  (2, 0, 0, 5, 0, 2, 0, 0, 0)
  (2, 0, 0, 7, 0, 0, 0, 0, 0)

Path 2903 (7 moves):
  (1, 1, 1, 1, 1, 1, 1, 1, 1)
  (1, 1, 1, 1, 0, 2, 1, 1, 1)
  (1, 1, 1, 1, 0, 2, 1, 0, 2)
  (2, 0, 1, 1, 0, 2, 1, 0, 2)
  (2, 0, 1, 1, 0, 2, 3, 0, 0)
  (2, 0, 1, 4, 0, 2, 0, 0, 0)
  (2, 0, 1, 6, 0, 0, 0, 0, 0)
  (0, 0, 3, 6, 0, 0, 0, 0, 0)

Path 2904 (7 moves):
  (1, 1, 1, 1, 1, 1, 1, 1, 1)
  (1, 1, 1, 1, 0, 2, 1, 1, 1)
  (1, 1, 1, 1, 0, 2, 1, 0, 2)
  (2, 0, 1, 1, 0, 2, 1, 0, 2)
  (2, 0, 1, 1, 0, 2, 3, 0, 0)
  (2, 0, 1, 4, 0, 2, 0, 0, 0)
  (2, 0, 1, 6, 0, 0, 0, 0, 0)
  (2, 0, 0, 7, 0, 0, 0, 0, 0)

Path 2905 (7 moves):
  (1, 1, 1, 1, 1, 1, 1, 1, 1)
  (1, 1, 1, 1, 0, 2, 1, 1, 1)
  (1, 1, 1, 1, 0, 2, 1, 0, 2)
  (1, 2, 0, 1, 0, 2, 1, 0, 2)
  (0, 3, 0, 1, 0, 2, 1, 0, 2)
  (0, 3, 0, 3, 0, 0, 1, 0, 2)
  (0, 3, 0, 0, 0, 0, 4, 0, 2)
  (0, 3, 0, 0, 0, 0, 6, 0, 0)

Path 2906 (7 moves):
  (1, 1, 1, 1, 1, 1, 1, 1, 1)
  (1, 1, 1, 1, 0, 2, 1, 1, 1)
  (1, 1, 1, 1, 0, 2, 1, 0, 2)
  (1, 2, 0, 1, 0, 2, 1, 0, 2)
  (0, 3, 0, 1, 0, 2, 1, 0, 2)
  (0, 3, 0, 3, 0, 0, 1, 0, 2)
  (0, 3, 0, 3, 0, 0, 3, 0, 0)
  (0, 3, 0, 0, 0, 0, 6, 0, 0)

Path 2907 (7 moves):
  (1, 1, 1, 1, 1, 1, 1, 1, 1)
  (1, 1, 1, 1, 0, 2, 1, 1, 1)
  (1, 1, 1, 1, 0, 2, 1, 0, 2)
  (1, 2, 0, 1, 0, 2, 1, 0, 2)
  (0, 3, 0, 1, 0, 2, 1, 0, 2)
  (0, 3, 0, 3, 0, 0, 1, 0, 2)
  (0, 3, 0, 3, 0, 0, 3, 0, 0)
  (0, 3, 0, 6, 0, 0, 0, 0, 0)

Path 2908 (7 moves):
  (1, 1, 1, 1, 1, 1, 1, 1, 1)
  (1, 1, 1, 1, 0, 2, 1, 1, 1)
  (1, 1, 1, 1, 0, 2, 1, 0, 2)
  (1, 2, 0, 1, 0, 2, 1, 0, 2)
  (0, 3, 0, 1, 0, 2, 1, 0, 2)
  (0, 3, 0, 1, 0, 3, 0, 0, 2)
  (0, 3, 0, 1, 0, 0, 0, 0, 5)
  (0, 3, 0, 6, 0, 0, 0, 0, 0)

Path 2909 (7 moves):
  (1, 1, 1, 1, 1, 1, 1, 1, 1)
  (1, 1, 1, 1, 0, 2, 1, 1, 1)
  (1, 1, 1, 1, 0, 2, 1, 0, 2)
  (1, 2, 0, 1, 0, 2, 1, 0, 2)
  (0, 3, 0, 1, 0, 2, 1, 0, 2)
  (0, 3, 0, 1, 0, 2, 3, 0, 0)
  (0, 3, 0, 3, 0, 0, 3, 0, 0)
  (0, 3, 0, 0, 0, 0, 6, 0, 0)

Path 2910 (7 moves):
  (1, 1, 1, 1, 1, 1, 1, 1, 1)
  (1, 1, 1, 1, 0, 2, 1, 1, 1)
  (1, 1, 1, 1, 0, 2, 1, 0, 2)
  (1, 2, 0, 1, 0, 2, 1, 0, 2)
  (0, 3, 0, 1, 0, 2, 1, 0, 2)
  (0, 3, 0, 1, 0, 2, 3, 0, 0)
  (0, 3, 0, 3, 0, 0, 3, 0, 0)
  (0, 3, 0, 6, 0, 0, 0, 0, 0)

Path 2911 (7 moves):
  (1, 1, 1, 1, 1, 1, 1, 1, 1)
  (1, 1, 1, 1, 0, 2, 1, 1, 1)
  (1, 1, 1, 1, 0, 2, 1, 0, 2)
  (1, 2, 0, 1, 0, 2, 1, 0, 2)
  (0, 3, 0, 1, 0, 2, 1, 0, 2)
  (0, 3, 0, 1, 0, 2, 3, 0, 0)
  (0, 3, 0, 4, 0, 2, 0, 0, 0)
  (0, 3, 0, 6, 0, 0, 0, 0, 0)

Path 2912 (7 moves):
  (1, 1, 1, 1, 1, 1, 1, 1, 1)
  (1, 1, 1, 1, 0, 2, 1, 1, 1)
  (1, 1, 1, 1, 0, 2, 1, 0, 2)
  (1, 2, 0, 1, 0, 2, 1, 0, 2)
  (1, 0, 0, 3, 0, 2, 1, 0, 2)
  (1, 0, 0, 0, 0, 2, 4, 0, 2)
  (1, 0, 0, 0, 0, 2, 6, 0, 0)
  (7, 0, 0, 0, 0, 2, 0, 0, 0)

Path 2913 (7 moves):
  (1, 1, 1, 1, 1, 1, 1, 1, 1)
  (1, 1, 1, 1, 0, 2, 1, 1, 1)
  (1, 1, 1, 1, 0, 2, 1, 0, 2)
  (1, 2, 0, 1, 0, 2, 1, 0, 2)
  (1, 0, 0, 3, 0, 2, 1, 0, 2)
  (1, 0, 0, 3, 0, 3, 0, 0, 2)
  (4, 0, 0, 0, 0, 3, 0, 0, 2)
  (4, 0, 0, 0, 0, 0, 0, 0, 5)

Path 2914 (7 moves):
  (1, 1, 1, 1, 1, 1, 1, 1, 1)
  (1, 1, 1, 1, 0, 2, 1, 1, 1)
  (1, 1, 1, 1, 0, 2, 1, 0, 2)
  (1, 2, 0, 1, 0, 2, 1, 0, 2)
  (1, 0, 0, 3, 0, 2, 1, 0, 2)
  (1, 0, 0, 3, 0, 3, 0, 0, 2)
  (1, 0, 0, 3, 0, 0, 0, 0, 5)
  (4, 0, 0, 0, 0, 0, 0, 0, 5)

Path 2915 (7 moves):
  (1, 1, 1, 1, 1, 1, 1, 1, 1)
  (1, 1, 1, 1, 0, 2, 1, 1, 1)
  (1, 1, 1, 1, 0, 2, 1, 0, 2)
  (1, 2, 0, 1, 0, 2, 1, 0, 2)
  (1, 0, 0, 3, 0, 2, 1, 0, 2)
  (1, 0, 0, 3, 0, 3, 0, 0, 2)
  (1, 0, 0, 3, 0, 0, 0, 0, 5)
  (1, 0, 0, 8, 0, 0, 0, 0, 0)

Path 2916 (7 moves):
  (1, 1, 1, 1, 1, 1, 1, 1, 1)
  (1, 1, 1, 1, 0, 2, 1, 1, 1)
  (1, 1, 1, 1, 0, 2, 1, 0, 2)
  (1, 2, 0, 1, 0, 2, 1, 0, 2)
  (1, 2, 0, 3, 0, 0, 1, 0, 2)
  (0, 3, 0, 3, 0, 0, 1, 0, 2)
  (0, 3, 0, 0, 0, 0, 4, 0, 2)
  (0, 3, 0, 0, 0, 0, 6, 0, 0)

Path 2917 (7 moves):
  (1, 1, 1, 1, 1, 1, 1, 1, 1)
  (1, 1, 1, 1, 0, 2, 1, 1, 1)
  (1, 1, 1, 1, 0, 2, 1, 0, 2)
  (1, 2, 0, 1, 0, 2, 1, 0, 2)
  (1, 2, 0, 3, 0, 0, 1, 0, 2)
  (0, 3, 0, 3, 0, 0, 1, 0, 2)
  (0, 3, 0, 3, 0, 0, 3, 0, 0)
  (0, 3, 0, 0, 0, 0, 6, 0, 0)

Path 2918 (7 moves):
  (1, 1, 1, 1, 1, 1, 1, 1, 1)
  (1, 1, 1, 1, 0, 2, 1, 1, 1)
  (1, 1, 1, 1, 0, 2, 1, 0, 2)
  (1, 2, 0, 1, 0, 2, 1, 0, 2)
  (1, 2, 0, 3, 0, 0, 1, 0, 2)
  (0, 3, 0, 3, 0, 0, 1, 0, 2)
  (0, 3, 0, 3, 0, 0, 3, 0, 0)
  (0, 3, 0, 6, 0, 0, 0, 0, 0)

Path 2919 (7 moves):
  (1, 1, 1, 1, 1, 1, 1, 1, 1)
  (1, 1, 1, 1, 0, 2, 1, 1, 1)
  (1, 1, 1, 1, 0, 2, 1, 0, 2)
  (1, 2, 0, 1, 0, 2, 1, 0, 2)
  (1, 2, 0, 3, 0, 0, 1, 0, 2)
  (1, 2, 0, 0, 0, 0, 4, 0, 2)
  (0, 3, 0, 0, 0, 0, 4, 0, 2)
  (0, 3, 0, 0, 0, 0, 6, 0, 0)

Path 2920 (7 moves):
  (1, 1, 1, 1, 1, 1, 1, 1, 1)
  (1, 1, 1, 1, 0, 2, 1, 1, 1)
  (1, 1, 1, 1, 0, 2, 1, 0, 2)
  (1, 2, 0, 1, 0, 2, 1, 0, 2)
  (1, 2, 0, 3, 0, 0, 1, 0, 2)
  (1, 2, 0, 0, 0, 0, 4, 0, 2)
  (1, 2, 0, 0, 0, 0, 6, 0, 0)
  (0, 3, 0, 0, 0, 0, 6, 0, 0)

Path 2921 (7 moves):
  (1, 1, 1, 1, 1, 1, 1, 1, 1)
  (1, 1, 1, 1, 0, 2, 1, 1, 1)
  (1, 1, 1, 1, 0, 2, 1, 0, 2)
  (1, 2, 0, 1, 0, 2, 1, 0, 2)
  (1, 2, 0, 3, 0, 0, 1, 0, 2)
  (1, 2, 0, 0, 0, 0, 4, 0, 2)
  (1, 2, 0, 0, 0, 0, 6, 0, 0)
  (7, 2, 0, 0, 0, 0, 0, 0, 0)

Path 2922 (7 moves):
  (1, 1, 1, 1, 1, 1, 1, 1, 1)
  (1, 1, 1, 1, 0, 2, 1, 1, 1)
  (1, 1, 1, 1, 0, 2, 1, 0, 2)
  (1, 2, 0, 1, 0, 2, 1, 0, 2)
  (1, 2, 0, 1, 0, 3, 0, 0, 2)
  (0, 3, 0, 1, 0, 3, 0, 0, 2)
  (0, 3, 0, 1, 0, 0, 0, 0, 5)
  (0, 3, 0, 6, 0, 0, 0, 0, 0)

Path 2923 (7 moves):
  (1, 1, 1, 1, 1, 1, 1, 1, 1)
  (1, 1, 1, 1, 0, 2, 1, 1, 1)
  (1, 1, 1, 1, 0, 2, 1, 0, 2)
  (1, 2, 0, 1, 0, 2, 1, 0, 2)
  (1, 2, 0, 1, 0, 3, 0, 0, 2)
  (1, 0, 0, 3, 0, 3, 0, 0, 2)
  (4, 0, 0, 0, 0, 3, 0, 0, 2)
  (4, 0, 0, 0, 0, 0, 0, 0, 5)

Path 2924 (7 moves):
  (1, 1, 1, 1, 1, 1, 1, 1, 1)
  (1, 1, 1, 1, 0, 2, 1, 1, 1)
  (1, 1, 1, 1, 0, 2, 1, 0, 2)
  (1, 2, 0, 1, 0, 2, 1, 0, 2)
  (1, 2, 0, 1, 0, 3, 0, 0, 2)
  (1, 0, 0, 3, 0, 3, 0, 0, 2)
  (1, 0, 0, 3, 0, 0, 0, 0, 5)
  (4, 0, 0, 0, 0, 0, 0, 0, 5)

Path 2925 (7 moves):
  (1, 1, 1, 1, 1, 1, 1, 1, 1)
  (1, 1, 1, 1, 0, 2, 1, 1, 1)
  (1, 1, 1, 1, 0, 2, 1, 0, 2)
  (1, 2, 0, 1, 0, 2, 1, 0, 2)
  (1, 2, 0, 1, 0, 3, 0, 0, 2)
  (1, 0, 0, 3, 0, 3, 0, 0, 2)
  (1, 0, 0, 3, 0, 0, 0, 0, 5)
  (1, 0, 0, 8, 0, 0, 0, 0, 0)

Path 2926 (7 moves):
  (1, 1, 1, 1, 1, 1, 1, 1, 1)
  (1, 1, 1, 1, 0, 2, 1, 1, 1)
  (1, 1, 1, 1, 0, 2, 1, 0, 2)
  (1, 2, 0, 1, 0, 2, 1, 0, 2)
  (1, 2, 0, 1, 0, 3, 0, 0, 2)
  (1, 2, 0, 1, 0, 0, 0, 0, 5)
  (0, 3, 0, 1, 0, 0, 0, 0, 5)
  (0, 3, 0, 6, 0, 0, 0, 0, 0)

Path 2927 (7 moves):
  (1, 1, 1, 1, 1, 1, 1, 1, 1)
  (1, 1, 1, 1, 0, 2, 1, 1, 1)
  (1, 1, 1, 1, 0, 2, 1, 0, 2)
  (1, 2, 0, 1, 0, 2, 1, 0, 2)
  (1, 2, 0, 1, 0, 3, 0, 0, 2)
  (1, 2, 0, 1, 0, 0, 0, 0, 5)
  (1, 0, 0, 3, 0, 0, 0, 0, 5)
  (4, 0, 0, 0, 0, 0, 0, 0, 5)

Path 2928 (7 moves):
  (1, 1, 1, 1, 1, 1, 1, 1, 1)
  (1, 1, 1, 1, 0, 2, 1, 1, 1)
  (1, 1, 1, 1, 0, 2, 1, 0, 2)
  (1, 2, 0, 1, 0, 2, 1, 0, 2)
  (1, 2, 0, 1, 0, 3, 0, 0, 2)
  (1, 2, 0, 1, 0, 0, 0, 0, 5)
  (1, 0, 0, 3, 0, 0, 0, 0, 5)
  (1, 0, 0, 8, 0, 0, 0, 0, 0)

Path 2929 (7 moves):
  (1, 1, 1, 1, 1, 1, 1, 1, 1)
  (1, 1, 1, 1, 0, 2, 1, 1, 1)
  (1, 1, 1, 1, 0, 2, 1, 0, 2)
  (1, 2, 0, 1, 0, 2, 1, 0, 2)
  (1, 2, 0, 1, 0, 3, 0, 0, 2)
  (1, 2, 0, 1, 0, 0, 0, 0, 5)
  (1, 2, 0, 6, 0, 0, 0, 0, 0)
  (0, 3, 0, 6, 0, 0, 0, 0, 0)

Path 2930 (7 moves):
  (1, 1, 1, 1, 1, 1, 1, 1, 1)
  (1, 1, 1, 1, 0, 2, 1, 1, 1)
  (1, 1, 1, 1, 0, 2, 1, 0, 2)
  (1, 2, 0, 1, 0, 2, 1, 0, 2)
  (1, 2, 0, 1, 0, 3, 0, 0, 2)
  (1, 2, 0, 1, 0, 0, 0, 0, 5)
  (1, 2, 0, 6, 0, 0, 0, 0, 0)
  (1, 0, 0, 8, 0, 0, 0, 0, 0)

Path 2931 (7 moves):
  (1, 1, 1, 1, 1, 1, 1, 1, 1)
  (1, 1, 1, 1, 0, 2, 1, 1, 1)
  (1, 1, 1, 1, 0, 2, 1, 0, 2)
  (1, 2, 0, 1, 0, 2, 1, 0, 2)
  (1, 2, 0, 1, 0, 2, 3, 0, 0)
  (0, 3, 0, 1, 0, 2, 3, 0, 0)
  (0, 3, 0, 3, 0, 0, 3, 0, 0)
  (0, 3, 0, 0, 0, 0, 6, 0, 0)

Path 2932 (7 moves):
  (1, 1, 1, 1, 1, 1, 1, 1, 1)
  (1, 1, 1, 1, 0, 2, 1, 1, 1)
  (1, 1, 1, 1, 0, 2, 1, 0, 2)
  (1, 2, 0, 1, 0, 2, 1, 0, 2)
  (1, 2, 0, 1, 0, 2, 3, 0, 0)
  (0, 3, 0, 1, 0, 2, 3, 0, 0)
  (0, 3, 0, 3, 0, 0, 3, 0, 0)
  (0, 3, 0, 6, 0, 0, 0, 0, 0)

Path 2933 (7 moves):
  (1, 1, 1, 1, 1, 1, 1, 1, 1)
  (1, 1, 1, 1, 0, 2, 1, 1, 1)
  (1, 1, 1, 1, 0, 2, 1, 0, 2)
  (1, 2, 0, 1, 0, 2, 1, 0, 2)
  (1, 2, 0, 1, 0, 2, 3, 0, 0)
  (0, 3, 0, 1, 0, 2, 3, 0, 0)
  (0, 3, 0, 4, 0, 2, 0, 0, 0)
  (0, 3, 0, 6, 0, 0, 0, 0, 0)

Path 2934 (7 moves):
  (1, 1, 1, 1, 1, 1, 1, 1, 1)
  (1, 1, 1, 1, 0, 2, 1, 1, 1)
  (1, 1, 1, 1, 0, 2, 1, 0, 2)
  (1, 2, 0, 1, 0, 2, 1, 0, 2)
  (1, 2, 0, 1, 0, 2, 3, 0, 0)
  (1, 2, 0, 4, 0, 2, 0, 0, 0)
  (0, 3, 0, 4, 0, 2, 0, 0, 0)
  (0, 3, 0, 6, 0, 0, 0, 0, 0)

Path 2935 (7 moves):
  (1, 1, 1, 1, 1, 1, 1, 1, 1)
  (1, 1, 1, 1, 0, 2, 1, 1, 1)
  (1, 1, 1, 1, 0, 2, 1, 0, 2)
  (1, 2, 0, 1, 0, 2, 1, 0, 2)
  (1, 2, 0, 1, 0, 2, 3, 0, 0)
  (1, 2, 0, 4, 0, 2, 0, 0, 0)
  (1, 0, 0, 6, 0, 2, 0, 0, 0)
  (1, 0, 0, 8, 0, 0, 0, 0, 0)

Path 2936 (7 moves):
  (1, 1, 1, 1, 1, 1, 1, 1, 1)
  (1, 1, 1, 1, 0, 2, 1, 1, 1)
  (1, 1, 1, 1, 0, 2, 1, 0, 2)
  (1, 2, 0, 1, 0, 2, 1, 0, 2)
  (1, 2, 0, 1, 0, 2, 3, 0, 0)
  (1, 2, 0, 4, 0, 2, 0, 0, 0)
  (1, 2, 0, 6, 0, 0, 0, 0, 0)
  (0, 3, 0, 6, 0, 0, 0, 0, 0)

Path 2937 (7 moves):
  (1, 1, 1, 1, 1, 1, 1, 1, 1)
  (1, 1, 1, 1, 0, 2, 1, 1, 1)
  (1, 1, 1, 1, 0, 2, 1, 0, 2)
  (1, 2, 0, 1, 0, 2, 1, 0, 2)
  (1, 2, 0, 1, 0, 2, 3, 0, 0)
  (1, 2, 0, 4, 0, 2, 0, 0, 0)
  (1, 2, 0, 6, 0, 0, 0, 0, 0)
  (1, 0, 0, 8, 0, 0, 0, 0, 0)

Path 2938 (7 moves):
  (1, 1, 1, 1, 1, 1, 1, 1, 1)
  (1, 1, 1, 1, 0, 2, 1, 1, 1)
  (1, 1, 1, 1, 0, 2, 1, 0, 2)
  (1, 1, 0, 2, 0, 2, 1, 0, 2)
  (0, 2, 0, 2, 0, 2, 1, 0, 2)
  (0, 4, 0, 0, 0, 2, 1, 0, 2)
  (0, 0, 0, 0, 0, 6, 1, 0, 2)
  (0, 0, 0, 0, 0, 7, 0, 0, 2)

Path 2939 (7 moves):
  (1, 1, 1, 1, 1, 1, 1, 1, 1)
  (1, 1, 1, 1, 0, 2, 1, 1, 1)
  (1, 1, 1, 1, 0, 2, 1, 0, 2)
  (1, 1, 0, 2, 0, 2, 1, 0, 2)
  (0, 2, 0, 2, 0, 2, 1, 0, 2)
  (0, 4, 0, 0, 0, 2, 1, 0, 2)
  (0, 0, 0, 0, 0, 6, 1, 0, 2)
  (0, 0, 0, 0, 0, 6, 3, 0, 0)

Path 2940 (7 moves):
  (1, 1, 1, 1, 1, 1, 1, 1, 1)
  (1, 1, 1, 1, 0, 2, 1, 1, 1)
  (1, 1, 1, 1, 0, 2, 1, 0, 2)
  (1, 1, 0, 2, 0, 2, 1, 0, 2)
  (0, 2, 0, 2, 0, 2, 1, 0, 2)
  (0, 4, 0, 0, 0, 2, 1, 0, 2)
  (0, 4, 0, 0, 0, 3, 0, 0, 2)
  (0, 0, 0, 0, 0, 7, 0, 0, 2)

Path 2941 (7 moves):
  (1, 1, 1, 1, 1, 1, 1, 1, 1)
  (1, 1, 1, 1, 0, 2, 1, 1, 1)
  (1, 1, 1, 1, 0, 2, 1, 0, 2)
  (1, 1, 0, 2, 0, 2, 1, 0, 2)
  (0, 2, 0, 2, 0, 2, 1, 0, 2)
  (0, 4, 0, 0, 0, 2, 1, 0, 2)
  (0, 4, 0, 0, 0, 3, 0, 0, 2)
  (0, 4, 0, 0, 0, 0, 0, 0, 5)

Path 2942 (7 moves):
  (1, 1, 1, 1, 1, 1, 1, 1, 1)
  (1, 1, 1, 1, 0, 2, 1, 1, 1)
  (1, 1, 1, 1, 0, 2, 1, 0, 2)
  (1, 1, 0, 2, 0, 2, 1, 0, 2)
  (0, 2, 0, 2, 0, 2, 1, 0, 2)
  (0, 4, 0, 0, 0, 2, 1, 0, 2)
  (0, 4, 0, 0, 0, 2, 3, 0, 0)
  (0, 0, 0, 0, 0, 6, 3, 0, 0)

Path 2943 (7 moves):
  (1, 1, 1, 1, 1, 1, 1, 1, 1)
  (1, 1, 1, 1, 0, 2, 1, 1, 1)
  (1, 1, 1, 1, 0, 2, 1, 0, 2)
  (1, 1, 0, 2, 0, 2, 1, 0, 2)
  (2, 0, 0, 2, 0, 2, 1, 0, 2)
  (2, 0, 0, 4, 0, 0, 1, 0, 2)
  (2, 0, 0, 4, 0, 0, 3, 0, 0)
  (2, 0, 0, 7, 0, 0, 0, 0, 0)

Path 2944 (7 moves):
  (1, 1, 1, 1, 1, 1, 1, 1, 1)
  (1, 1, 1, 1, 0, 2, 1, 1, 1)
  (1, 1, 1, 1, 0, 2, 1, 0, 2)
  (1, 1, 0, 2, 0, 2, 1, 0, 2)
  (2, 0, 0, 2, 0, 2, 1, 0, 2)
  (2, 0, 0, 2, 0, 3, 0, 0, 2)
  (2, 0, 0, 0, 0, 5, 0, 0, 2)
  (7, 0, 0, 0, 0, 0, 0, 0, 2)

Path 2945 (7 moves):
  (1, 1, 1, 1, 1, 1, 1, 1, 1)
  (1, 1, 1, 1, 0, 2, 1, 1, 1)
  (1, 1, 1, 1, 0, 2, 1, 0, 2)
  (1, 1, 0, 2, 0, 2, 1, 0, 2)
  (2, 0, 0, 2, 0, 2, 1, 0, 2)
  (2, 0, 0, 2, 0, 3, 0, 0, 2)
  (2, 0, 0, 2, 0, 0, 0, 0, 5)
  (2, 0, 0, 7, 0, 0, 0, 0, 0)

Path 2946 (7 moves):
  (1, 1, 1, 1, 1, 1, 1, 1, 1)
  (1, 1, 1, 1, 0, 2, 1, 1, 1)
  (1, 1, 1, 1, 0, 2, 1, 0, 2)
  (1, 1, 0, 2, 0, 2, 1, 0, 2)
  (1, 3, 0, 0, 0, 2, 1, 0, 2)
  (0, 4, 0, 0, 0, 2, 1, 0, 2)
  (0, 0, 0, 0, 0, 6, 1, 0, 2)
  (0, 0, 0, 0, 0, 7, 0, 0, 2)

Path 2947 (7 moves):
  (1, 1, 1, 1, 1, 1, 1, 1, 1)
  (1, 1, 1, 1, 0, 2, 1, 1, 1)
  (1, 1, 1, 1, 0, 2, 1, 0, 2)
  (1, 1, 0, 2, 0, 2, 1, 0, 2)
  (1, 3, 0, 0, 0, 2, 1, 0, 2)
  (0, 4, 0, 0, 0, 2, 1, 0, 2)
  (0, 0, 0, 0, 0, 6, 1, 0, 2)
  (0, 0, 0, 0, 0, 6, 3, 0, 0)

Path 2948 (7 moves):
  (1, 1, 1, 1, 1, 1, 1, 1, 1)
  (1, 1, 1, 1, 0, 2, 1, 1, 1)
  (1, 1, 1, 1, 0, 2, 1, 0, 2)
  (1, 1, 0, 2, 0, 2, 1, 0, 2)
  (1, 3, 0, 0, 0, 2, 1, 0, 2)
  (0, 4, 0, 0, 0, 2, 1, 0, 2)
  (0, 4, 0, 0, 0, 3, 0, 0, 2)
  (0, 0, 0, 0, 0, 7, 0, 0, 2)

Path 2949 (7 moves):
  (1, 1, 1, 1, 1, 1, 1, 1, 1)
  (1, 1, 1, 1, 0, 2, 1, 1, 1)
  (1, 1, 1, 1, 0, 2, 1, 0, 2)
  (1, 1, 0, 2, 0, 2, 1, 0, 2)
  (1, 3, 0, 0, 0, 2, 1, 0, 2)
  (0, 4, 0, 0, 0, 2, 1, 0, 2)
  (0, 4, 0, 0, 0, 3, 0, 0, 2)
  (0, 4, 0, 0, 0, 0, 0, 0, 5)

Path 2950 (7 moves):
  (1, 1, 1, 1, 1, 1, 1, 1, 1)
  (1, 1, 1, 1, 0, 2, 1, 1, 1)
  (1, 1, 1, 1, 0, 2, 1, 0, 2)
  (1, 1, 0, 2, 0, 2, 1, 0, 2)
  (1, 3, 0, 0, 0, 2, 1, 0, 2)
  (0, 4, 0, 0, 0, 2, 1, 0, 2)
  (0, 4, 0, 0, 0, 2, 3, 0, 0)
  (0, 0, 0, 0, 0, 6, 3, 0, 0)

Path 2951 (7 moves):
  (1, 1, 1, 1, 1, 1, 1, 1, 1)
  (1, 1, 1, 1, 0, 2, 1, 1, 1)
  (1, 1, 1, 1, 0, 2, 1, 0, 2)
  (1, 1, 0, 2, 0, 2, 1, 0, 2)
  (1, 3, 0, 0, 0, 2, 1, 0, 2)
  (1, 3, 0, 0, 0, 3, 0, 0, 2)
  (0, 4, 0, 0, 0, 3, 0, 0, 2)
  (0, 0, 0, 0, 0, 7, 0, 0, 2)

Path 2952 (7 moves):
  (1, 1, 1, 1, 1, 1, 1, 1, 1)
  (1, 1, 1, 1, 0, 2, 1, 1, 1)
  (1, 1, 1, 1, 0, 2, 1, 0, 2)
  (1, 1, 0, 2, 0, 2, 1, 0, 2)
  (1, 3, 0, 0, 0, 2, 1, 0, 2)
  (1, 3, 0, 0, 0, 3, 0, 0, 2)
  (0, 4, 0, 0, 0, 3, 0, 0, 2)
  (0, 4, 0, 0, 0, 0, 0, 0, 5)

Path 2953 (7 moves):
  (1, 1, 1, 1, 1, 1, 1, 1, 1)
  (1, 1, 1, 1, 0, 2, 1, 1, 1)
  (1, 1, 1, 1, 0, 2, 1, 0, 2)
  (1, 1, 0, 2, 0, 2, 1, 0, 2)
  (1, 3, 0, 0, 0, 2, 1, 0, 2)
  (1, 3, 0, 0, 0, 3, 0, 0, 2)
  (1, 3, 0, 0, 0, 0, 0, 0, 5)
  (0, 4, 0, 0, 0, 0, 0, 0, 5)

Path 2954 (7 moves):
  (1, 1, 1, 1, 1, 1, 1, 1, 1)
  (1, 1, 1, 1, 0, 2, 1, 1, 1)
  (1, 1, 1, 1, 0, 2, 1, 0, 2)
  (1, 1, 0, 2, 0, 2, 1, 0, 2)
  (1, 3, 0, 0, 0, 2, 1, 0, 2)
  (1, 3, 0, 0, 0, 2, 3, 0, 0)
  (0, 4, 0, 0, 0, 2, 3, 0, 0)
  (0, 0, 0, 0, 0, 6, 3, 0, 0)

Path 2955 (7 moves):
  (1, 1, 1, 1, 1, 1, 1, 1, 1)
  (1, 1, 1, 1, 0, 2, 1, 1, 1)
  (1, 1, 1, 1, 0, 2, 1, 0, 2)
  (1, 1, 0, 2, 0, 2, 1, 0, 2)
  (1, 1, 0, 0, 0, 4, 1, 0, 2)
  (1, 5, 0, 0, 0, 0, 1, 0, 2)
  (0, 6, 0, 0, 0, 0, 1, 0, 2)
  (0, 6, 0, 0, 0, 0, 3, 0, 0)

Path 2956 (7 moves):
  (1, 1, 1, 1, 1, 1, 1, 1, 1)
  (1, 1, 1, 1, 0, 2, 1, 1, 1)
  (1, 1, 1, 1, 0, 2, 1, 0, 2)
  (1, 1, 0, 2, 0, 2, 1, 0, 2)
  (1, 1, 0, 0, 0, 4, 1, 0, 2)
  (1, 5, 0, 0, 0, 0, 1, 0, 2)
  (1, 0, 0, 0, 0, 0, 6, 0, 2)
  (7, 0, 0, 0, 0, 0, 0, 0, 2)

Path 2957 (7 moves):
  (1, 1, 1, 1, 1, 1, 1, 1, 1)
  (1, 1, 1, 1, 0, 2, 1, 1, 1)
  (1, 1, 1, 1, 0, 2, 1, 0, 2)
  (1, 1, 0, 2, 0, 2, 1, 0, 2)
  (1, 1, 0, 0, 0, 4, 1, 0, 2)
  (1, 5, 0, 0, 0, 0, 1, 0, 2)
  (1, 0, 0, 0, 0, 0, 6, 0, 2)
  (1, 0, 0, 0, 0, 0, 8, 0, 0)

Path 2958 (7 moves):
  (1, 1, 1, 1, 1, 1, 1, 1, 1)
  (1, 1, 1, 1, 0, 2, 1, 1, 1)
  (1, 1, 1, 1, 0, 2, 1, 0, 2)
  (1, 1, 0, 2, 0, 2, 1, 0, 2)
  (1, 1, 0, 0, 0, 4, 1, 0, 2)
  (1, 5, 0, 0, 0, 0, 1, 0, 2)
  (1, 5, 0, 0, 0, 0, 3, 0, 0)
  (0, 6, 0, 0, 0, 0, 3, 0, 0)

Path 2959 (7 moves):
  (1, 1, 1, 1, 1, 1, 1, 1, 1)
  (1, 1, 1, 1, 0, 2, 1, 1, 1)
  (1, 1, 1, 1, 0, 2, 1, 0, 2)
  (1, 1, 0, 2, 0, 2, 1, 0, 2)
  (1, 1, 0, 0, 0, 4, 1, 0, 2)
  (1, 5, 0, 0, 0, 0, 1, 0, 2)
  (1, 5, 0, 0, 0, 0, 3, 0, 0)
  (1, 0, 0, 0, 0, 0, 8, 0, 0)

Path 2960 (7 moves):
  (1, 1, 1, 1, 1, 1, 1, 1, 1)
  (1, 1, 1, 1, 0, 2, 1, 1, 1)
  (1, 1, 1, 1, 0, 2, 1, 0, 2)
  (1, 1, 0, 2, 0, 2, 1, 0, 2)
  (1, 1, 0, 4, 0, 0, 1, 0, 2)
  (2, 0, 0, 4, 0, 0, 1, 0, 2)
  (2, 0, 0, 4, 0, 0, 3, 0, 0)
  (2, 0, 0, 7, 0, 0, 0, 0, 0)

Path 2961 (7 moves):
  (1, 1, 1, 1, 1, 1, 1, 1, 1)
  (1, 1, 1, 1, 0, 2, 1, 1, 1)
  (1, 1, 1, 1, 0, 2, 1, 0, 2)
  (1, 1, 0, 2, 0, 2, 1, 0, 2)
  (1, 1, 0, 2, 0, 3, 0, 0, 2)
  (2, 0, 0, 2, 0, 3, 0, 0, 2)
  (2, 0, 0, 0, 0, 5, 0, 0, 2)
  (7, 0, 0, 0, 0, 0, 0, 0, 2)

Path 2962 (7 moves):
  (1, 1, 1, 1, 1, 1, 1, 1, 1)
  (1, 1, 1, 1, 0, 2, 1, 1, 1)
  (1, 1, 1, 1, 0, 2, 1, 0, 2)
  (1, 1, 0, 2, 0, 2, 1, 0, 2)
  (1, 1, 0, 2, 0, 3, 0, 0, 2)
  (2, 0, 0, 2, 0, 3, 0, 0, 2)
  (2, 0, 0, 2, 0, 0, 0, 0, 5)
  (2, 0, 0, 7, 0, 0, 0, 0, 0)

Path 2963 (7 moves):
  (1, 1, 1, 1, 1, 1, 1, 1, 1)
  (1, 1, 1, 1, 0, 2, 1, 1, 1)
  (1, 1, 1, 1, 0, 2, 1, 0, 2)
  (1, 1, 0, 2, 0, 2, 1, 0, 2)
  (1, 1, 0, 2, 0, 3, 0, 0, 2)
  (1, 3, 0, 0, 0, 3, 0, 0, 2)
  (0, 4, 0, 0, 0, 3, 0, 0, 2)
  (0, 0, 0, 0, 0, 7, 0, 0, 2)

Path 2964 (7 moves):
  (1, 1, 1, 1, 1, 1, 1, 1, 1)
  (1, 1, 1, 1, 0, 2, 1, 1, 1)
  (1, 1, 1, 1, 0, 2, 1, 0, 2)
  (1, 1, 0, 2, 0, 2, 1, 0, 2)
  (1, 1, 0, 2, 0, 3, 0, 0, 2)
  (1, 3, 0, 0, 0, 3, 0, 0, 2)
  (0, 4, 0, 0, 0, 3, 0, 0, 2)
  (0, 4, 0, 0, 0, 0, 0, 0, 5)

Path 2965 (7 moves):
  (1, 1, 1, 1, 1, 1, 1, 1, 1)
  (1, 1, 1, 1, 0, 2, 1, 1, 1)
  (1, 1, 1, 1, 0, 2, 1, 0, 2)
  (1, 1, 0, 2, 0, 2, 1, 0, 2)
  (1, 1, 0, 2, 0, 3, 0, 0, 2)
  (1, 3, 0, 0, 0, 3, 0, 0, 2)
  (1, 3, 0, 0, 0, 0, 0, 0, 5)
  (0, 4, 0, 0, 0, 0, 0, 0, 5)

Path 2966 (7 moves):
  (1, 1, 1, 1, 1, 1, 1, 1, 1)
  (1, 1, 1, 1, 0, 2, 1, 1, 1)
  (1, 1, 1, 1, 0, 2, 1, 0, 2)
  (1, 1, 0, 2, 0, 2, 1, 0, 2)
  (1, 1, 0, 2, 0, 3, 0, 0, 2)
  (1, 1, 0, 2, 0, 0, 0, 0, 5)
  (0, 2, 0, 2, 0, 0, 0, 0, 5)
  (0, 4, 0, 0, 0, 0, 0, 0, 5)

Path 2967 (7 moves):
  (1, 1, 1, 1, 1, 1, 1, 1, 1)
  (1, 1, 1, 1, 0, 2, 1, 1, 1)
  (1, 1, 1, 1, 0, 2, 1, 0, 2)
  (1, 1, 0, 2, 0, 2, 1, 0, 2)
  (1, 1, 0, 2, 0, 3, 0, 0, 2)
  (1, 1, 0, 2, 0, 0, 0, 0, 5)
  (2, 0, 0, 2, 0, 0, 0, 0, 5)
  (2, 0, 0, 7, 0, 0, 0, 0, 0)

Path 2968 (7 moves):
  (1, 1, 1, 1, 1, 1, 1, 1, 1)
  (1, 1, 1, 1, 0, 2, 1, 1, 1)
  (1, 1, 1, 1, 0, 2, 1, 0, 2)
  (1, 1, 0, 2, 0, 2, 1, 0, 2)
  (1, 1, 0, 2, 0, 3, 0, 0, 2)
  (1, 1, 0, 2, 0, 0, 0, 0, 5)
  (1, 3, 0, 0, 0, 0, 0, 0, 5)
  (0, 4, 0, 0, 0, 0, 0, 0, 5)

Path 2969 (7 moves):
  (1, 1, 1, 1, 1, 1, 1, 1, 1)
  (1, 1, 1, 1, 0, 2, 1, 1, 1)
  (1, 1, 1, 1, 0, 2, 1, 0, 2)
  (1, 1, 0, 2, 0, 2, 1, 0, 2)
  (1, 1, 0, 2, 0, 3, 0, 0, 2)
  (1, 1, 0, 2, 0, 0, 0, 0, 5)
  (1, 1, 0, 7, 0, 0, 0, 0, 0)
  (2, 0, 0, 7, 0, 0, 0, 0, 0)

Path 2970 (7 moves):
  (1, 1, 1, 1, 1, 1, 1, 1, 1)
  (1, 1, 1, 1, 0, 2, 1, 1, 1)
  (1, 1, 1, 1, 0, 2, 1, 0, 2)
  (1, 1, 0, 2, 0, 2, 1, 0, 2)
  (1, 1, 0, 2, 0, 2, 3, 0, 0)
  (1, 3, 0, 0, 0, 2, 3, 0, 0)
  (0, 4, 0, 0, 0, 2, 3, 0, 0)
  (0, 0, 0, 0, 0, 6, 3, 0, 0)

Path 2971 (7 moves):
  (1, 1, 1, 1, 1, 1, 1, 1, 1)
  (1, 1, 1, 1, 0, 2, 1, 1, 1)
  (1, 1, 1, 1, 0, 2, 1, 2, 0)
  (1, 0, 2, 1, 0, 2, 1, 2, 0)
  (3, 0, 0, 1, 0, 2, 1, 2, 0)
  (0, 0, 0, 4, 0, 2, 1, 2, 0)
  (0, 0, 0, 0, 0, 2, 1, 6, 0)
  (0, 0, 0, 0, 0, 3, 0, 6, 0)

Path 2972 (7 moves):
  (1, 1, 1, 1, 1, 1, 1, 1, 1)
  (1, 1, 1, 1, 0, 2, 1, 1, 1)
  (1, 1, 1, 1, 0, 2, 1, 2, 0)
  (1, 0, 2, 1, 0, 2, 1, 2, 0)
  (3, 0, 0, 1, 0, 2, 1, 2, 0)
  (0, 0, 0, 4, 0, 2, 1, 2, 0)
  (0, 0, 0, 6, 0, 0, 1, 2, 0)
  (0, 0, 0, 6, 0, 0, 0, 3, 0)

Path 2973 (7 moves):
  (1, 1, 1, 1, 1, 1, 1, 1, 1)
  (1, 1, 1, 1, 0, 2, 1, 1, 1)
  (1, 1, 1, 1, 0, 2, 1, 2, 0)
  (1, 0, 2, 1, 0, 2, 1, 2, 0)
  (3, 0, 0, 1, 0, 2, 1, 2, 0)
  (0, 0, 0, 4, 0, 2, 1, 2, 0)
  (0, 0, 0, 4, 0, 0, 1, 4, 0)
  (0, 0, 0, 8, 0, 0, 1, 0, 0)

Path 2974 (7 moves):
  (1, 1, 1, 1, 1, 1, 1, 1, 1)
  (1, 1, 1, 1, 0, 2, 1, 1, 1)
  (1, 1, 1, 1, 0, 2, 1, 2, 0)
  (1, 0, 2, 1, 0, 2, 1, 2, 0)
  (3, 0, 0, 1, 0, 2, 1, 2, 0)
  (0, 0, 0, 4, 0, 2, 1, 2, 0)
  (0, 0, 0, 4, 0, 3, 0, 2, 0)
  (0, 0, 0, 0, 0, 3, 0, 6, 0)

Path 2975 (7 moves):
  (1, 1, 1, 1, 1, 1, 1, 1, 1)
  (1, 1, 1, 1, 0, 2, 1, 1, 1)
  (1, 1, 1, 1, 0, 2, 1, 2, 0)
  (1, 0, 2, 1, 0, 2, 1, 2, 0)
  (3, 0, 0, 1, 0, 2, 1, 2, 0)
  (0, 0, 0, 4, 0, 2, 1, 2, 0)
  (0, 0, 0, 4, 0, 3, 0, 2, 0)
  (0, 0, 0, 4, 0, 5, 0, 0, 0)

Path 2976 (7 moves):
  (1, 1, 1, 1, 1, 1, 1, 1, 1)
  (1, 1, 1, 1, 0, 2, 1, 1, 1)
  (1, 1, 1, 1, 0, 2, 1, 2, 0)
  (1, 0, 2, 1, 0, 2, 1, 2, 0)
  (3, 0, 0, 1, 0, 2, 1, 2, 0)
  (0, 0, 0, 4, 0, 2, 1, 2, 0)
  (0, 0, 0, 4, 0, 2, 0, 3, 0)
  (0, 0, 0, 6, 0, 0, 0, 3, 0)

Path 2977 (7 moves):
  (1, 1, 1, 1, 1, 1, 1, 1, 1)
  (1, 1, 1, 1, 0, 2, 1, 1, 1)
  (1, 1, 1, 1, 0, 2, 1, 2, 0)
  (1, 0, 2, 1, 0, 2, 1, 2, 0)
  (3, 0, 0, 1, 0, 2, 1, 2, 0)
  (0, 0, 0, 4, 0, 2, 1, 2, 0)
  (0, 0, 0, 4, 0, 4, 1, 0, 0)
  (0, 0, 0, 4, 0, 5, 0, 0, 0)

Path 2978 (7 moves):
  (1, 1, 1, 1, 1, 1, 1, 1, 1)
  (1, 1, 1, 1, 0, 2, 1, 1, 1)
  (1, 1, 1, 1, 0, 2, 1, 2, 0)
  (1, 0, 2, 1, 0, 2, 1, 2, 0)
  (3, 0, 0, 1, 0, 2, 1, 2, 0)
  (3, 0, 0, 1, 0, 3, 0, 2, 0)
  (0, 0, 0, 4, 0, 3, 0, 2, 0)
  (0, 0, 0, 0, 0, 3, 0, 6, 0)

Path 2979 (7 moves):
  (1, 1, 1, 1, 1, 1, 1, 1, 1)
  (1, 1, 1, 1, 0, 2, 1, 1, 1)
  (1, 1, 1, 1, 0, 2, 1, 2, 0)
  (1, 0, 2, 1, 0, 2, 1, 2, 0)
  (3, 0, 0, 1, 0, 2, 1, 2, 0)
  (3, 0, 0, 1, 0, 3, 0, 2, 0)
  (0, 0, 0, 4, 0, 3, 0, 2, 0)
  (0, 0, 0, 4, 0, 5, 0, 0, 0)

Path 2980 (7 moves):
  (1, 1, 1, 1, 1, 1, 1, 1, 1)
  (1, 1, 1, 1, 0, 2, 1, 1, 1)
  (1, 1, 1, 1, 0, 2, 1, 2, 0)
  (1, 0, 2, 1, 0, 2, 1, 2, 0)
  (3, 0, 0, 1, 0, 2, 1, 2, 0)
  (3, 0, 0, 1, 0, 3, 0, 2, 0)
  (3, 0, 0, 1, 0, 5, 0, 0, 0)
  (0, 0, 0, 4, 0, 5, 0, 0, 0)

Path 2981 (7 moves):
  (1, 1, 1, 1, 1, 1, 1, 1, 1)
  (1, 1, 1, 1, 0, 2, 1, 1, 1)
  (1, 1, 1, 1, 0, 2, 1, 2, 0)
  (1, 0, 2, 1, 0, 2, 1, 2, 0)
  (3, 0, 0, 1, 0, 2, 1, 2, 0)
  (3, 0, 0, 1, 0, 3, 0, 2, 0)
  (3, 0, 0, 1, 0, 5, 0, 0, 0)
  (8, 0, 0, 1, 0, 0, 0, 0, 0)

Path 2982 (7 moves):
  (1, 1, 1, 1, 1, 1, 1, 1, 1)
  (1, 1, 1, 1, 0, 2, 1, 1, 1)
  (1, 1, 1, 1, 0, 2, 1, 2, 0)
  (1, 0, 2, 1, 0, 2, 1, 2, 0)
  (3, 0, 0, 1, 0, 2, 1, 2, 0)
  (3, 0, 0, 1, 0, 4, 1, 0, 0)
  (0, 0, 0, 4, 0, 4, 1, 0, 0)
  (0, 0, 0, 4, 0, 5, 0, 0, 0)

Path 2983 (7 moves):
  (1, 1, 1, 1, 1, 1, 1, 1, 1)
  (1, 1, 1, 1, 0, 2, 1, 1, 1)
  (1, 1, 1, 1, 0, 2, 1, 2, 0)
  (1, 0, 2, 1, 0, 2, 1, 2, 0)
  (3, 0, 0, 1, 0, 2, 1, 2, 0)
  (3, 0, 0, 1, 0, 4, 1, 0, 0)
  (3, 0, 0, 1, 0, 5, 0, 0, 0)
  (0, 0, 0, 4, 0, 5, 0, 0, 0)

Path 2984 (7 moves):
  (1, 1, 1, 1, 1, 1, 1, 1, 1)
  (1, 1, 1, 1, 0, 2, 1, 1, 1)
  (1, 1, 1, 1, 0, 2, 1, 2, 0)
  (1, 0, 2, 1, 0, 2, 1, 2, 0)
  (3, 0, 0, 1, 0, 2, 1, 2, 0)
  (3, 0, 0, 1, 0, 4, 1, 0, 0)
  (3, 0, 0, 1, 0, 5, 0, 0, 0)
  (8, 0, 0, 1, 0, 0, 0, 0, 0)

Path 2985 (7 moves):
  (1, 1, 1, 1, 1, 1, 1, 1, 1)
  (1, 1, 1, 1, 0, 2, 1, 1, 1)
  (1, 1, 1, 1, 0, 2, 1, 2, 0)
  (1, 0, 2, 1, 0, 2, 1, 2, 0)
  (1, 0, 3, 0, 0, 2, 1, 2, 0)
  (1, 0, 0, 0, 0, 5, 1, 2, 0)
  (6, 0, 0, 0, 0, 0, 1, 2, 0)
  (0, 0, 0, 0, 0, 0, 7, 2, 0)

Path 2986 (7 moves):
  (1, 1, 1, 1, 1, 1, 1, 1, 1)
  (1, 1, 1, 1, 0, 2, 1, 1, 1)
  (1, 1, 1, 1, 0, 2, 1, 2, 0)
  (1, 0, 2, 1, 0, 2, 1, 2, 0)
  (1, 0, 3, 0, 0, 2, 1, 2, 0)
  (1, 0, 0, 0, 0, 5, 1, 2, 0)
  (6, 0, 0, 0, 0, 0, 1, 2, 0)
  (6, 0, 0, 0, 0, 0, 0, 3, 0)

Path 2987 (7 moves):
  (1, 1, 1, 1, 1, 1, 1, 1, 1)
  (1, 1, 1, 1, 0, 2, 1, 1, 1)
  (1, 1, 1, 1, 0, 2, 1, 2, 0)
  (1, 0, 2, 1, 0, 2, 1, 2, 0)
  (1, 0, 3, 0, 0, 2, 1, 2, 0)
  (1, 0, 0, 0, 0, 5, 1, 2, 0)
  (1, 0, 0, 0, 0, 6, 0, 2, 0)
  (1, 0, 0, 0, 0, 8, 0, 0, 0)

Path 2988 (7 moves):
  (1, 1, 1, 1, 1, 1, 1, 1, 1)
  (1, 1, 1, 1, 0, 2, 1, 1, 1)
  (1, 1, 1, 1, 0, 2, 1, 2, 0)
  (1, 0, 2, 1, 0, 2, 1, 2, 0)
  (1, 0, 3, 0, 0, 2, 1, 2, 0)
  (1, 0, 0, 0, 0, 5, 1, 2, 0)
  (1, 0, 0, 0, 0, 5, 0, 3, 0)
  (6, 0, 0, 0, 0, 0, 0, 3, 0)

Path 2989 (7 moves):
  (1, 1, 1, 1, 1, 1, 1, 1, 1)
  (1, 1, 1, 1, 0, 2, 1, 1, 1)
  (1, 1, 1, 1, 0, 2, 1, 2, 0)
  (1, 0, 2, 1, 0, 2, 1, 2, 0)
  (1, 0, 3, 0, 0, 2, 1, 2, 0)
  (1, 0, 0, 0, 0, 5, 1, 2, 0)
  (1, 0, 0, 0, 0, 7, 1, 0, 0)
  (1, 0, 0, 0, 0, 8, 0, 0, 0)

Path 2990 (7 moves):
  (1, 1, 1, 1, 1, 1, 1, 1, 1)
  (1, 1, 1, 1, 0, 2, 1, 1, 1)
  (1, 1, 1, 1, 0, 2, 1, 2, 0)
  (1, 0, 2, 1, 0, 2, 1, 2, 0)
  (1, 0, 3, 0, 0, 2, 1, 2, 0)
  (1, 0, 3, 0, 0, 0, 1, 4, 0)
  (1, 0, 3, 0, 0, 0, 0, 5, 0)
  (1, 0, 8, 0, 0, 0, 0, 0, 0)

Path 2991 (7 moves):
  (1, 1, 1, 1, 1, 1, 1, 1, 1)
  (1, 1, 1, 1, 0, 2, 1, 1, 1)
  (1, 1, 1, 1, 0, 2, 1, 2, 0)
  (1, 0, 2, 1, 0, 2, 1, 2, 0)
  (1, 0, 3, 0, 0, 2, 1, 2, 0)
  (1, 0, 3, 0, 0, 2, 0, 3, 0)
  (1, 0, 0, 0, 0, 5, 0, 3, 0)
  (6, 0, 0, 0, 0, 0, 0, 3, 0)

Path 2992 (7 moves):
  (1, 1, 1, 1, 1, 1, 1, 1, 1)
  (1, 1, 1, 1, 0, 2, 1, 1, 1)
  (1, 1, 1, 1, 0, 2, 1, 2, 0)
  (1, 0, 2, 1, 0, 2, 1, 2, 0)
  (1, 0, 3, 0, 0, 2, 1, 2, 0)
  (1, 0, 3, 0, 0, 2, 0, 3, 0)
  (1, 0, 3, 0, 0, 0, 0, 5, 0)
  (1, 0, 8, 0, 0, 0, 0, 0, 0)

Path 2993 (7 moves):
  (1, 1, 1, 1, 1, 1, 1, 1, 1)
  (1, 1, 1, 1, 0, 2, 1, 1, 1)
  (1, 1, 1, 1, 0, 2, 1, 2, 0)
  (1, 0, 2, 1, 0, 2, 1, 2, 0)
  (1, 0, 3, 0, 0, 2, 1, 2, 0)
  (1, 0, 3, 0, 0, 4, 1, 0, 0)
  (1, 0, 0, 0, 0, 7, 1, 0, 0)
  (1, 0, 0, 0, 0, 8, 0, 0, 0)

Path 2994 (7 moves):
  (1, 1, 1, 1, 1, 1, 1, 1, 1)
  (1, 1, 1, 1, 0, 2, 1, 1, 1)
  (1, 1, 1, 1, 0, 2, 1, 2, 0)
  (1, 0, 2, 1, 0, 2, 1, 2, 0)
  (1, 0, 3, 0, 0, 2, 1, 2, 0)
  (1, 0, 3, 0, 0, 4, 1, 0, 0)
  (1, 0, 3, 0, 0, 5, 0, 0, 0)
  (1, 0, 0, 0, 0, 8, 0, 0, 0)

Path 2995 (7 moves):
  (1, 1, 1, 1, 1, 1, 1, 1, 1)
  (1, 1, 1, 1, 0, 2, 1, 1, 1)
  (1, 1, 1, 1, 0, 2, 1, 2, 0)
  (1, 0, 2, 1, 0, 2, 1, 2, 0)
  (1, 0, 3, 0, 0, 2, 1, 2, 0)
  (1, 0, 3, 0, 0, 4, 1, 0, 0)
  (1, 0, 3, 0, 0, 5, 0, 0, 0)
  (6, 0, 3, 0, 0, 0, 0, 0, 0)

Path 2996 (7 moves):
  (1, 1, 1, 1, 1, 1, 1, 1, 1)
  (1, 1, 1, 1, 0, 2, 1, 1, 1)
  (1, 1, 1, 1, 0, 2, 1, 2, 0)
  (1, 0, 2, 1, 0, 2, 1, 2, 0)
  (1, 0, 2, 3, 0, 0, 1, 2, 0)
  (4, 0, 2, 0, 0, 0, 1, 2, 0)
  (6, 0, 0, 0, 0, 0, 1, 2, 0)
  (0, 0, 0, 0, 0, 0, 7, 2, 0)

Path 2997 (7 moves):
  (1, 1, 1, 1, 1, 1, 1, 1, 1)
  (1, 1, 1, 1, 0, 2, 1, 1, 1)
  (1, 1, 1, 1, 0, 2, 1, 2, 0)
  (1, 0, 2, 1, 0, 2, 1, 2, 0)
  (1, 0, 2, 3, 0, 0, 1, 2, 0)
  (4, 0, 2, 0, 0, 0, 1, 2, 0)
  (6, 0, 0, 0, 0, 0, 1, 2, 0)
  (6, 0, 0, 0, 0, 0, 0, 3, 0)

Path 2998 (7 moves):
  (1, 1, 1, 1, 1, 1, 1, 1, 1)
  (1, 1, 1, 1, 0, 2, 1, 1, 1)
  (1, 1, 1, 1, 0, 2, 1, 2, 0)
  (1, 0, 2, 1, 0, 2, 1, 2, 0)
  (1, 0, 2, 3, 0, 0, 1, 2, 0)
  (4, 0, 2, 0, 0, 0, 1, 2, 0)
  (4, 0, 2, 0, 0, 0, 0, 3, 0)
  (6, 0, 0, 0, 0, 0, 0, 3, 0)

Path 2999 (7 moves):
  (1, 1, 1, 1, 1, 1, 1, 1, 1)
  (1, 1, 1, 1, 0, 2, 1, 1, 1)
  (1, 1, 1, 1, 0, 2, 1, 2, 0)
  (1, 0, 2, 1, 0, 2, 1, 2, 0)
  (1, 0, 2, 3, 0, 0, 1, 2, 0)
  (1, 0, 2, 3, 0, 0, 0, 3, 0)
  (3, 0, 0, 3, 0, 0, 0, 3, 0)
  (0, 0, 0, 6, 0, 0, 0, 3, 0)

Path 3000 (7 moves):
  (1, 1, 1, 1, 1, 1, 1, 1, 1)
  (1, 1, 1, 1, 0, 2, 1, 1, 1)
  (1, 1, 1, 1, 0, 2, 1, 2, 0)
  (1, 0, 2, 1, 0, 2, 1, 2, 0)
  (1, 0, 2, 3, 0, 0, 1, 2, 0)
  (1, 0, 2, 3, 0, 0, 0, 3, 0)
  (3, 0, 0, 3, 0, 0, 0, 3, 0)
  (6, 0, 0, 0, 0, 0, 0, 3, 0)

Path 3001 (7 moves):
  (1, 1, 1, 1, 1, 1, 1, 1, 1)
  (1, 1, 1, 1, 0, 2, 1, 1, 1)
  (1, 1, 1, 1, 0, 2, 1, 2, 0)
  (1, 0, 2, 1, 0, 2, 1, 2, 0)
  (1, 0, 2, 3, 0, 0, 1, 2, 0)
  (1, 0, 2, 3, 0, 0, 0, 3, 0)
  (4, 0, 2, 0, 0, 0, 0, 3, 0)
  (6, 0, 0, 0, 0, 0, 0, 3, 0)

Path 3002 (7 moves):
  (1, 1, 1, 1, 1, 1, 1, 1, 1)
  (1, 1, 1, 1, 0, 2, 1, 1, 1)
  (1, 1, 1, 1, 0, 2, 1, 2, 0)
  (1, 0, 2, 1, 0, 2, 1, 2, 0)
  (1, 0, 2, 1, 0, 0, 1, 4, 0)
  (1, 0, 3, 0, 0, 0, 1, 4, 0)
  (1, 0, 3, 0, 0, 0, 0, 5, 0)
  (1, 0, 8, 0, 0, 0, 0, 0, 0)

Path 3003 (7 moves):
  (1, 1, 1, 1, 1, 1, 1, 1, 1)
  (1, 1, 1, 1, 0, 2, 1, 1, 1)
  (1, 1, 1, 1, 0, 2, 1, 2, 0)
  (1, 0, 2, 1, 0, 2, 1, 2, 0)
  (1, 0, 2, 1, 0, 0, 1, 4, 0)
  (1, 0, 2, 5, 0, 0, 1, 0, 0)
  (3, 0, 0, 5, 0, 0, 1, 0, 0)
  (0, 0, 0, 8, 0, 0, 1, 0, 0)

Path 3004 (7 moves):
  (1, 1, 1, 1, 1, 1, 1, 1, 1)
  (1, 1, 1, 1, 0, 2, 1, 1, 1)
  (1, 1, 1, 1, 0, 2, 1, 2, 0)
  (1, 0, 2, 1, 0, 2, 1, 2, 0)
  (1, 0, 2, 1, 0, 3, 0, 2, 0)
  (3, 0, 0, 1, 0, 3, 0, 2, 0)
  (0, 0, 0, 4, 0, 3, 0, 2, 0)
  (0, 0, 0, 0, 0, 3, 0, 6, 0)

Path 3005 (7 moves):
  (1, 1, 1, 1, 1, 1, 1, 1, 1)
  (1, 1, 1, 1, 0, 2, 1, 1, 1)
  (1, 1, 1, 1, 0, 2, 1, 2, 0)
  (1, 0, 2, 1, 0, 2, 1, 2, 0)
  (1, 0, 2, 1, 0, 3, 0, 2, 0)
  (3, 0, 0, 1, 0, 3, 0, 2, 0)
  (0, 0, 0, 4, 0, 3, 0, 2, 0)
  (0, 0, 0, 4, 0, 5, 0, 0, 0)

Path 3006 (7 moves):
  (1, 1, 1, 1, 1, 1, 1, 1, 1)
  (1, 1, 1, 1, 0, 2, 1, 1, 1)
  (1, 1, 1, 1, 0, 2, 1, 2, 0)
  (1, 0, 2, 1, 0, 2, 1, 2, 0)
  (1, 0, 2, 1, 0, 3, 0, 2, 0)
  (3, 0, 0, 1, 0, 3, 0, 2, 0)
  (3, 0, 0, 1, 0, 5, 0, 0, 0)
  (0, 0, 0, 4, 0, 5, 0, 0, 0)

Path 3007 (7 moves):
  (1, 1, 1, 1, 1, 1, 1, 1, 1)
  (1, 1, 1, 1, 0, 2, 1, 1, 1)
  (1, 1, 1, 1, 0, 2, 1, 2, 0)
  (1, 0, 2, 1, 0, 2, 1, 2, 0)
  (1, 0, 2, 1, 0, 3, 0, 2, 0)
  (3, 0, 0, 1, 0, 3, 0, 2, 0)
  (3, 0, 0, 1, 0, 5, 0, 0, 0)
  (8, 0, 0, 1, 0, 0, 0, 0, 0)

Path 3008 (7 moves):
  (1, 1, 1, 1, 1, 1, 1, 1, 1)
  (1, 1, 1, 1, 0, 2, 1, 1, 1)
  (1, 1, 1, 1, 0, 2, 1, 2, 0)
  (1, 0, 2, 1, 0, 2, 1, 2, 0)
  (1, 0, 2, 1, 0, 3, 0, 2, 0)
  (1, 0, 2, 1, 0, 5, 0, 0, 0)
  (3, 0, 0, 1, 0, 5, 0, 0, 0)
  (0, 0, 0, 4, 0, 5, 0, 0, 0)

Path 3009 (7 moves):
  (1, 1, 1, 1, 1, 1, 1, 1, 1)
  (1, 1, 1, 1, 0, 2, 1, 1, 1)
  (1, 1, 1, 1, 0, 2, 1, 2, 0)
  (1, 0, 2, 1, 0, 2, 1, 2, 0)
  (1, 0, 2, 1, 0, 3, 0, 2, 0)
  (1, 0, 2, 1, 0, 5, 0, 0, 0)
  (3, 0, 0, 1, 0, 5, 0, 0, 0)
  (8, 0, 0, 1, 0, 0, 0, 0, 0)

Path 3010 (7 moves):
  (1, 1, 1, 1, 1, 1, 1, 1, 1)
  (1, 1, 1, 1, 0, 2, 1, 1, 1)
  (1, 1, 1, 1, 0, 2, 1, 2, 0)
  (1, 0, 2, 1, 0, 2, 1, 2, 0)
  (1, 0, 2, 1, 0, 3, 0, 2, 0)
  (1, 0, 2, 1, 0, 5, 0, 0, 0)
  (1, 0, 3, 0, 0, 5, 0, 0, 0)
  (1, 0, 0, 0, 0, 8, 0, 0, 0)

Path 3011 (7 moves):
  (1, 1, 1, 1, 1, 1, 1, 1, 1)
  (1, 1, 1, 1, 0, 2, 1, 1, 1)
  (1, 1, 1, 1, 0, 2, 1, 2, 0)
  (1, 0, 2, 1, 0, 2, 1, 2, 0)
  (1, 0, 2, 1, 0, 3, 0, 2, 0)
  (1, 0, 2, 1, 0, 5, 0, 0, 0)
  (1, 0, 3, 0, 0, 5, 0, 0, 0)
  (6, 0, 3, 0, 0, 0, 0, 0, 0)

Path 3012 (7 moves):
  (1, 1, 1, 1, 1, 1, 1, 1, 1)
  (1, 1, 1, 1, 0, 2, 1, 1, 1)
  (1, 1, 1, 1, 0, 2, 1, 2, 0)
  (1, 0, 2, 1, 0, 2, 1, 2, 0)
  (1, 0, 2, 1, 0, 3, 0, 2, 0)
  (1, 0, 2, 1, 0, 5, 0, 0, 0)
  (6, 0, 2, 1, 0, 0, 0, 0, 0)
  (8, 0, 0, 1, 0, 0, 0, 0, 0)

Path 3013 (7 moves):
  (1, 1, 1, 1, 1, 1, 1, 1, 1)
  (1, 1, 1, 1, 0, 2, 1, 1, 1)
  (1, 1, 1, 1, 0, 2, 1, 2, 0)
  (1, 0, 2, 1, 0, 2, 1, 2, 0)
  (1, 0, 2, 1, 0, 3, 0, 2, 0)
  (1, 0, 2, 1, 0, 5, 0, 0, 0)
  (6, 0, 2, 1, 0, 0, 0, 0, 0)
  (6, 0, 3, 0, 0, 0, 0, 0, 0)

Path 3014 (7 moves):
  (1, 1, 1, 1, 1, 1, 1, 1, 1)
  (1, 1, 1, 1, 0, 2, 1, 1, 1)
  (1, 1, 1, 1, 0, 2, 1, 2, 0)
  (1, 0, 2, 1, 0, 2, 1, 2, 0)
  (1, 0, 2, 1, 0, 2, 0, 3, 0)
  (1, 0, 3, 0, 0, 2, 0, 3, 0)
  (1, 0, 0, 0, 0, 5, 0, 3, 0)
  (6, 0, 0, 0, 0, 0, 0, 3, 0)

Path 3015 (7 moves):
  (1, 1, 1, 1, 1, 1, 1, 1, 1)
  (1, 1, 1, 1, 0, 2, 1, 1, 1)
  (1, 1, 1, 1, 0, 2, 1, 2, 0)
  (1, 0, 2, 1, 0, 2, 1, 2, 0)
  (1, 0, 2, 1, 0, 2, 0, 3, 0)
  (1, 0, 3, 0, 0, 2, 0, 3, 0)
  (1, 0, 3, 0, 0, 0, 0, 5, 0)
  (1, 0, 8, 0, 0, 0, 0, 0, 0)

Path 3016 (7 moves):
  (1, 1, 1, 1, 1, 1, 1, 1, 1)
  (1, 1, 1, 1, 0, 2, 1, 1, 1)
  (1, 1, 1, 1, 0, 2, 1, 2, 0)
  (1, 0, 2, 1, 0, 2, 1, 2, 0)
  (1, 0, 2, 1, 0, 2, 0, 3, 0)
  (1, 0, 2, 3, 0, 0, 0, 3, 0)
  (3, 0, 0, 3, 0, 0, 0, 3, 0)
  (0, 0, 0, 6, 0, 0, 0, 3, 0)

Path 3017 (7 moves):
  (1, 1, 1, 1, 1, 1, 1, 1, 1)
  (1, 1, 1, 1, 0, 2, 1, 1, 1)
  (1, 1, 1, 1, 0, 2, 1, 2, 0)
  (1, 0, 2, 1, 0, 2, 1, 2, 0)
  (1, 0, 2, 1, 0, 2, 0, 3, 0)
  (1, 0, 2, 3, 0, 0, 0, 3, 0)
  (3, 0, 0, 3, 0, 0, 0, 3, 0)
  (6, 0, 0, 0, 0, 0, 0, 3, 0)

Path 3018 (7 moves):
  (1, 1, 1, 1, 1, 1, 1, 1, 1)
  (1, 1, 1, 1, 0, 2, 1, 1, 1)
  (1, 1, 1, 1, 0, 2, 1, 2, 0)
  (1, 0, 2, 1, 0, 2, 1, 2, 0)
  (1, 0, 2, 1, 0, 2, 0, 3, 0)
  (1, 0, 2, 3, 0, 0, 0, 3, 0)
  (4, 0, 2, 0, 0, 0, 0, 3, 0)
  (6, 0, 0, 0, 0, 0, 0, 3, 0)

Path 3019 (7 moves):
  (1, 1, 1, 1, 1, 1, 1, 1, 1)
  (1, 1, 1, 1, 0, 2, 1, 1, 1)
  (1, 1, 1, 1, 0, 2, 1, 2, 0)
  (1, 0, 2, 1, 0, 2, 1, 2, 0)
  (1, 0, 2, 1, 0, 4, 1, 0, 0)
  (3, 0, 0, 1, 0, 4, 1, 0, 0)
  (0, 0, 0, 4, 0, 4, 1, 0, 0)
  (0, 0, 0, 4, 0, 5, 0, 0, 0)

Path 3020 (7 moves):
  (1, 1, 1, 1, 1, 1, 1, 1, 1)
  (1, 1, 1, 1, 0, 2, 1, 1, 1)
  (1, 1, 1, 1, 0, 2, 1, 2, 0)
  (1, 0, 2, 1, 0, 2, 1, 2, 0)
  (1, 0, 2, 1, 0, 4, 1, 0, 0)
  (3, 0, 0, 1, 0, 4, 1, 0, 0)
  (3, 0, 0, 1, 0, 5, 0, 0, 0)
  (0, 0, 0, 4, 0, 5, 0, 0, 0)

Path 3021 (7 moves):
  (1, 1, 1, 1, 1, 1, 1, 1, 1)
  (1, 1, 1, 1, 0, 2, 1, 1, 1)
  (1, 1, 1, 1, 0, 2, 1, 2, 0)
  (1, 0, 2, 1, 0, 2, 1, 2, 0)
  (1, 0, 2, 1, 0, 4, 1, 0, 0)
  (3, 0, 0, 1, 0, 4, 1, 0, 0)
  (3, 0, 0, 1, 0, 5, 0, 0, 0)
  (8, 0, 0, 1, 0, 0, 0, 0, 0)

Path 3022 (7 moves):
  (1, 1, 1, 1, 1, 1, 1, 1, 1)
  (1, 1, 1, 1, 0, 2, 1, 1, 1)
  (1, 1, 1, 1, 0, 2, 1, 2, 0)
  (1, 0, 2, 1, 0, 2, 1, 2, 0)
  (1, 0, 2, 1, 0, 4, 1, 0, 0)
  (1, 0, 3, 0, 0, 4, 1, 0, 0)
  (1, 0, 0, 0, 0, 7, 1, 0, 0)
  (1, 0, 0, 0, 0, 8, 0, 0, 0)

Path 3023 (7 moves):
  (1, 1, 1, 1, 1, 1, 1, 1, 1)
  (1, 1, 1, 1, 0, 2, 1, 1, 1)
  (1, 1, 1, 1, 0, 2, 1, 2, 0)
  (1, 0, 2, 1, 0, 2, 1, 2, 0)
  (1, 0, 2, 1, 0, 4, 1, 0, 0)
  (1, 0, 3, 0, 0, 4, 1, 0, 0)
  (1, 0, 3, 0, 0, 5, 0, 0, 0)
  (1, 0, 0, 0, 0, 8, 0, 0, 0)

Path 3024 (7 moves):
  (1, 1, 1, 1, 1, 1, 1, 1, 1)
  (1, 1, 1, 1, 0, 2, 1, 1, 1)
  (1, 1, 1, 1, 0, 2, 1, 2, 0)
  (1, 0, 2, 1, 0, 2, 1, 2, 0)
  (1, 0, 2, 1, 0, 4, 1, 0, 0)
  (1, 0, 3, 0, 0, 4, 1, 0, 0)
  (1, 0, 3, 0, 0, 5, 0, 0, 0)
  (6, 0, 3, 0, 0, 0, 0, 0, 0)

Path 3025 (7 moves):
  (1, 1, 1, 1, 1, 1, 1, 1, 1)
  (1, 1, 1, 1, 0, 2, 1, 1, 1)
  (1, 1, 1, 1, 0, 2, 1, 2, 0)
  (1, 0, 2, 1, 0, 2, 1, 2, 0)
  (1, 0, 2, 1, 0, 4, 1, 0, 0)
  (1, 0, 2, 1, 0, 5, 0, 0, 0)
  (3, 0, 0, 1, 0, 5, 0, 0, 0)
  (0, 0, 0, 4, 0, 5, 0, 0, 0)

Path 3026 (7 moves):
  (1, 1, 1, 1, 1, 1, 1, 1, 1)
  (1, 1, 1, 1, 0, 2, 1, 1, 1)
  (1, 1, 1, 1, 0, 2, 1, 2, 0)
  (1, 0, 2, 1, 0, 2, 1, 2, 0)
  (1, 0, 2, 1, 0, 4, 1, 0, 0)
  (1, 0, 2, 1, 0, 5, 0, 0, 0)
  (3, 0, 0, 1, 0, 5, 0, 0, 0)
  (8, 0, 0, 1, 0, 0, 0, 0, 0)

Path 3027 (7 moves):
  (1, 1, 1, 1, 1, 1, 1, 1, 1)
  (1, 1, 1, 1, 0, 2, 1, 1, 1)
  (1, 1, 1, 1, 0, 2, 1, 2, 0)
  (1, 0, 2, 1, 0, 2, 1, 2, 0)
  (1, 0, 2, 1, 0, 4, 1, 0, 0)
  (1, 0, 2, 1, 0, 5, 0, 0, 0)
  (1, 0, 3, 0, 0, 5, 0, 0, 0)
  (1, 0, 0, 0, 0, 8, 0, 0, 0)

Path 3028 (7 moves):
  (1, 1, 1, 1, 1, 1, 1, 1, 1)
  (1, 1, 1, 1, 0, 2, 1, 1, 1)
  (1, 1, 1, 1, 0, 2, 1, 2, 0)
  (1, 0, 2, 1, 0, 2, 1, 2, 0)
  (1, 0, 2, 1, 0, 4, 1, 0, 0)
  (1, 0, 2, 1, 0, 5, 0, 0, 0)
  (1, 0, 3, 0, 0, 5, 0, 0, 0)
  (6, 0, 3, 0, 0, 0, 0, 0, 0)

Path 3029 (7 moves):
  (1, 1, 1, 1, 1, 1, 1, 1, 1)
  (1, 1, 1, 1, 0, 2, 1, 1, 1)
  (1, 1, 1, 1, 0, 2, 1, 2, 0)
  (1, 0, 2, 1, 0, 2, 1, 2, 0)
  (1, 0, 2, 1, 0, 4, 1, 0, 0)
  (1, 0, 2, 1, 0, 5, 0, 0, 0)
  (6, 0, 2, 1, 0, 0, 0, 0, 0)
  (8, 0, 0, 1, 0, 0, 0, 0, 0)

Path 3030 (7 moves):
  (1, 1, 1, 1, 1, 1, 1, 1, 1)
  (1, 1, 1, 1, 0, 2, 1, 1, 1)
  (1, 1, 1, 1, 0, 2, 1, 2, 0)
  (1, 0, 2, 1, 0, 2, 1, 2, 0)
  (1, 0, 2, 1, 0, 4, 1, 0, 0)
  (1, 0, 2, 1, 0, 5, 0, 0, 0)
  (6, 0, 2, 1, 0, 0, 0, 0, 0)
  (6, 0, 3, 0, 0, 0, 0, 0, 0)

Path 3031 (7 moves):
  (1, 1, 1, 1, 1, 1, 1, 1, 1)
  (1, 1, 1, 1, 0, 2, 1, 1, 1)
  (1, 1, 1, 1, 0, 2, 1, 2, 0)
  (1, 1, 0, 2, 0, 2, 1, 2, 0)
  (0, 2, 0, 2, 0, 2, 1, 2, 0)
  (0, 0, 0, 4, 0, 2, 1, 2, 0)
  (0, 0, 0, 0, 0, 2, 1, 6, 0)
  (0, 0, 0, 0, 0, 3, 0, 6, 0)

Path 3032 (7 moves):
  (1, 1, 1, 1, 1, 1, 1, 1, 1)
  (1, 1, 1, 1, 0, 2, 1, 1, 1)
  (1, 1, 1, 1, 0, 2, 1, 2, 0)
  (1, 1, 0, 2, 0, 2, 1, 2, 0)
  (0, 2, 0, 2, 0, 2, 1, 2, 0)
  (0, 0, 0, 4, 0, 2, 1, 2, 0)
  (0, 0, 0, 6, 0, 0, 1, 2, 0)
  (0, 0, 0, 6, 0, 0, 0, 3, 0)

Path 3033 (7 moves):
  (1, 1, 1, 1, 1, 1, 1, 1, 1)
  (1, 1, 1, 1, 0, 2, 1, 1, 1)
  (1, 1, 1, 1, 0, 2, 1, 2, 0)
  (1, 1, 0, 2, 0, 2, 1, 2, 0)
  (0, 2, 0, 2, 0, 2, 1, 2, 0)
  (0, 0, 0, 4, 0, 2, 1, 2, 0)
  (0, 0, 0, 4, 0, 0, 1, 4, 0)
  (0, 0, 0, 8, 0, 0, 1, 0, 0)

Path 3034 (7 moves):
  (1, 1, 1, 1, 1, 1, 1, 1, 1)
  (1, 1, 1, 1, 0, 2, 1, 1, 1)
  (1, 1, 1, 1, 0, 2, 1, 2, 0)
  (1, 1, 0, 2, 0, 2, 1, 2, 0)
  (0, 2, 0, 2, 0, 2, 1, 2, 0)
  (0, 0, 0, 4, 0, 2, 1, 2, 0)
  (0, 0, 0, 4, 0, 3, 0, 2, 0)
  (0, 0, 0, 0, 0, 3, 0, 6, 0)

Path 3035 (7 moves):
  (1, 1, 1, 1, 1, 1, 1, 1, 1)
  (1, 1, 1, 1, 0, 2, 1, 1, 1)
  (1, 1, 1, 1, 0, 2, 1, 2, 0)
  (1, 1, 0, 2, 0, 2, 1, 2, 0)
  (0, 2, 0, 2, 0, 2, 1, 2, 0)
  (0, 0, 0, 4, 0, 2, 1, 2, 0)
  (0, 0, 0, 4, 0, 3, 0, 2, 0)
  (0, 0, 0, 4, 0, 5, 0, 0, 0)

Path 3036 (7 moves):
  (1, 1, 1, 1, 1, 1, 1, 1, 1)
  (1, 1, 1, 1, 0, 2, 1, 1, 1)
  (1, 1, 1, 1, 0, 2, 1, 2, 0)
  (1, 1, 0, 2, 0, 2, 1, 2, 0)
  (0, 2, 0, 2, 0, 2, 1, 2, 0)
  (0, 0, 0, 4, 0, 2, 1, 2, 0)
  (0, 0, 0, 4, 0, 2, 0, 3, 0)
  (0, 0, 0, 6, 0, 0, 0, 3, 0)

Path 3037 (7 moves):
  (1, 1, 1, 1, 1, 1, 1, 1, 1)
  (1, 1, 1, 1, 0, 2, 1, 1, 1)
  (1, 1, 1, 1, 0, 2, 1, 2, 0)
  (1, 1, 0, 2, 0, 2, 1, 2, 0)
  (0, 2, 0, 2, 0, 2, 1, 2, 0)
  (0, 0, 0, 4, 0, 2, 1, 2, 0)
  (0, 0, 0, 4, 0, 4, 1, 0, 0)
  (0, 0, 0, 4, 0, 5, 0, 0, 0)

Path 3038 (7 moves):
  (1, 1, 1, 1, 1, 1, 1, 1, 1)
  (1, 1, 1, 1, 0, 2, 1, 1, 1)
  (1, 1, 1, 1, 0, 2, 1, 2, 0)
  (1, 1, 0, 2, 0, 2, 1, 2, 0)
  (0, 2, 0, 2, 0, 2, 1, 2, 0)
  (0, 2, 0, 4, 0, 0, 1, 2, 0)
  (0, 0, 0, 6, 0, 0, 1, 2, 0)
  (0, 0, 0, 6, 0, 0, 0, 3, 0)

Path 3039 (7 moves):
  (1, 1, 1, 1, 1, 1, 1, 1, 1)
  (1, 1, 1, 1, 0, 2, 1, 1, 1)
  (1, 1, 1, 1, 0, 2, 1, 2, 0)
  (1, 1, 0, 2, 0, 2, 1, 2, 0)
  (0, 2, 0, 2, 0, 2, 1, 2, 0)
  (0, 2, 0, 4, 0, 0, 1, 2, 0)
  (0, 2, 0, 0, 0, 0, 1, 6, 0)
  (0, 2, 0, 0, 0, 0, 0, 7, 0)

Path 3040 (7 moves):
  (1, 1, 1, 1, 1, 1, 1, 1, 1)
  (1, 1, 1, 1, 0, 2, 1, 1, 1)
  (1, 1, 1, 1, 0, 2, 1, 2, 0)
  (1, 1, 0, 2, 0, 2, 1, 2, 0)
  (0, 2, 0, 2, 0, 2, 1, 2, 0)
  (0, 2, 0, 4, 0, 0, 1, 2, 0)
  (0, 2, 0, 0, 0, 0, 1, 6, 0)
  (0, 8, 0, 0, 0, 0, 1, 0, 0)

Path 3041 (7 moves):
  (1, 1, 1, 1, 1, 1, 1, 1, 1)
  (1, 1, 1, 1, 0, 2, 1, 1, 1)
  (1, 1, 1, 1, 0, 2, 1, 2, 0)
  (1, 1, 0, 2, 0, 2, 1, 2, 0)
  (0, 2, 0, 2, 0, 2, 1, 2, 0)
  (0, 2, 0, 4, 0, 0, 1, 2, 0)
  (0, 2, 0, 4, 0, 0, 0, 3, 0)
  (0, 0, 0, 6, 0, 0, 0, 3, 0)

Path 3042 (7 moves):
  (1, 1, 1, 1, 1, 1, 1, 1, 1)
  (1, 1, 1, 1, 0, 2, 1, 1, 1)
  (1, 1, 1, 1, 0, 2, 1, 2, 0)
  (1, 1, 0, 2, 0, 2, 1, 2, 0)
  (0, 2, 0, 2, 0, 2, 1, 2, 0)
  (0, 2, 0, 4, 0, 0, 1, 2, 0)
  (0, 2, 0, 4, 0, 0, 0, 3, 0)
  (0, 2, 0, 0, 0, 0, 0, 7, 0)

Path 3043 (7 moves):
  (1, 1, 1, 1, 1, 1, 1, 1, 1)
  (1, 1, 1, 1, 0, 2, 1, 1, 1)
  (1, 1, 1, 1, 0, 2, 1, 2, 0)
  (1, 1, 0, 2, 0, 2, 1, 2, 0)
  (0, 2, 0, 2, 0, 2, 1, 2, 0)
  (0, 2, 0, 2, 0, 0, 1, 4, 0)
  (0, 0, 0, 4, 0, 0, 1, 4, 0)
  (0, 0, 0, 8, 0, 0, 1, 0, 0)

Path 3044 (7 moves):
  (1, 1, 1, 1, 1, 1, 1, 1, 1)
  (1, 1, 1, 1, 0, 2, 1, 1, 1)
  (1, 1, 1, 1, 0, 2, 1, 2, 0)
  (1, 1, 0, 2, 0, 2, 1, 2, 0)
  (0, 2, 0, 2, 0, 2, 1, 2, 0)
  (0, 2, 0, 2, 0, 0, 1, 4, 0)
  (0, 4, 0, 0, 0, 0, 1, 4, 0)
  (0, 4, 0, 0, 0, 0, 0, 5, 0)

Path 3045 (7 moves):
  (1, 1, 1, 1, 1, 1, 1, 1, 1)
  (1, 1, 1, 1, 0, 2, 1, 1, 1)
  (1, 1, 1, 1, 0, 2, 1, 2, 0)
  (1, 1, 0, 2, 0, 2, 1, 2, 0)
  (0, 2, 0, 2, 0, 2, 1, 2, 0)
  (0, 2, 0, 2, 0, 0, 1, 4, 0)
  (0, 2, 0, 2, 0, 0, 0, 5, 0)
  (0, 4, 0, 0, 0, 0, 0, 5, 0)

Path 3046 (7 moves):
  (1, 1, 1, 1, 1, 1, 1, 1, 1)
  (1, 1, 1, 1, 0, 2, 1, 1, 1)
  (1, 1, 1, 1, 0, 2, 1, 2, 0)
  (1, 1, 0, 2, 0, 2, 1, 2, 0)
  (0, 2, 0, 2, 0, 2, 1, 2, 0)
  (0, 2, 0, 2, 0, 0, 1, 4, 0)
  (0, 2, 0, 6, 0, 0, 1, 0, 0)
  (0, 0, 0, 8, 0, 0, 1, 0, 0)

Path 3047 (7 moves):
  (1, 1, 1, 1, 1, 1, 1, 1, 1)
  (1, 1, 1, 1, 0, 2, 1, 1, 1)
  (1, 1, 1, 1, 0, 2, 1, 2, 0)
  (1, 1, 0, 2, 0, 2, 1, 2, 0)
  (0, 2, 0, 2, 0, 2, 1, 2, 0)
  (0, 2, 0, 2, 0, 4, 1, 0, 0)
  (0, 0, 0, 4, 0, 4, 1, 0, 0)
  (0, 0, 0, 4, 0, 5, 0, 0, 0)

Path 3048 (7 moves):
  (1, 1, 1, 1, 1, 1, 1, 1, 1)
  (1, 1, 1, 1, 0, 2, 1, 1, 1)
  (1, 1, 1, 1, 0, 2, 1, 2, 0)
  (1, 1, 0, 2, 0, 2, 1, 2, 0)
  (0, 2, 0, 2, 0, 2, 1, 2, 0)
  (0, 2, 0, 2, 0, 4, 1, 0, 0)
  (0, 4, 0, 0, 0, 4, 1, 0, 0)
  (0, 8, 0, 0, 0, 0, 1, 0, 0)

Path 3049 (7 moves):
  (1, 1, 1, 1, 1, 1, 1, 1, 1)
  (1, 1, 1, 1, 0, 2, 1, 1, 1)
  (1, 1, 1, 1, 0, 2, 1, 2, 0)
  (1, 1, 0, 2, 0, 2, 1, 2, 0)
  (0, 2, 0, 2, 0, 2, 1, 2, 0)
  (0, 2, 0, 2, 0, 4, 1, 0, 0)
  (0, 2, 0, 0, 0, 6, 1, 0, 0)
  (0, 2, 0, 0, 0, 7, 0, 0, 0)

Path 3050 (7 moves):
  (1, 1, 1, 1, 1, 1, 1, 1, 1)
  (1, 1, 1, 1, 0, 2, 1, 1, 1)
  (1, 1, 1, 1, 0, 2, 1, 2, 0)
  (1, 1, 0, 2, 0, 2, 1, 2, 0)
  (0, 2, 0, 2, 0, 2, 1, 2, 0)
  (0, 2, 0, 2, 0, 4, 1, 0, 0)
  (0, 6, 0, 2, 0, 0, 1, 0, 0)
  (0, 8, 0, 0, 0, 0, 1, 0, 0)

Path 3051 (7 moves):
  (1, 1, 1, 1, 1, 1, 1, 1, 1)
  (1, 1, 1, 1, 0, 2, 1, 1, 1)
  (1, 1, 1, 1, 0, 2, 1, 2, 0)
  (1, 1, 0, 2, 0, 2, 1, 2, 0)
  (0, 2, 0, 2, 0, 2, 1, 2, 0)
  (0, 2, 0, 2, 0, 4, 1, 0, 0)
  (0, 2, 0, 2, 0, 5, 0, 0, 0)
  (0, 0, 0, 4, 0, 5, 0, 0, 0)

Path 3052 (7 moves):
  (1, 1, 1, 1, 1, 1, 1, 1, 1)
  (1, 1, 1, 1, 0, 2, 1, 1, 1)
  (1, 1, 1, 1, 0, 2, 1, 2, 0)
  (1, 1, 0, 2, 0, 2, 1, 2, 0)
  (0, 2, 0, 2, 0, 2, 1, 2, 0)
  (0, 2, 0, 2, 0, 4, 1, 0, 0)
  (0, 2, 0, 2, 0, 5, 0, 0, 0)
  (0, 2, 0, 0, 0, 7, 0, 0, 0)

Path 3053 (7 moves):
  (1, 1, 1, 1, 1, 1, 1, 1, 1)
  (1, 1, 1, 1, 0, 2, 1, 1, 1)
  (1, 1, 1, 1, 0, 2, 1, 2, 0)
  (1, 1, 0, 2, 0, 2, 1, 2, 0)
  (2, 0, 0, 2, 0, 2, 1, 2, 0)
  (2, 0, 0, 2, 0, 3, 0, 2, 0)
  (2, 0, 0, 0, 0, 5, 0, 2, 0)
  (2, 0, 0, 0, 0, 7, 0, 0, 0)

Path 3054 (7 moves):
  (1, 1, 1, 1, 1, 1, 1, 1, 1)
  (1, 1, 1, 1, 0, 2, 1, 1, 1)
  (1, 1, 1, 1, 0, 2, 1, 2, 0)
  (1, 1, 0, 2, 0, 2, 1, 2, 0)
  (2, 0, 0, 2, 0, 2, 1, 2, 0)
  (2, 0, 0, 2, 0, 3, 0, 2, 0)
  (2, 0, 0, 2, 0, 5, 0, 0, 0)
  (2, 0, 0, 0, 0, 7, 0, 0, 0)

Path 3055 (7 moves):
  (1, 1, 1, 1, 1, 1, 1, 1, 1)
  (1, 1, 1, 1, 0, 2, 1, 1, 1)
  (1, 1, 1, 1, 0, 2, 1, 2, 0)
  (1, 1, 0, 2, 0, 2, 1, 2, 0)
  (2, 0, 0, 2, 0, 2, 1, 2, 0)
  (2, 0, 0, 2, 0, 3, 0, 2, 0)
  (2, 0, 0, 2, 0, 5, 0, 0, 0)
  (7, 0, 0, 2, 0, 0, 0, 0, 0)

Path 3056 (7 moves):
  (1, 1, 1, 1, 1, 1, 1, 1, 1)
  (1, 1, 1, 1, 0, 2, 1, 1, 1)
  (1, 1, 1, 1, 0, 2, 1, 2, 0)
  (1, 1, 0, 2, 0, 2, 1, 2, 0)
  (2, 0, 0, 2, 0, 2, 1, 2, 0)
  (2, 0, 0, 2, 0, 4, 1, 0, 0)
  (2, 0, 0, 0, 0, 6, 1, 0, 0)
  (2, 0, 0, 0, 0, 7, 0, 0, 0)

Path 3057 (7 moves):
  (1, 1, 1, 1, 1, 1, 1, 1, 1)
  (1, 1, 1, 1, 0, 2, 1, 1, 1)
  (1, 1, 1, 1, 0, 2, 1, 2, 0)
  (1, 1, 0, 2, 0, 2, 1, 2, 0)
  (2, 0, 0, 2, 0, 2, 1, 2, 0)
  (2, 0, 0, 2, 0, 4, 1, 0, 0)
  (2, 0, 0, 2, 0, 5, 0, 0, 0)
  (2, 0, 0, 0, 0, 7, 0, 0, 0)

Path 3058 (7 moves):
  (1, 1, 1, 1, 1, 1, 1, 1, 1)
  (1, 1, 1, 1, 0, 2, 1, 1, 1)
  (1, 1, 1, 1, 0, 2, 1, 2, 0)
  (1, 1, 0, 2, 0, 2, 1, 2, 0)
  (2, 0, 0, 2, 0, 2, 1, 2, 0)
  (2, 0, 0, 2, 0, 4, 1, 0, 0)
  (2, 0, 0, 2, 0, 5, 0, 0, 0)
  (7, 0, 0, 2, 0, 0, 0, 0, 0)

Path 3059 (7 moves):
  (1, 1, 1, 1, 1, 1, 1, 1, 1)
  (1, 1, 1, 1, 0, 2, 1, 1, 1)
  (1, 1, 1, 1, 0, 2, 1, 2, 0)
  (1, 1, 0, 2, 0, 2, 1, 2, 0)
  (1, 3, 0, 0, 0, 2, 1, 2, 0)
  (1, 3, 0, 0, 0, 0, 1, 4, 0)
  (0, 4, 0, 0, 0, 0, 1, 4, 0)
  (0, 4, 0, 0, 0, 0, 0, 5, 0)

Path 3060 (7 moves):
  (1, 1, 1, 1, 1, 1, 1, 1, 1)
  (1, 1, 1, 1, 0, 2, 1, 1, 1)
  (1, 1, 1, 1, 0, 2, 1, 2, 0)
  (1, 1, 0, 2, 0, 2, 1, 2, 0)
  (1, 3, 0, 0, 0, 2, 1, 2, 0)
  (1, 3, 0, 0, 0, 0, 1, 4, 0)
  (1, 3, 0, 0, 0, 0, 0, 5, 0)
  (0, 4, 0, 0, 0, 0, 0, 5, 0)

Path 3061 (7 moves):
  (1, 1, 1, 1, 1, 1, 1, 1, 1)
  (1, 1, 1, 1, 0, 2, 1, 1, 1)
  (1, 1, 1, 1, 0, 2, 1, 2, 0)
  (1, 1, 0, 2, 0, 2, 1, 2, 0)
  (1, 3, 0, 0, 0, 2, 1, 2, 0)
  (1, 3, 0, 0, 0, 2, 0, 3, 0)
  (0, 4, 0, 0, 0, 2, 0, 3, 0)
  (0, 0, 0, 0, 0, 6, 0, 3, 0)

Path 3062 (7 moves):
  (1, 1, 1, 1, 1, 1, 1, 1, 1)
  (1, 1, 1, 1, 0, 2, 1, 1, 1)
  (1, 1, 1, 1, 0, 2, 1, 2, 0)
  (1, 1, 0, 2, 0, 2, 1, 2, 0)
  (1, 3, 0, 0, 0, 2, 1, 2, 0)
  (1, 3, 0, 0, 0, 2, 0, 3, 0)
  (0, 4, 0, 0, 0, 2, 0, 3, 0)
  (0, 4, 0, 0, 0, 0, 0, 5, 0)

Path 3063 (7 moves):
  (1, 1, 1, 1, 1, 1, 1, 1, 1)
  (1, 1, 1, 1, 0, 2, 1, 1, 1)
  (1, 1, 1, 1, 0, 2, 1, 2, 0)
  (1, 1, 0, 2, 0, 2, 1, 2, 0)
  (1, 3, 0, 0, 0, 2, 1, 2, 0)
  (1, 3, 0, 0, 0, 2, 0, 3, 0)
  (1, 3, 0, 0, 0, 0, 0, 5, 0)
  (0, 4, 0, 0, 0, 0, 0, 5, 0)

Path 3064 (7 moves):
  (1, 1, 1, 1, 1, 1, 1, 1, 1)
  (1, 1, 1, 1, 0, 2, 1, 1, 1)
  (1, 1, 1, 1, 0, 2, 1, 2, 0)
  (1, 1, 0, 2, 0, 2, 1, 2, 0)
  (1, 3, 0, 0, 0, 2, 1, 2, 0)
  (1, 3, 0, 0, 0, 4, 1, 0, 0)
  (0, 4, 0, 0, 0, 4, 1, 0, 0)
  (0, 8, 0, 0, 0, 0, 1, 0, 0)

Path 3065 (7 moves):
  (1, 1, 1, 1, 1, 1, 1, 1, 1)
  (1, 1, 1, 1, 0, 2, 1, 1, 1)
  (1, 1, 1, 1, 0, 2, 1, 2, 0)
  (1, 1, 0, 2, 0, 2, 1, 2, 0)
  (1, 3, 0, 0, 0, 2, 1, 2, 0)
  (1, 3, 0, 0, 0, 4, 1, 0, 0)
  (1, 7, 0, 0, 0, 0, 1, 0, 0)
  (0, 8, 0, 0, 0, 0, 1, 0, 0)

Path 3066 (7 moves):
  (1, 1, 1, 1, 1, 1, 1, 1, 1)
  (1, 1, 1, 1, 0, 2, 1, 1, 1)
  (1, 1, 1, 1, 0, 2, 1, 2, 0)
  (1, 1, 0, 2, 0, 2, 1, 2, 0)
  (1, 3, 0, 0, 0, 2, 1, 2, 0)
  (1, 3, 0, 0, 0, 4, 1, 0, 0)
  (1, 3, 0, 0, 0, 5, 0, 0, 0)
  (6, 3, 0, 0, 0, 0, 0, 0, 0)

Path 3067 (7 moves):
  (1, 1, 1, 1, 1, 1, 1, 1, 1)
  (1, 1, 1, 1, 0, 2, 1, 1, 1)
  (1, 1, 1, 1, 0, 2, 1, 2, 0)
  (1, 1, 0, 2, 0, 2, 1, 2, 0)
  (1, 1, 0, 0, 0, 4, 1, 2, 0)
  (1, 1, 0, 0, 0, 6, 1, 0, 0)
  (0, 2, 0, 0, 0, 6, 1, 0, 0)
  (0, 2, 0, 0, 0, 7, 0, 0, 0)

Path 3068 (7 moves):
  (1, 1, 1, 1, 1, 1, 1, 1, 1)
  (1, 1, 1, 1, 0, 2, 1, 1, 1)
  (1, 1, 1, 1, 0, 2, 1, 2, 0)
  (1, 1, 0, 2, 0, 2, 1, 2, 0)
  (1, 1, 0, 0, 0, 4, 1, 2, 0)
  (1, 1, 0, 0, 0, 6, 1, 0, 0)
  (2, 0, 0, 0, 0, 6, 1, 0, 0)
  (2, 0, 0, 0, 0, 7, 0, 0, 0)

Path 3069 (7 moves):
  (1, 1, 1, 1, 1, 1, 1, 1, 1)
  (1, 1, 1, 1, 0, 2, 1, 1, 1)
  (1, 1, 1, 1, 0, 2, 1, 2, 0)
  (1, 1, 0, 2, 0, 2, 1, 2, 0)
  (1, 1, 0, 0, 0, 4, 1, 2, 0)
  (1, 1, 0, 0, 0, 6, 1, 0, 0)
  (1, 1, 0, 0, 0, 7, 0, 0, 0)
  (0, 2, 0, 0, 0, 7, 0, 0, 0)

Path 3070 (7 moves):
  (1, 1, 1, 1, 1, 1, 1, 1, 1)
  (1, 1, 1, 1, 0, 2, 1, 1, 1)
  (1, 1, 1, 1, 0, 2, 1, 2, 0)
  (1, 1, 0, 2, 0, 2, 1, 2, 0)
  (1, 1, 0, 0, 0, 4, 1, 2, 0)
  (1, 1, 0, 0, 0, 6, 1, 0, 0)
  (1, 1, 0, 0, 0, 7, 0, 0, 0)
  (2, 0, 0, 0, 0, 7, 0, 0, 0)

Path 3071 (7 moves):
  (1, 1, 1, 1, 1, 1, 1, 1, 1)
  (1, 1, 1, 1, 0, 2, 1, 1, 1)
  (1, 1, 1, 1, 0, 2, 1, 2, 0)
  (1, 1, 0, 2, 0, 2, 1, 2, 0)
  (1, 1, 0, 4, 0, 0, 1, 2, 0)
  (0, 2, 0, 4, 0, 0, 1, 2, 0)
  (0, 0, 0, 6, 0, 0, 1, 2, 0)
  (0, 0, 0, 6, 0, 0, 0, 3, 0)

Path 3072 (7 moves):
  (1, 1, 1, 1, 1, 1, 1, 1, 1)
  (1, 1, 1, 1, 0, 2, 1, 1, 1)
  (1, 1, 1, 1, 0, 2, 1, 2, 0)
  (1, 1, 0, 2, 0, 2, 1, 2, 0)
  (1, 1, 0, 4, 0, 0, 1, 2, 0)
  (0, 2, 0, 4, 0, 0, 1, 2, 0)
  (0, 2, 0, 0, 0, 0, 1, 6, 0)
  (0, 2, 0, 0, 0, 0, 0, 7, 0)

Path 3073 (7 moves):
  (1, 1, 1, 1, 1, 1, 1, 1, 1)
  (1, 1, 1, 1, 0, 2, 1, 1, 1)
  (1, 1, 1, 1, 0, 2, 1, 2, 0)
  (1, 1, 0, 2, 0, 2, 1, 2, 0)
  (1, 1, 0, 4, 0, 0, 1, 2, 0)
  (0, 2, 0, 4, 0, 0, 1, 2, 0)
  (0, 2, 0, 0, 0, 0, 1, 6, 0)
  (0, 8, 0, 0, 0, 0, 1, 0, 0)

Path 3074 (7 moves):
  (1, 1, 1, 1, 1, 1, 1, 1, 1)
  (1, 1, 1, 1, 0, 2, 1, 1, 1)
  (1, 1, 1, 1, 0, 2, 1, 2, 0)
  (1, 1, 0, 2, 0, 2, 1, 2, 0)
  (1, 1, 0, 4, 0, 0, 1, 2, 0)
  (0, 2, 0, 4, 0, 0, 1, 2, 0)
  (0, 2, 0, 4, 0, 0, 0, 3, 0)
  (0, 0, 0, 6, 0, 0, 0, 3, 0)

Path 3075 (7 moves):
  (1, 1, 1, 1, 1, 1, 1, 1, 1)
  (1, 1, 1, 1, 0, 2, 1, 1, 1)
  (1, 1, 1, 1, 0, 2, 1, 2, 0)
  (1, 1, 0, 2, 0, 2, 1, 2, 0)
  (1, 1, 0, 4, 0, 0, 1, 2, 0)
  (0, 2, 0, 4, 0, 0, 1, 2, 0)
  (0, 2, 0, 4, 0, 0, 0, 3, 0)
  (0, 2, 0, 0, 0, 0, 0, 7, 0)

Path 3076 (7 moves):
  (1, 1, 1, 1, 1, 1, 1, 1, 1)
  (1, 1, 1, 1, 0, 2, 1, 1, 1)
  (1, 1, 1, 1, 0, 2, 1, 2, 0)
  (1, 1, 0, 2, 0, 2, 1, 2, 0)
  (1, 1, 0, 2, 0, 0, 1, 4, 0)
  (0, 2, 0, 2, 0, 0, 1, 4, 0)
  (0, 0, 0, 4, 0, 0, 1, 4, 0)
  (0, 0, 0, 8, 0, 0, 1, 0, 0)

Path 3077 (7 moves):
  (1, 1, 1, 1, 1, 1, 1, 1, 1)
  (1, 1, 1, 1, 0, 2, 1, 1, 1)
  (1, 1, 1, 1, 0, 2, 1, 2, 0)
  (1, 1, 0, 2, 0, 2, 1, 2, 0)
  (1, 1, 0, 2, 0, 0, 1, 4, 0)
  (0, 2, 0, 2, 0, 0, 1, 4, 0)
  (0, 4, 0, 0, 0, 0, 1, 4, 0)
  (0, 4, 0, 0, 0, 0, 0, 5, 0)

Path 3078 (7 moves):
  (1, 1, 1, 1, 1, 1, 1, 1, 1)
  (1, 1, 1, 1, 0, 2, 1, 1, 1)
  (1, 1, 1, 1, 0, 2, 1, 2, 0)
  (1, 1, 0, 2, 0, 2, 1, 2, 0)
  (1, 1, 0, 2, 0, 0, 1, 4, 0)
  (0, 2, 0, 2, 0, 0, 1, 4, 0)
  (0, 2, 0, 2, 0, 0, 0, 5, 0)
  (0, 4, 0, 0, 0, 0, 0, 5, 0)

Path 3079 (7 moves):
  (1, 1, 1, 1, 1, 1, 1, 1, 1)
  (1, 1, 1, 1, 0, 2, 1, 1, 1)
  (1, 1, 1, 1, 0, 2, 1, 2, 0)
  (1, 1, 0, 2, 0, 2, 1, 2, 0)
  (1, 1, 0, 2, 0, 0, 1, 4, 0)
  (0, 2, 0, 2, 0, 0, 1, 4, 0)
  (0, 2, 0, 6, 0, 0, 1, 0, 0)
  (0, 0, 0, 8, 0, 0, 1, 0, 0)

Path 3080 (7 moves):
  (1, 1, 1, 1, 1, 1, 1, 1, 1)
  (1, 1, 1, 1, 0, 2, 1, 1, 1)
  (1, 1, 1, 1, 0, 2, 1, 2, 0)
  (1, 1, 0, 2, 0, 2, 1, 2, 0)
  (1, 1, 0, 2, 0, 0, 1, 4, 0)
  (1, 3, 0, 0, 0, 0, 1, 4, 0)
  (0, 4, 0, 0, 0, 0, 1, 4, 0)
  (0, 4, 0, 0, 0, 0, 0, 5, 0)

Path 3081 (7 moves):
  (1, 1, 1, 1, 1, 1, 1, 1, 1)
  (1, 1, 1, 1, 0, 2, 1, 1, 1)
  (1, 1, 1, 1, 0, 2, 1, 2, 0)
  (1, 1, 0, 2, 0, 2, 1, 2, 0)
  (1, 1, 0, 2, 0, 0, 1, 4, 0)
  (1, 3, 0, 0, 0, 0, 1, 4, 0)
  (1, 3, 0, 0, 0, 0, 0, 5, 0)
  (0, 4, 0, 0, 0, 0, 0, 5, 0)

Path 3082 (7 moves):
  (1, 1, 1, 1, 1, 1, 1, 1, 1)
  (1, 1, 1, 1, 0, 2, 1, 1, 1)
  (1, 1, 1, 1, 0, 2, 1, 2, 0)
  (1, 1, 0, 2, 0, 2, 1, 2, 0)
  (1, 1, 0, 2, 0, 3, 0, 2, 0)
  (2, 0, 0, 2, 0, 3, 0, 2, 0)
  (2, 0, 0, 0, 0, 5, 0, 2, 0)
  (2, 0, 0, 0, 0, 7, 0, 0, 0)

Path 3083 (7 moves):
  (1, 1, 1, 1, 1, 1, 1, 1, 1)
  (1, 1, 1, 1, 0, 2, 1, 1, 1)
  (1, 1, 1, 1, 0, 2, 1, 2, 0)
  (1, 1, 0, 2, 0, 2, 1, 2, 0)
  (1, 1, 0, 2, 0, 3, 0, 2, 0)
  (2, 0, 0, 2, 0, 3, 0, 2, 0)
  (2, 0, 0, 2, 0, 5, 0, 0, 0)
  (2, 0, 0, 0, 0, 7, 0, 0, 0)

Path 3084 (7 moves):
  (1, 1, 1, 1, 1, 1, 1, 1, 1)
  (1, 1, 1, 1, 0, 2, 1, 1, 1)
  (1, 1, 1, 1, 0, 2, 1, 2, 0)
  (1, 1, 0, 2, 0, 2, 1, 2, 0)
  (1, 1, 0, 2, 0, 3, 0, 2, 0)
  (2, 0, 0, 2, 0, 3, 0, 2, 0)
  (2, 0, 0, 2, 0, 5, 0, 0, 0)
  (7, 0, 0, 2, 0, 0, 0, 0, 0)

Path 3085 (7 moves):
  (1, 1, 1, 1, 1, 1, 1, 1, 1)
  (1, 1, 1, 1, 0, 2, 1, 1, 1)
  (1, 1, 1, 1, 0, 2, 1, 2, 0)
  (1, 1, 0, 2, 0, 2, 1, 2, 0)
  (1, 1, 0, 2, 0, 3, 0, 2, 0)
  (1, 1, 0, 2, 0, 5, 0, 0, 0)
  (0, 2, 0, 2, 0, 5, 0, 0, 0)
  (0, 0, 0, 4, 0, 5, 0, 0, 0)

Path 3086 (7 moves):
  (1, 1, 1, 1, 1, 1, 1, 1, 1)
  (1, 1, 1, 1, 0, 2, 1, 1, 1)
  (1, 1, 1, 1, 0, 2, 1, 2, 0)
  (1, 1, 0, 2, 0, 2, 1, 2, 0)
  (1, 1, 0, 2, 0, 3, 0, 2, 0)
  (1, 1, 0, 2, 0, 5, 0, 0, 0)
  (0, 2, 0, 2, 0, 5, 0, 0, 0)
  (0, 2, 0, 0, 0, 7, 0, 0, 0)

Path 3087 (7 moves):
  (1, 1, 1, 1, 1, 1, 1, 1, 1)
  (1, 1, 1, 1, 0, 2, 1, 1, 1)
  (1, 1, 1, 1, 0, 2, 1, 2, 0)
  (1, 1, 0, 2, 0, 2, 1, 2, 0)
  (1, 1, 0, 2, 0, 3, 0, 2, 0)
  (1, 1, 0, 2, 0, 5, 0, 0, 0)
  (2, 0, 0, 2, 0, 5, 0, 0, 0)
  (2, 0, 0, 0, 0, 7, 0, 0, 0)

Path 3088 (7 moves):
  (1, 1, 1, 1, 1, 1, 1, 1, 1)
  (1, 1, 1, 1, 0, 2, 1, 1, 1)
  (1, 1, 1, 1, 0, 2, 1, 2, 0)
  (1, 1, 0, 2, 0, 2, 1, 2, 0)
  (1, 1, 0, 2, 0, 3, 0, 2, 0)
  (1, 1, 0, 2, 0, 5, 0, 0, 0)
  (2, 0, 0, 2, 0, 5, 0, 0, 0)
  (7, 0, 0, 2, 0, 0, 0, 0, 0)

Path 3089 (7 moves):
  (1, 1, 1, 1, 1, 1, 1, 1, 1)
  (1, 1, 1, 1, 0, 2, 1, 1, 1)
  (1, 1, 1, 1, 0, 2, 1, 2, 0)
  (1, 1, 0, 2, 0, 2, 1, 2, 0)
  (1, 1, 0, 2, 0, 3, 0, 2, 0)
  (1, 1, 0, 2, 0, 5, 0, 0, 0)
  (1, 3, 0, 0, 0, 5, 0, 0, 0)
  (6, 3, 0, 0, 0, 0, 0, 0, 0)

Path 3090 (7 moves):
  (1, 1, 1, 1, 1, 1, 1, 1, 1)
  (1, 1, 1, 1, 0, 2, 1, 1, 1)
  (1, 1, 1, 1, 0, 2, 1, 2, 0)
  (1, 1, 0, 2, 0, 2, 1, 2, 0)
  (1, 1, 0, 2, 0, 3, 0, 2, 0)
  (1, 1, 0, 2, 0, 5, 0, 0, 0)
  (1, 1, 0, 0, 0, 7, 0, 0, 0)
  (0, 2, 0, 0, 0, 7, 0, 0, 0)

Path 3091 (7 moves):
  (1, 1, 1, 1, 1, 1, 1, 1, 1)
  (1, 1, 1, 1, 0, 2, 1, 1, 1)
  (1, 1, 1, 1, 0, 2, 1, 2, 0)
  (1, 1, 0, 2, 0, 2, 1, 2, 0)
  (1, 1, 0, 2, 0, 3, 0, 2, 0)
  (1, 1, 0, 2, 0, 5, 0, 0, 0)
  (1, 1, 0, 0, 0, 7, 0, 0, 0)
  (2, 0, 0, 0, 0, 7, 0, 0, 0)

Path 3092 (7 moves):
  (1, 1, 1, 1, 1, 1, 1, 1, 1)
  (1, 1, 1, 1, 0, 2, 1, 1, 1)
  (1, 1, 1, 1, 0, 2, 1, 2, 0)
  (1, 1, 0, 2, 0, 2, 1, 2, 0)
  (1, 1, 0, 2, 0, 3, 0, 2, 0)
  (1, 1, 0, 2, 0, 5, 0, 0, 0)
  (6, 1, 0, 2, 0, 0, 0, 0, 0)
  (7, 0, 0, 2, 0, 0, 0, 0, 0)

Path 3093 (7 moves):
  (1, 1, 1, 1, 1, 1, 1, 1, 1)
  (1, 1, 1, 1, 0, 2, 1, 1, 1)
  (1, 1, 1, 1, 0, 2, 1, 2, 0)
  (1, 1, 0, 2, 0, 2, 1, 2, 0)
  (1, 1, 0, 2, 0, 3, 0, 2, 0)
  (1, 1, 0, 2, 0, 5, 0, 0, 0)
  (6, 1, 0, 2, 0, 0, 0, 0, 0)
  (6, 3, 0, 0, 0, 0, 0, 0, 0)

Path 3094 (7 moves):
  (1, 1, 1, 1, 1, 1, 1, 1, 1)
  (1, 1, 1, 1, 0, 2, 1, 1, 1)
  (1, 1, 1, 1, 0, 2, 1, 2, 0)
  (1, 1, 0, 2, 0, 2, 1, 2, 0)
  (1, 1, 0, 2, 0, 2, 0, 3, 0)
  (1, 3, 0, 0, 0, 2, 0, 3, 0)
  (0, 4, 0, 0, 0, 2, 0, 3, 0)
  (0, 0, 0, 0, 0, 6, 0, 3, 0)

Path 3095 (7 moves):
  (1, 1, 1, 1, 1, 1, 1, 1, 1)
  (1, 1, 1, 1, 0, 2, 1, 1, 1)
  (1, 1, 1, 1, 0, 2, 1, 2, 0)
  (1, 1, 0, 2, 0, 2, 1, 2, 0)
  (1, 1, 0, 2, 0, 2, 0, 3, 0)
  (1, 3, 0, 0, 0, 2, 0, 3, 0)
  (0, 4, 0, 0, 0, 2, 0, 3, 0)
  (0, 4, 0, 0, 0, 0, 0, 5, 0)

Path 3096 (7 moves):
  (1, 1, 1, 1, 1, 1, 1, 1, 1)
  (1, 1, 1, 1, 0, 2, 1, 1, 1)
  (1, 1, 1, 1, 0, 2, 1, 2, 0)
  (1, 1, 0, 2, 0, 2, 1, 2, 0)
  (1, 1, 0, 2, 0, 2, 0, 3, 0)
  (1, 3, 0, 0, 0, 2, 0, 3, 0)
  (1, 3, 0, 0, 0, 0, 0, 5, 0)
  (0, 4, 0, 0, 0, 0, 0, 5, 0)

Path 3097 (7 moves):
  (1, 1, 1, 1, 1, 1, 1, 1, 1)
  (1, 1, 1, 1, 0, 2, 1, 1, 1)
  (1, 1, 1, 1, 0, 2, 1, 2, 0)
  (1, 1, 0, 2, 0, 2, 1, 2, 0)
  (1, 1, 0, 2, 0, 4, 1, 0, 0)
  (0, 2, 0, 2, 0, 4, 1, 0, 0)
  (0, 0, 0, 4, 0, 4, 1, 0, 0)
  (0, 0, 0, 4, 0, 5, 0, 0, 0)

Path 3098 (7 moves):
  (1, 1, 1, 1, 1, 1, 1, 1, 1)
  (1, 1, 1, 1, 0, 2, 1, 1, 1)
  (1, 1, 1, 1, 0, 2, 1, 2, 0)
  (1, 1, 0, 2, 0, 2, 1, 2, 0)
  (1, 1, 0, 2, 0, 4, 1, 0, 0)
  (0, 2, 0, 2, 0, 4, 1, 0, 0)
  (0, 4, 0, 0, 0, 4, 1, 0, 0)
  (0, 8, 0, 0, 0, 0, 1, 0, 0)

Path 3099 (7 moves):
  (1, 1, 1, 1, 1, 1, 1, 1, 1)
  (1, 1, 1, 1, 0, 2, 1, 1, 1)
  (1, 1, 1, 1, 0, 2, 1, 2, 0)
  (1, 1, 0, 2, 0, 2, 1, 2, 0)
  (1, 1, 0, 2, 0, 4, 1, 0, 0)
  (0, 2, 0, 2, 0, 4, 1, 0, 0)
  (0, 2, 0, 0, 0, 6, 1, 0, 0)
  (0, 2, 0, 0, 0, 7, 0, 0, 0)

Path 3100 (7 moves):
  (1, 1, 1, 1, 1, 1, 1, 1, 1)
  (1, 1, 1, 1, 0, 2, 1, 1, 1)
  (1, 1, 1, 1, 0, 2, 1, 2, 0)
  (1, 1, 0, 2, 0, 2, 1, 2, 0)
  (1, 1, 0, 2, 0, 4, 1, 0, 0)
  (0, 2, 0, 2, 0, 4, 1, 0, 0)
  (0, 6, 0, 2, 0, 0, 1, 0, 0)
  (0, 8, 0, 0, 0, 0, 1, 0, 0)

Path 3101 (7 moves):
  (1, 1, 1, 1, 1, 1, 1, 1, 1)
  (1, 1, 1, 1, 0, 2, 1, 1, 1)
  (1, 1, 1, 1, 0, 2, 1, 2, 0)
  (1, 1, 0, 2, 0, 2, 1, 2, 0)
  (1, 1, 0, 2, 0, 4, 1, 0, 0)
  (0, 2, 0, 2, 0, 4, 1, 0, 0)
  (0, 2, 0, 2, 0, 5, 0, 0, 0)
  (0, 0, 0, 4, 0, 5, 0, 0, 0)

Path 3102 (7 moves):
  (1, 1, 1, 1, 1, 1, 1, 1, 1)
  (1, 1, 1, 1, 0, 2, 1, 1, 1)
  (1, 1, 1, 1, 0, 2, 1, 2, 0)
  (1, 1, 0, 2, 0, 2, 1, 2, 0)
  (1, 1, 0, 2, 0, 4, 1, 0, 0)
  (0, 2, 0, 2, 0, 4, 1, 0, 0)
  (0, 2, 0, 2, 0, 5, 0, 0, 0)
  (0, 2, 0, 0, 0, 7, 0, 0, 0)

Path 3103 (7 moves):
  (1, 1, 1, 1, 1, 1, 1, 1, 1)
  (1, 1, 1, 1, 0, 2, 1, 1, 1)
  (1, 1, 1, 1, 0, 2, 1, 2, 0)
  (1, 1, 0, 2, 0, 2, 1, 2, 0)
  (1, 1, 0, 2, 0, 4, 1, 0, 0)
  (2, 0, 0, 2, 0, 4, 1, 0, 0)
  (2, 0, 0, 0, 0, 6, 1, 0, 0)
  (2, 0, 0, 0, 0, 7, 0, 0, 0)

Path 3104 (7 moves):
  (1, 1, 1, 1, 1, 1, 1, 1, 1)
  (1, 1, 1, 1, 0, 2, 1, 1, 1)
  (1, 1, 1, 1, 0, 2, 1, 2, 0)
  (1, 1, 0, 2, 0, 2, 1, 2, 0)
  (1, 1, 0, 2, 0, 4, 1, 0, 0)
  (2, 0, 0, 2, 0, 4, 1, 0, 0)
  (2, 0, 0, 2, 0, 5, 0, 0, 0)
  (2, 0, 0, 0, 0, 7, 0, 0, 0)

Path 3105 (7 moves):
  (1, 1, 1, 1, 1, 1, 1, 1, 1)
  (1, 1, 1, 1, 0, 2, 1, 1, 1)
  (1, 1, 1, 1, 0, 2, 1, 2, 0)
  (1, 1, 0, 2, 0, 2, 1, 2, 0)
  (1, 1, 0, 2, 0, 4, 1, 0, 0)
  (2, 0, 0, 2, 0, 4, 1, 0, 0)
  (2, 0, 0, 2, 0, 5, 0, 0, 0)
  (7, 0, 0, 2, 0, 0, 0, 0, 0)

Path 3106 (7 moves):
  (1, 1, 1, 1, 1, 1, 1, 1, 1)
  (1, 1, 1, 1, 0, 2, 1, 1, 1)
  (1, 1, 1, 1, 0, 2, 1, 2, 0)
  (1, 1, 0, 2, 0, 2, 1, 2, 0)
  (1, 1, 0, 2, 0, 4, 1, 0, 0)
  (1, 3, 0, 0, 0, 4, 1, 0, 0)
  (0, 4, 0, 0, 0, 4, 1, 0, 0)
  (0, 8, 0, 0, 0, 0, 1, 0, 0)

Path 3107 (7 moves):
  (1, 1, 1, 1, 1, 1, 1, 1, 1)
  (1, 1, 1, 1, 0, 2, 1, 1, 1)
  (1, 1, 1, 1, 0, 2, 1, 2, 0)
  (1, 1, 0, 2, 0, 2, 1, 2, 0)
  (1, 1, 0, 2, 0, 4, 1, 0, 0)
  (1, 3, 0, 0, 0, 4, 1, 0, 0)
  (1, 7, 0, 0, 0, 0, 1, 0, 0)
  (0, 8, 0, 0, 0, 0, 1, 0, 0)

Path 3108 (7 moves):
  (1, 1, 1, 1, 1, 1, 1, 1, 1)
  (1, 1, 1, 1, 0, 2, 1, 1, 1)
  (1, 1, 1, 1, 0, 2, 1, 2, 0)
  (1, 1, 0, 2, 0, 2, 1, 2, 0)
  (1, 1, 0, 2, 0, 4, 1, 0, 0)
  (1, 3, 0, 0, 0, 4, 1, 0, 0)
  (1, 3, 0, 0, 0, 5, 0, 0, 0)
  (6, 3, 0, 0, 0, 0, 0, 0, 0)

Path 3109 (7 moves):
  (1, 1, 1, 1, 1, 1, 1, 1, 1)
  (1, 1, 1, 1, 0, 2, 1, 1, 1)
  (1, 1, 1, 1, 0, 2, 1, 2, 0)
  (1, 1, 0, 2, 0, 2, 1, 2, 0)
  (1, 1, 0, 2, 0, 4, 1, 0, 0)
  (1, 1, 0, 0, 0, 6, 1, 0, 0)
  (0, 2, 0, 0, 0, 6, 1, 0, 0)
  (0, 2, 0, 0, 0, 7, 0, 0, 0)

Path 3110 (7 moves):
  (1, 1, 1, 1, 1, 1, 1, 1, 1)
  (1, 1, 1, 1, 0, 2, 1, 1, 1)
  (1, 1, 1, 1, 0, 2, 1, 2, 0)
  (1, 1, 0, 2, 0, 2, 1, 2, 0)
  (1, 1, 0, 2, 0, 4, 1, 0, 0)
  (1, 1, 0, 0, 0, 6, 1, 0, 0)
  (2, 0, 0, 0, 0, 6, 1, 0, 0)
  (2, 0, 0, 0, 0, 7, 0, 0, 0)

Path 3111 (7 moves):
  (1, 1, 1, 1, 1, 1, 1, 1, 1)
  (1, 1, 1, 1, 0, 2, 1, 1, 1)
  (1, 1, 1, 1, 0, 2, 1, 2, 0)
  (1, 1, 0, 2, 0, 2, 1, 2, 0)
  (1, 1, 0, 2, 0, 4, 1, 0, 0)
  (1, 1, 0, 0, 0, 6, 1, 0, 0)
  (1, 1, 0, 0, 0, 7, 0, 0, 0)
  (0, 2, 0, 0, 0, 7, 0, 0, 0)

Path 3112 (7 moves):
  (1, 1, 1, 1, 1, 1, 1, 1, 1)
  (1, 1, 1, 1, 0, 2, 1, 1, 1)
  (1, 1, 1, 1, 0, 2, 1, 2, 0)
  (1, 1, 0, 2, 0, 2, 1, 2, 0)
  (1, 1, 0, 2, 0, 4, 1, 0, 0)
  (1, 1, 0, 0, 0, 6, 1, 0, 0)
  (1, 1, 0, 0, 0, 7, 0, 0, 0)
  (2, 0, 0, 0, 0, 7, 0, 0, 0)

Path 3113 (7 moves):
  (1, 1, 1, 1, 1, 1, 1, 1, 1)
  (1, 1, 1, 1, 0, 2, 1, 1, 1)
  (1, 1, 1, 1, 0, 2, 1, 2, 0)
  (1, 1, 0, 2, 0, 2, 1, 2, 0)
  (1, 1, 0, 2, 0, 4, 1, 0, 0)
  (1, 5, 0, 2, 0, 0, 1, 0, 0)
  (0, 6, 0, 2, 0, 0, 1, 0, 0)
  (0, 8, 0, 0, 0, 0, 1, 0, 0)

Path 3114 (7 moves):
  (1, 1, 1, 1, 1, 1, 1, 1, 1)
  (1, 1, 1, 1, 0, 2, 1, 1, 1)
  (1, 1, 1, 1, 0, 2, 1, 2, 0)
  (1, 1, 0, 2, 0, 2, 1, 2, 0)
  (1, 1, 0, 2, 0, 4, 1, 0, 0)
  (1, 5, 0, 2, 0, 0, 1, 0, 0)
  (1, 0, 0, 2, 0, 0, 6, 0, 0)
  (7, 0, 0, 2, 0, 0, 0, 0, 0)

Path 3115 (7 moves):
  (1, 1, 1, 1, 1, 1, 1, 1, 1)
  (1, 1, 1, 1, 0, 2, 1, 1, 1)
  (1, 1, 1, 1, 0, 2, 1, 2, 0)
  (1, 1, 0, 2, 0, 2, 1, 2, 0)
  (1, 1, 0, 2, 0, 4, 1, 0, 0)
  (1, 5, 0, 2, 0, 0, 1, 0, 0)
  (1, 7, 0, 0, 0, 0, 1, 0, 0)
  (0, 8, 0, 0, 0, 0, 1, 0, 0)

Path 3116 (7 moves):
  (1, 1, 1, 1, 1, 1, 1, 1, 1)
  (1, 1, 1, 1, 0, 2, 1, 1, 1)
  (1, 1, 1, 1, 0, 2, 1, 2, 0)
  (1, 1, 0, 2, 0, 2, 1, 2, 0)
  (1, 1, 0, 2, 0, 4, 1, 0, 0)
  (1, 1, 0, 2, 0, 5, 0, 0, 0)
  (0, 2, 0, 2, 0, 5, 0, 0, 0)
  (0, 0, 0, 4, 0, 5, 0, 0, 0)

Path 3117 (7 moves):
  (1, 1, 1, 1, 1, 1, 1, 1, 1)
  (1, 1, 1, 1, 0, 2, 1, 1, 1)
  (1, 1, 1, 1, 0, 2, 1, 2, 0)
  (1, 1, 0, 2, 0, 2, 1, 2, 0)
  (1, 1, 0, 2, 0, 4, 1, 0, 0)
  (1, 1, 0, 2, 0, 5, 0, 0, 0)
  (0, 2, 0, 2, 0, 5, 0, 0, 0)
  (0, 2, 0, 0, 0, 7, 0, 0, 0)

Path 3118 (7 moves):
  (1, 1, 1, 1, 1, 1, 1, 1, 1)
  (1, 1, 1, 1, 0, 2, 1, 1, 1)
  (1, 1, 1, 1, 0, 2, 1, 2, 0)
  (1, 1, 0, 2, 0, 2, 1, 2, 0)
  (1, 1, 0, 2, 0, 4, 1, 0, 0)
  (1, 1, 0, 2, 0, 5, 0, 0, 0)
  (2, 0, 0, 2, 0, 5, 0, 0, 0)
  (2, 0, 0, 0, 0, 7, 0, 0, 0)

Path 3119 (7 moves):
  (1, 1, 1, 1, 1, 1, 1, 1, 1)
  (1, 1, 1, 1, 0, 2, 1, 1, 1)
  (1, 1, 1, 1, 0, 2, 1, 2, 0)
  (1, 1, 0, 2, 0, 2, 1, 2, 0)
  (1, 1, 0, 2, 0, 4, 1, 0, 0)
  (1, 1, 0, 2, 0, 5, 0, 0, 0)
  (2, 0, 0, 2, 0, 5, 0, 0, 0)
  (7, 0, 0, 2, 0, 0, 0, 0, 0)

Path 3120 (7 moves):
  (1, 1, 1, 1, 1, 1, 1, 1, 1)
  (1, 1, 1, 1, 0, 2, 1, 1, 1)
  (1, 1, 1, 1, 0, 2, 1, 2, 0)
  (1, 1, 0, 2, 0, 2, 1, 2, 0)
  (1, 1, 0, 2, 0, 4, 1, 0, 0)
  (1, 1, 0, 2, 0, 5, 0, 0, 0)
  (1, 3, 0, 0, 0, 5, 0, 0, 0)
  (6, 3, 0, 0, 0, 0, 0, 0, 0)

Path 3121 (7 moves):
  (1, 1, 1, 1, 1, 1, 1, 1, 1)
  (1, 1, 1, 1, 0, 2, 1, 1, 1)
  (1, 1, 1, 1, 0, 2, 1, 2, 0)
  (1, 1, 0, 2, 0, 2, 1, 2, 0)
  (1, 1, 0, 2, 0, 4, 1, 0, 0)
  (1, 1, 0, 2, 0, 5, 0, 0, 0)
  (1, 1, 0, 0, 0, 7, 0, 0, 0)
  (0, 2, 0, 0, 0, 7, 0, 0, 0)

Path 3122 (7 moves):
  (1, 1, 1, 1, 1, 1, 1, 1, 1)
  (1, 1, 1, 1, 0, 2, 1, 1, 1)
  (1, 1, 1, 1, 0, 2, 1, 2, 0)
  (1, 1, 0, 2, 0, 2, 1, 2, 0)
  (1, 1, 0, 2, 0, 4, 1, 0, 0)
  (1, 1, 0, 2, 0, 5, 0, 0, 0)
  (1, 1, 0, 0, 0, 7, 0, 0, 0)
  (2, 0, 0, 0, 0, 7, 0, 0, 0)

Path 3123 (7 moves):
  (1, 1, 1, 1, 1, 1, 1, 1, 1)
  (1, 1, 1, 1, 0, 2, 1, 1, 1)
  (1, 1, 1, 1, 0, 2, 1, 2, 0)
  (1, 1, 0, 2, 0, 2, 1, 2, 0)
  (1, 1, 0, 2, 0, 4, 1, 0, 0)
  (1, 1, 0, 2, 0, 5, 0, 0, 0)
  (6, 1, 0, 2, 0, 0, 0, 0, 0)
  (7, 0, 0, 2, 0, 0, 0, 0, 0)

Path 3124 (7 moves):
  (1, 1, 1, 1, 1, 1, 1, 1, 1)
  (1, 1, 1, 1, 0, 2, 1, 1, 1)
  (1, 1, 1, 1, 0, 2, 1, 2, 0)
  (1, 1, 0, 2, 0, 2, 1, 2, 0)
  (1, 1, 0, 2, 0, 4, 1, 0, 0)
  (1, 1, 0, 2, 0, 5, 0, 0, 0)
  (6, 1, 0, 2, 0, 0, 0, 0, 0)
  (6, 3, 0, 0, 0, 0, 0, 0, 0)

