n = 8
Winning player: Player 2
========================================

Path 1 (6 moves):
  (1, 1, 1, 1, 1, 1, 1, 1)
  (0, 2, 1, 1, 1, 1, 1, 1)
  (0, 3, 0, 1, 1, 1, 1, 1)
  (0, 0, 0, 1, 4, 1, 1, 1)
  (0, 0, 0, 1, 4, 0, 2, 1)
  (0, 0, 0, 0, 5, 0, 2, 1)
  (0, 0, 0, 0, 7, 0, 0, 1)

Path 2 (6 moves):
  (1, 1, 1, 1, 1, 1, 1, 1)
  (0, 2, 1, 1, 1, 1, 1, 1)
  (0, 3, 0, 1, 1, 1, 1, 1)
  (0, 0, 0, 1, 4, 1, 1, 1)
  (0, 0, 0, 1, 4, 0, 2, 1)
  (0, 0, 0, 0, 5, 0, 2, 1)
  (0, 0, 0, 0, 5, 0, 3, 0)

Path 3 (6 moves):
  (1, 1, 1, 1, 1, 1, 1, 1)
  (0, 2, 1, 1, 1, 1, 1, 1)
  (0, 3, 0, 1, 1, 1, 1, 1)
  (0, 0, 0, 1, 4, 1, 1, 1)
  (0, 0, 0, 1, 4, 0, 2, 1)
  (0, 0, 0, 1, 6, 0, 0, 1)
  (0, 0, 0, 0, 7, 0, 0, 1)

Path 4 (6 moves):
  (1, 1, 1, 1, 1, 1, 1, 1)
  (0, 2, 1, 1, 1, 1, 1, 1)
  (0, 3, 0, 1, 1, 1, 1, 1)
  (0, 0, 0, 1, 4, 1, 1, 1)
  (0, 0, 0, 1, 4, 0, 2, 1)
  (0, 0, 0, 1, 4, 0, 3, 0)
  (0, 0, 0, 0, 5, 0, 3, 0)

Path 5 (6 moves):
  (1, 1, 1, 1, 1, 1, 1, 1)
  (0, 2, 1, 1, 1, 1, 1, 1)
  (0, 3, 0, 1, 1, 1, 1, 1)
  (0, 0, 0, 1, 4, 1, 1, 1)
  (0, 0, 0, 1, 4, 0, 2, 1)
  (0, 0, 0, 1, 4, 0, 3, 0)
  (0, 0, 0, 4, 4, 0, 0, 0)

Path 6 (6 moves):
  (1, 1, 1, 1, 1, 1, 1, 1)
  (0, 2, 1, 1, 1, 1, 1, 1)
  (0, 3, 0, 1, 1, 1, 1, 1)
  (0, 0, 0, 1, 4, 1, 1, 1)
  (0, 0, 0, 1, 4, 1, 0, 2)
  (0, 0, 0, 0, 5, 1, 0, 2)
  (0, 0, 0, 0, 6, 0, 0, 2)

Path 7 (6 moves):
  (1, 1, 1, 1, 1, 1, 1, 1)
  (0, 2, 1, 1, 1, 1, 1, 1)
  (0, 3, 0, 1, 1, 1, 1, 1)
  (0, 0, 0, 1, 4, 1, 1, 1)
  (0, 0, 0, 1, 4, 1, 0, 2)
  (0, 0, 0, 0, 5, 1, 0, 2)
  (0, 0, 0, 0, 5, 3, 0, 0)

Path 8 (6 moves):
  (1, 1, 1, 1, 1, 1, 1, 1)
  (0, 2, 1, 1, 1, 1, 1, 1)
  (0, 3, 0, 1, 1, 1, 1, 1)
  (0, 0, 0, 1, 4, 1, 1, 1)
  (0, 0, 0, 1, 4, 1, 0, 2)
  (0, 0, 0, 1, 5, 0, 0, 2)
  (0, 0, 0, 0, 6, 0, 0, 2)

Path 9 (6 moves):
  (1, 1, 1, 1, 1, 1, 1, 1)
  (0, 2, 1, 1, 1, 1, 1, 1)
  (0, 3, 0, 1, 1, 1, 1, 1)
  (0, 0, 0, 1, 4, 1, 1, 1)
  (0, 0, 0, 1, 4, 1, 0, 2)
  (0, 0, 0, 1, 4, 3, 0, 0)
  (0, 0, 0, 0, 5, 3, 0, 0)

Path 10 (6 moves):
  (1, 1, 1, 1, 1, 1, 1, 1)
  (0, 2, 1, 1, 1, 1, 1, 1)
  (0, 3, 0, 1, 1, 1, 1, 1)
  (0, 3, 0, 0, 2, 1, 1, 1)
  (0, 3, 0, 0, 3, 0, 1, 1)
  (0, 0, 0, 0, 6, 0, 1, 1)
  (0, 0, 0, 0, 6, 0, 0, 2)

Path 11 (6 moves):
  (1, 1, 1, 1, 1, 1, 1, 1)
  (0, 2, 1, 1, 1, 1, 1, 1)
  (0, 3, 0, 1, 1, 1, 1, 1)
  (0, 3, 0, 0, 2, 1, 1, 1)
  (0, 3, 0, 0, 3, 0, 1, 1)
  (0, 6, 0, 0, 0, 0, 1, 1)
  (0, 6, 0, 0, 0, 0, 2, 0)

Path 12 (6 moves):
  (1, 1, 1, 1, 1, 1, 1, 1)
  (0, 2, 1, 1, 1, 1, 1, 1)
  (0, 3, 0, 1, 1, 1, 1, 1)
  (0, 3, 0, 0, 2, 1, 1, 1)
  (0, 3, 0, 0, 3, 0, 1, 1)
  (0, 3, 0, 0, 0, 0, 1, 4)
  (0, 3, 0, 0, 0, 0, 0, 5)

Path 13 (6 moves):
  (1, 1, 1, 1, 1, 1, 1, 1)
  (0, 2, 1, 1, 1, 1, 1, 1)
  (0, 3, 0, 1, 1, 1, 1, 1)
  (0, 3, 0, 0, 2, 1, 1, 1)
  (0, 3, 0, 0, 3, 0, 1, 1)
  (0, 3, 0, 0, 3, 0, 0, 2)
  (0, 0, 0, 0, 6, 0, 0, 2)

Path 14 (6 moves):
  (1, 1, 1, 1, 1, 1, 1, 1)
  (0, 2, 1, 1, 1, 1, 1, 1)
  (0, 3, 0, 1, 1, 1, 1, 1)
  (0, 3, 0, 0, 2, 1, 1, 1)
  (0, 3, 0, 0, 3, 0, 1, 1)
  (0, 3, 0, 0, 3, 0, 0, 2)
  (0, 3, 0, 0, 0, 0, 0, 5)

Path 15 (6 moves):
  (1, 1, 1, 1, 1, 1, 1, 1)
  (0, 2, 1, 1, 1, 1, 1, 1)
  (0, 3, 0, 1, 1, 1, 1, 1)
  (0, 3, 0, 0, 2, 1, 1, 1)
  (0, 3, 0, 0, 3, 0, 1, 1)
  (0, 3, 0, 0, 3, 0, 2, 0)
  (0, 6, 0, 0, 0, 0, 2, 0)

Path 16 (6 moves):
  (1, 1, 1, 1, 1, 1, 1, 1)
  (0, 2, 1, 1, 1, 1, 1, 1)
  (0, 3, 0, 1, 1, 1, 1, 1)
  (0, 3, 0, 0, 2, 1, 1, 1)
  (0, 3, 0, 0, 2, 1, 0, 2)
  (0, 0, 0, 0, 5, 1, 0, 2)
  (0, 0, 0, 0, 6, 0, 0, 2)

Path 17 (6 moves):
  (1, 1, 1, 1, 1, 1, 1, 1)
  (0, 2, 1, 1, 1, 1, 1, 1)
  (0, 3, 0, 1, 1, 1, 1, 1)
  (0, 3, 0, 0, 2, 1, 1, 1)
  (0, 3, 0, 0, 2, 1, 0, 2)
  (0, 0, 0, 0, 5, 1, 0, 2)
  (0, 0, 0, 0, 5, 3, 0, 0)

Path 18 (6 moves):
  (1, 1, 1, 1, 1, 1, 1, 1)
  (0, 2, 1, 1, 1, 1, 1, 1)
  (0, 3, 0, 1, 1, 1, 1, 1)
  (0, 3, 0, 0, 2, 1, 1, 1)
  (0, 3, 0, 0, 2, 1, 0, 2)
  (0, 3, 0, 0, 3, 0, 0, 2)
  (0, 0, 0, 0, 6, 0, 0, 2)

Path 19 (6 moves):
  (1, 1, 1, 1, 1, 1, 1, 1)
  (0, 2, 1, 1, 1, 1, 1, 1)
  (0, 3, 0, 1, 1, 1, 1, 1)
  (0, 3, 0, 0, 2, 1, 1, 1)
  (0, 3, 0, 0, 2, 1, 0, 2)
  (0, 3, 0, 0, 3, 0, 0, 2)
  (0, 3, 0, 0, 0, 0, 0, 5)

Path 20 (6 moves):
  (1, 1, 1, 1, 1, 1, 1, 1)
  (0, 2, 1, 1, 1, 1, 1, 1)
  (0, 3, 0, 1, 1, 1, 1, 1)
  (0, 3, 0, 0, 2, 1, 1, 1)
  (0, 3, 0, 0, 2, 1, 0, 2)
  (0, 3, 0, 0, 2, 3, 0, 0)
  (0, 0, 0, 0, 5, 3, 0, 0)

Path 21 (6 moves):
  (1, 1, 1, 1, 1, 1, 1, 1)
  (0, 2, 1, 1, 1, 1, 1, 1)
  (0, 3, 0, 1, 1, 1, 1, 1)
  (0, 3, 0, 2, 0, 1, 1, 1)
  (0, 3, 0, 2, 0, 2, 0, 1)
  (0, 5, 0, 0, 0, 2, 0, 1)
  (0, 5, 0, 0, 0, 0, 0, 3)

Path 22 (6 moves):
  (1, 1, 1, 1, 1, 1, 1, 1)
  (0, 2, 1, 1, 1, 1, 1, 1)
  (0, 3, 0, 1, 1, 1, 1, 1)
  (0, 3, 0, 2, 0, 1, 1, 1)
  (0, 3, 0, 2, 0, 2, 0, 1)
  (0, 3, 0, 0, 0, 4, 0, 1)
  (0, 7, 0, 0, 0, 0, 0, 1)

Path 23 (6 moves):
  (1, 1, 1, 1, 1, 1, 1, 1)
  (0, 2, 1, 1, 1, 1, 1, 1)
  (0, 3, 0, 1, 1, 1, 1, 1)
  (0, 3, 0, 2, 0, 1, 1, 1)
  (0, 3, 0, 2, 0, 2, 0, 1)
  (0, 3, 0, 4, 0, 0, 0, 1)
  (0, 3, 0, 0, 0, 0, 0, 5)

Path 24 (6 moves):
  (1, 1, 1, 1, 1, 1, 1, 1)
  (0, 2, 1, 1, 1, 1, 1, 1)
  (0, 3, 0, 1, 1, 1, 1, 1)
  (0, 3, 0, 2, 0, 1, 1, 1)
  (0, 3, 0, 2, 0, 2, 0, 1)
  (0, 3, 0, 2, 0, 0, 0, 3)
  (0, 5, 0, 0, 0, 0, 0, 3)

Path 25 (6 moves):
  (1, 1, 1, 1, 1, 1, 1, 1)
  (0, 2, 1, 1, 1, 1, 1, 1)
  (0, 3, 0, 1, 1, 1, 1, 1)
  (0, 3, 0, 2, 0, 1, 1, 1)
  (0, 3, 0, 2, 0, 1, 0, 2)
  (0, 5, 0, 0, 0, 1, 0, 2)
  (0, 5, 0, 0, 0, 3, 0, 0)

Path 26 (6 moves):
  (1, 1, 1, 1, 1, 1, 1, 1)
  (0, 2, 1, 1, 1, 1, 1, 1)
  (0, 3, 0, 1, 1, 1, 1, 1)
  (0, 3, 0, 2, 0, 1, 1, 1)
  (0, 3, 0, 2, 0, 1, 0, 2)
  (0, 3, 0, 0, 0, 3, 0, 2)
  (0, 3, 0, 0, 0, 5, 0, 0)

Path 27 (6 moves):
  (1, 1, 1, 1, 1, 1, 1, 1)
  (0, 2, 1, 1, 1, 1, 1, 1)
  (0, 3, 0, 1, 1, 1, 1, 1)
  (0, 3, 0, 2, 0, 1, 1, 1)
  (0, 3, 0, 2, 0, 1, 0, 2)
  (0, 3, 0, 2, 0, 3, 0, 0)
  (0, 5, 0, 0, 0, 3, 0, 0)

Path 28 (6 moves):
  (1, 1, 1, 1, 1, 1, 1, 1)
  (0, 2, 1, 1, 1, 1, 1, 1)
  (0, 3, 0, 1, 1, 1, 1, 1)
  (0, 3, 0, 2, 0, 1, 1, 1)
  (0, 3, 0, 2, 0, 1, 0, 2)
  (0, 3, 0, 2, 0, 3, 0, 0)
  (0, 3, 0, 0, 0, 5, 0, 0)

Path 29 (6 moves):
  (1, 1, 1, 1, 1, 1, 1, 1)
  (0, 2, 1, 1, 1, 1, 1, 1)
  (0, 3, 0, 1, 1, 1, 1, 1)
  (0, 3, 0, 1, 0, 2, 1, 1)
  (0, 3, 0, 1, 0, 0, 1, 3)
  (0, 3, 0, 1, 0, 0, 0, 4)
  (0, 3, 0, 5, 0, 0, 0, 0)

Path 30 (4 moves):
  (1, 1, 1, 1, 1, 1, 1, 1)
  (0, 2, 1, 1, 1, 1, 1, 1)
  (0, 3, 0, 1, 1, 1, 1, 1)
  (0, 3, 0, 1, 0, 2, 1, 1)
  (0, 3, 0, 1, 0, 3, 0, 1)

Path 31 (6 moves):
  (1, 1, 1, 1, 1, 1, 1, 1)
  (0, 2, 1, 1, 1, 1, 1, 1)
  (0, 3, 0, 1, 1, 1, 1, 1)
  (0, 3, 0, 1, 2, 0, 1, 1)
  (0, 3, 0, 0, 3, 0, 1, 1)
  (0, 0, 0, 0, 6, 0, 1, 1)
  (0, 0, 0, 0, 6, 0, 0, 2)

Path 32 (6 moves):
  (1, 1, 1, 1, 1, 1, 1, 1)
  (0, 2, 1, 1, 1, 1, 1, 1)
  (0, 3, 0, 1, 1, 1, 1, 1)
  (0, 3, 0, 1, 2, 0, 1, 1)
  (0, 3, 0, 0, 3, 0, 1, 1)
  (0, 6, 0, 0, 0, 0, 1, 1)
  (0, 6, 0, 0, 0, 0, 2, 0)

Path 33 (6 moves):
  (1, 1, 1, 1, 1, 1, 1, 1)
  (0, 2, 1, 1, 1, 1, 1, 1)
  (0, 3, 0, 1, 1, 1, 1, 1)
  (0, 3, 0, 1, 2, 0, 1, 1)
  (0, 3, 0, 0, 3, 0, 1, 1)
  (0, 3, 0, 0, 0, 0, 1, 4)
  (0, 3, 0, 0, 0, 0, 0, 5)

Path 34 (6 moves):
  (1, 1, 1, 1, 1, 1, 1, 1)
  (0, 2, 1, 1, 1, 1, 1, 1)
  (0, 3, 0, 1, 1, 1, 1, 1)
  (0, 3, 0, 1, 2, 0, 1, 1)
  (0, 3, 0, 0, 3, 0, 1, 1)
  (0, 3, 0, 0, 3, 0, 0, 2)
  (0, 0, 0, 0, 6, 0, 0, 2)

Path 35 (6 moves):
  (1, 1, 1, 1, 1, 1, 1, 1)
  (0, 2, 1, 1, 1, 1, 1, 1)
  (0, 3, 0, 1, 1, 1, 1, 1)
  (0, 3, 0, 1, 2, 0, 1, 1)
  (0, 3, 0, 0, 3, 0, 1, 1)
  (0, 3, 0, 0, 3, 0, 0, 2)
  (0, 3, 0, 0, 0, 0, 0, 5)

Path 36 (6 moves):
  (1, 1, 1, 1, 1, 1, 1, 1)
  (0, 2, 1, 1, 1, 1, 1, 1)
  (0, 3, 0, 1, 1, 1, 1, 1)
  (0, 3, 0, 1, 2, 0, 1, 1)
  (0, 3, 0, 0, 3, 0, 1, 1)
  (0, 3, 0, 0, 3, 0, 2, 0)
  (0, 6, 0, 0, 0, 0, 2, 0)

Path 37 (6 moves):
  (1, 1, 1, 1, 1, 1, 1, 1)
  (0, 2, 1, 1, 1, 1, 1, 1)
  (0, 3, 0, 1, 1, 1, 1, 1)
  (0, 3, 0, 1, 2, 0, 1, 1)
  (0, 3, 0, 1, 2, 0, 0, 2)
  (0, 0, 0, 1, 5, 0, 0, 2)
  (0, 0, 0, 0, 6, 0, 0, 2)

Path 38 (6 moves):
  (1, 1, 1, 1, 1, 1, 1, 1)
  (0, 2, 1, 1, 1, 1, 1, 1)
  (0, 3, 0, 1, 1, 1, 1, 1)
  (0, 3, 0, 1, 2, 0, 1, 1)
  (0, 3, 0, 1, 2, 0, 0, 2)
  (0, 3, 0, 0, 3, 0, 0, 2)
  (0, 0, 0, 0, 6, 0, 0, 2)

Path 39 (6 moves):
  (1, 1, 1, 1, 1, 1, 1, 1)
  (0, 2, 1, 1, 1, 1, 1, 1)
  (0, 3, 0, 1, 1, 1, 1, 1)
  (0, 3, 0, 1, 2, 0, 1, 1)
  (0, 3, 0, 1, 2, 0, 0, 2)
  (0, 3, 0, 0, 3, 0, 0, 2)
  (0, 3, 0, 0, 0, 0, 0, 5)

Path 40 (6 moves):
  (1, 1, 1, 1, 1, 1, 1, 1)
  (0, 2, 1, 1, 1, 1, 1, 1)
  (0, 3, 0, 1, 1, 1, 1, 1)
  (0, 3, 0, 1, 1, 0, 2, 1)
  (0, 0, 0, 1, 4, 0, 2, 1)
  (0, 0, 0, 0, 5, 0, 2, 1)
  (0, 0, 0, 0, 7, 0, 0, 1)

Path 41 (6 moves):
  (1, 1, 1, 1, 1, 1, 1, 1)
  (0, 2, 1, 1, 1, 1, 1, 1)
  (0, 3, 0, 1, 1, 1, 1, 1)
  (0, 3, 0, 1, 1, 0, 2, 1)
  (0, 0, 0, 1, 4, 0, 2, 1)
  (0, 0, 0, 0, 5, 0, 2, 1)
  (0, 0, 0, 0, 5, 0, 3, 0)

Path 42 (6 moves):
  (1, 1, 1, 1, 1, 1, 1, 1)
  (0, 2, 1, 1, 1, 1, 1, 1)
  (0, 3, 0, 1, 1, 1, 1, 1)
  (0, 3, 0, 1, 1, 0, 2, 1)
  (0, 0, 0, 1, 4, 0, 2, 1)
  (0, 0, 0, 1, 6, 0, 0, 1)
  (0, 0, 0, 0, 7, 0, 0, 1)

Path 43 (6 moves):
  (1, 1, 1, 1, 1, 1, 1, 1)
  (0, 2, 1, 1, 1, 1, 1, 1)
  (0, 3, 0, 1, 1, 1, 1, 1)
  (0, 3, 0, 1, 1, 0, 2, 1)
  (0, 0, 0, 1, 4, 0, 2, 1)
  (0, 0, 0, 1, 4, 0, 3, 0)
  (0, 0, 0, 0, 5, 0, 3, 0)

Path 44 (6 moves):
  (1, 1, 1, 1, 1, 1, 1, 1)
  (0, 2, 1, 1, 1, 1, 1, 1)
  (0, 3, 0, 1, 1, 1, 1, 1)
  (0, 3, 0, 1, 1, 0, 2, 1)
  (0, 0, 0, 1, 4, 0, 2, 1)
  (0, 0, 0, 1, 4, 0, 3, 0)
  (0, 0, 0, 4, 4, 0, 0, 0)

Path 45 (6 moves):
  (1, 1, 1, 1, 1, 1, 1, 1)
  (0, 2, 1, 1, 1, 1, 1, 1)
  (0, 3, 0, 1, 1, 1, 1, 1)
  (0, 3, 0, 1, 1, 0, 2, 1)
  (0, 3, 0, 1, 3, 0, 0, 1)
  (0, 0, 0, 1, 6, 0, 0, 1)
  (0, 0, 0, 0, 7, 0, 0, 1)

Path 46 (6 moves):
  (1, 1, 1, 1, 1, 1, 1, 1)
  (0, 2, 1, 1, 1, 1, 1, 1)
  (0, 3, 0, 1, 1, 1, 1, 1)
  (0, 3, 0, 1, 1, 0, 2, 1)
  (0, 3, 0, 1, 3, 0, 0, 1)
  (0, 3, 0, 0, 4, 0, 0, 1)
  (0, 0, 0, 0, 7, 0, 0, 1)

Path 47 (6 moves):
  (1, 1, 1, 1, 1, 1, 1, 1)
  (0, 2, 1, 1, 1, 1, 1, 1)
  (0, 3, 0, 1, 1, 1, 1, 1)
  (0, 3, 0, 1, 1, 0, 2, 1)
  (0, 3, 0, 1, 3, 0, 0, 1)
  (0, 6, 0, 1, 0, 0, 0, 1)
  (0, 0, 0, 1, 0, 0, 0, 7)

Path 48 (6 moves):
  (1, 1, 1, 1, 1, 1, 1, 1)
  (0, 2, 1, 1, 1, 1, 1, 1)
  (0, 3, 0, 1, 1, 1, 1, 1)
  (0, 3, 0, 1, 1, 0, 2, 1)
  (0, 3, 0, 1, 3, 0, 0, 1)
  (0, 3, 0, 1, 0, 0, 0, 4)
  (0, 3, 0, 5, 0, 0, 0, 0)

Path 49 (6 moves):
  (1, 1, 1, 1, 1, 1, 1, 1)
  (0, 2, 1, 1, 1, 1, 1, 1)
  (0, 3, 0, 1, 1, 1, 1, 1)
  (0, 3, 0, 1, 1, 0, 2, 1)
  (0, 3, 0, 1, 1, 0, 3, 0)
  (0, 0, 0, 1, 4, 0, 3, 0)
  (0, 0, 0, 0, 5, 0, 3, 0)

Path 50 (6 moves):
  (1, 1, 1, 1, 1, 1, 1, 1)
  (0, 2, 1, 1, 1, 1, 1, 1)
  (0, 3, 0, 1, 1, 1, 1, 1)
  (0, 3, 0, 1, 1, 0, 2, 1)
  (0, 3, 0, 1, 1, 0, 3, 0)
  (0, 0, 0, 1, 4, 0, 3, 0)
  (0, 0, 0, 4, 4, 0, 0, 0)

Path 51 (6 moves):
  (1, 1, 1, 1, 1, 1, 1, 1)
  (0, 2, 1, 1, 1, 1, 1, 1)
  (0, 3, 0, 1, 1, 1, 1, 1)
  (0, 3, 0, 1, 1, 0, 2, 1)
  (0, 3, 0, 1, 1, 0, 3, 0)
  (0, 3, 0, 0, 2, 0, 3, 0)
  (0, 0, 0, 0, 5, 0, 3, 0)

Path 52 (6 moves):
  (1, 1, 1, 1, 1, 1, 1, 1)
  (0, 2, 1, 1, 1, 1, 1, 1)
  (0, 3, 0, 1, 1, 1, 1, 1)
  (0, 3, 0, 1, 1, 0, 2, 1)
  (0, 3, 0, 1, 1, 0, 3, 0)
  (0, 3, 0, 2, 0, 0, 3, 0)
  (0, 3, 0, 5, 0, 0, 0, 0)

Path 53 (6 moves):
  (1, 1, 1, 1, 1, 1, 1, 1)
  (0, 2, 1, 1, 1, 1, 1, 1)
  (0, 3, 0, 1, 1, 1, 1, 1)
  (0, 3, 0, 1, 1, 0, 2, 1)
  (0, 3, 0, 1, 1, 0, 3, 0)
  (0, 3, 0, 4, 1, 0, 0, 0)
  (0, 0, 0, 4, 4, 0, 0, 0)

Path 54 (6 moves):
  (1, 1, 1, 1, 1, 1, 1, 1)
  (0, 2, 1, 1, 1, 1, 1, 1)
  (0, 3, 0, 1, 1, 1, 1, 1)
  (0, 3, 0, 1, 1, 0, 2, 1)
  (0, 3, 0, 1, 1, 0, 3, 0)
  (0, 3, 0, 4, 1, 0, 0, 0)
  (0, 3, 0, 5, 0, 0, 0, 0)

Path 55 (6 moves):
  (1, 1, 1, 1, 1, 1, 1, 1)
  (0, 2, 1, 1, 1, 1, 1, 1)
  (0, 3, 0, 1, 1, 1, 1, 1)
  (0, 3, 0, 1, 1, 2, 0, 1)
  (0, 3, 0, 2, 0, 2, 0, 1)
  (0, 5, 0, 0, 0, 2, 0, 1)
  (0, 5, 0, 0, 0, 0, 0, 3)

Path 56 (6 moves):
  (1, 1, 1, 1, 1, 1, 1, 1)
  (0, 2, 1, 1, 1, 1, 1, 1)
  (0, 3, 0, 1, 1, 1, 1, 1)
  (0, 3, 0, 1, 1, 2, 0, 1)
  (0, 3, 0, 2, 0, 2, 0, 1)
  (0, 3, 0, 0, 0, 4, 0, 1)
  (0, 7, 0, 0, 0, 0, 0, 1)

Path 57 (6 moves):
  (1, 1, 1, 1, 1, 1, 1, 1)
  (0, 2, 1, 1, 1, 1, 1, 1)
  (0, 3, 0, 1, 1, 1, 1, 1)
  (0, 3, 0, 1, 1, 2, 0, 1)
  (0, 3, 0, 2, 0, 2, 0, 1)
  (0, 3, 0, 4, 0, 0, 0, 1)
  (0, 3, 0, 0, 0, 0, 0, 5)

Path 58 (6 moves):
  (1, 1, 1, 1, 1, 1, 1, 1)
  (0, 2, 1, 1, 1, 1, 1, 1)
  (0, 3, 0, 1, 1, 1, 1, 1)
  (0, 3, 0, 1, 1, 2, 0, 1)
  (0, 3, 0, 2, 0, 2, 0, 1)
  (0, 3, 0, 2, 0, 0, 0, 3)
  (0, 5, 0, 0, 0, 0, 0, 3)

Path 59 (4 moves):
  (1, 1, 1, 1, 1, 1, 1, 1)
  (0, 2, 1, 1, 1, 1, 1, 1)
  (0, 3, 0, 1, 1, 1, 1, 1)
  (0, 3, 0, 1, 1, 2, 0, 1)
  (0, 3, 0, 1, 0, 3, 0, 1)

Path 60 (6 moves):
  (1, 1, 1, 1, 1, 1, 1, 1)
  (0, 2, 1, 1, 1, 1, 1, 1)
  (0, 3, 0, 1, 1, 1, 1, 1)
  (0, 3, 0, 1, 1, 1, 0, 2)
  (0, 0, 0, 1, 4, 1, 0, 2)
  (0, 0, 0, 0, 5, 1, 0, 2)
  (0, 0, 0, 0, 6, 0, 0, 2)

Path 61 (6 moves):
  (1, 1, 1, 1, 1, 1, 1, 1)
  (0, 2, 1, 1, 1, 1, 1, 1)
  (0, 3, 0, 1, 1, 1, 1, 1)
  (0, 3, 0, 1, 1, 1, 0, 2)
  (0, 0, 0, 1, 4, 1, 0, 2)
  (0, 0, 0, 0, 5, 1, 0, 2)
  (0, 0, 0, 0, 5, 3, 0, 0)

Path 62 (6 moves):
  (1, 1, 1, 1, 1, 1, 1, 1)
  (0, 2, 1, 1, 1, 1, 1, 1)
  (0, 3, 0, 1, 1, 1, 1, 1)
  (0, 3, 0, 1, 1, 1, 0, 2)
  (0, 0, 0, 1, 4, 1, 0, 2)
  (0, 0, 0, 1, 5, 0, 0, 2)
  (0, 0, 0, 0, 6, 0, 0, 2)

Path 63 (6 moves):
  (1, 1, 1, 1, 1, 1, 1, 1)
  (0, 2, 1, 1, 1, 1, 1, 1)
  (0, 3, 0, 1, 1, 1, 1, 1)
  (0, 3, 0, 1, 1, 1, 0, 2)
  (0, 0, 0, 1, 4, 1, 0, 2)
  (0, 0, 0, 1, 4, 3, 0, 0)
  (0, 0, 0, 0, 5, 3, 0, 0)

Path 64 (6 moves):
  (1, 1, 1, 1, 1, 1, 1, 1)
  (0, 2, 1, 1, 1, 1, 1, 1)
  (0, 3, 0, 1, 1, 1, 1, 1)
  (0, 3, 0, 1, 1, 1, 0, 2)
  (0, 3, 0, 0, 2, 1, 0, 2)
  (0, 0, 0, 0, 5, 1, 0, 2)
  (0, 0, 0, 0, 6, 0, 0, 2)

Path 65 (6 moves):
  (1, 1, 1, 1, 1, 1, 1, 1)
  (0, 2, 1, 1, 1, 1, 1, 1)
  (0, 3, 0, 1, 1, 1, 1, 1)
  (0, 3, 0, 1, 1, 1, 0, 2)
  (0, 3, 0, 0, 2, 1, 0, 2)
  (0, 0, 0, 0, 5, 1, 0, 2)
  (0, 0, 0, 0, 5, 3, 0, 0)

Path 66 (6 moves):
  (1, 1, 1, 1, 1, 1, 1, 1)
  (0, 2, 1, 1, 1, 1, 1, 1)
  (0, 3, 0, 1, 1, 1, 1, 1)
  (0, 3, 0, 1, 1, 1, 0, 2)
  (0, 3, 0, 0, 2, 1, 0, 2)
  (0, 3, 0, 0, 3, 0, 0, 2)
  (0, 0, 0, 0, 6, 0, 0, 2)

Path 67 (6 moves):
  (1, 1, 1, 1, 1, 1, 1, 1)
  (0, 2, 1, 1, 1, 1, 1, 1)
  (0, 3, 0, 1, 1, 1, 1, 1)
  (0, 3, 0, 1, 1, 1, 0, 2)
  (0, 3, 0, 0, 2, 1, 0, 2)
  (0, 3, 0, 0, 3, 0, 0, 2)
  (0, 3, 0, 0, 0, 0, 0, 5)

Path 68 (6 moves):
  (1, 1, 1, 1, 1, 1, 1, 1)
  (0, 2, 1, 1, 1, 1, 1, 1)
  (0, 3, 0, 1, 1, 1, 1, 1)
  (0, 3, 0, 1, 1, 1, 0, 2)
  (0, 3, 0, 0, 2, 1, 0, 2)
  (0, 3, 0, 0, 2, 3, 0, 0)
  (0, 0, 0, 0, 5, 3, 0, 0)

Path 69 (6 moves):
  (1, 1, 1, 1, 1, 1, 1, 1)
  (0, 2, 1, 1, 1, 1, 1, 1)
  (0, 3, 0, 1, 1, 1, 1, 1)
  (0, 3, 0, 1, 1, 1, 0, 2)
  (0, 3, 0, 2, 0, 1, 0, 2)
  (0, 5, 0, 0, 0, 1, 0, 2)
  (0, 5, 0, 0, 0, 3, 0, 0)

Path 70 (6 moves):
  (1, 1, 1, 1, 1, 1, 1, 1)
  (0, 2, 1, 1, 1, 1, 1, 1)
  (0, 3, 0, 1, 1, 1, 1, 1)
  (0, 3, 0, 1, 1, 1, 0, 2)
  (0, 3, 0, 2, 0, 1, 0, 2)
  (0, 3, 0, 0, 0, 3, 0, 2)
  (0, 3, 0, 0, 0, 5, 0, 0)

Path 71 (6 moves):
  (1, 1, 1, 1, 1, 1, 1, 1)
  (0, 2, 1, 1, 1, 1, 1, 1)
  (0, 3, 0, 1, 1, 1, 1, 1)
  (0, 3, 0, 1, 1, 1, 0, 2)
  (0, 3, 0, 2, 0, 1, 0, 2)
  (0, 3, 0, 2, 0, 3, 0, 0)
  (0, 5, 0, 0, 0, 3, 0, 0)

Path 72 (6 moves):
  (1, 1, 1, 1, 1, 1, 1, 1)
  (0, 2, 1, 1, 1, 1, 1, 1)
  (0, 3, 0, 1, 1, 1, 1, 1)
  (0, 3, 0, 1, 1, 1, 0, 2)
  (0, 3, 0, 2, 0, 1, 0, 2)
  (0, 3, 0, 2, 0, 3, 0, 0)
  (0, 3, 0, 0, 0, 5, 0, 0)

Path 73 (6 moves):
  (1, 1, 1, 1, 1, 1, 1, 1)
  (0, 2, 1, 1, 1, 1, 1, 1)
  (0, 3, 0, 1, 1, 1, 1, 1)
  (0, 3, 0, 1, 1, 1, 0, 2)
  (0, 3, 0, 1, 2, 0, 0, 2)
  (0, 0, 0, 1, 5, 0, 0, 2)
  (0, 0, 0, 0, 6, 0, 0, 2)

Path 74 (6 moves):
  (1, 1, 1, 1, 1, 1, 1, 1)
  (0, 2, 1, 1, 1, 1, 1, 1)
  (0, 3, 0, 1, 1, 1, 1, 1)
  (0, 3, 0, 1, 1, 1, 0, 2)
  (0, 3, 0, 1, 2, 0, 0, 2)
  (0, 3, 0, 0, 3, 0, 0, 2)
  (0, 0, 0, 0, 6, 0, 0, 2)

Path 75 (6 moves):
  (1, 1, 1, 1, 1, 1, 1, 1)
  (0, 2, 1, 1, 1, 1, 1, 1)
  (0, 3, 0, 1, 1, 1, 1, 1)
  (0, 3, 0, 1, 1, 1, 0, 2)
  (0, 3, 0, 1, 2, 0, 0, 2)
  (0, 3, 0, 0, 3, 0, 0, 2)
  (0, 3, 0, 0, 0, 0, 0, 5)

Path 76 (6 moves):
  (1, 1, 1, 1, 1, 1, 1, 1)
  (0, 2, 1, 1, 1, 1, 1, 1)
  (0, 3, 0, 1, 1, 1, 1, 1)
  (0, 3, 0, 1, 1, 1, 0, 2)
  (0, 3, 0, 1, 1, 3, 0, 0)
  (0, 0, 0, 1, 4, 3, 0, 0)
  (0, 0, 0, 0, 5, 3, 0, 0)

Path 77 (6 moves):
  (1, 1, 1, 1, 1, 1, 1, 1)
  (0, 2, 1, 1, 1, 1, 1, 1)
  (0, 3, 0, 1, 1, 1, 1, 1)
  (0, 3, 0, 1, 1, 1, 0, 2)
  (0, 3, 0, 1, 1, 3, 0, 0)
  (0, 3, 0, 0, 2, 3, 0, 0)
  (0, 0, 0, 0, 5, 3, 0, 0)

Path 78 (6 moves):
  (1, 1, 1, 1, 1, 1, 1, 1)
  (0, 2, 1, 1, 1, 1, 1, 1)
  (0, 3, 0, 1, 1, 1, 1, 1)
  (0, 3, 0, 1, 1, 1, 0, 2)
  (0, 3, 0, 1, 1, 3, 0, 0)
  (0, 3, 0, 2, 0, 3, 0, 0)
  (0, 5, 0, 0, 0, 3, 0, 0)

Path 79 (6 moves):
  (1, 1, 1, 1, 1, 1, 1, 1)
  (0, 2, 1, 1, 1, 1, 1, 1)
  (0, 3, 0, 1, 1, 1, 1, 1)
  (0, 3, 0, 1, 1, 1, 0, 2)
  (0, 3, 0, 1, 1, 3, 0, 0)
  (0, 3, 0, 2, 0, 3, 0, 0)
  (0, 3, 0, 0, 0, 5, 0, 0)

Path 80 (6 moves):
  (1, 1, 1, 1, 1, 1, 1, 1)
  (0, 2, 1, 1, 1, 1, 1, 1)
  (0, 3, 0, 1, 1, 1, 1, 1)
  (0, 3, 0, 1, 1, 1, 0, 2)
  (0, 3, 0, 1, 1, 3, 0, 0)
  (0, 3, 0, 1, 0, 4, 0, 0)
  (0, 7, 0, 1, 0, 0, 0, 0)

Path 81 (6 moves):
  (1, 1, 1, 1, 1, 1, 1, 1)
  (0, 2, 1, 1, 1, 1, 1, 1)
  (0, 3, 0, 1, 1, 1, 1, 1)
  (0, 3, 0, 1, 1, 1, 2, 0)
  (0, 3, 0, 1, 1, 0, 3, 0)
  (0, 0, 0, 1, 4, 0, 3, 0)
  (0, 0, 0, 0, 5, 0, 3, 0)

Path 82 (6 moves):
  (1, 1, 1, 1, 1, 1, 1, 1)
  (0, 2, 1, 1, 1, 1, 1, 1)
  (0, 3, 0, 1, 1, 1, 1, 1)
  (0, 3, 0, 1, 1, 1, 2, 0)
  (0, 3, 0, 1, 1, 0, 3, 0)
  (0, 0, 0, 1, 4, 0, 3, 0)
  (0, 0, 0, 4, 4, 0, 0, 0)

Path 83 (6 moves):
  (1, 1, 1, 1, 1, 1, 1, 1)
  (0, 2, 1, 1, 1, 1, 1, 1)
  (0, 3, 0, 1, 1, 1, 1, 1)
  (0, 3, 0, 1, 1, 1, 2, 0)
  (0, 3, 0, 1, 1, 0, 3, 0)
  (0, 3, 0, 0, 2, 0, 3, 0)
  (0, 0, 0, 0, 5, 0, 3, 0)

Path 84 (6 moves):
  (1, 1, 1, 1, 1, 1, 1, 1)
  (0, 2, 1, 1, 1, 1, 1, 1)
  (0, 3, 0, 1, 1, 1, 1, 1)
  (0, 3, 0, 1, 1, 1, 2, 0)
  (0, 3, 0, 1, 1, 0, 3, 0)
  (0, 3, 0, 2, 0, 0, 3, 0)
  (0, 3, 0, 5, 0, 0, 0, 0)

Path 85 (6 moves):
  (1, 1, 1, 1, 1, 1, 1, 1)
  (0, 2, 1, 1, 1, 1, 1, 1)
  (0, 3, 0, 1, 1, 1, 1, 1)
  (0, 3, 0, 1, 1, 1, 2, 0)
  (0, 3, 0, 1, 1, 0, 3, 0)
  (0, 3, 0, 4, 1, 0, 0, 0)
  (0, 0, 0, 4, 4, 0, 0, 0)

Path 86 (6 moves):
  (1, 1, 1, 1, 1, 1, 1, 1)
  (0, 2, 1, 1, 1, 1, 1, 1)
  (0, 3, 0, 1, 1, 1, 1, 1)
  (0, 3, 0, 1, 1, 1, 2, 0)
  (0, 3, 0, 1, 1, 0, 3, 0)
  (0, 3, 0, 4, 1, 0, 0, 0)
  (0, 3, 0, 5, 0, 0, 0, 0)

Path 87 (6 moves):
  (1, 1, 1, 1, 1, 1, 1, 1)
  (0, 2, 1, 1, 1, 1, 1, 1)
  (0, 2, 1, 1, 0, 2, 1, 1)
  (0, 0, 1, 3, 0, 2, 1, 1)
  (0, 0, 1, 5, 0, 0, 1, 1)
  (0, 0, 0, 6, 0, 0, 1, 1)
  (0, 0, 0, 6, 0, 0, 0, 2)

Path 88 (6 moves):
  (1, 1, 1, 1, 1, 1, 1, 1)
  (0, 2, 1, 1, 1, 1, 1, 1)
  (0, 2, 1, 1, 0, 2, 1, 1)
  (0, 0, 1, 3, 0, 2, 1, 1)
  (0, 0, 1, 5, 0, 0, 1, 1)
  (0, 0, 0, 6, 0, 0, 1, 1)
  (0, 0, 0, 6, 0, 0, 2, 0)

Path 89 (6 moves):
  (1, 1, 1, 1, 1, 1, 1, 1)
  (0, 2, 1, 1, 1, 1, 1, 1)
  (0, 2, 1, 1, 0, 2, 1, 1)
  (0, 0, 1, 3, 0, 2, 1, 1)
  (0, 0, 1, 5, 0, 0, 1, 1)
  (0, 0, 1, 5, 0, 0, 0, 2)
  (0, 0, 0, 6, 0, 0, 0, 2)

Path 90 (6 moves):
  (1, 1, 1, 1, 1, 1, 1, 1)
  (0, 2, 1, 1, 1, 1, 1, 1)
  (0, 2, 1, 1, 0, 2, 1, 1)
  (0, 0, 1, 3, 0, 2, 1, 1)
  (0, 0, 1, 5, 0, 0, 1, 1)
  (0, 0, 1, 5, 0, 0, 2, 0)
  (0, 0, 0, 6, 0, 0, 2, 0)

Path 91 (6 moves):
  (1, 1, 1, 1, 1, 1, 1, 1)
  (0, 2, 1, 1, 1, 1, 1, 1)
  (0, 2, 1, 1, 0, 2, 1, 1)
  (0, 3, 0, 1, 0, 2, 1, 1)
  (0, 3, 0, 1, 0, 0, 1, 3)
  (0, 3, 0, 1, 0, 0, 0, 4)
  (0, 3, 0, 5, 0, 0, 0, 0)

Path 92 (4 moves):
  (1, 1, 1, 1, 1, 1, 1, 1)
  (0, 2, 1, 1, 1, 1, 1, 1)
  (0, 2, 1, 1, 0, 2, 1, 1)
  (0, 3, 0, 1, 0, 2, 1, 1)
  (0, 3, 0, 1, 0, 3, 0, 1)

Path 93 (6 moves):
  (1, 1, 1, 1, 1, 1, 1, 1)
  (0, 2, 1, 1, 1, 1, 1, 1)
  (0, 2, 1, 1, 0, 2, 1, 1)
  (0, 2, 0, 2, 0, 2, 1, 1)
  (0, 4, 0, 0, 0, 2, 1, 1)
  (0, 0, 0, 0, 0, 6, 1, 1)
  (0, 0, 0, 0, 0, 7, 0, 1)

Path 94 (6 moves):
  (1, 1, 1, 1, 1, 1, 1, 1)
  (0, 2, 1, 1, 1, 1, 1, 1)
  (0, 2, 1, 1, 0, 2, 1, 1)
  (0, 2, 0, 2, 0, 2, 1, 1)
  (0, 4, 0, 0, 0, 2, 1, 1)
  (0, 0, 0, 0, 0, 6, 1, 1)
  (0, 0, 0, 0, 0, 6, 2, 0)

Path 95 (6 moves):
  (1, 1, 1, 1, 1, 1, 1, 1)
  (0, 2, 1, 1, 1, 1, 1, 1)
  (0, 2, 1, 1, 0, 2, 1, 1)
  (0, 2, 0, 2, 0, 2, 1, 1)
  (0, 4, 0, 0, 0, 2, 1, 1)
  (0, 4, 0, 0, 0, 0, 1, 3)
  (0, 4, 0, 0, 0, 0, 0, 4)

Path 96 (6 moves):
  (1, 1, 1, 1, 1, 1, 1, 1)
  (0, 2, 1, 1, 1, 1, 1, 1)
  (0, 2, 1, 1, 0, 2, 1, 1)
  (0, 2, 0, 2, 0, 2, 1, 1)
  (0, 4, 0, 0, 0, 2, 1, 1)
  (0, 4, 0, 0, 0, 3, 0, 1)
  (0, 0, 0, 0, 0, 7, 0, 1)

Path 97 (6 moves):
  (1, 1, 1, 1, 1, 1, 1, 1)
  (0, 2, 1, 1, 1, 1, 1, 1)
  (0, 2, 1, 1, 0, 2, 1, 1)
  (0, 2, 0, 2, 0, 2, 1, 1)
  (0, 4, 0, 0, 0, 2, 1, 1)
  (0, 4, 0, 0, 0, 2, 0, 2)
  (0, 4, 0, 0, 0, 0, 0, 4)

Path 98 (6 moves):
  (1, 1, 1, 1, 1, 1, 1, 1)
  (0, 2, 1, 1, 1, 1, 1, 1)
  (0, 2, 1, 1, 0, 2, 1, 1)
  (0, 2, 0, 2, 0, 2, 1, 1)
  (0, 4, 0, 0, 0, 2, 1, 1)
  (0, 4, 0, 0, 0, 2, 2, 0)
  (0, 0, 0, 0, 0, 6, 2, 0)

Path 99 (6 moves):
  (1, 1, 1, 1, 1, 1, 1, 1)
  (0, 2, 1, 1, 1, 1, 1, 1)
  (0, 2, 1, 1, 0, 2, 1, 1)
  (0, 2, 0, 2, 0, 2, 1, 1)
  (0, 2, 0, 2, 0, 2, 0, 2)
  (0, 0, 0, 4, 0, 2, 0, 2)
  (0, 0, 0, 6, 0, 0, 0, 2)

Path 100 (6 moves):
  (1, 1, 1, 1, 1, 1, 1, 1)
  (0, 2, 1, 1, 1, 1, 1, 1)
  (0, 2, 1, 1, 0, 2, 1, 1)
  (0, 2, 0, 2, 0, 2, 1, 1)
  (0, 2, 0, 2, 0, 2, 0, 2)
  (0, 0, 0, 4, 0, 2, 0, 2)
  (0, 0, 0, 4, 0, 4, 0, 0)

Path 101 (6 moves):
  (1, 1, 1, 1, 1, 1, 1, 1)
  (0, 2, 1, 1, 1, 1, 1, 1)
  (0, 2, 1, 1, 0, 2, 1, 1)
  (0, 2, 0, 2, 0, 2, 1, 1)
  (0, 2, 0, 2, 0, 2, 0, 2)
  (0, 4, 0, 0, 0, 2, 0, 2)
  (0, 4, 0, 0, 0, 0, 0, 4)

Path 102 (6 moves):
  (1, 1, 1, 1, 1, 1, 1, 1)
  (0, 2, 1, 1, 1, 1, 1, 1)
  (0, 2, 1, 1, 0, 2, 1, 1)
  (0, 2, 0, 2, 0, 2, 1, 1)
  (0, 2, 0, 2, 0, 2, 0, 2)
  (0, 2, 0, 0, 0, 4, 0, 2)
  (0, 2, 0, 0, 0, 6, 0, 0)

Path 103 (6 moves):
  (1, 1, 1, 1, 1, 1, 1, 1)
  (0, 2, 1, 1, 1, 1, 1, 1)
  (0, 2, 1, 1, 0, 2, 1, 1)
  (0, 2, 0, 2, 0, 2, 1, 1)
  (0, 2, 0, 2, 0, 2, 0, 2)
  (0, 2, 0, 4, 0, 0, 0, 2)
  (0, 0, 0, 6, 0, 0, 0, 2)

Path 104 (6 moves):
  (1, 1, 1, 1, 1, 1, 1, 1)
  (0, 2, 1, 1, 1, 1, 1, 1)
  (0, 2, 1, 1, 0, 2, 1, 1)
  (0, 2, 0, 2, 0, 2, 1, 1)
  (0, 2, 0, 2, 0, 2, 0, 2)
  (0, 2, 0, 2, 0, 0, 0, 4)
  (0, 4, 0, 0, 0, 0, 0, 4)

Path 105 (6 moves):
  (1, 1, 1, 1, 1, 1, 1, 1)
  (0, 2, 1, 1, 1, 1, 1, 1)
  (0, 2, 1, 1, 0, 2, 1, 1)
  (0, 2, 0, 2, 0, 2, 1, 1)
  (0, 2, 0, 2, 0, 2, 0, 2)
  (0, 2, 0, 2, 0, 4, 0, 0)
  (0, 0, 0, 4, 0, 4, 0, 0)

Path 106 (6 moves):
  (1, 1, 1, 1, 1, 1, 1, 1)
  (0, 2, 1, 1, 1, 1, 1, 1)
  (0, 2, 1, 1, 0, 2, 1, 1)
  (0, 2, 0, 2, 0, 2, 1, 1)
  (0, 2, 0, 2, 0, 2, 0, 2)
  (0, 2, 0, 2, 0, 4, 0, 0)
  (0, 2, 0, 0, 0, 6, 0, 0)

Path 107 (6 moves):
  (1, 1, 1, 1, 1, 1, 1, 1)
  (0, 2, 1, 1, 1, 1, 1, 1)
  (0, 2, 1, 1, 0, 2, 1, 1)
  (0, 2, 0, 2, 0, 2, 1, 1)
  (0, 2, 0, 2, 0, 2, 2, 0)
  (0, 0, 0, 4, 0, 2, 2, 0)
  (0, 0, 0, 6, 0, 0, 2, 0)

Path 108 (6 moves):
  (1, 1, 1, 1, 1, 1, 1, 1)
  (0, 2, 1, 1, 1, 1, 1, 1)
  (0, 2, 1, 1, 0, 2, 1, 1)
  (0, 2, 0, 2, 0, 2, 1, 1)
  (0, 2, 0, 2, 0, 2, 2, 0)
  (0, 4, 0, 0, 0, 2, 2, 0)
  (0, 0, 0, 0, 0, 6, 2, 0)

Path 109 (6 moves):
  (1, 1, 1, 1, 1, 1, 1, 1)
  (0, 2, 1, 1, 1, 1, 1, 1)
  (0, 2, 1, 1, 0, 2, 1, 1)
  (0, 2, 0, 2, 0, 2, 1, 1)
  (0, 2, 0, 2, 0, 2, 2, 0)
  (0, 2, 0, 0, 0, 4, 2, 0)
  (0, 6, 0, 0, 0, 0, 2, 0)

Path 110 (6 moves):
  (1, 1, 1, 1, 1, 1, 1, 1)
  (0, 2, 1, 1, 1, 1, 1, 1)
  (0, 2, 1, 1, 0, 2, 1, 1)
  (0, 2, 0, 2, 0, 2, 1, 1)
  (0, 2, 0, 2, 0, 2, 2, 0)
  (0, 2, 0, 4, 0, 0, 2, 0)
  (0, 0, 0, 6, 0, 0, 2, 0)

Path 111 (4 moves):
  (1, 1, 1, 1, 1, 1, 1, 1)
  (0, 2, 1, 1, 1, 1, 1, 1)
  (0, 2, 1, 1, 0, 2, 1, 1)
  (0, 2, 2, 0, 0, 2, 1, 1)
  (0, 2, 2, 0, 0, 2, 2, 0)

Path 112 (6 moves):
  (1, 1, 1, 1, 1, 1, 1, 1)
  (0, 2, 1, 1, 1, 1, 1, 1)
  (0, 2, 1, 1, 0, 2, 1, 1)
  (0, 2, 1, 3, 0, 0, 1, 1)
  (0, 0, 1, 5, 0, 0, 1, 1)
  (0, 0, 0, 6, 0, 0, 1, 1)
  (0, 0, 0, 6, 0, 0, 0, 2)

Path 113 (6 moves):
  (1, 1, 1, 1, 1, 1, 1, 1)
  (0, 2, 1, 1, 1, 1, 1, 1)
  (0, 2, 1, 1, 0, 2, 1, 1)
  (0, 2, 1, 3, 0, 0, 1, 1)
  (0, 0, 1, 5, 0, 0, 1, 1)
  (0, 0, 0, 6, 0, 0, 1, 1)
  (0, 0, 0, 6, 0, 0, 2, 0)

Path 114 (6 moves):
  (1, 1, 1, 1, 1, 1, 1, 1)
  (0, 2, 1, 1, 1, 1, 1, 1)
  (0, 2, 1, 1, 0, 2, 1, 1)
  (0, 2, 1, 3, 0, 0, 1, 1)
  (0, 0, 1, 5, 0, 0, 1, 1)
  (0, 0, 1, 5, 0, 0, 0, 2)
  (0, 0, 0, 6, 0, 0, 0, 2)

Path 115 (6 moves):
  (1, 1, 1, 1, 1, 1, 1, 1)
  (0, 2, 1, 1, 1, 1, 1, 1)
  (0, 2, 1, 1, 0, 2, 1, 1)
  (0, 2, 1, 3, 0, 0, 1, 1)
  (0, 0, 1, 5, 0, 0, 1, 1)
  (0, 0, 1, 5, 0, 0, 2, 0)
  (0, 0, 0, 6, 0, 0, 2, 0)

Path 116 (6 moves):
  (1, 1, 1, 1, 1, 1, 1, 1)
  (0, 2, 1, 1, 1, 1, 1, 1)
  (0, 2, 1, 1, 0, 2, 1, 1)
  (0, 2, 1, 1, 0, 0, 1, 3)
  (0, 3, 0, 1, 0, 0, 1, 3)
  (0, 3, 0, 1, 0, 0, 0, 4)
  (0, 3, 0, 5, 0, 0, 0, 0)

Path 117 (4 moves):
  (1, 1, 1, 1, 1, 1, 1, 1)
  (0, 2, 1, 1, 1, 1, 1, 1)
  (0, 2, 1, 1, 0, 2, 1, 1)
  (0, 2, 1, 1, 0, 3, 0, 1)
  (0, 3, 0, 1, 0, 3, 0, 1)

Path 118 (6 moves):
  (1, 1, 1, 1, 1, 1, 1, 1)
  (0, 2, 1, 1, 1, 1, 1, 1)
  (0, 2, 1, 1, 0, 2, 1, 1)
  (0, 2, 1, 1, 0, 2, 0, 2)
  (0, 2, 0, 2, 0, 2, 0, 2)
  (0, 0, 0, 4, 0, 2, 0, 2)
  (0, 0, 0, 6, 0, 0, 0, 2)

Path 119 (6 moves):
  (1, 1, 1, 1, 1, 1, 1, 1)
  (0, 2, 1, 1, 1, 1, 1, 1)
  (0, 2, 1, 1, 0, 2, 1, 1)
  (0, 2, 1, 1, 0, 2, 0, 2)
  (0, 2, 0, 2, 0, 2, 0, 2)
  (0, 0, 0, 4, 0, 2, 0, 2)
  (0, 0, 0, 4, 0, 4, 0, 0)

Path 120 (6 moves):
  (1, 1, 1, 1, 1, 1, 1, 1)
  (0, 2, 1, 1, 1, 1, 1, 1)
  (0, 2, 1, 1, 0, 2, 1, 1)
  (0, 2, 1, 1, 0, 2, 0, 2)
  (0, 2, 0, 2, 0, 2, 0, 2)
  (0, 4, 0, 0, 0, 2, 0, 2)
  (0, 4, 0, 0, 0, 0, 0, 4)

Path 121 (6 moves):
  (1, 1, 1, 1, 1, 1, 1, 1)
  (0, 2, 1, 1, 1, 1, 1, 1)
  (0, 2, 1, 1, 0, 2, 1, 1)
  (0, 2, 1, 1, 0, 2, 0, 2)
  (0, 2, 0, 2, 0, 2, 0, 2)
  (0, 2, 0, 0, 0, 4, 0, 2)
  (0, 2, 0, 0, 0, 6, 0, 0)

Path 122 (6 moves):
  (1, 1, 1, 1, 1, 1, 1, 1)
  (0, 2, 1, 1, 1, 1, 1, 1)
  (0, 2, 1, 1, 0, 2, 1, 1)
  (0, 2, 1, 1, 0, 2, 0, 2)
  (0, 2, 0, 2, 0, 2, 0, 2)
  (0, 2, 0, 4, 0, 0, 0, 2)
  (0, 0, 0, 6, 0, 0, 0, 2)

Path 123 (6 moves):
  (1, 1, 1, 1, 1, 1, 1, 1)
  (0, 2, 1, 1, 1, 1, 1, 1)
  (0, 2, 1, 1, 0, 2, 1, 1)
  (0, 2, 1, 1, 0, 2, 0, 2)
  (0, 2, 0, 2, 0, 2, 0, 2)
  (0, 2, 0, 2, 0, 0, 0, 4)
  (0, 4, 0, 0, 0, 0, 0, 4)

Path 124 (6 moves):
  (1, 1, 1, 1, 1, 1, 1, 1)
  (0, 2, 1, 1, 1, 1, 1, 1)
  (0, 2, 1, 1, 0, 2, 1, 1)
  (0, 2, 1, 1, 0, 2, 0, 2)
  (0, 2, 0, 2, 0, 2, 0, 2)
  (0, 2, 0, 2, 0, 4, 0, 0)
  (0, 0, 0, 4, 0, 4, 0, 0)

Path 125 (6 moves):
  (1, 1, 1, 1, 1, 1, 1, 1)
  (0, 2, 1, 1, 1, 1, 1, 1)
  (0, 2, 1, 1, 0, 2, 1, 1)
  (0, 2, 1, 1, 0, 2, 0, 2)
  (0, 2, 0, 2, 0, 2, 0, 2)
  (0, 2, 0, 2, 0, 4, 0, 0)
  (0, 2, 0, 0, 0, 6, 0, 0)

Path 126 (6 moves):
  (1, 1, 1, 1, 1, 1, 1, 1)
  (0, 2, 1, 1, 1, 1, 1, 1)
  (0, 2, 1, 1, 0, 2, 1, 1)
  (0, 2, 1, 1, 0, 2, 0, 2)
  (0, 2, 1, 1, 0, 4, 0, 0)
  (0, 0, 1, 3, 0, 4, 0, 0)
  (0, 0, 0, 4, 0, 4, 0, 0)

Path 127 (6 moves):
  (1, 1, 1, 1, 1, 1, 1, 1)
  (0, 2, 1, 1, 1, 1, 1, 1)
  (0, 2, 1, 1, 0, 2, 1, 1)
  (0, 2, 1, 1, 0, 2, 0, 2)
  (0, 2, 1, 1, 0, 4, 0, 0)
  (0, 3, 0, 1, 0, 4, 0, 0)
  (0, 7, 0, 1, 0, 0, 0, 0)

Path 128 (6 moves):
  (1, 1, 1, 1, 1, 1, 1, 1)
  (0, 2, 1, 1, 1, 1, 1, 1)
  (0, 2, 1, 1, 0, 2, 1, 1)
  (0, 2, 1, 1, 0, 2, 0, 2)
  (0, 2, 1, 1, 0, 4, 0, 0)
  (0, 2, 0, 2, 0, 4, 0, 0)
  (0, 0, 0, 4, 0, 4, 0, 0)

Path 129 (6 moves):
  (1, 1, 1, 1, 1, 1, 1, 1)
  (0, 2, 1, 1, 1, 1, 1, 1)
  (0, 2, 1, 1, 0, 2, 1, 1)
  (0, 2, 1, 1, 0, 2, 0, 2)
  (0, 2, 1, 1, 0, 4, 0, 0)
  (0, 2, 0, 2, 0, 4, 0, 0)
  (0, 2, 0, 0, 0, 6, 0, 0)

Path 130 (6 moves):
  (1, 1, 1, 1, 1, 1, 1, 1)
  (0, 2, 1, 1, 1, 1, 1, 1)
  (0, 2, 1, 1, 0, 2, 1, 1)
  (0, 2, 1, 1, 0, 2, 0, 2)
  (0, 2, 1, 1, 0, 4, 0, 0)
  (0, 2, 2, 0, 0, 4, 0, 0)
  (0, 6, 2, 0, 0, 0, 0, 0)

Path 131 (6 moves):
  (1, 1, 1, 1, 1, 1, 1, 1)
  (0, 2, 1, 1, 1, 1, 1, 1)
  (0, 2, 1, 1, 0, 2, 1, 1)
  (0, 2, 1, 1, 0, 2, 0, 2)
  (0, 2, 1, 1, 0, 4, 0, 0)
  (0, 6, 1, 1, 0, 0, 0, 0)
  (0, 7, 0, 1, 0, 0, 0, 0)

Path 132 (6 moves):
  (1, 1, 1, 1, 1, 1, 1, 1)
  (0, 2, 1, 1, 1, 1, 1, 1)
  (0, 2, 1, 1, 0, 2, 1, 1)
  (0, 2, 1, 1, 0, 2, 0, 2)
  (0, 2, 1, 1, 0, 4, 0, 0)
  (0, 6, 1, 1, 0, 0, 0, 0)
  (0, 6, 2, 0, 0, 0, 0, 0)

Path 133 (6 moves):
  (1, 1, 1, 1, 1, 1, 1, 1)
  (0, 2, 1, 1, 1, 1, 1, 1)
  (0, 2, 1, 1, 0, 2, 1, 1)
  (0, 2, 1, 1, 0, 2, 2, 0)
  (0, 2, 0, 2, 0, 2, 2, 0)
  (0, 0, 0, 4, 0, 2, 2, 0)
  (0, 0, 0, 6, 0, 0, 2, 0)

Path 134 (6 moves):
  (1, 1, 1, 1, 1, 1, 1, 1)
  (0, 2, 1, 1, 1, 1, 1, 1)
  (0, 2, 1, 1, 0, 2, 1, 1)
  (0, 2, 1, 1, 0, 2, 2, 0)
  (0, 2, 0, 2, 0, 2, 2, 0)
  (0, 4, 0, 0, 0, 2, 2, 0)
  (0, 0, 0, 0, 0, 6, 2, 0)

Path 135 (6 moves):
  (1, 1, 1, 1, 1, 1, 1, 1)
  (0, 2, 1, 1, 1, 1, 1, 1)
  (0, 2, 1, 1, 0, 2, 1, 1)
  (0, 2, 1, 1, 0, 2, 2, 0)
  (0, 2, 0, 2, 0, 2, 2, 0)
  (0, 2, 0, 0, 0, 4, 2, 0)
  (0, 6, 0, 0, 0, 0, 2, 0)

Path 136 (6 moves):
  (1, 1, 1, 1, 1, 1, 1, 1)
  (0, 2, 1, 1, 1, 1, 1, 1)
  (0, 2, 1, 1, 0, 2, 1, 1)
  (0, 2, 1, 1, 0, 2, 2, 0)
  (0, 2, 0, 2, 0, 2, 2, 0)
  (0, 2, 0, 4, 0, 0, 2, 0)
  (0, 0, 0, 6, 0, 0, 2, 0)

Path 137 (4 moves):
  (1, 1, 1, 1, 1, 1, 1, 1)
  (0, 2, 1, 1, 1, 1, 1, 1)
  (0, 2, 1, 1, 0, 2, 1, 1)
  (0, 2, 1, 1, 0, 2, 2, 0)
  (0, 2, 2, 0, 0, 2, 2, 0)

Path 138 (6 moves):
  (1, 1, 1, 1, 1, 1, 1, 1)
  (0, 2, 1, 1, 1, 1, 1, 1)
  (0, 2, 1, 1, 2, 0, 1, 1)
  (0, 0, 1, 3, 2, 0, 1, 1)
  (0, 0, 0, 4, 2, 0, 1, 1)
  (0, 0, 0, 0, 2, 0, 1, 5)
  (0, 0, 0, 0, 0, 0, 3, 5)

Path 139 (6 moves):
  (1, 1, 1, 1, 1, 1, 1, 1)
  (0, 2, 1, 1, 1, 1, 1, 1)
  (0, 2, 1, 1, 2, 0, 1, 1)
  (0, 0, 1, 3, 2, 0, 1, 1)
  (0, 0, 0, 4, 2, 0, 1, 1)
  (0, 0, 0, 0, 2, 0, 1, 5)
  (0, 0, 0, 0, 2, 0, 0, 6)

Path 140 (6 moves):
  (1, 1, 1, 1, 1, 1, 1, 1)
  (0, 2, 1, 1, 1, 1, 1, 1)
  (0, 2, 1, 1, 2, 0, 1, 1)
  (0, 0, 1, 3, 2, 0, 1, 1)
  (0, 0, 0, 4, 2, 0, 1, 1)
  (0, 0, 0, 4, 0, 0, 3, 1)
  (0, 0, 0, 0, 0, 0, 3, 5)

Path 141 (6 moves):
  (1, 1, 1, 1, 1, 1, 1, 1)
  (0, 2, 1, 1, 1, 1, 1, 1)
  (0, 2, 1, 1, 2, 0, 1, 1)
  (0, 0, 1, 3, 2, 0, 1, 1)
  (0, 0, 0, 4, 2, 0, 1, 1)
  (0, 0, 0, 4, 0, 0, 3, 1)
  (0, 0, 0, 7, 0, 0, 0, 1)

Path 142 (6 moves):
  (1, 1, 1, 1, 1, 1, 1, 1)
  (0, 2, 1, 1, 1, 1, 1, 1)
  (0, 2, 1, 1, 2, 0, 1, 1)
  (0, 0, 1, 3, 2, 0, 1, 1)
  (0, 0, 0, 4, 2, 0, 1, 1)
  (0, 0, 0, 4, 0, 0, 3, 1)
  (0, 0, 0, 4, 0, 0, 4, 0)

Path 143 (6 moves):
  (1, 1, 1, 1, 1, 1, 1, 1)
  (0, 2, 1, 1, 1, 1, 1, 1)
  (0, 2, 1, 1, 2, 0, 1, 1)
  (0, 0, 1, 3, 2, 0, 1, 1)
  (0, 0, 0, 4, 2, 0, 1, 1)
  (0, 0, 0, 4, 2, 0, 0, 2)
  (0, 0, 0, 0, 2, 0, 0, 6)

Path 144 (6 moves):
  (1, 1, 1, 1, 1, 1, 1, 1)
  (0, 2, 1, 1, 1, 1, 1, 1)
  (0, 2, 1, 1, 2, 0, 1, 1)
  (0, 0, 1, 3, 2, 0, 1, 1)
  (0, 0, 0, 4, 2, 0, 1, 1)
  (0, 0, 0, 4, 2, 0, 2, 0)
  (0, 0, 0, 4, 0, 0, 4, 0)

Path 145 (6 moves):
  (1, 1, 1, 1, 1, 1, 1, 1)
  (0, 2, 1, 1, 1, 1, 1, 1)
  (0, 2, 1, 1, 2, 0, 1, 1)
  (0, 0, 1, 3, 2, 0, 1, 1)
  (0, 0, 0, 4, 2, 0, 1, 1)
  (0, 0, 0, 4, 2, 0, 2, 0)
  (0, 0, 0, 4, 4, 0, 0, 0)

Path 146 (6 moves):
  (1, 1, 1, 1, 1, 1, 1, 1)
  (0, 2, 1, 1, 1, 1, 1, 1)
  (0, 2, 1, 1, 2, 0, 1, 1)
  (0, 0, 1, 3, 2, 0, 1, 1)
  (0, 0, 1, 0, 2, 0, 4, 1)
  (0, 0, 3, 0, 0, 0, 4, 1)
  (0, 0, 7, 0, 0, 0, 0, 1)

Path 147 (6 moves):
  (1, 1, 1, 1, 1, 1, 1, 1)
  (0, 2, 1, 1, 1, 1, 1, 1)
  (0, 2, 1, 1, 2, 0, 1, 1)
  (0, 0, 1, 3, 2, 0, 1, 1)
  (0, 0, 1, 0, 2, 0, 4, 1)
  (0, 0, 3, 0, 0, 0, 4, 1)
  (0, 0, 3, 0, 0, 0, 5, 0)

Path 148 (6 moves):
  (1, 1, 1, 1, 1, 1, 1, 1)
  (0, 2, 1, 1, 1, 1, 1, 1)
  (0, 2, 1, 1, 2, 0, 1, 1)
  (0, 0, 1, 3, 2, 0, 1, 1)
  (0, 0, 1, 0, 2, 0, 4, 1)
  (0, 0, 1, 0, 0, 0, 6, 1)
  (0, 0, 1, 0, 0, 0, 7, 0)

Path 149 (6 moves):
  (1, 1, 1, 1, 1, 1, 1, 1)
  (0, 2, 1, 1, 1, 1, 1, 1)
  (0, 2, 1, 1, 2, 0, 1, 1)
  (0, 0, 1, 3, 2, 0, 1, 1)
  (0, 0, 1, 0, 2, 0, 4, 1)
  (0, 0, 5, 0, 2, 0, 0, 1)
  (0, 0, 0, 0, 2, 0, 0, 6)

Path 150 (6 moves):
  (1, 1, 1, 1, 1, 1, 1, 1)
  (0, 2, 1, 1, 1, 1, 1, 1)
  (0, 2, 1, 1, 2, 0, 1, 1)
  (0, 0, 1, 3, 2, 0, 1, 1)
  (0, 0, 1, 0, 2, 0, 4, 1)
  (0, 0, 5, 0, 2, 0, 0, 1)
  (0, 0, 7, 0, 0, 0, 0, 1)

Path 151 (6 moves):
  (1, 1, 1, 1, 1, 1, 1, 1)
  (0, 2, 1, 1, 1, 1, 1, 1)
  (0, 2, 1, 1, 2, 0, 1, 1)
  (0, 0, 1, 3, 2, 0, 1, 1)
  (0, 0, 1, 0, 2, 0, 4, 1)
  (0, 0, 1, 0, 2, 0, 5, 0)
  (0, 0, 3, 0, 0, 0, 5, 0)

Path 152 (6 moves):
  (1, 1, 1, 1, 1, 1, 1, 1)
  (0, 2, 1, 1, 1, 1, 1, 1)
  (0, 2, 1, 1, 2, 0, 1, 1)
  (0, 0, 1, 3, 2, 0, 1, 1)
  (0, 0, 1, 0, 2, 0, 4, 1)
  (0, 0, 1, 0, 2, 0, 5, 0)
  (0, 0, 1, 0, 0, 0, 7, 0)

Path 153 (6 moves):
  (1, 1, 1, 1, 1, 1, 1, 1)
  (0, 2, 1, 1, 1, 1, 1, 1)
  (0, 2, 1, 1, 2, 0, 1, 1)
  (0, 0, 1, 3, 2, 0, 1, 1)
  (0, 0, 1, 3, 0, 0, 3, 1)
  (0, 0, 0, 4, 0, 0, 3, 1)
  (0, 0, 0, 0, 0, 0, 3, 5)

Path 154 (6 moves):
  (1, 1, 1, 1, 1, 1, 1, 1)
  (0, 2, 1, 1, 1, 1, 1, 1)
  (0, 2, 1, 1, 2, 0, 1, 1)
  (0, 0, 1, 3, 2, 0, 1, 1)
  (0, 0, 1, 3, 0, 0, 3, 1)
  (0, 0, 0, 4, 0, 0, 3, 1)
  (0, 0, 0, 7, 0, 0, 0, 1)

Path 155 (6 moves):
  (1, 1, 1, 1, 1, 1, 1, 1)
  (0, 2, 1, 1, 1, 1, 1, 1)
  (0, 2, 1, 1, 2, 0, 1, 1)
  (0, 0, 1, 3, 2, 0, 1, 1)
  (0, 0, 1, 3, 0, 0, 3, 1)
  (0, 0, 0, 4, 0, 0, 3, 1)
  (0, 0, 0, 4, 0, 0, 4, 0)

Path 156 (6 moves):
  (1, 1, 1, 1, 1, 1, 1, 1)
  (0, 2, 1, 1, 1, 1, 1, 1)
  (0, 2, 1, 1, 2, 0, 1, 1)
  (0, 0, 1, 3, 2, 0, 1, 1)
  (0, 0, 1, 3, 0, 0, 3, 1)
  (0, 0, 1, 0, 0, 0, 6, 1)
  (0, 0, 1, 0, 0, 0, 7, 0)

Path 157 (6 moves):
  (1, 1, 1, 1, 1, 1, 1, 1)
  (0, 2, 1, 1, 1, 1, 1, 1)
  (0, 2, 1, 1, 2, 0, 1, 1)
  (0, 0, 1, 3, 2, 0, 1, 1)
  (0, 0, 1, 3, 0, 0, 3, 1)
  (0, 0, 1, 6, 0, 0, 0, 1)
  (0, 0, 0, 7, 0, 0, 0, 1)

Path 158 (6 moves):
  (1, 1, 1, 1, 1, 1, 1, 1)
  (0, 2, 1, 1, 1, 1, 1, 1)
  (0, 2, 1, 1, 2, 0, 1, 1)
  (0, 0, 1, 3, 2, 0, 1, 1)
  (0, 0, 1, 3, 0, 0, 3, 1)
  (0, 0, 1, 3, 0, 0, 4, 0)
  (0, 0, 0, 4, 0, 0, 4, 0)

Path 159 (6 moves):
  (1, 1, 1, 1, 1, 1, 1, 1)
  (0, 2, 1, 1, 1, 1, 1, 1)
  (0, 2, 1, 1, 2, 0, 1, 1)
  (0, 0, 1, 3, 2, 0, 1, 1)
  (0, 0, 1, 3, 0, 0, 3, 1)
  (0, 0, 1, 3, 0, 0, 4, 0)
  (0, 0, 1, 0, 0, 0, 7, 0)

Path 160 (6 moves):
  (1, 1, 1, 1, 1, 1, 1, 1)
  (0, 2, 1, 1, 1, 1, 1, 1)
  (0, 2, 1, 1, 2, 0, 1, 1)
  (0, 0, 1, 3, 2, 0, 1, 1)
  (0, 0, 1, 3, 0, 0, 3, 1)
  (0, 0, 1, 3, 0, 0, 4, 0)
  (0, 0, 5, 3, 0, 0, 0, 0)

Path 161 (6 moves):
  (1, 1, 1, 1, 1, 1, 1, 1)
  (0, 2, 1, 1, 1, 1, 1, 1)
  (0, 2, 1, 1, 2, 0, 1, 1)
  (0, 0, 1, 3, 2, 0, 1, 1)
  (0, 0, 1, 3, 2, 0, 2, 0)
  (0, 0, 0, 4, 2, 0, 2, 0)
  (0, 0, 0, 4, 0, 0, 4, 0)

Path 162 (6 moves):
  (1, 1, 1, 1, 1, 1, 1, 1)
  (0, 2, 1, 1, 1, 1, 1, 1)
  (0, 2, 1, 1, 2, 0, 1, 1)
  (0, 0, 1, 3, 2, 0, 1, 1)
  (0, 0, 1, 3, 2, 0, 2, 0)
  (0, 0, 0, 4, 2, 0, 2, 0)
  (0, 0, 0, 4, 4, 0, 0, 0)

Path 163 (6 moves):
  (1, 1, 1, 1, 1, 1, 1, 1)
  (0, 2, 1, 1, 1, 1, 1, 1)
  (0, 2, 1, 1, 2, 0, 1, 1)
  (0, 0, 1, 3, 2, 0, 1, 1)
  (0, 0, 1, 3, 2, 0, 2, 0)
  (0, 0, 1, 0, 2, 0, 5, 0)
  (0, 0, 3, 0, 0, 0, 5, 0)

Path 164 (6 moves):
  (1, 1, 1, 1, 1, 1, 1, 1)
  (0, 2, 1, 1, 1, 1, 1, 1)
  (0, 2, 1, 1, 2, 0, 1, 1)
  (0, 0, 1, 3, 2, 0, 1, 1)
  (0, 0, 1, 3, 2, 0, 2, 0)
  (0, 0, 1, 0, 2, 0, 5, 0)
  (0, 0, 1, 0, 0, 0, 7, 0)

Path 165 (6 moves):
  (1, 1, 1, 1, 1, 1, 1, 1)
  (0, 2, 1, 1, 1, 1, 1, 1)
  (0, 2, 1, 1, 2, 0, 1, 1)
  (0, 0, 1, 3, 2, 0, 1, 1)
  (0, 0, 1, 3, 2, 0, 2, 0)
  (0, 0, 3, 3, 0, 0, 2, 0)
  (0, 0, 3, 0, 0, 0, 5, 0)

Path 166 (6 moves):
  (1, 1, 1, 1, 1, 1, 1, 1)
  (0, 2, 1, 1, 1, 1, 1, 1)
  (0, 2, 1, 1, 2, 0, 1, 1)
  (0, 0, 1, 3, 2, 0, 1, 1)
  (0, 0, 1, 3, 2, 0, 2, 0)
  (0, 0, 1, 3, 0, 0, 4, 0)
  (0, 0, 0, 4, 0, 0, 4, 0)

Path 167 (6 moves):
  (1, 1, 1, 1, 1, 1, 1, 1)
  (0, 2, 1, 1, 1, 1, 1, 1)
  (0, 2, 1, 1, 2, 0, 1, 1)
  (0, 0, 1, 3, 2, 0, 1, 1)
  (0, 0, 1, 3, 2, 0, 2, 0)
  (0, 0, 1, 3, 0, 0, 4, 0)
  (0, 0, 1, 0, 0, 0, 7, 0)

Path 168 (6 moves):
  (1, 1, 1, 1, 1, 1, 1, 1)
  (0, 2, 1, 1, 1, 1, 1, 1)
  (0, 2, 1, 1, 2, 0, 1, 1)
  (0, 0, 1, 3, 2, 0, 1, 1)
  (0, 0, 1, 3, 2, 0, 2, 0)
  (0, 0, 1, 3, 0, 0, 4, 0)
  (0, 0, 5, 3, 0, 0, 0, 0)

Path 169 (6 moves):
  (1, 1, 1, 1, 1, 1, 1, 1)
  (0, 2, 1, 1, 1, 1, 1, 1)
  (0, 2, 1, 1, 2, 0, 1, 1)
  (0, 0, 1, 3, 2, 0, 1, 1)
  (0, 0, 1, 3, 2, 0, 2, 0)
  (0, 0, 1, 3, 4, 0, 0, 0)
  (0, 0, 0, 4, 4, 0, 0, 0)

Path 170 (6 moves):
  (1, 1, 1, 1, 1, 1, 1, 1)
  (0, 2, 1, 1, 1, 1, 1, 1)
  (0, 2, 1, 1, 2, 0, 1, 1)
  (0, 3, 0, 1, 2, 0, 1, 1)
  (0, 3, 0, 0, 3, 0, 1, 1)
  (0, 0, 0, 0, 6, 0, 1, 1)
  (0, 0, 0, 0, 6, 0, 0, 2)

Path 171 (6 moves):
  (1, 1, 1, 1, 1, 1, 1, 1)
  (0, 2, 1, 1, 1, 1, 1, 1)
  (0, 2, 1, 1, 2, 0, 1, 1)
  (0, 3, 0, 1, 2, 0, 1, 1)
  (0, 3, 0, 0, 3, 0, 1, 1)
  (0, 6, 0, 0, 0, 0, 1, 1)
  (0, 6, 0, 0, 0, 0, 2, 0)

Path 172 (6 moves):
  (1, 1, 1, 1, 1, 1, 1, 1)
  (0, 2, 1, 1, 1, 1, 1, 1)
  (0, 2, 1, 1, 2, 0, 1, 1)
  (0, 3, 0, 1, 2, 0, 1, 1)
  (0, 3, 0, 0, 3, 0, 1, 1)
  (0, 3, 0, 0, 0, 0, 1, 4)
  (0, 3, 0, 0, 0, 0, 0, 5)

Path 173 (6 moves):
  (1, 1, 1, 1, 1, 1, 1, 1)
  (0, 2, 1, 1, 1, 1, 1, 1)
  (0, 2, 1, 1, 2, 0, 1, 1)
  (0, 3, 0, 1, 2, 0, 1, 1)
  (0, 3, 0, 0, 3, 0, 1, 1)
  (0, 3, 0, 0, 3, 0, 0, 2)
  (0, 0, 0, 0, 6, 0, 0, 2)

Path 174 (6 moves):
  (1, 1, 1, 1, 1, 1, 1, 1)
  (0, 2, 1, 1, 1, 1, 1, 1)
  (0, 2, 1, 1, 2, 0, 1, 1)
  (0, 3, 0, 1, 2, 0, 1, 1)
  (0, 3, 0, 0, 3, 0, 1, 1)
  (0, 3, 0, 0, 3, 0, 0, 2)
  (0, 3, 0, 0, 0, 0, 0, 5)

Path 175 (6 moves):
  (1, 1, 1, 1, 1, 1, 1, 1)
  (0, 2, 1, 1, 1, 1, 1, 1)
  (0, 2, 1, 1, 2, 0, 1, 1)
  (0, 3, 0, 1, 2, 0, 1, 1)
  (0, 3, 0, 0, 3, 0, 1, 1)
  (0, 3, 0, 0, 3, 0, 2, 0)
  (0, 6, 0, 0, 0, 0, 2, 0)

Path 176 (6 moves):
  (1, 1, 1, 1, 1, 1, 1, 1)
  (0, 2, 1, 1, 1, 1, 1, 1)
  (0, 2, 1, 1, 2, 0, 1, 1)
  (0, 3, 0, 1, 2, 0, 1, 1)
  (0, 3, 0, 1, 2, 0, 0, 2)
  (0, 0, 0, 1, 5, 0, 0, 2)
  (0, 0, 0, 0, 6, 0, 0, 2)

Path 177 (6 moves):
  (1, 1, 1, 1, 1, 1, 1, 1)
  (0, 2, 1, 1, 1, 1, 1, 1)
  (0, 2, 1, 1, 2, 0, 1, 1)
  (0, 3, 0, 1, 2, 0, 1, 1)
  (0, 3, 0, 1, 2, 0, 0, 2)
  (0, 3, 0, 0, 3, 0, 0, 2)
  (0, 0, 0, 0, 6, 0, 0, 2)

Path 178 (6 moves):
  (1, 1, 1, 1, 1, 1, 1, 1)
  (0, 2, 1, 1, 1, 1, 1, 1)
  (0, 2, 1, 1, 2, 0, 1, 1)
  (0, 3, 0, 1, 2, 0, 1, 1)
  (0, 3, 0, 1, 2, 0, 0, 2)
  (0, 3, 0, 0, 3, 0, 0, 2)
  (0, 3, 0, 0, 0, 0, 0, 5)

Path 179 (6 moves):
  (1, 1, 1, 1, 1, 1, 1, 1)
  (0, 2, 1, 1, 1, 1, 1, 1)
  (0, 2, 1, 1, 2, 0, 1, 1)
  (0, 2, 0, 2, 2, 0, 1, 1)
  (0, 0, 0, 4, 2, 0, 1, 1)
  (0, 0, 0, 0, 2, 0, 1, 5)
  (0, 0, 0, 0, 0, 0, 3, 5)

Path 180 (6 moves):
  (1, 1, 1, 1, 1, 1, 1, 1)
  (0, 2, 1, 1, 1, 1, 1, 1)
  (0, 2, 1, 1, 2, 0, 1, 1)
  (0, 2, 0, 2, 2, 0, 1, 1)
  (0, 0, 0, 4, 2, 0, 1, 1)
  (0, 0, 0, 0, 2, 0, 1, 5)
  (0, 0, 0, 0, 2, 0, 0, 6)

Path 181 (6 moves):
  (1, 1, 1, 1, 1, 1, 1, 1)
  (0, 2, 1, 1, 1, 1, 1, 1)
  (0, 2, 1, 1, 2, 0, 1, 1)
  (0, 2, 0, 2, 2, 0, 1, 1)
  (0, 0, 0, 4, 2, 0, 1, 1)
  (0, 0, 0, 4, 0, 0, 3, 1)
  (0, 0, 0, 0, 0, 0, 3, 5)

Path 182 (6 moves):
  (1, 1, 1, 1, 1, 1, 1, 1)
  (0, 2, 1, 1, 1, 1, 1, 1)
  (0, 2, 1, 1, 2, 0, 1, 1)
  (0, 2, 0, 2, 2, 0, 1, 1)
  (0, 0, 0, 4, 2, 0, 1, 1)
  (0, 0, 0, 4, 0, 0, 3, 1)
  (0, 0, 0, 7, 0, 0, 0, 1)

Path 183 (6 moves):
  (1, 1, 1, 1, 1, 1, 1, 1)
  (0, 2, 1, 1, 1, 1, 1, 1)
  (0, 2, 1, 1, 2, 0, 1, 1)
  (0, 2, 0, 2, 2, 0, 1, 1)
  (0, 0, 0, 4, 2, 0, 1, 1)
  (0, 0, 0, 4, 0, 0, 3, 1)
  (0, 0, 0, 4, 0, 0, 4, 0)

Path 184 (6 moves):
  (1, 1, 1, 1, 1, 1, 1, 1)
  (0, 2, 1, 1, 1, 1, 1, 1)
  (0, 2, 1, 1, 2, 0, 1, 1)
  (0, 2, 0, 2, 2, 0, 1, 1)
  (0, 0, 0, 4, 2, 0, 1, 1)
  (0, 0, 0, 4, 2, 0, 0, 2)
  (0, 0, 0, 0, 2, 0, 0, 6)

Path 185 (6 moves):
  (1, 1, 1, 1, 1, 1, 1, 1)
  (0, 2, 1, 1, 1, 1, 1, 1)
  (0, 2, 1, 1, 2, 0, 1, 1)
  (0, 2, 0, 2, 2, 0, 1, 1)
  (0, 0, 0, 4, 2, 0, 1, 1)
  (0, 0, 0, 4, 2, 0, 2, 0)
  (0, 0, 0, 4, 0, 0, 4, 0)

Path 186 (6 moves):
  (1, 1, 1, 1, 1, 1, 1, 1)
  (0, 2, 1, 1, 1, 1, 1, 1)
  (0, 2, 1, 1, 2, 0, 1, 1)
  (0, 2, 0, 2, 2, 0, 1, 1)
  (0, 0, 0, 4, 2, 0, 1, 1)
  (0, 0, 0, 4, 2, 0, 2, 0)
  (0, 0, 0, 4, 4, 0, 0, 0)

Path 187 (6 moves):
  (1, 1, 1, 1, 1, 1, 1, 1)
  (0, 2, 1, 1, 1, 1, 1, 1)
  (0, 2, 1, 1, 2, 0, 1, 1)
  (0, 2, 0, 2, 2, 0, 1, 1)
  (0, 2, 0, 2, 0, 0, 3, 1)
  (0, 0, 0, 4, 0, 0, 3, 1)
  (0, 0, 0, 0, 0, 0, 3, 5)

Path 188 (6 moves):
  (1, 1, 1, 1, 1, 1, 1, 1)
  (0, 2, 1, 1, 1, 1, 1, 1)
  (0, 2, 1, 1, 2, 0, 1, 1)
  (0, 2, 0, 2, 2, 0, 1, 1)
  (0, 2, 0, 2, 0, 0, 3, 1)
  (0, 0, 0, 4, 0, 0, 3, 1)
  (0, 0, 0, 7, 0, 0, 0, 1)

Path 189 (6 moves):
  (1, 1, 1, 1, 1, 1, 1, 1)
  (0, 2, 1, 1, 1, 1, 1, 1)
  (0, 2, 1, 1, 2, 0, 1, 1)
  (0, 2, 0, 2, 2, 0, 1, 1)
  (0, 2, 0, 2, 0, 0, 3, 1)
  (0, 0, 0, 4, 0, 0, 3, 1)
  (0, 0, 0, 4, 0, 0, 4, 0)

Path 190 (6 moves):
  (1, 1, 1, 1, 1, 1, 1, 1)
  (0, 2, 1, 1, 1, 1, 1, 1)
  (0, 2, 1, 1, 2, 0, 1, 1)
  (0, 2, 0, 2, 2, 0, 1, 1)
  (0, 2, 0, 2, 0, 0, 3, 1)
  (0, 4, 0, 0, 0, 0, 3, 1)
  (0, 4, 0, 0, 0, 0, 4, 0)

Path 191 (6 moves):
  (1, 1, 1, 1, 1, 1, 1, 1)
  (0, 2, 1, 1, 1, 1, 1, 1)
  (0, 2, 1, 1, 2, 0, 1, 1)
  (0, 2, 0, 2, 2, 0, 1, 1)
  (0, 2, 0, 2, 0, 0, 3, 1)
  (0, 2, 0, 5, 0, 0, 0, 1)
  (0, 0, 0, 7, 0, 0, 0, 1)

Path 192 (6 moves):
  (1, 1, 1, 1, 1, 1, 1, 1)
  (0, 2, 1, 1, 1, 1, 1, 1)
  (0, 2, 1, 1, 2, 0, 1, 1)
  (0, 2, 0, 2, 2, 0, 1, 1)
  (0, 2, 0, 2, 0, 0, 3, 1)
  (0, 2, 0, 2, 0, 0, 4, 0)
  (0, 0, 0, 4, 0, 0, 4, 0)

Path 193 (6 moves):
  (1, 1, 1, 1, 1, 1, 1, 1)
  (0, 2, 1, 1, 1, 1, 1, 1)
  (0, 2, 1, 1, 2, 0, 1, 1)
  (0, 2, 0, 2, 2, 0, 1, 1)
  (0, 2, 0, 2, 0, 0, 3, 1)
  (0, 2, 0, 2, 0, 0, 4, 0)
  (0, 4, 0, 0, 0, 0, 4, 0)

Path 194 (6 moves):
  (1, 1, 1, 1, 1, 1, 1, 1)
  (0, 2, 1, 1, 1, 1, 1, 1)
  (0, 2, 1, 1, 2, 0, 1, 1)
  (0, 2, 0, 2, 2, 0, 1, 1)
  (0, 2, 0, 2, 2, 0, 2, 0)
  (0, 0, 0, 4, 2, 0, 2, 0)
  (0, 0, 0, 4, 0, 0, 4, 0)

Path 195 (6 moves):
  (1, 1, 1, 1, 1, 1, 1, 1)
  (0, 2, 1, 1, 1, 1, 1, 1)
  (0, 2, 1, 1, 2, 0, 1, 1)
  (0, 2, 0, 2, 2, 0, 1, 1)
  (0, 2, 0, 2, 2, 0, 2, 0)
  (0, 0, 0, 4, 2, 0, 2, 0)
  (0, 0, 0, 4, 4, 0, 0, 0)

Path 196 (6 moves):
  (1, 1, 1, 1, 1, 1, 1, 1)
  (0, 2, 1, 1, 1, 1, 1, 1)
  (0, 2, 1, 1, 2, 0, 1, 1)
  (0, 2, 0, 2, 2, 0, 1, 1)
  (0, 2, 0, 2, 2, 0, 2, 0)
  (0, 4, 0, 0, 2, 0, 2, 0)
  (0, 4, 0, 0, 0, 0, 4, 0)

Path 197 (6 moves):
  (1, 1, 1, 1, 1, 1, 1, 1)
  (0, 2, 1, 1, 1, 1, 1, 1)
  (0, 2, 1, 1, 2, 0, 1, 1)
  (0, 2, 0, 2, 2, 0, 1, 1)
  (0, 2, 0, 2, 2, 0, 2, 0)
  (0, 4, 0, 0, 2, 0, 2, 0)
  (0, 4, 0, 0, 4, 0, 0, 0)

Path 198 (6 moves):
  (1, 1, 1, 1, 1, 1, 1, 1)
  (0, 2, 1, 1, 1, 1, 1, 1)
  (0, 2, 1, 1, 2, 0, 1, 1)
  (0, 2, 0, 2, 2, 0, 1, 1)
  (0, 2, 0, 2, 2, 0, 2, 0)
  (0, 2, 0, 2, 0, 0, 4, 0)
  (0, 0, 0, 4, 0, 0, 4, 0)

Path 199 (6 moves):
  (1, 1, 1, 1, 1, 1, 1, 1)
  (0, 2, 1, 1, 1, 1, 1, 1)
  (0, 2, 1, 1, 2, 0, 1, 1)
  (0, 2, 0, 2, 2, 0, 1, 1)
  (0, 2, 0, 2, 2, 0, 2, 0)
  (0, 2, 0, 2, 0, 0, 4, 0)
  (0, 4, 0, 0, 0, 0, 4, 0)

Path 200 (6 moves):
  (1, 1, 1, 1, 1, 1, 1, 1)
  (0, 2, 1, 1, 1, 1, 1, 1)
  (0, 2, 1, 1, 2, 0, 1, 1)
  (0, 2, 0, 2, 2, 0, 1, 1)
  (0, 2, 0, 2, 2, 0, 2, 0)
  (0, 2, 0, 2, 4, 0, 0, 0)
  (0, 0, 0, 4, 4, 0, 0, 0)

Path 201 (6 moves):
  (1, 1, 1, 1, 1, 1, 1, 1)
  (0, 2, 1, 1, 1, 1, 1, 1)
  (0, 2, 1, 1, 2, 0, 1, 1)
  (0, 2, 0, 2, 2, 0, 1, 1)
  (0, 2, 0, 2, 2, 0, 2, 0)
  (0, 2, 0, 2, 4, 0, 0, 0)
  (0, 4, 0, 0, 4, 0, 0, 0)

Path 202 (6 moves):
  (1, 1, 1, 1, 1, 1, 1, 1)
  (0, 2, 1, 1, 1, 1, 1, 1)
  (0, 2, 1, 1, 2, 0, 1, 1)
  (0, 2, 2, 0, 2, 0, 1, 1)
  (0, 2, 2, 0, 0, 0, 3, 1)
  (0, 2, 2, 0, 0, 0, 4, 0)
  (0, 2, 6, 0, 0, 0, 0, 0)

Path 203 (6 moves):
  (1, 1, 1, 1, 1, 1, 1, 1)
  (0, 2, 1, 1, 1, 1, 1, 1)
  (0, 2, 1, 1, 2, 0, 1, 1)
  (0, 2, 2, 0, 2, 0, 1, 1)
  (0, 2, 2, 0, 2, 0, 2, 0)
  (0, 2, 0, 0, 4, 0, 2, 0)
  (0, 2, 0, 0, 6, 0, 0, 0)

Path 204 (6 moves):
  (1, 1, 1, 1, 1, 1, 1, 1)
  (0, 2, 1, 1, 1, 1, 1, 1)
  (0, 2, 1, 1, 2, 0, 1, 1)
  (0, 2, 2, 0, 2, 0, 1, 1)
  (0, 2, 2, 0, 2, 0, 2, 0)
  (0, 2, 4, 0, 0, 0, 2, 0)
  (0, 2, 0, 0, 0, 0, 6, 0)

Path 205 (6 moves):
  (1, 1, 1, 1, 1, 1, 1, 1)
  (0, 2, 1, 1, 1, 1, 1, 1)
  (0, 2, 1, 1, 2, 0, 1, 1)
  (0, 2, 2, 0, 2, 0, 1, 1)
  (0, 2, 2, 0, 2, 0, 2, 0)
  (0, 2, 2, 0, 0, 0, 4, 0)
  (0, 2, 6, 0, 0, 0, 0, 0)

Path 206 (6 moves):
  (1, 1, 1, 1, 1, 1, 1, 1)
  (0, 2, 1, 1, 1, 1, 1, 1)
  (0, 2, 1, 1, 2, 0, 1, 1)
  (0, 2, 2, 0, 2, 0, 1, 1)
  (0, 2, 2, 0, 2, 0, 2, 0)
  (0, 2, 2, 0, 4, 0, 0, 0)
  (0, 2, 0, 0, 6, 0, 0, 0)

Path 207 (6 moves):
  (1, 1, 1, 1, 1, 1, 1, 1)
  (0, 2, 1, 1, 1, 1, 1, 1)
  (0, 2, 1, 1, 2, 0, 1, 1)
  (0, 2, 1, 0, 3, 0, 1, 1)
  (0, 3, 0, 0, 3, 0, 1, 1)
  (0, 0, 0, 0, 6, 0, 1, 1)
  (0, 0, 0, 0, 6, 0, 0, 2)

Path 208 (6 moves):
  (1, 1, 1, 1, 1, 1, 1, 1)
  (0, 2, 1, 1, 1, 1, 1, 1)
  (0, 2, 1, 1, 2, 0, 1, 1)
  (0, 2, 1, 0, 3, 0, 1, 1)
  (0, 3, 0, 0, 3, 0, 1, 1)
  (0, 6, 0, 0, 0, 0, 1, 1)
  (0, 6, 0, 0, 0, 0, 2, 0)

Path 209 (6 moves):
  (1, 1, 1, 1, 1, 1, 1, 1)
  (0, 2, 1, 1, 1, 1, 1, 1)
  (0, 2, 1, 1, 2, 0, 1, 1)
  (0, 2, 1, 0, 3, 0, 1, 1)
  (0, 3, 0, 0, 3, 0, 1, 1)
  (0, 3, 0, 0, 0, 0, 1, 4)
  (0, 3, 0, 0, 0, 0, 0, 5)

Path 210 (6 moves):
  (1, 1, 1, 1, 1, 1, 1, 1)
  (0, 2, 1, 1, 1, 1, 1, 1)
  (0, 2, 1, 1, 2, 0, 1, 1)
  (0, 2, 1, 0, 3, 0, 1, 1)
  (0, 3, 0, 0, 3, 0, 1, 1)
  (0, 3, 0, 0, 3, 0, 0, 2)
  (0, 0, 0, 0, 6, 0, 0, 2)

Path 211 (6 moves):
  (1, 1, 1, 1, 1, 1, 1, 1)
  (0, 2, 1, 1, 1, 1, 1, 1)
  (0, 2, 1, 1, 2, 0, 1, 1)
  (0, 2, 1, 0, 3, 0, 1, 1)
  (0, 3, 0, 0, 3, 0, 1, 1)
  (0, 3, 0, 0, 3, 0, 0, 2)
  (0, 3, 0, 0, 0, 0, 0, 5)

Path 212 (6 moves):
  (1, 1, 1, 1, 1, 1, 1, 1)
  (0, 2, 1, 1, 1, 1, 1, 1)
  (0, 2, 1, 1, 2, 0, 1, 1)
  (0, 2, 1, 0, 3, 0, 1, 1)
  (0, 3, 0, 0, 3, 0, 1, 1)
  (0, 3, 0, 0, 3, 0, 2, 0)
  (0, 6, 0, 0, 0, 0, 2, 0)

Path 213 (6 moves):
  (1, 1, 1, 1, 1, 1, 1, 1)
  (0, 2, 1, 1, 1, 1, 1, 1)
  (0, 2, 1, 1, 2, 0, 1, 1)
  (0, 2, 1, 0, 3, 0, 1, 1)
  (0, 2, 1, 0, 0, 0, 1, 4)
  (0, 3, 0, 0, 0, 0, 1, 4)
  (0, 3, 0, 0, 0, 0, 0, 5)

Path 214 (6 moves):
  (1, 1, 1, 1, 1, 1, 1, 1)
  (0, 2, 1, 1, 1, 1, 1, 1)
  (0, 2, 1, 1, 2, 0, 1, 1)
  (0, 2, 1, 0, 3, 0, 1, 1)
  (0, 2, 1, 0, 0, 0, 1, 4)
  (0, 2, 1, 0, 0, 0, 0, 5)
  (0, 3, 0, 0, 0, 0, 0, 5)

Path 215 (6 moves):
  (1, 1, 1, 1, 1, 1, 1, 1)
  (0, 2, 1, 1, 1, 1, 1, 1)
  (0, 2, 1, 1, 2, 0, 1, 1)
  (0, 2, 1, 0, 3, 0, 1, 1)
  (0, 2, 1, 0, 0, 0, 1, 4)
  (0, 2, 1, 0, 0, 0, 0, 5)
  (0, 2, 6, 0, 0, 0, 0, 0)

Path 216 (6 moves):
  (1, 1, 1, 1, 1, 1, 1, 1)
  (0, 2, 1, 1, 1, 1, 1, 1)
  (0, 2, 1, 1, 2, 0, 1, 1)
  (0, 2, 3, 1, 0, 0, 1, 1)
  (0, 2, 3, 1, 0, 0, 2, 0)
  (0, 0, 3, 3, 0, 0, 2, 0)
  (0, 0, 3, 0, 0, 0, 5, 0)

Path 217 (6 moves):
  (1, 1, 1, 1, 1, 1, 1, 1)
  (0, 2, 1, 1, 1, 1, 1, 1)
  (0, 2, 1, 1, 2, 0, 1, 1)
  (0, 2, 3, 1, 0, 0, 1, 1)
  (0, 2, 3, 1, 0, 0, 2, 0)
  (0, 2, 4, 0, 0, 0, 2, 0)
  (0, 2, 0, 0, 0, 0, 6, 0)

Path 218 (6 moves):
  (1, 1, 1, 1, 1, 1, 1, 1)
  (0, 2, 1, 1, 1, 1, 1, 1)
  (0, 2, 1, 1, 2, 0, 1, 1)
  (0, 2, 1, 1, 0, 0, 3, 1)
  (0, 0, 1, 3, 0, 0, 3, 1)
  (0, 0, 0, 4, 0, 0, 3, 1)
  (0, 0, 0, 0, 0, 0, 3, 5)

Path 219 (6 moves):
  (1, 1, 1, 1, 1, 1, 1, 1)
  (0, 2, 1, 1, 1, 1, 1, 1)
  (0, 2, 1, 1, 2, 0, 1, 1)
  (0, 2, 1, 1, 0, 0, 3, 1)
  (0, 0, 1, 3, 0, 0, 3, 1)
  (0, 0, 0, 4, 0, 0, 3, 1)
  (0, 0, 0, 7, 0, 0, 0, 1)

Path 220 (6 moves):
  (1, 1, 1, 1, 1, 1, 1, 1)
  (0, 2, 1, 1, 1, 1, 1, 1)
  (0, 2, 1, 1, 2, 0, 1, 1)
  (0, 2, 1, 1, 0, 0, 3, 1)
  (0, 0, 1, 3, 0, 0, 3, 1)
  (0, 0, 0, 4, 0, 0, 3, 1)
  (0, 0, 0, 4, 0, 0, 4, 0)

Path 221 (6 moves):
  (1, 1, 1, 1, 1, 1, 1, 1)
  (0, 2, 1, 1, 1, 1, 1, 1)
  (0, 2, 1, 1, 2, 0, 1, 1)
  (0, 2, 1, 1, 0, 0, 3, 1)
  (0, 0, 1, 3, 0, 0, 3, 1)
  (0, 0, 1, 0, 0, 0, 6, 1)
  (0, 0, 1, 0, 0, 0, 7, 0)

Path 222 (6 moves):
  (1, 1, 1, 1, 1, 1, 1, 1)
  (0, 2, 1, 1, 1, 1, 1, 1)
  (0, 2, 1, 1, 2, 0, 1, 1)
  (0, 2, 1, 1, 0, 0, 3, 1)
  (0, 0, 1, 3, 0, 0, 3, 1)
  (0, 0, 1, 6, 0, 0, 0, 1)
  (0, 0, 0, 7, 0, 0, 0, 1)

Path 223 (6 moves):
  (1, 1, 1, 1, 1, 1, 1, 1)
  (0, 2, 1, 1, 1, 1, 1, 1)
  (0, 2, 1, 1, 2, 0, 1, 1)
  (0, 2, 1, 1, 0, 0, 3, 1)
  (0, 0, 1, 3, 0, 0, 3, 1)
  (0, 0, 1, 3, 0, 0, 4, 0)
  (0, 0, 0, 4, 0, 0, 4, 0)

Path 224 (6 moves):
  (1, 1, 1, 1, 1, 1, 1, 1)
  (0, 2, 1, 1, 1, 1, 1, 1)
  (0, 2, 1, 1, 2, 0, 1, 1)
  (0, 2, 1, 1, 0, 0, 3, 1)
  (0, 0, 1, 3, 0, 0, 3, 1)
  (0, 0, 1, 3, 0, 0, 4, 0)
  (0, 0, 1, 0, 0, 0, 7, 0)

Path 225 (6 moves):
  (1, 1, 1, 1, 1, 1, 1, 1)
  (0, 2, 1, 1, 1, 1, 1, 1)
  (0, 2, 1, 1, 2, 0, 1, 1)
  (0, 2, 1, 1, 0, 0, 3, 1)
  (0, 0, 1, 3, 0, 0, 3, 1)
  (0, 0, 1, 3, 0, 0, 4, 0)
  (0, 0, 5, 3, 0, 0, 0, 0)

Path 226 (6 moves):
  (1, 1, 1, 1, 1, 1, 1, 1)
  (0, 2, 1, 1, 1, 1, 1, 1)
  (0, 2, 1, 1, 2, 0, 1, 1)
  (0, 2, 1, 1, 0, 0, 3, 1)
  (0, 2, 0, 2, 0, 0, 3, 1)
  (0, 0, 0, 4, 0, 0, 3, 1)
  (0, 0, 0, 0, 0, 0, 3, 5)

Path 227 (6 moves):
  (1, 1, 1, 1, 1, 1, 1, 1)
  (0, 2, 1, 1, 1, 1, 1, 1)
  (0, 2, 1, 1, 2, 0, 1, 1)
  (0, 2, 1, 1, 0, 0, 3, 1)
  (0, 2, 0, 2, 0, 0, 3, 1)
  (0, 0, 0, 4, 0, 0, 3, 1)
  (0, 0, 0, 7, 0, 0, 0, 1)

Path 228 (6 moves):
  (1, 1, 1, 1, 1, 1, 1, 1)
  (0, 2, 1, 1, 1, 1, 1, 1)
  (0, 2, 1, 1, 2, 0, 1, 1)
  (0, 2, 1, 1, 0, 0, 3, 1)
  (0, 2, 0, 2, 0, 0, 3, 1)
  (0, 0, 0, 4, 0, 0, 3, 1)
  (0, 0, 0, 4, 0, 0, 4, 0)

Path 229 (6 moves):
  (1, 1, 1, 1, 1, 1, 1, 1)
  (0, 2, 1, 1, 1, 1, 1, 1)
  (0, 2, 1, 1, 2, 0, 1, 1)
  (0, 2, 1, 1, 0, 0, 3, 1)
  (0, 2, 0, 2, 0, 0, 3, 1)
  (0, 4, 0, 0, 0, 0, 3, 1)
  (0, 4, 0, 0, 0, 0, 4, 0)

Path 230 (6 moves):
  (1, 1, 1, 1, 1, 1, 1, 1)
  (0, 2, 1, 1, 1, 1, 1, 1)
  (0, 2, 1, 1, 2, 0, 1, 1)
  (0, 2, 1, 1, 0, 0, 3, 1)
  (0, 2, 0, 2, 0, 0, 3, 1)
  (0, 2, 0, 5, 0, 0, 0, 1)
  (0, 0, 0, 7, 0, 0, 0, 1)

Path 231 (6 moves):
  (1, 1, 1, 1, 1, 1, 1, 1)
  (0, 2, 1, 1, 1, 1, 1, 1)
  (0, 2, 1, 1, 2, 0, 1, 1)
  (0, 2, 1, 1, 0, 0, 3, 1)
  (0, 2, 0, 2, 0, 0, 3, 1)
  (0, 2, 0, 2, 0, 0, 4, 0)
  (0, 0, 0, 4, 0, 0, 4, 0)

Path 232 (6 moves):
  (1, 1, 1, 1, 1, 1, 1, 1)
  (0, 2, 1, 1, 1, 1, 1, 1)
  (0, 2, 1, 1, 2, 0, 1, 1)
  (0, 2, 1, 1, 0, 0, 3, 1)
  (0, 2, 0, 2, 0, 0, 3, 1)
  (0, 2, 0, 2, 0, 0, 4, 0)
  (0, 4, 0, 0, 0, 0, 4, 0)

Path 233 (6 moves):
  (1, 1, 1, 1, 1, 1, 1, 1)
  (0, 2, 1, 1, 1, 1, 1, 1)
  (0, 2, 1, 1, 2, 0, 1, 1)
  (0, 2, 1, 1, 0, 0, 3, 1)
  (0, 2, 2, 0, 0, 0, 3, 1)
  (0, 2, 2, 0, 0, 0, 4, 0)
  (0, 2, 6, 0, 0, 0, 0, 0)

Path 234 (6 moves):
  (1, 1, 1, 1, 1, 1, 1, 1)
  (0, 2, 1, 1, 1, 1, 1, 1)
  (0, 2, 1, 1, 2, 0, 1, 1)
  (0, 2, 1, 1, 0, 0, 3, 1)
  (0, 2, 1, 4, 0, 0, 0, 1)
  (0, 0, 1, 6, 0, 0, 0, 1)
  (0, 0, 0, 7, 0, 0, 0, 1)

Path 235 (6 moves):
  (1, 1, 1, 1, 1, 1, 1, 1)
  (0, 2, 1, 1, 1, 1, 1, 1)
  (0, 2, 1, 1, 2, 0, 1, 1)
  (0, 2, 1, 1, 0, 0, 3, 1)
  (0, 2, 1, 4, 0, 0, 0, 1)
  (0, 3, 0, 4, 0, 0, 0, 1)
  (0, 3, 0, 0, 0, 0, 0, 5)

Path 236 (6 moves):
  (1, 1, 1, 1, 1, 1, 1, 1)
  (0, 2, 1, 1, 1, 1, 1, 1)
  (0, 2, 1, 1, 2, 0, 1, 1)
  (0, 2, 1, 1, 0, 0, 3, 1)
  (0, 2, 1, 4, 0, 0, 0, 1)
  (0, 2, 0, 5, 0, 0, 0, 1)
  (0, 0, 0, 7, 0, 0, 0, 1)

Path 237 (6 moves):
  (1, 1, 1, 1, 1, 1, 1, 1)
  (0, 2, 1, 1, 1, 1, 1, 1)
  (0, 2, 1, 1, 2, 0, 1, 1)
  (0, 2, 1, 1, 0, 0, 3, 1)
  (0, 2, 1, 4, 0, 0, 0, 1)
  (0, 2, 1, 0, 0, 0, 0, 5)
  (0, 3, 0, 0, 0, 0, 0, 5)

Path 238 (6 moves):
  (1, 1, 1, 1, 1, 1, 1, 1)
  (0, 2, 1, 1, 1, 1, 1, 1)
  (0, 2, 1, 1, 2, 0, 1, 1)
  (0, 2, 1, 1, 0, 0, 3, 1)
  (0, 2, 1, 4, 0, 0, 0, 1)
  (0, 2, 1, 0, 0, 0, 0, 5)
  (0, 2, 6, 0, 0, 0, 0, 0)

Path 239 (6 moves):
  (1, 1, 1, 1, 1, 1, 1, 1)
  (0, 2, 1, 1, 1, 1, 1, 1)
  (0, 2, 1, 1, 2, 0, 1, 1)
  (0, 2, 1, 1, 2, 0, 0, 2)
  (0, 3, 0, 1, 2, 0, 0, 2)
  (0, 0, 0, 1, 5, 0, 0, 2)
  (0, 0, 0, 0, 6, 0, 0, 2)

Path 240 (6 moves):
  (1, 1, 1, 1, 1, 1, 1, 1)
  (0, 2, 1, 1, 1, 1, 1, 1)
  (0, 2, 1, 1, 2, 0, 1, 1)
  (0, 2, 1, 1, 2, 0, 0, 2)
  (0, 3, 0, 1, 2, 0, 0, 2)
  (0, 3, 0, 0, 3, 0, 0, 2)
  (0, 0, 0, 0, 6, 0, 0, 2)

Path 241 (6 moves):
  (1, 1, 1, 1, 1, 1, 1, 1)
  (0, 2, 1, 1, 1, 1, 1, 1)
  (0, 2, 1, 1, 2, 0, 1, 1)
  (0, 2, 1, 1, 2, 0, 0, 2)
  (0, 3, 0, 1, 2, 0, 0, 2)
  (0, 3, 0, 0, 3, 0, 0, 2)
  (0, 3, 0, 0, 0, 0, 0, 5)

Path 242 (6 moves):
  (1, 1, 1, 1, 1, 1, 1, 1)
  (0, 2, 1, 1, 1, 1, 1, 1)
  (0, 2, 1, 1, 2, 0, 1, 1)
  (0, 2, 1, 1, 2, 0, 2, 0)
  (0, 0, 1, 3, 2, 0, 2, 0)
  (0, 0, 0, 4, 2, 0, 2, 0)
  (0, 0, 0, 4, 0, 0, 4, 0)

Path 243 (6 moves):
  (1, 1, 1, 1, 1, 1, 1, 1)
  (0, 2, 1, 1, 1, 1, 1, 1)
  (0, 2, 1, 1, 2, 0, 1, 1)
  (0, 2, 1, 1, 2, 0, 2, 0)
  (0, 0, 1, 3, 2, 0, 2, 0)
  (0, 0, 0, 4, 2, 0, 2, 0)
  (0, 0, 0, 4, 4, 0, 0, 0)

Path 244 (6 moves):
  (1, 1, 1, 1, 1, 1, 1, 1)
  (0, 2, 1, 1, 1, 1, 1, 1)
  (0, 2, 1, 1, 2, 0, 1, 1)
  (0, 2, 1, 1, 2, 0, 2, 0)
  (0, 0, 1, 3, 2, 0, 2, 0)
  (0, 0, 1, 0, 2, 0, 5, 0)
  (0, 0, 3, 0, 0, 0, 5, 0)

Path 245 (6 moves):
  (1, 1, 1, 1, 1, 1, 1, 1)
  (0, 2, 1, 1, 1, 1, 1, 1)
  (0, 2, 1, 1, 2, 0, 1, 1)
  (0, 2, 1, 1, 2, 0, 2, 0)
  (0, 0, 1, 3, 2, 0, 2, 0)
  (0, 0, 1, 0, 2, 0, 5, 0)
  (0, 0, 1, 0, 0, 0, 7, 0)

Path 246 (6 moves):
  (1, 1, 1, 1, 1, 1, 1, 1)
  (0, 2, 1, 1, 1, 1, 1, 1)
  (0, 2, 1, 1, 2, 0, 1, 1)
  (0, 2, 1, 1, 2, 0, 2, 0)
  (0, 0, 1, 3, 2, 0, 2, 0)
  (0, 0, 3, 3, 0, 0, 2, 0)
  (0, 0, 3, 0, 0, 0, 5, 0)

Path 247 (6 moves):
  (1, 1, 1, 1, 1, 1, 1, 1)
  (0, 2, 1, 1, 1, 1, 1, 1)
  (0, 2, 1, 1, 2, 0, 1, 1)
  (0, 2, 1, 1, 2, 0, 2, 0)
  (0, 0, 1, 3, 2, 0, 2, 0)
  (0, 0, 1, 3, 0, 0, 4, 0)
  (0, 0, 0, 4, 0, 0, 4, 0)

Path 248 (6 moves):
  (1, 1, 1, 1, 1, 1, 1, 1)
  (0, 2, 1, 1, 1, 1, 1, 1)
  (0, 2, 1, 1, 2, 0, 1, 1)
  (0, 2, 1, 1, 2, 0, 2, 0)
  (0, 0, 1, 3, 2, 0, 2, 0)
  (0, 0, 1, 3, 0, 0, 4, 0)
  (0, 0, 1, 0, 0, 0, 7, 0)

Path 249 (6 moves):
  (1, 1, 1, 1, 1, 1, 1, 1)
  (0, 2, 1, 1, 1, 1, 1, 1)
  (0, 2, 1, 1, 2, 0, 1, 1)
  (0, 2, 1, 1, 2, 0, 2, 0)
  (0, 0, 1, 3, 2, 0, 2, 0)
  (0, 0, 1, 3, 0, 0, 4, 0)
  (0, 0, 5, 3, 0, 0, 0, 0)

Path 250 (6 moves):
  (1, 1, 1, 1, 1, 1, 1, 1)
  (0, 2, 1, 1, 1, 1, 1, 1)
  (0, 2, 1, 1, 2, 0, 1, 1)
  (0, 2, 1, 1, 2, 0, 2, 0)
  (0, 0, 1, 3, 2, 0, 2, 0)
  (0, 0, 1, 3, 4, 0, 0, 0)
  (0, 0, 0, 4, 4, 0, 0, 0)

Path 251 (6 moves):
  (1, 1, 1, 1, 1, 1, 1, 1)
  (0, 2, 1, 1, 1, 1, 1, 1)
  (0, 2, 1, 1, 2, 0, 1, 1)
  (0, 2, 1, 1, 2, 0, 2, 0)
  (0, 2, 0, 2, 2, 0, 2, 0)
  (0, 0, 0, 4, 2, 0, 2, 0)
  (0, 0, 0, 4, 0, 0, 4, 0)

Path 252 (6 moves):
  (1, 1, 1, 1, 1, 1, 1, 1)
  (0, 2, 1, 1, 1, 1, 1, 1)
  (0, 2, 1, 1, 2, 0, 1, 1)
  (0, 2, 1, 1, 2, 0, 2, 0)
  (0, 2, 0, 2, 2, 0, 2, 0)
  (0, 0, 0, 4, 2, 0, 2, 0)
  (0, 0, 0, 4, 4, 0, 0, 0)

Path 253 (6 moves):
  (1, 1, 1, 1, 1, 1, 1, 1)
  (0, 2, 1, 1, 1, 1, 1, 1)
  (0, 2, 1, 1, 2, 0, 1, 1)
  (0, 2, 1, 1, 2, 0, 2, 0)
  (0, 2, 0, 2, 2, 0, 2, 0)
  (0, 4, 0, 0, 2, 0, 2, 0)
  (0, 4, 0, 0, 0, 0, 4, 0)

Path 254 (6 moves):
  (1, 1, 1, 1, 1, 1, 1, 1)
  (0, 2, 1, 1, 1, 1, 1, 1)
  (0, 2, 1, 1, 2, 0, 1, 1)
  (0, 2, 1, 1, 2, 0, 2, 0)
  (0, 2, 0, 2, 2, 0, 2, 0)
  (0, 4, 0, 0, 2, 0, 2, 0)
  (0, 4, 0, 0, 4, 0, 0, 0)

Path 255 (6 moves):
  (1, 1, 1, 1, 1, 1, 1, 1)
  (0, 2, 1, 1, 1, 1, 1, 1)
  (0, 2, 1, 1, 2, 0, 1, 1)
  (0, 2, 1, 1, 2, 0, 2, 0)
  (0, 2, 0, 2, 2, 0, 2, 0)
  (0, 2, 0, 2, 0, 0, 4, 0)
  (0, 0, 0, 4, 0, 0, 4, 0)

Path 256 (6 moves):
  (1, 1, 1, 1, 1, 1, 1, 1)
  (0, 2, 1, 1, 1, 1, 1, 1)
  (0, 2, 1, 1, 2, 0, 1, 1)
  (0, 2, 1, 1, 2, 0, 2, 0)
  (0, 2, 0, 2, 2, 0, 2, 0)
  (0, 2, 0, 2, 0, 0, 4, 0)
  (0, 4, 0, 0, 0, 0, 4, 0)

Path 257 (6 moves):
  (1, 1, 1, 1, 1, 1, 1, 1)
  (0, 2, 1, 1, 1, 1, 1, 1)
  (0, 2, 1, 1, 2, 0, 1, 1)
  (0, 2, 1, 1, 2, 0, 2, 0)
  (0, 2, 0, 2, 2, 0, 2, 0)
  (0, 2, 0, 2, 4, 0, 0, 0)
  (0, 0, 0, 4, 4, 0, 0, 0)

Path 258 (6 moves):
  (1, 1, 1, 1, 1, 1, 1, 1)
  (0, 2, 1, 1, 1, 1, 1, 1)
  (0, 2, 1, 1, 2, 0, 1, 1)
  (0, 2, 1, 1, 2, 0, 2, 0)
  (0, 2, 0, 2, 2, 0, 2, 0)
  (0, 2, 0, 2, 4, 0, 0, 0)
  (0, 4, 0, 0, 4, 0, 0, 0)

Path 259 (6 moves):
  (1, 1, 1, 1, 1, 1, 1, 1)
  (0, 2, 1, 1, 1, 1, 1, 1)
  (0, 2, 1, 1, 2, 0, 1, 1)
  (0, 2, 1, 1, 2, 0, 2, 0)
  (0, 2, 2, 0, 2, 0, 2, 0)
  (0, 2, 0, 0, 4, 0, 2, 0)
  (0, 2, 0, 0, 6, 0, 0, 0)

Path 260 (6 moves):
  (1, 1, 1, 1, 1, 1, 1, 1)
  (0, 2, 1, 1, 1, 1, 1, 1)
  (0, 2, 1, 1, 2, 0, 1, 1)
  (0, 2, 1, 1, 2, 0, 2, 0)
  (0, 2, 2, 0, 2, 0, 2, 0)
  (0, 2, 4, 0, 0, 0, 2, 0)
  (0, 2, 0, 0, 0, 0, 6, 0)

Path 261 (6 moves):
  (1, 1, 1, 1, 1, 1, 1, 1)
  (0, 2, 1, 1, 1, 1, 1, 1)
  (0, 2, 1, 1, 2, 0, 1, 1)
  (0, 2, 1, 1, 2, 0, 2, 0)
  (0, 2, 2, 0, 2, 0, 2, 0)
  (0, 2, 2, 0, 0, 0, 4, 0)
  (0, 2, 6, 0, 0, 0, 0, 0)

Path 262 (6 moves):
  (1, 1, 1, 1, 1, 1, 1, 1)
  (0, 2, 1, 1, 1, 1, 1, 1)
  (0, 2, 1, 1, 2, 0, 1, 1)
  (0, 2, 1, 1, 2, 0, 2, 0)
  (0, 2, 2, 0, 2, 0, 2, 0)
  (0, 2, 2, 0, 4, 0, 0, 0)
  (0, 2, 0, 0, 6, 0, 0, 0)

Path 263 (6 moves):
  (1, 1, 1, 1, 1, 1, 1, 1)
  (0, 2, 1, 1, 1, 1, 1, 1)
  (0, 2, 1, 1, 2, 0, 1, 1)
  (0, 2, 1, 1, 2, 0, 2, 0)
  (0, 2, 3, 1, 0, 0, 2, 0)
  (0, 0, 3, 3, 0, 0, 2, 0)
  (0, 0, 3, 0, 0, 0, 5, 0)

Path 264 (6 moves):
  (1, 1, 1, 1, 1, 1, 1, 1)
  (0, 2, 1, 1, 1, 1, 1, 1)
  (0, 2, 1, 1, 2, 0, 1, 1)
  (0, 2, 1, 1, 2, 0, 2, 0)
  (0, 2, 3, 1, 0, 0, 2, 0)
  (0, 2, 4, 0, 0, 0, 2, 0)
  (0, 2, 0, 0, 0, 0, 6, 0)

Path 265 (6 moves):
  (1, 1, 1, 1, 1, 1, 1, 1)
  (2, 0, 1, 1, 1, 1, 1, 1)
  (2, 0, 2, 0, 1, 1, 1, 1)
  (0, 0, 4, 0, 1, 1, 1, 1)
  (0, 0, 4, 0, 0, 2, 1, 1)
  (0, 0, 0, 0, 0, 2, 5, 1)
  (0, 0, 0, 0, 0, 0, 5, 3)

Path 266 (6 moves):
  (1, 1, 1, 1, 1, 1, 1, 1)
  (2, 0, 1, 1, 1, 1, 1, 1)
  (2, 0, 2, 0, 1, 1, 1, 1)
  (0, 0, 4, 0, 1, 1, 1, 1)
  (0, 0, 4, 0, 0, 2, 1, 1)
  (0, 0, 0, 0, 0, 2, 5, 1)
  (0, 0, 0, 0, 0, 2, 6, 0)

Path 267 (6 moves):
  (1, 1, 1, 1, 1, 1, 1, 1)
  (2, 0, 1, 1, 1, 1, 1, 1)
  (2, 0, 2, 0, 1, 1, 1, 1)
  (0, 0, 4, 0, 1, 1, 1, 1)
  (0, 0, 4, 0, 0, 2, 1, 1)
  (0, 0, 4, 0, 0, 0, 1, 3)
  (0, 0, 0, 0, 0, 0, 5, 3)

Path 268 (6 moves):
  (1, 1, 1, 1, 1, 1, 1, 1)
  (2, 0, 1, 1, 1, 1, 1, 1)
  (2, 0, 2, 0, 1, 1, 1, 1)
  (0, 0, 4, 0, 1, 1, 1, 1)
  (0, 0, 4, 0, 0, 2, 1, 1)
  (0, 0, 4, 0, 0, 0, 1, 3)
  (0, 0, 4, 0, 0, 0, 0, 4)

Path 269 (6 moves):
  (1, 1, 1, 1, 1, 1, 1, 1)
  (2, 0, 1, 1, 1, 1, 1, 1)
  (2, 0, 2, 0, 1, 1, 1, 1)
  (0, 0, 4, 0, 1, 1, 1, 1)
  (0, 0, 4, 0, 0, 2, 1, 1)
  (0, 0, 4, 0, 0, 3, 0, 1)
  (0, 0, 7, 0, 0, 0, 0, 1)

Path 270 (6 moves):
  (1, 1, 1, 1, 1, 1, 1, 1)
  (2, 0, 1, 1, 1, 1, 1, 1)
  (2, 0, 2, 0, 1, 1, 1, 1)
  (0, 0, 4, 0, 1, 1, 1, 1)
  (0, 0, 4, 0, 0, 2, 1, 1)
  (0, 0, 4, 0, 0, 2, 0, 2)
  (0, 0, 4, 0, 0, 0, 0, 4)

Path 271 (6 moves):
  (1, 1, 1, 1, 1, 1, 1, 1)
  (2, 0, 1, 1, 1, 1, 1, 1)
  (2, 0, 2, 0, 1, 1, 1, 1)
  (0, 0, 4, 0, 1, 1, 1, 1)
  (0, 0, 4, 0, 0, 2, 1, 1)
  (0, 0, 4, 0, 0, 2, 0, 2)
  (0, 0, 4, 0, 0, 4, 0, 0)

Path 272 (6 moves):
  (1, 1, 1, 1, 1, 1, 1, 1)
  (2, 0, 1, 1, 1, 1, 1, 1)
  (2, 0, 2, 0, 1, 1, 1, 1)
  (0, 0, 4, 0, 1, 1, 1, 1)
  (0, 0, 4, 0, 0, 2, 1, 1)
  (0, 0, 4, 0, 0, 2, 2, 0)
  (0, 0, 0, 0, 0, 2, 6, 0)

Path 273 (6 moves):
  (1, 1, 1, 1, 1, 1, 1, 1)
  (2, 0, 1, 1, 1, 1, 1, 1)
  (2, 0, 2, 0, 1, 1, 1, 1)
  (0, 0, 4, 0, 1, 1, 1, 1)
  (0, 0, 4, 0, 1, 0, 2, 1)
  (0, 0, 0, 0, 1, 0, 6, 1)
  (0, 0, 0, 0, 1, 0, 7, 0)

Path 274 (6 moves):
  (1, 1, 1, 1, 1, 1, 1, 1)
  (2, 0, 1, 1, 1, 1, 1, 1)
  (2, 0, 2, 0, 1, 1, 1, 1)
  (0, 0, 4, 0, 1, 1, 1, 1)
  (0, 0, 4, 0, 1, 0, 2, 1)
  (0, 0, 4, 0, 3, 0, 0, 1)
  (0, 0, 4, 0, 0, 0, 0, 4)

Path 275 (6 moves):
  (1, 1, 1, 1, 1, 1, 1, 1)
  (2, 0, 1, 1, 1, 1, 1, 1)
  (2, 0, 2, 0, 1, 1, 1, 1)
  (0, 0, 4, 0, 1, 1, 1, 1)
  (0, 0, 4, 0, 1, 0, 2, 1)
  (0, 0, 4, 0, 1, 0, 3, 0)
  (0, 0, 0, 0, 1, 0, 7, 0)

Path 276 (6 moves):
  (1, 1, 1, 1, 1, 1, 1, 1)
  (2, 0, 1, 1, 1, 1, 1, 1)
  (2, 0, 2, 0, 1, 1, 1, 1)
  (0, 0, 4, 0, 1, 1, 1, 1)
  (0, 0, 4, 0, 1, 2, 0, 1)
  (0, 0, 4, 0, 0, 3, 0, 1)
  (0, 0, 7, 0, 0, 0, 0, 1)

Path 277 (6 moves):
  (1, 1, 1, 1, 1, 1, 1, 1)
  (2, 0, 1, 1, 1, 1, 1, 1)
  (2, 0, 2, 0, 1, 1, 1, 1)
  (0, 0, 4, 0, 1, 1, 1, 1)
  (0, 0, 4, 0, 1, 2, 0, 1)
  (0, 0, 4, 0, 1, 0, 0, 3)
  (0, 0, 4, 0, 4, 0, 0, 0)

Path 278 (6 moves):
  (1, 1, 1, 1, 1, 1, 1, 1)
  (2, 0, 1, 1, 1, 1, 1, 1)
  (2, 0, 2, 0, 1, 1, 1, 1)
  (0, 0, 4, 0, 1, 1, 1, 1)
  (0, 0, 4, 0, 1, 1, 0, 2)
  (0, 0, 4, 0, 0, 2, 0, 2)
  (0, 0, 4, 0, 0, 0, 0, 4)

Path 279 (6 moves):
  (1, 1, 1, 1, 1, 1, 1, 1)
  (2, 0, 1, 1, 1, 1, 1, 1)
  (2, 0, 2, 0, 1, 1, 1, 1)
  (0, 0, 4, 0, 1, 1, 1, 1)
  (0, 0, 4, 0, 1, 1, 0, 2)
  (0, 0, 4, 0, 0, 2, 0, 2)
  (0, 0, 4, 0, 0, 4, 0, 0)

Path 280 (6 moves):
  (1, 1, 1, 1, 1, 1, 1, 1)
  (2, 0, 1, 1, 1, 1, 1, 1)
  (2, 0, 2, 0, 1, 1, 1, 1)
  (0, 0, 4, 0, 1, 1, 1, 1)
  (0, 0, 4, 0, 1, 1, 0, 2)
  (0, 0, 4, 0, 2, 0, 0, 2)
  (0, 0, 6, 0, 0, 0, 0, 2)

Path 281 (6 moves):
  (1, 1, 1, 1, 1, 1, 1, 1)
  (2, 0, 1, 1, 1, 1, 1, 1)
  (2, 0, 2, 0, 1, 1, 1, 1)
  (0, 0, 4, 0, 1, 1, 1, 1)
  (0, 0, 4, 0, 1, 1, 0, 2)
  (0, 0, 4, 0, 1, 3, 0, 0)
  (0, 0, 4, 0, 0, 4, 0, 0)

Path 282 (6 moves):
  (1, 1, 1, 1, 1, 1, 1, 1)
  (2, 0, 1, 1, 1, 1, 1, 1)
  (2, 0, 2, 0, 1, 1, 1, 1)
  (0, 0, 4, 0, 1, 1, 1, 1)
  (0, 0, 4, 0, 1, 1, 0, 2)
  (0, 0, 4, 0, 1, 3, 0, 0)
  (0, 0, 7, 0, 1, 0, 0, 0)

Path 283 (6 moves):
  (1, 1, 1, 1, 1, 1, 1, 1)
  (2, 0, 1, 1, 1, 1, 1, 1)
  (2, 0, 2, 0, 1, 1, 1, 1)
  (0, 0, 4, 0, 1, 1, 1, 1)
  (0, 0, 4, 0, 1, 1, 2, 0)
  (0, 0, 0, 0, 1, 1, 6, 0)
  (0, 0, 0, 0, 0, 2, 6, 0)

Path 284 (6 moves):
  (1, 1, 1, 1, 1, 1, 1, 1)
  (2, 0, 1, 1, 1, 1, 1, 1)
  (2, 0, 2, 0, 1, 1, 1, 1)
  (0, 0, 4, 0, 1, 1, 1, 1)
  (0, 0, 4, 0, 1, 1, 2, 0)
  (0, 0, 0, 0, 1, 1, 6, 0)
  (0, 0, 0, 0, 1, 0, 7, 0)

Path 285 (6 moves):
  (1, 1, 1, 1, 1, 1, 1, 1)
  (2, 0, 1, 1, 1, 1, 1, 1)
  (2, 0, 2, 0, 1, 1, 1, 1)
  (0, 0, 4, 0, 1, 1, 1, 1)
  (0, 0, 4, 0, 1, 1, 2, 0)
  (0, 0, 4, 0, 0, 2, 2, 0)
  (0, 0, 0, 0, 0, 2, 6, 0)

Path 286 (6 moves):
  (1, 1, 1, 1, 1, 1, 1, 1)
  (2, 0, 1, 1, 1, 1, 1, 1)
  (2, 0, 2, 0, 1, 1, 1, 1)
  (0, 0, 4, 0, 1, 1, 1, 1)
  (0, 0, 4, 0, 1, 1, 2, 0)
  (0, 0, 4, 0, 2, 0, 2, 0)
  (0, 0, 6, 0, 0, 0, 2, 0)

Path 287 (6 moves):
  (1, 1, 1, 1, 1, 1, 1, 1)
  (2, 0, 1, 1, 1, 1, 1, 1)
  (2, 0, 2, 0, 1, 1, 1, 1)
  (0, 0, 4, 0, 1, 1, 1, 1)
  (0, 0, 4, 0, 1, 1, 2, 0)
  (0, 0, 4, 0, 2, 0, 2, 0)
  (0, 0, 4, 0, 4, 0, 0, 0)

Path 288 (6 moves):
  (1, 1, 1, 1, 1, 1, 1, 1)
  (2, 0, 1, 1, 1, 1, 1, 1)
  (2, 0, 2, 0, 1, 1, 1, 1)
  (0, 0, 4, 0, 1, 1, 1, 1)
  (0, 0, 4, 0, 1, 1, 2, 0)
  (0, 0, 4, 0, 1, 0, 3, 0)
  (0, 0, 0, 0, 1, 0, 7, 0)

Path 289 (6 moves):
  (1, 1, 1, 1, 1, 1, 1, 1)
  (2, 0, 1, 1, 1, 1, 1, 1)
  (2, 0, 2, 0, 1, 1, 1, 1)
  (0, 0, 4, 0, 1, 1, 1, 1)
  (0, 0, 4, 0, 1, 1, 2, 0)
  (0, 0, 4, 0, 3, 1, 0, 0)
  (0, 0, 4, 0, 4, 0, 0, 0)

Path 290 (6 moves):
  (1, 1, 1, 1, 1, 1, 1, 1)
  (2, 0, 1, 1, 1, 1, 1, 1)
  (2, 0, 2, 0, 1, 1, 1, 1)
  (4, 0, 0, 0, 1, 1, 1, 1)
  (4, 0, 0, 0, 2, 0, 1, 1)
  (0, 0, 0, 0, 6, 0, 1, 1)
  (0, 0, 0, 0, 6, 0, 0, 2)

Path 291 (6 moves):
  (1, 1, 1, 1, 1, 1, 1, 1)
  (2, 0, 1, 1, 1, 1, 1, 1)
  (2, 0, 2, 0, 1, 1, 1, 1)
  (4, 0, 0, 0, 1, 1, 1, 1)
  (4, 0, 0, 0, 2, 0, 1, 1)
  (4, 0, 0, 0, 0, 0, 3, 1)
  (4, 0, 0, 0, 0, 0, 4, 0)

Path 292 (6 moves):
  (1, 1, 1, 1, 1, 1, 1, 1)
  (2, 0, 1, 1, 1, 1, 1, 1)
  (2, 0, 2, 0, 1, 1, 1, 1)
  (4, 0, 0, 0, 1, 1, 1, 1)
  (4, 0, 0, 0, 2, 0, 1, 1)
  (4, 0, 0, 0, 2, 0, 0, 2)
  (0, 0, 0, 0, 6, 0, 0, 2)

Path 293 (6 moves):
  (1, 1, 1, 1, 1, 1, 1, 1)
  (2, 0, 1, 1, 1, 1, 1, 1)
  (2, 0, 2, 0, 1, 1, 1, 1)
  (4, 0, 0, 0, 1, 1, 1, 1)
  (4, 0, 0, 0, 2, 0, 1, 1)
  (4, 0, 0, 0, 2, 0, 2, 0)
  (4, 0, 0, 0, 0, 0, 4, 0)

Path 294 (6 moves):
  (1, 1, 1, 1, 1, 1, 1, 1)
  (2, 0, 1, 1, 1, 1, 1, 1)
  (2, 0, 2, 0, 1, 1, 1, 1)
  (4, 0, 0, 0, 1, 1, 1, 1)
  (4, 0, 0, 0, 1, 0, 2, 1)
  (0, 0, 0, 0, 5, 0, 2, 1)
  (0, 0, 0, 0, 7, 0, 0, 1)

Path 295 (6 moves):
  (1, 1, 1, 1, 1, 1, 1, 1)
  (2, 0, 1, 1, 1, 1, 1, 1)
  (2, 0, 2, 0, 1, 1, 1, 1)
  (4, 0, 0, 0, 1, 1, 1, 1)
  (4, 0, 0, 0, 1, 0, 2, 1)
  (0, 0, 0, 0, 5, 0, 2, 1)
  (0, 0, 0, 0, 5, 0, 3, 0)

Path 296 (6 moves):
  (1, 1, 1, 1, 1, 1, 1, 1)
  (2, 0, 1, 1, 1, 1, 1, 1)
  (2, 0, 2, 0, 1, 1, 1, 1)
  (4, 0, 0, 0, 1, 1, 1, 1)
  (4, 0, 0, 0, 1, 0, 2, 1)
  (4, 0, 0, 0, 3, 0, 0, 1)
  (0, 0, 0, 0, 7, 0, 0, 1)

Path 297 (6 moves):
  (1, 1, 1, 1, 1, 1, 1, 1)
  (2, 0, 1, 1, 1, 1, 1, 1)
  (2, 0, 2, 0, 1, 1, 1, 1)
  (4, 0, 0, 0, 1, 1, 1, 1)
  (4, 0, 0, 0, 1, 0, 2, 1)
  (4, 0, 0, 0, 3, 0, 0, 1)
  (4, 0, 0, 0, 0, 0, 0, 4)

Path 298 (6 moves):
  (1, 1, 1, 1, 1, 1, 1, 1)
  (2, 0, 1, 1, 1, 1, 1, 1)
  (2, 0, 2, 0, 1, 1, 1, 1)
  (4, 0, 0, 0, 1, 1, 1, 1)
  (4, 0, 0, 0, 1, 0, 2, 1)
  (4, 0, 0, 0, 1, 0, 3, 0)
  (0, 0, 0, 0, 5, 0, 3, 0)

Path 299 (6 moves):
  (1, 1, 1, 1, 1, 1, 1, 1)
  (2, 0, 1, 1, 1, 1, 1, 1)
  (2, 0, 2, 0, 1, 1, 1, 1)
  (4, 0, 0, 0, 1, 1, 1, 1)
  (4, 0, 0, 0, 1, 1, 0, 2)
  (0, 0, 0, 0, 5, 1, 0, 2)
  (0, 0, 0, 0, 6, 0, 0, 2)

Path 300 (6 moves):
  (1, 1, 1, 1, 1, 1, 1, 1)
  (2, 0, 1, 1, 1, 1, 1, 1)
  (2, 0, 2, 0, 1, 1, 1, 1)
  (4, 0, 0, 0, 1, 1, 1, 1)
  (4, 0, 0, 0, 1, 1, 0, 2)
  (0, 0, 0, 0, 5, 1, 0, 2)
  (0, 0, 0, 0, 5, 3, 0, 0)

Path 301 (6 moves):
  (1, 1, 1, 1, 1, 1, 1, 1)
  (2, 0, 1, 1, 1, 1, 1, 1)
  (2, 0, 2, 0, 1, 1, 1, 1)
  (4, 0, 0, 0, 1, 1, 1, 1)
  (4, 0, 0, 0, 1, 1, 0, 2)
  (4, 0, 0, 0, 0, 2, 0, 2)
  (4, 0, 0, 0, 0, 0, 0, 4)

Path 302 (6 moves):
  (1, 1, 1, 1, 1, 1, 1, 1)
  (2, 0, 1, 1, 1, 1, 1, 1)
  (2, 0, 2, 0, 1, 1, 1, 1)
  (4, 0, 0, 0, 1, 1, 1, 1)
  (4, 0, 0, 0, 1, 1, 0, 2)
  (4, 0, 0, 0, 0, 2, 0, 2)
  (4, 0, 0, 0, 0, 4, 0, 0)

Path 303 (6 moves):
  (1, 1, 1, 1, 1, 1, 1, 1)
  (2, 0, 1, 1, 1, 1, 1, 1)
  (2, 0, 2, 0, 1, 1, 1, 1)
  (4, 0, 0, 0, 1, 1, 1, 1)
  (4, 0, 0, 0, 1, 1, 0, 2)
  (4, 0, 0, 0, 2, 0, 0, 2)
  (0, 0, 0, 0, 6, 0, 0, 2)

Path 304 (6 moves):
  (1, 1, 1, 1, 1, 1, 1, 1)
  (2, 0, 1, 1, 1, 1, 1, 1)
  (2, 0, 2, 0, 1, 1, 1, 1)
  (4, 0, 0, 0, 1, 1, 1, 1)
  (4, 0, 0, 0, 1, 1, 0, 2)
  (4, 0, 0, 0, 1, 3, 0, 0)
  (0, 0, 0, 0, 5, 3, 0, 0)

Path 305 (6 moves):
  (1, 1, 1, 1, 1, 1, 1, 1)
  (2, 0, 1, 1, 1, 1, 1, 1)
  (2, 0, 2, 0, 1, 1, 1, 1)
  (4, 0, 0, 0, 1, 1, 1, 1)
  (4, 0, 0, 0, 1, 1, 0, 2)
  (4, 0, 0, 0, 1, 3, 0, 0)
  (4, 0, 0, 0, 0, 4, 0, 0)

Path 306 (6 moves):
  (1, 1, 1, 1, 1, 1, 1, 1)
  (2, 0, 1, 1, 1, 1, 1, 1)
  (2, 0, 2, 0, 1, 1, 1, 1)
  (2, 0, 0, 0, 3, 1, 1, 1)
  (2, 0, 0, 0, 4, 0, 1, 1)
  (6, 0, 0, 0, 0, 0, 1, 1)
  (6, 0, 0, 0, 0, 0, 0, 2)

Path 307 (6 moves):
  (1, 1, 1, 1, 1, 1, 1, 1)
  (2, 0, 1, 1, 1, 1, 1, 1)
  (2, 0, 2, 0, 1, 1, 1, 1)
  (2, 0, 0, 0, 3, 1, 1, 1)
  (2, 0, 0, 0, 4, 0, 1, 1)
  (2, 0, 0, 0, 4, 0, 0, 2)
  (6, 0, 0, 0, 0, 0, 0, 2)

Path 308 (6 moves):
  (1, 1, 1, 1, 1, 1, 1, 1)
  (2, 0, 1, 1, 1, 1, 1, 1)
  (2, 0, 2, 0, 1, 1, 1, 1)
  (2, 0, 0, 0, 3, 1, 1, 1)
  (2, 0, 0, 0, 4, 0, 1, 1)
  (2, 0, 0, 0, 4, 0, 2, 0)
  (2, 0, 0, 0, 6, 0, 0, 0)

Path 309 (6 moves):
  (1, 1, 1, 1, 1, 1, 1, 1)
  (2, 0, 1, 1, 1, 1, 1, 1)
  (2, 0, 2, 0, 1, 1, 1, 1)
  (2, 0, 0, 0, 3, 1, 1, 1)
  (2, 0, 0, 0, 3, 2, 0, 1)
  (2, 0, 0, 0, 0, 2, 0, 4)
  (2, 0, 0, 0, 0, 0, 0, 6)

Path 310 (6 moves):
  (1, 1, 1, 1, 1, 1, 1, 1)
  (2, 0, 1, 1, 1, 1, 1, 1)
  (2, 0, 2, 0, 1, 1, 1, 1)
  (2, 0, 0, 0, 3, 1, 1, 1)
  (2, 0, 0, 0, 3, 2, 0, 1)
  (2, 0, 0, 0, 3, 0, 0, 3)
  (2, 0, 0, 0, 0, 0, 0, 6)

Path 311 (6 moves):
  (1, 1, 1, 1, 1, 1, 1, 1)
  (2, 0, 1, 1, 1, 1, 1, 1)
  (2, 0, 2, 0, 1, 1, 1, 1)
  (2, 0, 0, 0, 3, 1, 1, 1)
  (2, 0, 0, 0, 3, 2, 0, 1)
  (2, 0, 0, 0, 3, 0, 0, 3)
  (2, 0, 0, 0, 6, 0, 0, 0)

Path 312 (6 moves):
  (1, 1, 1, 1, 1, 1, 1, 1)
  (2, 0, 1, 1, 1, 1, 1, 1)
  (2, 0, 2, 0, 1, 1, 1, 1)
  (2, 0, 2, 0, 0, 2, 1, 1)
  (0, 0, 4, 0, 0, 2, 1, 1)
  (0, 0, 0, 0, 0, 2, 5, 1)
  (0, 0, 0, 0, 0, 0, 5, 3)

Path 313 (6 moves):
  (1, 1, 1, 1, 1, 1, 1, 1)
  (2, 0, 1, 1, 1, 1, 1, 1)
  (2, 0, 2, 0, 1, 1, 1, 1)
  (2, 0, 2, 0, 0, 2, 1, 1)
  (0, 0, 4, 0, 0, 2, 1, 1)
  (0, 0, 0, 0, 0, 2, 5, 1)
  (0, 0, 0, 0, 0, 2, 6, 0)

Path 314 (6 moves):
  (1, 1, 1, 1, 1, 1, 1, 1)
  (2, 0, 1, 1, 1, 1, 1, 1)
  (2, 0, 2, 0, 1, 1, 1, 1)
  (2, 0, 2, 0, 0, 2, 1, 1)
  (0, 0, 4, 0, 0, 2, 1, 1)
  (0, 0, 4, 0, 0, 0, 1, 3)
  (0, 0, 0, 0, 0, 0, 5, 3)

Path 315 (6 moves):
  (1, 1, 1, 1, 1, 1, 1, 1)
  (2, 0, 1, 1, 1, 1, 1, 1)
  (2, 0, 2, 0, 1, 1, 1, 1)
  (2, 0, 2, 0, 0, 2, 1, 1)
  (0, 0, 4, 0, 0, 2, 1, 1)
  (0, 0, 4, 0, 0, 0, 1, 3)
  (0, 0, 4, 0, 0, 0, 0, 4)

Path 316 (6 moves):
  (1, 1, 1, 1, 1, 1, 1, 1)
  (2, 0, 1, 1, 1, 1, 1, 1)
  (2, 0, 2, 0, 1, 1, 1, 1)
  (2, 0, 2, 0, 0, 2, 1, 1)
  (0, 0, 4, 0, 0, 2, 1, 1)
  (0, 0, 4, 0, 0, 3, 0, 1)
  (0, 0, 7, 0, 0, 0, 0, 1)

Path 317 (6 moves):
  (1, 1, 1, 1, 1, 1, 1, 1)
  (2, 0, 1, 1, 1, 1, 1, 1)
  (2, 0, 2, 0, 1, 1, 1, 1)
  (2, 0, 2, 0, 0, 2, 1, 1)
  (0, 0, 4, 0, 0, 2, 1, 1)
  (0, 0, 4, 0, 0, 2, 0, 2)
  (0, 0, 4, 0, 0, 0, 0, 4)

Path 318 (6 moves):
  (1, 1, 1, 1, 1, 1, 1, 1)
  (2, 0, 1, 1, 1, 1, 1, 1)
  (2, 0, 2, 0, 1, 1, 1, 1)
  (2, 0, 2, 0, 0, 2, 1, 1)
  (0, 0, 4, 0, 0, 2, 1, 1)
  (0, 0, 4, 0, 0, 2, 0, 2)
  (0, 0, 4, 0, 0, 4, 0, 0)

Path 319 (6 moves):
  (1, 1, 1, 1, 1, 1, 1, 1)
  (2, 0, 1, 1, 1, 1, 1, 1)
  (2, 0, 2, 0, 1, 1, 1, 1)
  (2, 0, 2, 0, 0, 2, 1, 1)
  (0, 0, 4, 0, 0, 2, 1, 1)
  (0, 0, 4, 0, 0, 2, 2, 0)
  (0, 0, 0, 0, 0, 2, 6, 0)

Path 320 (6 moves):
  (1, 1, 1, 1, 1, 1, 1, 1)
  (2, 0, 1, 1, 1, 1, 1, 1)
  (2, 0, 2, 0, 1, 1, 1, 1)
  (2, 0, 2, 0, 0, 2, 1, 1)
  (2, 0, 2, 0, 0, 0, 1, 3)
  (0, 0, 4, 0, 0, 0, 1, 3)
  (0, 0, 0, 0, 0, 0, 5, 3)

Path 321 (6 moves):
  (1, 1, 1, 1, 1, 1, 1, 1)
  (2, 0, 1, 1, 1, 1, 1, 1)
  (2, 0, 2, 0, 1, 1, 1, 1)
  (2, 0, 2, 0, 0, 2, 1, 1)
  (2, 0, 2, 0, 0, 0, 1, 3)
  (0, 0, 4, 0, 0, 0, 1, 3)
  (0, 0, 4, 0, 0, 0, 0, 4)

Path 322 (6 moves):
  (1, 1, 1, 1, 1, 1, 1, 1)
  (2, 0, 1, 1, 1, 1, 1, 1)
  (2, 0, 2, 0, 1, 1, 1, 1)
  (2, 0, 2, 0, 0, 2, 1, 1)
  (2, 0, 2, 0, 0, 0, 1, 3)
  (4, 0, 0, 0, 0, 0, 1, 3)
  (4, 0, 0, 0, 0, 0, 0, 4)

Path 323 (6 moves):
  (1, 1, 1, 1, 1, 1, 1, 1)
  (2, 0, 1, 1, 1, 1, 1, 1)
  (2, 0, 2, 0, 1, 1, 1, 1)
  (2, 0, 2, 0, 0, 2, 1, 1)
  (2, 0, 2, 0, 0, 0, 1, 3)
  (2, 0, 2, 0, 0, 0, 0, 4)
  (0, 0, 4, 0, 0, 0, 0, 4)

Path 324 (6 moves):
  (1, 1, 1, 1, 1, 1, 1, 1)
  (2, 0, 1, 1, 1, 1, 1, 1)
  (2, 0, 2, 0, 1, 1, 1, 1)
  (2, 0, 2, 0, 0, 2, 1, 1)
  (2, 0, 2, 0, 0, 0, 1, 3)
  (2, 0, 2, 0, 0, 0, 0, 4)
  (4, 0, 0, 0, 0, 0, 0, 4)

Path 325 (6 moves):
  (1, 1, 1, 1, 1, 1, 1, 1)
  (2, 0, 1, 1, 1, 1, 1, 1)
  (2, 0, 2, 0, 1, 1, 1, 1)
  (2, 0, 2, 0, 0, 2, 1, 1)
  (2, 0, 2, 0, 0, 2, 0, 2)
  (0, 0, 4, 0, 0, 2, 0, 2)
  (0, 0, 4, 0, 0, 0, 0, 4)

Path 326 (6 moves):
  (1, 1, 1, 1, 1, 1, 1, 1)
  (2, 0, 1, 1, 1, 1, 1, 1)
  (2, 0, 2, 0, 1, 1, 1, 1)
  (2, 0, 2, 0, 0, 2, 1, 1)
  (2, 0, 2, 0, 0, 2, 0, 2)
  (0, 0, 4, 0, 0, 2, 0, 2)
  (0, 0, 4, 0, 0, 4, 0, 0)

Path 327 (6 moves):
  (1, 1, 1, 1, 1, 1, 1, 1)
  (2, 0, 1, 1, 1, 1, 1, 1)
  (2, 0, 2, 0, 1, 1, 1, 1)
  (2, 0, 2, 0, 0, 2, 1, 1)
  (2, 0, 2, 0, 0, 2, 0, 2)
  (4, 0, 0, 0, 0, 2, 0, 2)
  (4, 0, 0, 0, 0, 0, 0, 4)

Path 328 (6 moves):
  (1, 1, 1, 1, 1, 1, 1, 1)
  (2, 0, 1, 1, 1, 1, 1, 1)
  (2, 0, 2, 0, 1, 1, 1, 1)
  (2, 0, 2, 0, 0, 2, 1, 1)
  (2, 0, 2, 0, 0, 2, 0, 2)
  (4, 0, 0, 0, 0, 2, 0, 2)
  (4, 0, 0, 0, 0, 4, 0, 0)

Path 329 (6 moves):
  (1, 1, 1, 1, 1, 1, 1, 1)
  (2, 0, 1, 1, 1, 1, 1, 1)
  (2, 0, 2, 0, 1, 1, 1, 1)
  (2, 0, 2, 0, 0, 2, 1, 1)
  (2, 0, 2, 0, 0, 2, 0, 2)
  (2, 0, 2, 0, 0, 0, 0, 4)
  (0, 0, 4, 0, 0, 0, 0, 4)

Path 330 (6 moves):
  (1, 1, 1, 1, 1, 1, 1, 1)
  (2, 0, 1, 1, 1, 1, 1, 1)
  (2, 0, 2, 0, 1, 1, 1, 1)
  (2, 0, 2, 0, 0, 2, 1, 1)
  (2, 0, 2, 0, 0, 2, 0, 2)
  (2, 0, 2, 0, 0, 0, 0, 4)
  (4, 0, 0, 0, 0, 0, 0, 4)

Path 331 (6 moves):
  (1, 1, 1, 1, 1, 1, 1, 1)
  (2, 0, 1, 1, 1, 1, 1, 1)
  (2, 0, 2, 0, 1, 1, 1, 1)
  (2, 0, 2, 0, 0, 2, 1, 1)
  (2, 0, 2, 0, 0, 2, 0, 2)
  (2, 0, 2, 0, 0, 4, 0, 0)
  (0, 0, 4, 0, 0, 4, 0, 0)

Path 332 (6 moves):
  (1, 1, 1, 1, 1, 1, 1, 1)
  (2, 0, 1, 1, 1, 1, 1, 1)
  (2, 0, 2, 0, 1, 1, 1, 1)
  (2, 0, 2, 0, 0, 2, 1, 1)
  (2, 0, 2, 0, 0, 2, 0, 2)
  (2, 0, 2, 0, 0, 4, 0, 0)
  (4, 0, 0, 0, 0, 4, 0, 0)

Path 333 (6 moves):
  (1, 1, 1, 1, 1, 1, 1, 1)
  (2, 0, 1, 1, 1, 1, 1, 1)
  (2, 0, 2, 0, 1, 1, 1, 1)
  (2, 0, 2, 0, 2, 0, 1, 1)
  (4, 0, 0, 0, 2, 0, 1, 1)
  (0, 0, 0, 0, 6, 0, 1, 1)
  (0, 0, 0, 0, 6, 0, 0, 2)

Path 334 (6 moves):
  (1, 1, 1, 1, 1, 1, 1, 1)
  (2, 0, 1, 1, 1, 1, 1, 1)
  (2, 0, 2, 0, 1, 1, 1, 1)
  (2, 0, 2, 0, 2, 0, 1, 1)
  (4, 0, 0, 0, 2, 0, 1, 1)
  (4, 0, 0, 0, 0, 0, 3, 1)
  (4, 0, 0, 0, 0, 0, 4, 0)

Path 335 (6 moves):
  (1, 1, 1, 1, 1, 1, 1, 1)
  (2, 0, 1, 1, 1, 1, 1, 1)
  (2, 0, 2, 0, 1, 1, 1, 1)
  (2, 0, 2, 0, 2, 0, 1, 1)
  (4, 0, 0, 0, 2, 0, 1, 1)
  (4, 0, 0, 0, 2, 0, 0, 2)
  (0, 0, 0, 0, 6, 0, 0, 2)

Path 336 (6 moves):
  (1, 1, 1, 1, 1, 1, 1, 1)
  (2, 0, 1, 1, 1, 1, 1, 1)
  (2, 0, 2, 0, 1, 1, 1, 1)
  (2, 0, 2, 0, 2, 0, 1, 1)
  (4, 0, 0, 0, 2, 0, 1, 1)
  (4, 0, 0, 0, 2, 0, 2, 0)
  (4, 0, 0, 0, 0, 0, 4, 0)

Path 337 (6 moves):
  (1, 1, 1, 1, 1, 1, 1, 1)
  (2, 0, 1, 1, 1, 1, 1, 1)
  (2, 0, 2, 0, 1, 1, 1, 1)
  (2, 0, 2, 0, 2, 0, 1, 1)
  (2, 0, 0, 0, 4, 0, 1, 1)
  (6, 0, 0, 0, 0, 0, 1, 1)
  (6, 0, 0, 0, 0, 0, 0, 2)

Path 338 (6 moves):
  (1, 1, 1, 1, 1, 1, 1, 1)
  (2, 0, 1, 1, 1, 1, 1, 1)
  (2, 0, 2, 0, 1, 1, 1, 1)
  (2, 0, 2, 0, 2, 0, 1, 1)
  (2, 0, 0, 0, 4, 0, 1, 1)
  (2, 0, 0, 0, 4, 0, 0, 2)
  (6, 0, 0, 0, 0, 0, 0, 2)

Path 339 (6 moves):
  (1, 1, 1, 1, 1, 1, 1, 1)
  (2, 0, 1, 1, 1, 1, 1, 1)
  (2, 0, 2, 0, 1, 1, 1, 1)
  (2, 0, 2, 0, 2, 0, 1, 1)
  (2, 0, 0, 0, 4, 0, 1, 1)
  (2, 0, 0, 0, 4, 0, 2, 0)
  (2, 0, 0, 0, 6, 0, 0, 0)

Path 340 (6 moves):
  (1, 1, 1, 1, 1, 1, 1, 1)
  (2, 0, 1, 1, 1, 1, 1, 1)
  (2, 0, 2, 0, 1, 1, 1, 1)
  (2, 0, 2, 0, 2, 0, 1, 1)
  (2, 0, 2, 0, 2, 0, 0, 2)
  (0, 0, 4, 0, 2, 0, 0, 2)
  (0, 0, 6, 0, 0, 0, 0, 2)

Path 341 (6 moves):
  (1, 1, 1, 1, 1, 1, 1, 1)
  (2, 0, 1, 1, 1, 1, 1, 1)
  (2, 0, 2, 0, 1, 1, 1, 1)
  (2, 0, 2, 0, 2, 0, 1, 1)
  (2, 0, 2, 0, 2, 0, 0, 2)
  (4, 0, 0, 0, 2, 0, 0, 2)
  (0, 0, 0, 0, 6, 0, 0, 2)

Path 342 (6 moves):
  (1, 1, 1, 1, 1, 1, 1, 1)
  (2, 0, 1, 1, 1, 1, 1, 1)
  (2, 0, 2, 0, 1, 1, 1, 1)
  (2, 0, 2, 0, 2, 0, 1, 1)
  (2, 0, 2, 0, 2, 0, 0, 2)
  (2, 0, 0, 0, 4, 0, 0, 2)
  (6, 0, 0, 0, 0, 0, 0, 2)

Path 343 (6 moves):
  (1, 1, 1, 1, 1, 1, 1, 1)
  (2, 0, 1, 1, 1, 1, 1, 1)
  (2, 0, 2, 0, 1, 1, 1, 1)
  (2, 0, 2, 0, 2, 0, 1, 1)
  (2, 0, 2, 0, 2, 0, 0, 2)
  (2, 0, 4, 0, 0, 0, 0, 2)
  (0, 0, 6, 0, 0, 0, 0, 2)

Path 344 (6 moves):
  (1, 1, 1, 1, 1, 1, 1, 1)
  (2, 0, 1, 1, 1, 1, 1, 1)
  (2, 0, 2, 0, 1, 1, 1, 1)
  (2, 0, 2, 0, 2, 0, 1, 1)
  (2, 0, 2, 0, 2, 0, 2, 0)
  (0, 0, 4, 0, 2, 0, 2, 0)
  (0, 0, 6, 0, 0, 0, 2, 0)

Path 345 (6 moves):
  (1, 1, 1, 1, 1, 1, 1, 1)
  (2, 0, 1, 1, 1, 1, 1, 1)
  (2, 0, 2, 0, 1, 1, 1, 1)
  (2, 0, 2, 0, 2, 0, 1, 1)
  (2, 0, 2, 0, 2, 0, 2, 0)
  (0, 0, 4, 0, 2, 0, 2, 0)
  (0, 0, 4, 0, 4, 0, 0, 0)

Path 346 (6 moves):
  (1, 1, 1, 1, 1, 1, 1, 1)
  (2, 0, 1, 1, 1, 1, 1, 1)
  (2, 0, 2, 0, 1, 1, 1, 1)
  (2, 0, 2, 0, 2, 0, 1, 1)
  (2, 0, 2, 0, 2, 0, 2, 0)
  (4, 0, 0, 0, 2, 0, 2, 0)
  (4, 0, 0, 0, 0, 0, 4, 0)

Path 347 (6 moves):
  (1, 1, 1, 1, 1, 1, 1, 1)
  (2, 0, 1, 1, 1, 1, 1, 1)
  (2, 0, 2, 0, 1, 1, 1, 1)
  (2, 0, 2, 0, 2, 0, 1, 1)
  (2, 0, 2, 0, 2, 0, 2, 0)
  (2, 0, 0, 0, 4, 0, 2, 0)
  (2, 0, 0, 0, 6, 0, 0, 0)

Path 348 (6 moves):
  (1, 1, 1, 1, 1, 1, 1, 1)
  (2, 0, 1, 1, 1, 1, 1, 1)
  (2, 0, 2, 0, 1, 1, 1, 1)
  (2, 0, 2, 0, 2, 0, 1, 1)
  (2, 0, 2, 0, 2, 0, 2, 0)
  (2, 0, 4, 0, 0, 0, 2, 0)
  (0, 0, 6, 0, 0, 0, 2, 0)

Path 349 (6 moves):
  (1, 1, 1, 1, 1, 1, 1, 1)
  (2, 0, 1, 1, 1, 1, 1, 1)
  (2, 0, 2, 0, 1, 1, 1, 1)
  (2, 0, 2, 0, 2, 0, 1, 1)
  (2, 0, 2, 0, 2, 0, 2, 0)
  (2, 0, 2, 0, 0, 0, 4, 0)
  (4, 0, 0, 0, 0, 0, 4, 0)

Path 350 (6 moves):
  (1, 1, 1, 1, 1, 1, 1, 1)
  (2, 0, 1, 1, 1, 1, 1, 1)
  (2, 0, 2, 0, 1, 1, 1, 1)
  (2, 0, 2, 0, 2, 0, 1, 1)
  (2, 0, 2, 0, 2, 0, 2, 0)
  (2, 0, 2, 0, 4, 0, 0, 0)
  (0, 0, 4, 0, 4, 0, 0, 0)

Path 351 (6 moves):
  (1, 1, 1, 1, 1, 1, 1, 1)
  (2, 0, 1, 1, 1, 1, 1, 1)
  (2, 0, 2, 0, 1, 1, 1, 1)
  (2, 0, 2, 0, 2, 0, 1, 1)
  (2, 0, 2, 0, 2, 0, 2, 0)
  (2, 0, 2, 0, 4, 0, 0, 0)
  (2, 0, 0, 0, 6, 0, 0, 0)

Path 352 (6 moves):
  (1, 1, 1, 1, 1, 1, 1, 1)
  (2, 0, 1, 1, 1, 1, 1, 1)
  (2, 0, 2, 0, 1, 1, 1, 1)
  (2, 0, 2, 0, 1, 0, 2, 1)
  (0, 0, 4, 0, 1, 0, 2, 1)
  (0, 0, 0, 0, 1, 0, 6, 1)
  (0, 0, 0, 0, 1, 0, 7, 0)

Path 353 (6 moves):
  (1, 1, 1, 1, 1, 1, 1, 1)
  (2, 0, 1, 1, 1, 1, 1, 1)
  (2, 0, 2, 0, 1, 1, 1, 1)
  (2, 0, 2, 0, 1, 0, 2, 1)
  (0, 0, 4, 0, 1, 0, 2, 1)
  (0, 0, 4, 0, 3, 0, 0, 1)
  (0, 0, 4, 0, 0, 0, 0, 4)

Path 354 (6 moves):
  (1, 1, 1, 1, 1, 1, 1, 1)
  (2, 0, 1, 1, 1, 1, 1, 1)
  (2, 0, 2, 0, 1, 1, 1, 1)
  (2, 0, 2, 0, 1, 0, 2, 1)
  (0, 0, 4, 0, 1, 0, 2, 1)
  (0, 0, 4, 0, 1, 0, 3, 0)
  (0, 0, 0, 0, 1, 0, 7, 0)

Path 355 (6 moves):
  (1, 1, 1, 1, 1, 1, 1, 1)
  (2, 0, 1, 1, 1, 1, 1, 1)
  (2, 0, 2, 0, 1, 1, 1, 1)
  (2, 0, 2, 0, 1, 0, 2, 1)
  (4, 0, 0, 0, 1, 0, 2, 1)
  (0, 0, 0, 0, 5, 0, 2, 1)
  (0, 0, 0, 0, 7, 0, 0, 1)

Path 356 (6 moves):
  (1, 1, 1, 1, 1, 1, 1, 1)
  (2, 0, 1, 1, 1, 1, 1, 1)
  (2, 0, 2, 0, 1, 1, 1, 1)
  (2, 0, 2, 0, 1, 0, 2, 1)
  (4, 0, 0, 0, 1, 0, 2, 1)
  (0, 0, 0, 0, 5, 0, 2, 1)
  (0, 0, 0, 0, 5, 0, 3, 0)

Path 357 (6 moves):
  (1, 1, 1, 1, 1, 1, 1, 1)
  (2, 0, 1, 1, 1, 1, 1, 1)
  (2, 0, 2, 0, 1, 1, 1, 1)
  (2, 0, 2, 0, 1, 0, 2, 1)
  (4, 0, 0, 0, 1, 0, 2, 1)
  (4, 0, 0, 0, 3, 0, 0, 1)
  (0, 0, 0, 0, 7, 0, 0, 1)

Path 358 (6 moves):
  (1, 1, 1, 1, 1, 1, 1, 1)
  (2, 0, 1, 1, 1, 1, 1, 1)
  (2, 0, 2, 0, 1, 1, 1, 1)
  (2, 0, 2, 0, 1, 0, 2, 1)
  (4, 0, 0, 0, 1, 0, 2, 1)
  (4, 0, 0, 0, 3, 0, 0, 1)
  (4, 0, 0, 0, 0, 0, 0, 4)

Path 359 (6 moves):
  (1, 1, 1, 1, 1, 1, 1, 1)
  (2, 0, 1, 1, 1, 1, 1, 1)
  (2, 0, 2, 0, 1, 1, 1, 1)
  (2, 0, 2, 0, 1, 0, 2, 1)
  (4, 0, 0, 0, 1, 0, 2, 1)
  (4, 0, 0, 0, 1, 0, 3, 0)
  (0, 0, 0, 0, 5, 0, 3, 0)

Path 360 (6 moves):
  (1, 1, 1, 1, 1, 1, 1, 1)
  (2, 0, 1, 1, 1, 1, 1, 1)
  (2, 0, 2, 0, 1, 1, 1, 1)
  (2, 0, 2, 0, 1, 2, 0, 1)
  (0, 0, 4, 0, 1, 2, 0, 1)
  (0, 0, 4, 0, 0, 3, 0, 1)
  (0, 0, 7, 0, 0, 0, 0, 1)

Path 361 (6 moves):
  (1, 1, 1, 1, 1, 1, 1, 1)
  (2, 0, 1, 1, 1, 1, 1, 1)
  (2, 0, 2, 0, 1, 1, 1, 1)
  (2, 0, 2, 0, 1, 2, 0, 1)
  (0, 0, 4, 0, 1, 2, 0, 1)
  (0, 0, 4, 0, 1, 0, 0, 3)
  (0, 0, 4, 0, 4, 0, 0, 0)

Path 362 (6 moves):
  (1, 1, 1, 1, 1, 1, 1, 1)
  (2, 0, 1, 1, 1, 1, 1, 1)
  (2, 0, 2, 0, 1, 1, 1, 1)
  (2, 0, 2, 0, 1, 2, 0, 1)
  (2, 0, 0, 0, 3, 2, 0, 1)
  (2, 0, 0, 0, 0, 2, 0, 4)
  (2, 0, 0, 0, 0, 0, 0, 6)

Path 363 (6 moves):
  (1, 1, 1, 1, 1, 1, 1, 1)
  (2, 0, 1, 1, 1, 1, 1, 1)
  (2, 0, 2, 0, 1, 1, 1, 1)
  (2, 0, 2, 0, 1, 2, 0, 1)
  (2, 0, 0, 0, 3, 2, 0, 1)
  (2, 0, 0, 0, 3, 0, 0, 3)
  (2, 0, 0, 0, 0, 0, 0, 6)

Path 364 (6 moves):
  (1, 1, 1, 1, 1, 1, 1, 1)
  (2, 0, 1, 1, 1, 1, 1, 1)
  (2, 0, 2, 0, 1, 1, 1, 1)
  (2, 0, 2, 0, 1, 2, 0, 1)
  (2, 0, 0, 0, 3, 2, 0, 1)
  (2, 0, 0, 0, 3, 0, 0, 3)
  (2, 0, 0, 0, 6, 0, 0, 0)

Path 365 (6 moves):
  (1, 1, 1, 1, 1, 1, 1, 1)
  (2, 0, 1, 1, 1, 1, 1, 1)
  (2, 0, 2, 0, 1, 1, 1, 1)
  (2, 0, 2, 0, 1, 1, 0, 2)
  (0, 0, 4, 0, 1, 1, 0, 2)
  (0, 0, 4, 0, 0, 2, 0, 2)
  (0, 0, 4, 0, 0, 0, 0, 4)

Path 366 (6 moves):
  (1, 1, 1, 1, 1, 1, 1, 1)
  (2, 0, 1, 1, 1, 1, 1, 1)
  (2, 0, 2, 0, 1, 1, 1, 1)
  (2, 0, 2, 0, 1, 1, 0, 2)
  (0, 0, 4, 0, 1, 1, 0, 2)
  (0, 0, 4, 0, 0, 2, 0, 2)
  (0, 0, 4, 0, 0, 4, 0, 0)

Path 367 (6 moves):
  (1, 1, 1, 1, 1, 1, 1, 1)
  (2, 0, 1, 1, 1, 1, 1, 1)
  (2, 0, 2, 0, 1, 1, 1, 1)
  (2, 0, 2, 0, 1, 1, 0, 2)
  (0, 0, 4, 0, 1, 1, 0, 2)
  (0, 0, 4, 0, 2, 0, 0, 2)
  (0, 0, 6, 0, 0, 0, 0, 2)

Path 368 (6 moves):
  (1, 1, 1, 1, 1, 1, 1, 1)
  (2, 0, 1, 1, 1, 1, 1, 1)
  (2, 0, 2, 0, 1, 1, 1, 1)
  (2, 0, 2, 0, 1, 1, 0, 2)
  (0, 0, 4, 0, 1, 1, 0, 2)
  (0, 0, 4, 0, 1, 3, 0, 0)
  (0, 0, 4, 0, 0, 4, 0, 0)

Path 369 (6 moves):
  (1, 1, 1, 1, 1, 1, 1, 1)
  (2, 0, 1, 1, 1, 1, 1, 1)
  (2, 0, 2, 0, 1, 1, 1, 1)
  (2, 0, 2, 0, 1, 1, 0, 2)
  (0, 0, 4, 0, 1, 1, 0, 2)
  (0, 0, 4, 0, 1, 3, 0, 0)
  (0, 0, 7, 0, 1, 0, 0, 0)

Path 370 (6 moves):
  (1, 1, 1, 1, 1, 1, 1, 1)
  (2, 0, 1, 1, 1, 1, 1, 1)
  (2, 0, 2, 0, 1, 1, 1, 1)
  (2, 0, 2, 0, 1, 1, 0, 2)
  (4, 0, 0, 0, 1, 1, 0, 2)
  (0, 0, 0, 0, 5, 1, 0, 2)
  (0, 0, 0, 0, 6, 0, 0, 2)

Path 371 (6 moves):
  (1, 1, 1, 1, 1, 1, 1, 1)
  (2, 0, 1, 1, 1, 1, 1, 1)
  (2, 0, 2, 0, 1, 1, 1, 1)
  (2, 0, 2, 0, 1, 1, 0, 2)
  (4, 0, 0, 0, 1, 1, 0, 2)
  (0, 0, 0, 0, 5, 1, 0, 2)
  (0, 0, 0, 0, 5, 3, 0, 0)

Path 372 (6 moves):
  (1, 1, 1, 1, 1, 1, 1, 1)
  (2, 0, 1, 1, 1, 1, 1, 1)
  (2, 0, 2, 0, 1, 1, 1, 1)
  (2, 0, 2, 0, 1, 1, 0, 2)
  (4, 0, 0, 0, 1, 1, 0, 2)
  (4, 0, 0, 0, 0, 2, 0, 2)
  (4, 0, 0, 0, 0, 0, 0, 4)

Path 373 (6 moves):
  (1, 1, 1, 1, 1, 1, 1, 1)
  (2, 0, 1, 1, 1, 1, 1, 1)
  (2, 0, 2, 0, 1, 1, 1, 1)
  (2, 0, 2, 0, 1, 1, 0, 2)
  (4, 0, 0, 0, 1, 1, 0, 2)
  (4, 0, 0, 0, 0, 2, 0, 2)
  (4, 0, 0, 0, 0, 4, 0, 0)

Path 374 (6 moves):
  (1, 1, 1, 1, 1, 1, 1, 1)
  (2, 0, 1, 1, 1, 1, 1, 1)
  (2, 0, 2, 0, 1, 1, 1, 1)
  (2, 0, 2, 0, 1, 1, 0, 2)
  (4, 0, 0, 0, 1, 1, 0, 2)
  (4, 0, 0, 0, 2, 0, 0, 2)
  (0, 0, 0, 0, 6, 0, 0, 2)

Path 375 (6 moves):
  (1, 1, 1, 1, 1, 1, 1, 1)
  (2, 0, 1, 1, 1, 1, 1, 1)
  (2, 0, 2, 0, 1, 1, 1, 1)
  (2, 0, 2, 0, 1, 1, 0, 2)
  (4, 0, 0, 0, 1, 1, 0, 2)
  (4, 0, 0, 0, 1, 3, 0, 0)
  (0, 0, 0, 0, 5, 3, 0, 0)

Path 376 (6 moves):
  (1, 1, 1, 1, 1, 1, 1, 1)
  (2, 0, 1, 1, 1, 1, 1, 1)
  (2, 0, 2, 0, 1, 1, 1, 1)
  (2, 0, 2, 0, 1, 1, 0, 2)
  (4, 0, 0, 0, 1, 1, 0, 2)
  (4, 0, 0, 0, 1, 3, 0, 0)
  (4, 0, 0, 0, 0, 4, 0, 0)

Path 377 (6 moves):
  (1, 1, 1, 1, 1, 1, 1, 1)
  (2, 0, 1, 1, 1, 1, 1, 1)
  (2, 0, 2, 0, 1, 1, 1, 1)
  (2, 0, 2, 0, 1, 1, 0, 2)
  (2, 0, 2, 0, 0, 2, 0, 2)
  (0, 0, 4, 0, 0, 2, 0, 2)
  (0, 0, 4, 0, 0, 0, 0, 4)

Path 378 (6 moves):
  (1, 1, 1, 1, 1, 1, 1, 1)
  (2, 0, 1, 1, 1, 1, 1, 1)
  (2, 0, 2, 0, 1, 1, 1, 1)
  (2, 0, 2, 0, 1, 1, 0, 2)
  (2, 0, 2, 0, 0, 2, 0, 2)
  (0, 0, 4, 0, 0, 2, 0, 2)
  (0, 0, 4, 0, 0, 4, 0, 0)

Path 379 (6 moves):
  (1, 1, 1, 1, 1, 1, 1, 1)
  (2, 0, 1, 1, 1, 1, 1, 1)
  (2, 0, 2, 0, 1, 1, 1, 1)
  (2, 0, 2, 0, 1, 1, 0, 2)
  (2, 0, 2, 0, 0, 2, 0, 2)
  (4, 0, 0, 0, 0, 2, 0, 2)
  (4, 0, 0, 0, 0, 0, 0, 4)

Path 380 (6 moves):
  (1, 1, 1, 1, 1, 1, 1, 1)
  (2, 0, 1, 1, 1, 1, 1, 1)
  (2, 0, 2, 0, 1, 1, 1, 1)
  (2, 0, 2, 0, 1, 1, 0, 2)
  (2, 0, 2, 0, 0, 2, 0, 2)
  (4, 0, 0, 0, 0, 2, 0, 2)
  (4, 0, 0, 0, 0, 4, 0, 0)

Path 381 (6 moves):
  (1, 1, 1, 1, 1, 1, 1, 1)
  (2, 0, 1, 1, 1, 1, 1, 1)
  (2, 0, 2, 0, 1, 1, 1, 1)
  (2, 0, 2, 0, 1, 1, 0, 2)
  (2, 0, 2, 0, 0, 2, 0, 2)
  (2, 0, 2, 0, 0, 0, 0, 4)
  (0, 0, 4, 0, 0, 0, 0, 4)

Path 382 (6 moves):
  (1, 1, 1, 1, 1, 1, 1, 1)
  (2, 0, 1, 1, 1, 1, 1, 1)
  (2, 0, 2, 0, 1, 1, 1, 1)
  (2, 0, 2, 0, 1, 1, 0, 2)
  (2, 0, 2, 0, 0, 2, 0, 2)
  (2, 0, 2, 0, 0, 0, 0, 4)
  (4, 0, 0, 0, 0, 0, 0, 4)

Path 383 (6 moves):
  (1, 1, 1, 1, 1, 1, 1, 1)
  (2, 0, 1, 1, 1, 1, 1, 1)
  (2, 0, 2, 0, 1, 1, 1, 1)
  (2, 0, 2, 0, 1, 1, 0, 2)
  (2, 0, 2, 0, 0, 2, 0, 2)
  (2, 0, 2, 0, 0, 4, 0, 0)
  (0, 0, 4, 0, 0, 4, 0, 0)

Path 384 (6 moves):
  (1, 1, 1, 1, 1, 1, 1, 1)
  (2, 0, 1, 1, 1, 1, 1, 1)
  (2, 0, 2, 0, 1, 1, 1, 1)
  (2, 0, 2, 0, 1, 1, 0, 2)
  (2, 0, 2, 0, 0, 2, 0, 2)
  (2, 0, 2, 0, 0, 4, 0, 0)
  (4, 0, 0, 0, 0, 4, 0, 0)

Path 385 (6 moves):
  (1, 1, 1, 1, 1, 1, 1, 1)
  (2, 0, 1, 1, 1, 1, 1, 1)
  (2, 0, 2, 0, 1, 1, 1, 1)
  (2, 0, 2, 0, 1, 1, 0, 2)
  (2, 0, 2, 0, 2, 0, 0, 2)
  (0, 0, 4, 0, 2, 0, 0, 2)
  (0, 0, 6, 0, 0, 0, 0, 2)

Path 386 (6 moves):
  (1, 1, 1, 1, 1, 1, 1, 1)
  (2, 0, 1, 1, 1, 1, 1, 1)
  (2, 0, 2, 0, 1, 1, 1, 1)
  (2, 0, 2, 0, 1, 1, 0, 2)
  (2, 0, 2, 0, 2, 0, 0, 2)
  (4, 0, 0, 0, 2, 0, 0, 2)
  (0, 0, 0, 0, 6, 0, 0, 2)

Path 387 (6 moves):
  (1, 1, 1, 1, 1, 1, 1, 1)
  (2, 0, 1, 1, 1, 1, 1, 1)
  (2, 0, 2, 0, 1, 1, 1, 1)
  (2, 0, 2, 0, 1, 1, 0, 2)
  (2, 0, 2, 0, 2, 0, 0, 2)
  (2, 0, 0, 0, 4, 0, 0, 2)
  (6, 0, 0, 0, 0, 0, 0, 2)

Path 388 (6 moves):
  (1, 1, 1, 1, 1, 1, 1, 1)
  (2, 0, 1, 1, 1, 1, 1, 1)
  (2, 0, 2, 0, 1, 1, 1, 1)
  (2, 0, 2, 0, 1, 1, 0, 2)
  (2, 0, 2, 0, 2, 0, 0, 2)
  (2, 0, 4, 0, 0, 0, 0, 2)
  (0, 0, 6, 0, 0, 0, 0, 2)

Path 389 (6 moves):
  (1, 1, 1, 1, 1, 1, 1, 1)
  (2, 0, 1, 1, 1, 1, 1, 1)
  (2, 0, 2, 0, 1, 1, 1, 1)
  (2, 0, 2, 0, 1, 1, 2, 0)
  (0, 0, 4, 0, 1, 1, 2, 0)
  (0, 0, 0, 0, 1, 1, 6, 0)
  (0, 0, 0, 0, 0, 2, 6, 0)

Path 390 (6 moves):
  (1, 1, 1, 1, 1, 1, 1, 1)
  (2, 0, 1, 1, 1, 1, 1, 1)
  (2, 0, 2, 0, 1, 1, 1, 1)
  (2, 0, 2, 0, 1, 1, 2, 0)
  (0, 0, 4, 0, 1, 1, 2, 0)
  (0, 0, 0, 0, 1, 1, 6, 0)
  (0, 0, 0, 0, 1, 0, 7, 0)

Path 391 (6 moves):
  (1, 1, 1, 1, 1, 1, 1, 1)
  (2, 0, 1, 1, 1, 1, 1, 1)
  (2, 0, 2, 0, 1, 1, 1, 1)
  (2, 0, 2, 0, 1, 1, 2, 0)
  (0, 0, 4, 0, 1, 1, 2, 0)
  (0, 0, 4, 0, 0, 2, 2, 0)
  (0, 0, 0, 0, 0, 2, 6, 0)

Path 392 (6 moves):
  (1, 1, 1, 1, 1, 1, 1, 1)
  (2, 0, 1, 1, 1, 1, 1, 1)
  (2, 0, 2, 0, 1, 1, 1, 1)
  (2, 0, 2, 0, 1, 1, 2, 0)
  (0, 0, 4, 0, 1, 1, 2, 0)
  (0, 0, 4, 0, 2, 0, 2, 0)
  (0, 0, 6, 0, 0, 0, 2, 0)

Path 393 (6 moves):
  (1, 1, 1, 1, 1, 1, 1, 1)
  (2, 0, 1, 1, 1, 1, 1, 1)
  (2, 0, 2, 0, 1, 1, 1, 1)
  (2, 0, 2, 0, 1, 1, 2, 0)
  (0, 0, 4, 0, 1, 1, 2, 0)
  (0, 0, 4, 0, 2, 0, 2, 0)
  (0, 0, 4, 0, 4, 0, 0, 0)

Path 394 (6 moves):
  (1, 1, 1, 1, 1, 1, 1, 1)
  (2, 0, 1, 1, 1, 1, 1, 1)
  (2, 0, 2, 0, 1, 1, 1, 1)
  (2, 0, 2, 0, 1, 1, 2, 0)
  (0, 0, 4, 0, 1, 1, 2, 0)
  (0, 0, 4, 0, 1, 0, 3, 0)
  (0, 0, 0, 0, 1, 0, 7, 0)

Path 395 (6 moves):
  (1, 1, 1, 1, 1, 1, 1, 1)
  (2, 0, 1, 1, 1, 1, 1, 1)
  (2, 0, 2, 0, 1, 1, 1, 1)
  (2, 0, 2, 0, 1, 1, 2, 0)
  (0, 0, 4, 0, 1, 1, 2, 0)
  (0, 0, 4, 0, 3, 1, 0, 0)
  (0, 0, 4, 0, 4, 0, 0, 0)

Path 396 (6 moves):
  (1, 1, 1, 1, 1, 1, 1, 1)
  (2, 0, 1, 1, 1, 1, 1, 1)
  (2, 0, 2, 0, 1, 1, 1, 1)
  (2, 0, 2, 0, 1, 1, 2, 0)
  (2, 0, 2, 0, 2, 0, 2, 0)
  (0, 0, 4, 0, 2, 0, 2, 0)
  (0, 0, 6, 0, 0, 0, 2, 0)

Path 397 (6 moves):
  (1, 1, 1, 1, 1, 1, 1, 1)
  (2, 0, 1, 1, 1, 1, 1, 1)
  (2, 0, 2, 0, 1, 1, 1, 1)
  (2, 0, 2, 0, 1, 1, 2, 0)
  (2, 0, 2, 0, 2, 0, 2, 0)
  (0, 0, 4, 0, 2, 0, 2, 0)
  (0, 0, 4, 0, 4, 0, 0, 0)

Path 398 (6 moves):
  (1, 1, 1, 1, 1, 1, 1, 1)
  (2, 0, 1, 1, 1, 1, 1, 1)
  (2, 0, 2, 0, 1, 1, 1, 1)
  (2, 0, 2, 0, 1, 1, 2, 0)
  (2, 0, 2, 0, 2, 0, 2, 0)
  (4, 0, 0, 0, 2, 0, 2, 0)
  (4, 0, 0, 0, 0, 0, 4, 0)

Path 399 (6 moves):
  (1, 1, 1, 1, 1, 1, 1, 1)
  (2, 0, 1, 1, 1, 1, 1, 1)
  (2, 0, 2, 0, 1, 1, 1, 1)
  (2, 0, 2, 0, 1, 1, 2, 0)
  (2, 0, 2, 0, 2, 0, 2, 0)
  (2, 0, 0, 0, 4, 0, 2, 0)
  (2, 0, 0, 0, 6, 0, 0, 0)

Path 400 (6 moves):
  (1, 1, 1, 1, 1, 1, 1, 1)
  (2, 0, 1, 1, 1, 1, 1, 1)
  (2, 0, 2, 0, 1, 1, 1, 1)
  (2, 0, 2, 0, 1, 1, 2, 0)
  (2, 0, 2, 0, 2, 0, 2, 0)
  (2, 0, 4, 0, 0, 0, 2, 0)
  (0, 0, 6, 0, 0, 0, 2, 0)

Path 401 (6 moves):
  (1, 1, 1, 1, 1, 1, 1, 1)
  (2, 0, 1, 1, 1, 1, 1, 1)
  (2, 0, 2, 0, 1, 1, 1, 1)
  (2, 0, 2, 0, 1, 1, 2, 0)
  (2, 0, 2, 0, 2, 0, 2, 0)
  (2, 0, 2, 0, 0, 0, 4, 0)
  (4, 0, 0, 0, 0, 0, 4, 0)

Path 402 (6 moves):
  (1, 1, 1, 1, 1, 1, 1, 1)
  (2, 0, 1, 1, 1, 1, 1, 1)
  (2, 0, 2, 0, 1, 1, 1, 1)
  (2, 0, 2, 0, 1, 1, 2, 0)
  (2, 0, 2, 0, 2, 0, 2, 0)
  (2, 0, 2, 0, 4, 0, 0, 0)
  (0, 0, 4, 0, 4, 0, 0, 0)

Path 403 (6 moves):
  (1, 1, 1, 1, 1, 1, 1, 1)
  (2, 0, 1, 1, 1, 1, 1, 1)
  (2, 0, 2, 0, 1, 1, 1, 1)
  (2, 0, 2, 0, 1, 1, 2, 0)
  (2, 0, 2, 0, 2, 0, 2, 0)
  (2, 0, 2, 0, 4, 0, 0, 0)
  (2, 0, 0, 0, 6, 0, 0, 0)

Path 404 (6 moves):
  (1, 1, 1, 1, 1, 1, 1, 1)
  (2, 0, 1, 1, 1, 1, 1, 1)
  (2, 0, 1, 1, 1, 0, 2, 1)
  (0, 0, 3, 1, 1, 0, 2, 1)
  (0, 0, 4, 0, 1, 0, 2, 1)
  (0, 0, 0, 0, 1, 0, 6, 1)
  (0, 0, 0, 0, 1, 0, 7, 0)

Path 405 (6 moves):
  (1, 1, 1, 1, 1, 1, 1, 1)
  (2, 0, 1, 1, 1, 1, 1, 1)
  (2, 0, 1, 1, 1, 0, 2, 1)
  (0, 0, 3, 1, 1, 0, 2, 1)
  (0, 0, 4, 0, 1, 0, 2, 1)
  (0, 0, 4, 0, 3, 0, 0, 1)
  (0, 0, 4, 0, 0, 0, 0, 4)

Path 406 (6 moves):
  (1, 1, 1, 1, 1, 1, 1, 1)
  (2, 0, 1, 1, 1, 1, 1, 1)
  (2, 0, 1, 1, 1, 0, 2, 1)
  (0, 0, 3, 1, 1, 0, 2, 1)
  (0, 0, 4, 0, 1, 0, 2, 1)
  (0, 0, 4, 0, 1, 0, 3, 0)
  (0, 0, 0, 0, 1, 0, 7, 0)

Path 407 (6 moves):
  (1, 1, 1, 1, 1, 1, 1, 1)
  (2, 0, 1, 1, 1, 1, 1, 1)
  (2, 0, 1, 1, 1, 0, 2, 1)
  (0, 0, 3, 1, 1, 0, 2, 1)
  (0, 0, 3, 2, 0, 0, 2, 1)
  (0, 0, 3, 2, 0, 0, 3, 0)
  (0, 0, 3, 5, 0, 0, 0, 0)

Path 408 (6 moves):
  (1, 1, 1, 1, 1, 1, 1, 1)
  (2, 0, 1, 1, 1, 1, 1, 1)
  (2, 0, 1, 1, 1, 0, 2, 1)
  (0, 0, 3, 1, 1, 0, 2, 1)
  (0, 0, 3, 1, 1, 0, 3, 0)
  (0, 0, 4, 0, 1, 0, 3, 0)
  (0, 0, 0, 0, 1, 0, 7, 0)

Path 409 (6 moves):
  (1, 1, 1, 1, 1, 1, 1, 1)
  (2, 0, 1, 1, 1, 1, 1, 1)
  (2, 0, 1, 1, 1, 0, 2, 1)
  (0, 0, 3, 1, 1, 0, 2, 1)
  (0, 0, 3, 1, 1, 0, 3, 0)
  (0, 0, 3, 0, 2, 0, 3, 0)
  (0, 0, 5, 0, 0, 0, 3, 0)

Path 410 (6 moves):
  (1, 1, 1, 1, 1, 1, 1, 1)
  (2, 0, 1, 1, 1, 1, 1, 1)
  (2, 0, 1, 1, 1, 0, 2, 1)
  (0, 0, 3, 1, 1, 0, 2, 1)
  (0, 0, 3, 1, 1, 0, 3, 0)
  (0, 0, 3, 0, 2, 0, 3, 0)
  (0, 0, 3, 0, 0, 0, 5, 0)

Path 411 (6 moves):
  (1, 1, 1, 1, 1, 1, 1, 1)
  (2, 0, 1, 1, 1, 1, 1, 1)
  (2, 0, 1, 1, 1, 0, 2, 1)
  (0, 0, 3, 1, 1, 0, 2, 1)
  (0, 0, 3, 1, 1, 0, 3, 0)
  (0, 0, 3, 2, 0, 0, 3, 0)
  (0, 0, 3, 5, 0, 0, 0, 0)

Path 412 (6 moves):
  (1, 1, 1, 1, 1, 1, 1, 1)
  (2, 0, 1, 1, 1, 1, 1, 1)
  (2, 0, 1, 1, 1, 0, 2, 1)
  (0, 0, 3, 1, 1, 0, 2, 1)
  (0, 0, 3, 1, 1, 0, 3, 0)
  (0, 0, 3, 4, 1, 0, 0, 0)
  (0, 0, 3, 5, 0, 0, 0, 0)

Path 413 (6 moves):
  (1, 1, 1, 1, 1, 1, 1, 1)
  (2, 0, 1, 1, 1, 1, 1, 1)
  (2, 0, 1, 1, 1, 0, 2, 1)
  (2, 0, 0, 2, 1, 0, 2, 1)
  (2, 0, 0, 2, 3, 0, 0, 1)
  (2, 0, 0, 2, 0, 0, 0, 4)
  (2, 0, 0, 6, 0, 0, 0, 0)

Path 414 (6 moves):
  (1, 1, 1, 1, 1, 1, 1, 1)
  (2, 0, 1, 1, 1, 1, 1, 1)
  (2, 0, 1, 1, 1, 0, 2, 1)
  (2, 0, 0, 2, 1, 0, 2, 1)
  (2, 0, 0, 2, 1, 0, 3, 0)
  (2, 0, 0, 3, 0, 0, 3, 0)
  (5, 0, 0, 0, 0, 0, 3, 0)

Path 415 (6 moves):
  (1, 1, 1, 1, 1, 1, 1, 1)
  (2, 0, 1, 1, 1, 1, 1, 1)
  (2, 0, 1, 1, 1, 0, 2, 1)
  (2, 0, 0, 2, 1, 0, 2, 1)
  (2, 0, 0, 2, 1, 0, 3, 0)
  (2, 0, 0, 3, 0, 0, 3, 0)
  (2, 0, 0, 6, 0, 0, 0, 0)

Path 416 (6 moves):
  (1, 1, 1, 1, 1, 1, 1, 1)
  (2, 0, 1, 1, 1, 1, 1, 1)
  (2, 0, 1, 1, 1, 0, 2, 1)
  (2, 0, 0, 2, 1, 0, 2, 1)
  (2, 0, 0, 2, 1, 0, 3, 0)
  (2, 0, 0, 5, 1, 0, 0, 0)
  (2, 0, 0, 6, 0, 0, 0, 0)

Path 417 (6 moves):
  (1, 1, 1, 1, 1, 1, 1, 1)
  (2, 0, 1, 1, 1, 1, 1, 1)
  (2, 0, 1, 1, 1, 0, 2, 1)
  (2, 0, 2, 0, 1, 0, 2, 1)
  (0, 0, 4, 0, 1, 0, 2, 1)
  (0, 0, 0, 0, 1, 0, 6, 1)
  (0, 0, 0, 0, 1, 0, 7, 0)

Path 418 (6 moves):
  (1, 1, 1, 1, 1, 1, 1, 1)
  (2, 0, 1, 1, 1, 1, 1, 1)
  (2, 0, 1, 1, 1, 0, 2, 1)
  (2, 0, 2, 0, 1, 0, 2, 1)
  (0, 0, 4, 0, 1, 0, 2, 1)
  (0, 0, 4, 0, 3, 0, 0, 1)
  (0, 0, 4, 0, 0, 0, 0, 4)

Path 419 (6 moves):
  (1, 1, 1, 1, 1, 1, 1, 1)
  (2, 0, 1, 1, 1, 1, 1, 1)
  (2, 0, 1, 1, 1, 0, 2, 1)
  (2, 0, 2, 0, 1, 0, 2, 1)
  (0, 0, 4, 0, 1, 0, 2, 1)
  (0, 0, 4, 0, 1, 0, 3, 0)
  (0, 0, 0, 0, 1, 0, 7, 0)

Path 420 (6 moves):
  (1, 1, 1, 1, 1, 1, 1, 1)
  (2, 0, 1, 1, 1, 1, 1, 1)
  (2, 0, 1, 1, 1, 0, 2, 1)
  (2, 0, 2, 0, 1, 0, 2, 1)
  (4, 0, 0, 0, 1, 0, 2, 1)
  (0, 0, 0, 0, 5, 0, 2, 1)
  (0, 0, 0, 0, 7, 0, 0, 1)

Path 421 (6 moves):
  (1, 1, 1, 1, 1, 1, 1, 1)
  (2, 0, 1, 1, 1, 1, 1, 1)
  (2, 0, 1, 1, 1, 0, 2, 1)
  (2, 0, 2, 0, 1, 0, 2, 1)
  (4, 0, 0, 0, 1, 0, 2, 1)
  (0, 0, 0, 0, 5, 0, 2, 1)
  (0, 0, 0, 0, 5, 0, 3, 0)

Path 422 (6 moves):
  (1, 1, 1, 1, 1, 1, 1, 1)
  (2, 0, 1, 1, 1, 1, 1, 1)
  (2, 0, 1, 1, 1, 0, 2, 1)
  (2, 0, 2, 0, 1, 0, 2, 1)
  (4, 0, 0, 0, 1, 0, 2, 1)
  (4, 0, 0, 0, 3, 0, 0, 1)
  (0, 0, 0, 0, 7, 0, 0, 1)

Path 423 (6 moves):
  (1, 1, 1, 1, 1, 1, 1, 1)
  (2, 0, 1, 1, 1, 1, 1, 1)
  (2, 0, 1, 1, 1, 0, 2, 1)
  (2, 0, 2, 0, 1, 0, 2, 1)
  (4, 0, 0, 0, 1, 0, 2, 1)
  (4, 0, 0, 0, 3, 0, 0, 1)
  (4, 0, 0, 0, 0, 0, 0, 4)

Path 424 (6 moves):
  (1, 1, 1, 1, 1, 1, 1, 1)
  (2, 0, 1, 1, 1, 1, 1, 1)
  (2, 0, 1, 1, 1, 0, 2, 1)
  (2, 0, 2, 0, 1, 0, 2, 1)
  (4, 0, 0, 0, 1, 0, 2, 1)
  (4, 0, 0, 0, 1, 0, 3, 0)
  (0, 0, 0, 0, 5, 0, 3, 0)

Path 425 (6 moves):
  (1, 1, 1, 1, 1, 1, 1, 1)
  (2, 0, 1, 1, 1, 1, 1, 1)
  (2, 0, 1, 1, 1, 0, 2, 1)
  (2, 0, 1, 0, 2, 0, 2, 1)
  (2, 0, 3, 0, 0, 0, 2, 1)
  (0, 0, 5, 0, 0, 0, 2, 1)
  (0, 0, 0, 0, 0, 0, 2, 6)

Path 426 (6 moves):
  (1, 1, 1, 1, 1, 1, 1, 1)
  (2, 0, 1, 1, 1, 1, 1, 1)
  (2, 0, 1, 1, 1, 0, 2, 1)
  (2, 0, 1, 0, 2, 0, 2, 1)
  (2, 0, 3, 0, 0, 0, 2, 1)
  (0, 0, 5, 0, 0, 0, 2, 1)
  (0, 0, 5, 0, 0, 0, 3, 0)

Path 427 (6 moves):
  (1, 1, 1, 1, 1, 1, 1, 1)
  (2, 0, 1, 1, 1, 1, 1, 1)
  (2, 0, 1, 1, 1, 0, 2, 1)
  (2, 0, 1, 0, 2, 0, 2, 1)
  (2, 0, 3, 0, 0, 0, 2, 1)
  (2, 0, 3, 0, 0, 0, 3, 0)
  (0, 0, 5, 0, 0, 0, 3, 0)

Path 428 (6 moves):
  (1, 1, 1, 1, 1, 1, 1, 1)
  (2, 0, 1, 1, 1, 1, 1, 1)
  (2, 0, 1, 1, 1, 0, 2, 1)
  (2, 0, 1, 0, 2, 0, 2, 1)
  (2, 0, 1, 0, 0, 0, 4, 1)
  (0, 0, 3, 0, 0, 0, 4, 1)
  (0, 0, 7, 0, 0, 0, 0, 1)

Path 429 (6 moves):
  (1, 1, 1, 1, 1, 1, 1, 1)
  (2, 0, 1, 1, 1, 1, 1, 1)
  (2, 0, 1, 1, 1, 0, 2, 1)
  (2, 0, 1, 0, 2, 0, 2, 1)
  (2, 0, 1, 0, 0, 0, 4, 1)
  (0, 0, 3, 0, 0, 0, 4, 1)
  (0, 0, 3, 0, 0, 0, 5, 0)

Path 430 (6 moves):
  (1, 1, 1, 1, 1, 1, 1, 1)
  (2, 0, 1, 1, 1, 1, 1, 1)
  (2, 0, 1, 1, 1, 0, 2, 1)
  (2, 0, 1, 0, 2, 0, 2, 1)
  (2, 0, 1, 0, 0, 0, 4, 1)
  (2, 0, 5, 0, 0, 0, 0, 1)
  (0, 0, 7, 0, 0, 0, 0, 1)

Path 431 (6 moves):
  (1, 1, 1, 1, 1, 1, 1, 1)
  (2, 0, 1, 1, 1, 1, 1, 1)
  (2, 0, 1, 1, 1, 0, 2, 1)
  (2, 0, 1, 0, 2, 0, 2, 1)
  (2, 0, 1, 0, 0, 0, 4, 1)
  (2, 0, 5, 0, 0, 0, 0, 1)
  (2, 0, 0, 0, 0, 0, 0, 6)

Path 432 (6 moves):
  (1, 1, 1, 1, 1, 1, 1, 1)
  (2, 0, 1, 1, 1, 1, 1, 1)
  (2, 0, 1, 1, 1, 0, 2, 1)
  (2, 0, 1, 0, 2, 0, 2, 1)
  (2, 0, 1, 0, 0, 0, 4, 1)
  (2, 0, 1, 0, 0, 0, 5, 0)
  (0, 0, 3, 0, 0, 0, 5, 0)

Path 433 (6 moves):
  (1, 1, 1, 1, 1, 1, 1, 1)
  (2, 0, 1, 1, 1, 1, 1, 1)
  (2, 0, 1, 1, 1, 0, 2, 1)
  (2, 0, 1, 0, 2, 0, 2, 1)
  (2, 0, 1, 0, 2, 0, 3, 0)
  (0, 0, 3, 0, 2, 0, 3, 0)
  (0, 0, 5, 0, 0, 0, 3, 0)

Path 434 (6 moves):
  (1, 1, 1, 1, 1, 1, 1, 1)
  (2, 0, 1, 1, 1, 1, 1, 1)
  (2, 0, 1, 1, 1, 0, 2, 1)
  (2, 0, 1, 0, 2, 0, 2, 1)
  (2, 0, 1, 0, 2, 0, 3, 0)
  (0, 0, 3, 0, 2, 0, 3, 0)
  (0, 0, 3, 0, 0, 0, 5, 0)

Path 435 (6 moves):
  (1, 1, 1, 1, 1, 1, 1, 1)
  (2, 0, 1, 1, 1, 1, 1, 1)
  (2, 0, 1, 1, 1, 0, 2, 1)
  (2, 0, 1, 0, 2, 0, 2, 1)
  (2, 0, 1, 0, 2, 0, 3, 0)
  (2, 0, 3, 0, 0, 0, 3, 0)
  (0, 0, 5, 0, 0, 0, 3, 0)

Path 436 (6 moves):
  (1, 1, 1, 1, 1, 1, 1, 1)
  (2, 0, 1, 1, 1, 1, 1, 1)
  (2, 0, 1, 1, 1, 0, 2, 1)
  (2, 0, 1, 0, 2, 0, 2, 1)
  (2, 0, 1, 0, 2, 0, 3, 0)
  (2, 0, 1, 0, 0, 0, 5, 0)
  (0, 0, 3, 0, 0, 0, 5, 0)

Path 437 (6 moves):
  (1, 1, 1, 1, 1, 1, 1, 1)
  (2, 0, 1, 1, 1, 1, 1, 1)
  (2, 0, 1, 1, 1, 0, 2, 1)
  (2, 0, 1, 2, 0, 0, 2, 1)
  (0, 0, 3, 2, 0, 0, 2, 1)
  (0, 0, 3, 2, 0, 0, 3, 0)
  (0, 0, 3, 5, 0, 0, 0, 0)

Path 438 (6 moves):
  (1, 1, 1, 1, 1, 1, 1, 1)
  (2, 0, 1, 1, 1, 1, 1, 1)
  (2, 0, 1, 1, 1, 0, 2, 1)
  (2, 0, 1, 2, 0, 0, 2, 1)
  (2, 0, 1, 2, 0, 0, 3, 0)
  (0, 0, 3, 2, 0, 0, 3, 0)
  (0, 0, 3, 5, 0, 0, 0, 0)

Path 439 (6 moves):
  (1, 1, 1, 1, 1, 1, 1, 1)
  (2, 0, 1, 1, 1, 1, 1, 1)
  (2, 0, 1, 1, 1, 0, 2, 1)
  (2, 0, 1, 2, 0, 0, 2, 1)
  (2, 0, 1, 2, 0, 0, 3, 0)
  (2, 0, 0, 3, 0, 0, 3, 0)
  (5, 0, 0, 0, 0, 0, 3, 0)

Path 440 (6 moves):
  (1, 1, 1, 1, 1, 1, 1, 1)
  (2, 0, 1, 1, 1, 1, 1, 1)
  (2, 0, 1, 1, 1, 0, 2, 1)
  (2, 0, 1, 2, 0, 0, 2, 1)
  (2, 0, 1, 2, 0, 0, 3, 0)
  (2, 0, 0, 3, 0, 0, 3, 0)
  (2, 0, 0, 6, 0, 0, 0, 0)

Path 441 (6 moves):
  (1, 1, 1, 1, 1, 1, 1, 1)
  (2, 0, 1, 1, 1, 1, 1, 1)
  (2, 0, 1, 1, 1, 0, 2, 1)
  (2, 0, 1, 2, 0, 0, 2, 1)
  (2, 0, 1, 2, 0, 0, 3, 0)
  (2, 0, 1, 5, 0, 0, 0, 0)
  (0, 0, 3, 5, 0, 0, 0, 0)

Path 442 (6 moves):
  (1, 1, 1, 1, 1, 1, 1, 1)
  (2, 0, 1, 1, 1, 1, 1, 1)
  (2, 0, 1, 1, 1, 0, 2, 1)
  (2, 0, 1, 2, 0, 0, 2, 1)
  (2, 0, 1, 2, 0, 0, 3, 0)
  (2, 0, 1, 5, 0, 0, 0, 0)
  (2, 0, 0, 6, 0, 0, 0, 0)

Path 443 (6 moves):
  (1, 1, 1, 1, 1, 1, 1, 1)
  (2, 0, 1, 1, 1, 1, 1, 1)
  (2, 0, 1, 1, 1, 0, 2, 1)
  (2, 0, 1, 1, 3, 0, 0, 1)
  (2, 0, 0, 2, 3, 0, 0, 1)
  (2, 0, 0, 2, 0, 0, 0, 4)
  (2, 0, 0, 6, 0, 0, 0, 0)

Path 444 (6 moves):
  (1, 1, 1, 1, 1, 1, 1, 1)
  (2, 0, 1, 1, 1, 1, 1, 1)
  (2, 0, 1, 1, 1, 0, 2, 1)
  (2, 0, 1, 1, 3, 0, 0, 1)
  (2, 0, 1, 1, 0, 0, 0, 4)
  (0, 0, 3, 1, 0, 0, 0, 4)
  (0, 0, 4, 0, 0, 0, 0, 4)

Path 445 (6 moves):
  (1, 1, 1, 1, 1, 1, 1, 1)
  (2, 0, 1, 1, 1, 1, 1, 1)
  (2, 0, 1, 1, 1, 0, 2, 1)
  (2, 0, 1, 1, 3, 0, 0, 1)
  (2, 0, 1, 1, 0, 0, 0, 4)
  (0, 0, 3, 1, 0, 0, 0, 4)
  (0, 0, 3, 5, 0, 0, 0, 0)

Path 446 (6 moves):
  (1, 1, 1, 1, 1, 1, 1, 1)
  (2, 0, 1, 1, 1, 1, 1, 1)
  (2, 0, 1, 1, 1, 0, 2, 1)
  (2, 0, 1, 1, 3, 0, 0, 1)
  (2, 0, 1, 1, 0, 0, 0, 4)
  (2, 0, 0, 2, 0, 0, 0, 4)
  (2, 0, 0, 6, 0, 0, 0, 0)

Path 447 (6 moves):
  (1, 1, 1, 1, 1, 1, 1, 1)
  (2, 0, 1, 1, 1, 1, 1, 1)
  (2, 0, 1, 1, 1, 0, 2, 1)
  (2, 0, 1, 1, 3, 0, 0, 1)
  (2, 0, 1, 1, 0, 0, 0, 4)
  (2, 0, 2, 0, 0, 0, 0, 4)
  (0, 0, 4, 0, 0, 0, 0, 4)

Path 448 (6 moves):
  (1, 1, 1, 1, 1, 1, 1, 1)
  (2, 0, 1, 1, 1, 1, 1, 1)
  (2, 0, 1, 1, 1, 0, 2, 1)
  (2, 0, 1, 1, 3, 0, 0, 1)
  (2, 0, 1, 1, 0, 0, 0, 4)
  (2, 0, 2, 0, 0, 0, 0, 4)
  (4, 0, 0, 0, 0, 0, 0, 4)

Path 449 (6 moves):
  (1, 1, 1, 1, 1, 1, 1, 1)
  (2, 0, 1, 1, 1, 1, 1, 1)
  (2, 0, 1, 1, 1, 0, 2, 1)
  (2, 0, 1, 1, 3, 0, 0, 1)
  (2, 0, 1, 1, 0, 0, 0, 4)
  (2, 0, 1, 5, 0, 0, 0, 0)
  (0, 0, 3, 5, 0, 0, 0, 0)

Path 450 (6 moves):
  (1, 1, 1, 1, 1, 1, 1, 1)
  (2, 0, 1, 1, 1, 1, 1, 1)
  (2, 0, 1, 1, 1, 0, 2, 1)
  (2, 0, 1, 1, 3, 0, 0, 1)
  (2, 0, 1, 1, 0, 0, 0, 4)
  (2, 0, 1, 5, 0, 0, 0, 0)
  (2, 0, 0, 6, 0, 0, 0, 0)

Path 451 (6 moves):
  (1, 1, 1, 1, 1, 1, 1, 1)
  (2, 0, 1, 1, 1, 1, 1, 1)
  (2, 0, 1, 1, 1, 0, 2, 1)
  (2, 0, 1, 1, 1, 0, 3, 0)
  (0, 0, 3, 1, 1, 0, 3, 0)
  (0, 0, 4, 0, 1, 0, 3, 0)
  (0, 0, 0, 0, 1, 0, 7, 0)

Path 452 (6 moves):
  (1, 1, 1, 1, 1, 1, 1, 1)
  (2, 0, 1, 1, 1, 1, 1, 1)
  (2, 0, 1, 1, 1, 0, 2, 1)
  (2, 0, 1, 1, 1, 0, 3, 0)
  (0, 0, 3, 1, 1, 0, 3, 0)
  (0, 0, 3, 0, 2, 0, 3, 0)
  (0, 0, 5, 0, 0, 0, 3, 0)

Path 453 (6 moves):
  (1, 1, 1, 1, 1, 1, 1, 1)
  (2, 0, 1, 1, 1, 1, 1, 1)
  (2, 0, 1, 1, 1, 0, 2, 1)
  (2, 0, 1, 1, 1, 0, 3, 0)
  (0, 0, 3, 1, 1, 0, 3, 0)
  (0, 0, 3, 0, 2, 0, 3, 0)
  (0, 0, 3, 0, 0, 0, 5, 0)

Path 454 (6 moves):
  (1, 1, 1, 1, 1, 1, 1, 1)
  (2, 0, 1, 1, 1, 1, 1, 1)
  (2, 0, 1, 1, 1, 0, 2, 1)
  (2, 0, 1, 1, 1, 0, 3, 0)
  (0, 0, 3, 1, 1, 0, 3, 0)
  (0, 0, 3, 2, 0, 0, 3, 0)
  (0, 0, 3, 5, 0, 0, 0, 0)

Path 455 (6 moves):
  (1, 1, 1, 1, 1, 1, 1, 1)
  (2, 0, 1, 1, 1, 1, 1, 1)
  (2, 0, 1, 1, 1, 0, 2, 1)
  (2, 0, 1, 1, 1, 0, 3, 0)
  (0, 0, 3, 1, 1, 0, 3, 0)
  (0, 0, 3, 4, 1, 0, 0, 0)
  (0, 0, 3, 5, 0, 0, 0, 0)

Path 456 (6 moves):
  (1, 1, 1, 1, 1, 1, 1, 1)
  (2, 0, 1, 1, 1, 1, 1, 1)
  (2, 0, 1, 1, 1, 0, 2, 1)
  (2, 0, 1, 1, 1, 0, 3, 0)
  (2, 0, 0, 2, 1, 0, 3, 0)
  (2, 0, 0, 3, 0, 0, 3, 0)
  (5, 0, 0, 0, 0, 0, 3, 0)

Path 457 (6 moves):
  (1, 1, 1, 1, 1, 1, 1, 1)
  (2, 0, 1, 1, 1, 1, 1, 1)
  (2, 0, 1, 1, 1, 0, 2, 1)
  (2, 0, 1, 1, 1, 0, 3, 0)
  (2, 0, 0, 2, 1, 0, 3, 0)
  (2, 0, 0, 3, 0, 0, 3, 0)
  (2, 0, 0, 6, 0, 0, 0, 0)

Path 458 (6 moves):
  (1, 1, 1, 1, 1, 1, 1, 1)
  (2, 0, 1, 1, 1, 1, 1, 1)
  (2, 0, 1, 1, 1, 0, 2, 1)
  (2, 0, 1, 1, 1, 0, 3, 0)
  (2, 0, 0, 2, 1, 0, 3, 0)
  (2, 0, 0, 5, 1, 0, 0, 0)
  (2, 0, 0, 6, 0, 0, 0, 0)

Path 459 (6 moves):
  (1, 1, 1, 1, 1, 1, 1, 1)
  (2, 0, 1, 1, 1, 1, 1, 1)
  (2, 0, 1, 1, 1, 0, 2, 1)
  (2, 0, 1, 1, 1, 0, 3, 0)
  (2, 0, 1, 0, 2, 0, 3, 0)
  (0, 0, 3, 0, 2, 0, 3, 0)
  (0, 0, 5, 0, 0, 0, 3, 0)

Path 460 (6 moves):
  (1, 1, 1, 1, 1, 1, 1, 1)
  (2, 0, 1, 1, 1, 1, 1, 1)
  (2, 0, 1, 1, 1, 0, 2, 1)
  (2, 0, 1, 1, 1, 0, 3, 0)
  (2, 0, 1, 0, 2, 0, 3, 0)
  (0, 0, 3, 0, 2, 0, 3, 0)
  (0, 0, 3, 0, 0, 0, 5, 0)

Path 461 (6 moves):
  (1, 1, 1, 1, 1, 1, 1, 1)
  (2, 0, 1, 1, 1, 1, 1, 1)
  (2, 0, 1, 1, 1, 0, 2, 1)
  (2, 0, 1, 1, 1, 0, 3, 0)
  (2, 0, 1, 0, 2, 0, 3, 0)
  (2, 0, 3, 0, 0, 0, 3, 0)
  (0, 0, 5, 0, 0, 0, 3, 0)

Path 462 (6 moves):
  (1, 1, 1, 1, 1, 1, 1, 1)
  (2, 0, 1, 1, 1, 1, 1, 1)
  (2, 0, 1, 1, 1, 0, 2, 1)
  (2, 0, 1, 1, 1, 0, 3, 0)
  (2, 0, 1, 0, 2, 0, 3, 0)
  (2, 0, 1, 0, 0, 0, 5, 0)
  (0, 0, 3, 0, 0, 0, 5, 0)

Path 463 (6 moves):
  (1, 1, 1, 1, 1, 1, 1, 1)
  (2, 0, 1, 1, 1, 1, 1, 1)
  (2, 0, 1, 1, 1, 0, 2, 1)
  (2, 0, 1, 1, 1, 0, 3, 0)
  (2, 0, 1, 2, 0, 0, 3, 0)
  (0, 0, 3, 2, 0, 0, 3, 0)
  (0, 0, 3, 5, 0, 0, 0, 0)

Path 464 (6 moves):
  (1, 1, 1, 1, 1, 1, 1, 1)
  (2, 0, 1, 1, 1, 1, 1, 1)
  (2, 0, 1, 1, 1, 0, 2, 1)
  (2, 0, 1, 1, 1, 0, 3, 0)
  (2, 0, 1, 2, 0, 0, 3, 0)
  (2, 0, 0, 3, 0, 0, 3, 0)
  (5, 0, 0, 0, 0, 0, 3, 0)

Path 465 (6 moves):
  (1, 1, 1, 1, 1, 1, 1, 1)
  (2, 0, 1, 1, 1, 1, 1, 1)
  (2, 0, 1, 1, 1, 0, 2, 1)
  (2, 0, 1, 1, 1, 0, 3, 0)
  (2, 0, 1, 2, 0, 0, 3, 0)
  (2, 0, 0, 3, 0, 0, 3, 0)
  (2, 0, 0, 6, 0, 0, 0, 0)

Path 466 (6 moves):
  (1, 1, 1, 1, 1, 1, 1, 1)
  (2, 0, 1, 1, 1, 1, 1, 1)
  (2, 0, 1, 1, 1, 0, 2, 1)
  (2, 0, 1, 1, 1, 0, 3, 0)
  (2, 0, 1, 2, 0, 0, 3, 0)
  (2, 0, 1, 5, 0, 0, 0, 0)
  (0, 0, 3, 5, 0, 0, 0, 0)

Path 467 (6 moves):
  (1, 1, 1, 1, 1, 1, 1, 1)
  (2, 0, 1, 1, 1, 1, 1, 1)
  (2, 0, 1, 1, 1, 0, 2, 1)
  (2, 0, 1, 1, 1, 0, 3, 0)
  (2, 0, 1, 2, 0, 0, 3, 0)
  (2, 0, 1, 5, 0, 0, 0, 0)
  (2, 0, 0, 6, 0, 0, 0, 0)

Path 468 (6 moves):
  (1, 1, 1, 1, 1, 1, 1, 1)
  (2, 0, 1, 1, 1, 1, 1, 1)
  (2, 0, 1, 1, 1, 0, 2, 1)
  (2, 0, 1, 1, 1, 0, 3, 0)
  (2, 0, 1, 4, 1, 0, 0, 0)
  (0, 0, 3, 4, 1, 0, 0, 0)
  (0, 0, 3, 5, 0, 0, 0, 0)

Path 469 (6 moves):
  (1, 1, 1, 1, 1, 1, 1, 1)
  (2, 0, 1, 1, 1, 1, 1, 1)
  (2, 0, 1, 1, 1, 0, 2, 1)
  (2, 0, 1, 1, 1, 0, 3, 0)
  (2, 0, 1, 4, 1, 0, 0, 0)
  (2, 0, 0, 5, 1, 0, 0, 0)
  (2, 0, 0, 6, 0, 0, 0, 0)

Path 470 (6 moves):
  (1, 1, 1, 1, 1, 1, 1, 1)
  (2, 0, 1, 1, 1, 1, 1, 1)
  (2, 0, 1, 1, 1, 0, 2, 1)
  (2, 0, 1, 1, 1, 0, 3, 0)
  (2, 0, 1, 4, 1, 0, 0, 0)
  (2, 0, 1, 5, 0, 0, 0, 0)
  (0, 0, 3, 5, 0, 0, 0, 0)

Path 471 (6 moves):
  (1, 1, 1, 1, 1, 1, 1, 1)
  (2, 0, 1, 1, 1, 1, 1, 1)
  (2, 0, 1, 1, 1, 0, 2, 1)
  (2, 0, 1, 1, 1, 0, 3, 0)
  (2, 0, 1, 4, 1, 0, 0, 0)
  (2, 0, 1, 5, 0, 0, 0, 0)
  (2, 0, 0, 6, 0, 0, 0, 0)

Path 472 (6 moves):
  (1, 1, 1, 1, 1, 1, 1, 1)
  (2, 0, 1, 1, 1, 1, 1, 1)
  (2, 0, 1, 1, 1, 1, 0, 2)
  (0, 0, 3, 1, 1, 1, 0, 2)
  (0, 0, 4, 0, 1, 1, 0, 2)
  (0, 0, 4, 0, 0, 2, 0, 2)
  (0, 0, 4, 0, 0, 0, 0, 4)

Path 473 (6 moves):
  (1, 1, 1, 1, 1, 1, 1, 1)
  (2, 0, 1, 1, 1, 1, 1, 1)
  (2, 0, 1, 1, 1, 1, 0, 2)
  (0, 0, 3, 1, 1, 1, 0, 2)
  (0, 0, 4, 0, 1, 1, 0, 2)
  (0, 0, 4, 0, 0, 2, 0, 2)
  (0, 0, 4, 0, 0, 4, 0, 0)

Path 474 (6 moves):
  (1, 1, 1, 1, 1, 1, 1, 1)
  (2, 0, 1, 1, 1, 1, 1, 1)
  (2, 0, 1, 1, 1, 1, 0, 2)
  (0, 0, 3, 1, 1, 1, 0, 2)
  (0, 0, 4, 0, 1, 1, 0, 2)
  (0, 0, 4, 0, 2, 0, 0, 2)
  (0, 0, 6, 0, 0, 0, 0, 2)

Path 475 (6 moves):
  (1, 1, 1, 1, 1, 1, 1, 1)
  (2, 0, 1, 1, 1, 1, 1, 1)
  (2, 0, 1, 1, 1, 1, 0, 2)
  (0, 0, 3, 1, 1, 1, 0, 2)
  (0, 0, 4, 0, 1, 1, 0, 2)
  (0, 0, 4, 0, 1, 3, 0, 0)
  (0, 0, 4, 0, 0, 4, 0, 0)

Path 476 (6 moves):
  (1, 1, 1, 1, 1, 1, 1, 1)
  (2, 0, 1, 1, 1, 1, 1, 1)
  (2, 0, 1, 1, 1, 1, 0, 2)
  (0, 0, 3, 1, 1, 1, 0, 2)
  (0, 0, 4, 0, 1, 1, 0, 2)
  (0, 0, 4, 0, 1, 3, 0, 0)
  (0, 0, 7, 0, 1, 0, 0, 0)

Path 477 (6 moves):
  (1, 1, 1, 1, 1, 1, 1, 1)
  (2, 0, 1, 1, 1, 1, 1, 1)
  (2, 0, 1, 1, 1, 1, 0, 2)
  (0, 0, 3, 1, 1, 1, 0, 2)
  (0, 0, 3, 1, 1, 3, 0, 0)
  (0, 0, 0, 1, 1, 6, 0, 0)
  (0, 0, 0, 0, 2, 6, 0, 0)

Path 478 (6 moves):
  (1, 1, 1, 1, 1, 1, 1, 1)
  (2, 0, 1, 1, 1, 1, 1, 1)
  (2, 0, 1, 1, 1, 1, 0, 2)
  (0, 0, 3, 1, 1, 1, 0, 2)
  (0, 0, 3, 1, 1, 3, 0, 0)
  (0, 0, 0, 1, 1, 6, 0, 0)
  (0, 0, 0, 1, 0, 7, 0, 0)

Path 479 (6 moves):
  (1, 1, 1, 1, 1, 1, 1, 1)
  (2, 0, 1, 1, 1, 1, 1, 1)
  (2, 0, 1, 1, 1, 1, 0, 2)
  (0, 0, 3, 1, 1, 1, 0, 2)
  (0, 0, 3, 1, 1, 3, 0, 0)
  (0, 0, 4, 0, 1, 3, 0, 0)
  (0, 0, 4, 0, 0, 4, 0, 0)

Path 480 (6 moves):
  (1, 1, 1, 1, 1, 1, 1, 1)
  (2, 0, 1, 1, 1, 1, 1, 1)
  (2, 0, 1, 1, 1, 1, 0, 2)
  (0, 0, 3, 1, 1, 1, 0, 2)
  (0, 0, 3, 1, 1, 3, 0, 0)
  (0, 0, 4, 0, 1, 3, 0, 0)
  (0, 0, 7, 0, 1, 0, 0, 0)

Path 481 (6 moves):
  (1, 1, 1, 1, 1, 1, 1, 1)
  (2, 0, 1, 1, 1, 1, 1, 1)
  (2, 0, 1, 1, 1, 1, 0, 2)
  (0, 0, 3, 1, 1, 1, 0, 2)
  (0, 0, 3, 1, 1, 3, 0, 0)
  (0, 0, 3, 0, 2, 3, 0, 0)
  (0, 0, 0, 0, 2, 6, 0, 0)

Path 482 (6 moves):
  (1, 1, 1, 1, 1, 1, 1, 1)
  (2, 0, 1, 1, 1, 1, 1, 1)
  (2, 0, 1, 1, 1, 1, 0, 2)
  (0, 0, 3, 1, 1, 1, 0, 2)
  (0, 0, 3, 1, 1, 3, 0, 0)
  (0, 0, 3, 2, 0, 3, 0, 0)
  (0, 0, 6, 2, 0, 0, 0, 0)

Path 483 (6 moves):
  (1, 1, 1, 1, 1, 1, 1, 1)
  (2, 0, 1, 1, 1, 1, 1, 1)
  (2, 0, 1, 1, 1, 1, 0, 2)
  (0, 0, 3, 1, 1, 1, 0, 2)
  (0, 0, 3, 1, 1, 3, 0, 0)
  (0, 0, 3, 1, 0, 4, 0, 0)
  (0, 0, 0, 1, 0, 7, 0, 0)

Path 484 (6 moves):
  (1, 1, 1, 1, 1, 1, 1, 1)
  (2, 0, 1, 1, 1, 1, 1, 1)
  (2, 0, 1, 1, 1, 1, 0, 2)
  (0, 0, 3, 1, 1, 1, 0, 2)
  (0, 0, 3, 1, 1, 3, 0, 0)
  (0, 0, 3, 1, 0, 4, 0, 0)
  (0, 0, 4, 0, 0, 4, 0, 0)

Path 485 (6 moves):
  (1, 1, 1, 1, 1, 1, 1, 1)
  (2, 0, 1, 1, 1, 1, 1, 1)
  (2, 0, 1, 1, 1, 1, 0, 2)
  (0, 0, 3, 1, 1, 1, 0, 2)
  (0, 0, 3, 1, 1, 3, 0, 0)
  (0, 0, 6, 1, 1, 0, 0, 0)
  (0, 0, 7, 0, 1, 0, 0, 0)

Path 486 (6 moves):
  (1, 1, 1, 1, 1, 1, 1, 1)
  (2, 0, 1, 1, 1, 1, 1, 1)
  (2, 0, 1, 1, 1, 1, 0, 2)
  (0, 0, 3, 1, 1, 1, 0, 2)
  (0, 0, 3, 1, 1, 3, 0, 0)
  (0, 0, 6, 1, 1, 0, 0, 0)
  (0, 0, 6, 2, 0, 0, 0, 0)

Path 487 (6 moves):
  (1, 1, 1, 1, 1, 1, 1, 1)
  (2, 0, 1, 1, 1, 1, 1, 1)
  (2, 0, 1, 1, 1, 1, 0, 2)
  (2, 0, 0, 2, 1, 1, 0, 2)
  (2, 0, 0, 0, 1, 3, 0, 2)
  (2, 0, 0, 0, 0, 4, 0, 2)
  (2, 0, 0, 0, 0, 6, 0, 0)

Path 488 (6 moves):
  (1, 1, 1, 1, 1, 1, 1, 1)
  (2, 0, 1, 1, 1, 1, 1, 1)
  (2, 0, 1, 1, 1, 1, 0, 2)
  (2, 0, 0, 2, 1, 1, 0, 2)
  (2, 0, 0, 0, 1, 3, 0, 2)
  (2, 0, 0, 0, 1, 5, 0, 0)
  (2, 0, 0, 0, 0, 6, 0, 0)

Path 489 (6 moves):
  (1, 1, 1, 1, 1, 1, 1, 1)
  (2, 0, 1, 1, 1, 1, 1, 1)
  (2, 0, 1, 1, 1, 1, 0, 2)
  (2, 0, 0, 2, 1, 1, 0, 2)
  (2, 0, 0, 0, 1, 3, 0, 2)
  (2, 0, 0, 0, 1, 5, 0, 0)
  (7, 0, 0, 0, 1, 0, 0, 0)

Path 490 (6 moves):
  (1, 1, 1, 1, 1, 1, 1, 1)
  (2, 0, 1, 1, 1, 1, 1, 1)
  (2, 0, 1, 1, 1, 1, 0, 2)
  (2, 0, 0, 2, 1, 1, 0, 2)
  (2, 0, 0, 2, 0, 2, 0, 2)
  (2, 0, 0, 0, 0, 4, 0, 2)
  (2, 0, 0, 0, 0, 6, 0, 0)

Path 491 (6 moves):
  (1, 1, 1, 1, 1, 1, 1, 1)
  (2, 0, 1, 1, 1, 1, 1, 1)
  (2, 0, 1, 1, 1, 1, 0, 2)
  (2, 0, 0, 2, 1, 1, 0, 2)
  (2, 0, 0, 2, 0, 2, 0, 2)
  (2, 0, 0, 4, 0, 0, 0, 2)
  (2, 0, 0, 0, 0, 0, 0, 6)

Path 492 (6 moves):
  (1, 1, 1, 1, 1, 1, 1, 1)
  (2, 0, 1, 1, 1, 1, 1, 1)
  (2, 0, 1, 1, 1, 1, 0, 2)
  (2, 0, 0, 2, 1, 1, 0, 2)
  (2, 0, 0, 2, 0, 2, 0, 2)
  (2, 0, 0, 2, 0, 0, 0, 4)
  (2, 0, 0, 6, 0, 0, 0, 0)

Path 493 (6 moves):
  (1, 1, 1, 1, 1, 1, 1, 1)
  (2, 0, 1, 1, 1, 1, 1, 1)
  (2, 0, 1, 1, 1, 1, 0, 2)
  (2, 0, 0, 2, 1, 1, 0, 2)
  (2, 0, 0, 2, 0, 2, 0, 2)
  (2, 0, 0, 2, 0, 4, 0, 0)
  (2, 0, 0, 0, 0, 6, 0, 0)

Path 494 (4 moves):
  (1, 1, 1, 1, 1, 1, 1, 1)
  (2, 0, 1, 1, 1, 1, 1, 1)
  (2, 0, 1, 1, 1, 1, 0, 2)
  (2, 0, 0, 2, 1, 1, 0, 2)
  (2, 0, 0, 2, 2, 0, 0, 2)

Path 495 (6 moves):
  (1, 1, 1, 1, 1, 1, 1, 1)
  (2, 0, 1, 1, 1, 1, 1, 1)
  (2, 0, 1, 1, 1, 1, 0, 2)
  (2, 0, 2, 0, 1, 1, 0, 2)
  (0, 0, 4, 0, 1, 1, 0, 2)
  (0, 0, 4, 0, 0, 2, 0, 2)
  (0, 0, 4, 0, 0, 0, 0, 4)

Path 496 (6 moves):
  (1, 1, 1, 1, 1, 1, 1, 1)
  (2, 0, 1, 1, 1, 1, 1, 1)
  (2, 0, 1, 1, 1, 1, 0, 2)
  (2, 0, 2, 0, 1, 1, 0, 2)
  (0, 0, 4, 0, 1, 1, 0, 2)
  (0, 0, 4, 0, 0, 2, 0, 2)
  (0, 0, 4, 0, 0, 4, 0, 0)

Path 497 (6 moves):
  (1, 1, 1, 1, 1, 1, 1, 1)
  (2, 0, 1, 1, 1, 1, 1, 1)
  (2, 0, 1, 1, 1, 1, 0, 2)
  (2, 0, 2, 0, 1, 1, 0, 2)
  (0, 0, 4, 0, 1, 1, 0, 2)
  (0, 0, 4, 0, 2, 0, 0, 2)
  (0, 0, 6, 0, 0, 0, 0, 2)

Path 498 (6 moves):
  (1, 1, 1, 1, 1, 1, 1, 1)
  (2, 0, 1, 1, 1, 1, 1, 1)
  (2, 0, 1, 1, 1, 1, 0, 2)
  (2, 0, 2, 0, 1, 1, 0, 2)
  (0, 0, 4, 0, 1, 1, 0, 2)
  (0, 0, 4, 0, 1, 3, 0, 0)
  (0, 0, 4, 0, 0, 4, 0, 0)

Path 499 (6 moves):
  (1, 1, 1, 1, 1, 1, 1, 1)
  (2, 0, 1, 1, 1, 1, 1, 1)
  (2, 0, 1, 1, 1, 1, 0, 2)
  (2, 0, 2, 0, 1, 1, 0, 2)
  (0, 0, 4, 0, 1, 1, 0, 2)
  (0, 0, 4, 0, 1, 3, 0, 0)
  (0, 0, 7, 0, 1, 0, 0, 0)

Path 500 (6 moves):
  (1, 1, 1, 1, 1, 1, 1, 1)
  (2, 0, 1, 1, 1, 1, 1, 1)
  (2, 0, 1, 1, 1, 1, 0, 2)
  (2, 0, 2, 0, 1, 1, 0, 2)
  (4, 0, 0, 0, 1, 1, 0, 2)
  (0, 0, 0, 0, 5, 1, 0, 2)
  (0, 0, 0, 0, 6, 0, 0, 2)

Path 501 (6 moves):
  (1, 1, 1, 1, 1, 1, 1, 1)
  (2, 0, 1, 1, 1, 1, 1, 1)
  (2, 0, 1, 1, 1, 1, 0, 2)
  (2, 0, 2, 0, 1, 1, 0, 2)
  (4, 0, 0, 0, 1, 1, 0, 2)
  (0, 0, 0, 0, 5, 1, 0, 2)
  (0, 0, 0, 0, 5, 3, 0, 0)

Path 502 (6 moves):
  (1, 1, 1, 1, 1, 1, 1, 1)
  (2, 0, 1, 1, 1, 1, 1, 1)
  (2, 0, 1, 1, 1, 1, 0, 2)
  (2, 0, 2, 0, 1, 1, 0, 2)
  (4, 0, 0, 0, 1, 1, 0, 2)
  (4, 0, 0, 0, 0, 2, 0, 2)
  (4, 0, 0, 0, 0, 0, 0, 4)

Path 503 (6 moves):
  (1, 1, 1, 1, 1, 1, 1, 1)
  (2, 0, 1, 1, 1, 1, 1, 1)
  (2, 0, 1, 1, 1, 1, 0, 2)
  (2, 0, 2, 0, 1, 1, 0, 2)
  (4, 0, 0, 0, 1, 1, 0, 2)
  (4, 0, 0, 0, 0, 2, 0, 2)
  (4, 0, 0, 0, 0, 4, 0, 0)

Path 504 (6 moves):
  (1, 1, 1, 1, 1, 1, 1, 1)
  (2, 0, 1, 1, 1, 1, 1, 1)
  (2, 0, 1, 1, 1, 1, 0, 2)
  (2, 0, 2, 0, 1, 1, 0, 2)
  (4, 0, 0, 0, 1, 1, 0, 2)
  (4, 0, 0, 0, 2, 0, 0, 2)
  (0, 0, 0, 0, 6, 0, 0, 2)

Path 505 (6 moves):
  (1, 1, 1, 1, 1, 1, 1, 1)
  (2, 0, 1, 1, 1, 1, 1, 1)
  (2, 0, 1, 1, 1, 1, 0, 2)
  (2, 0, 2, 0, 1, 1, 0, 2)
  (4, 0, 0, 0, 1, 1, 0, 2)
  (4, 0, 0, 0, 1, 3, 0, 0)
  (0, 0, 0, 0, 5, 3, 0, 0)

Path 506 (6 moves):
  (1, 1, 1, 1, 1, 1, 1, 1)
  (2, 0, 1, 1, 1, 1, 1, 1)
  (2, 0, 1, 1, 1, 1, 0, 2)
  (2, 0, 2, 0, 1, 1, 0, 2)
  (4, 0, 0, 0, 1, 1, 0, 2)
  (4, 0, 0, 0, 1, 3, 0, 0)
  (4, 0, 0, 0, 0, 4, 0, 0)

Path 507 (6 moves):
  (1, 1, 1, 1, 1, 1, 1, 1)
  (2, 0, 1, 1, 1, 1, 1, 1)
  (2, 0, 1, 1, 1, 1, 0, 2)
  (2, 0, 2, 0, 1, 1, 0, 2)
  (2, 0, 2, 0, 0, 2, 0, 2)
  (0, 0, 4, 0, 0, 2, 0, 2)
  (0, 0, 4, 0, 0, 0, 0, 4)

Path 508 (6 moves):
  (1, 1, 1, 1, 1, 1, 1, 1)
  (2, 0, 1, 1, 1, 1, 1, 1)
  (2, 0, 1, 1, 1, 1, 0, 2)
  (2, 0, 2, 0, 1, 1, 0, 2)
  (2, 0, 2, 0, 0, 2, 0, 2)
  (0, 0, 4, 0, 0, 2, 0, 2)
  (0, 0, 4, 0, 0, 4, 0, 0)

Path 509 (6 moves):
  (1, 1, 1, 1, 1, 1, 1, 1)
  (2, 0, 1, 1, 1, 1, 1, 1)
  (2, 0, 1, 1, 1, 1, 0, 2)
  (2, 0, 2, 0, 1, 1, 0, 2)
  (2, 0, 2, 0, 0, 2, 0, 2)
  (4, 0, 0, 0, 0, 2, 0, 2)
  (4, 0, 0, 0, 0, 0, 0, 4)

Path 510 (6 moves):
  (1, 1, 1, 1, 1, 1, 1, 1)
  (2, 0, 1, 1, 1, 1, 1, 1)
  (2, 0, 1, 1, 1, 1, 0, 2)
  (2, 0, 2, 0, 1, 1, 0, 2)
  (2, 0, 2, 0, 0, 2, 0, 2)
  (4, 0, 0, 0, 0, 2, 0, 2)
  (4, 0, 0, 0, 0, 4, 0, 0)

Path 511 (6 moves):
  (1, 1, 1, 1, 1, 1, 1, 1)
  (2, 0, 1, 1, 1, 1, 1, 1)
  (2, 0, 1, 1, 1, 1, 0, 2)
  (2, 0, 2, 0, 1, 1, 0, 2)
  (2, 0, 2, 0, 0, 2, 0, 2)
  (2, 0, 2, 0, 0, 0, 0, 4)
  (0, 0, 4, 0, 0, 0, 0, 4)

Path 512 (6 moves):
  (1, 1, 1, 1, 1, 1, 1, 1)
  (2, 0, 1, 1, 1, 1, 1, 1)
  (2, 0, 1, 1, 1, 1, 0, 2)
  (2, 0, 2, 0, 1, 1, 0, 2)
  (2, 0, 2, 0, 0, 2, 0, 2)
  (2, 0, 2, 0, 0, 0, 0, 4)
  (4, 0, 0, 0, 0, 0, 0, 4)

Path 513 (6 moves):
  (1, 1, 1, 1, 1, 1, 1, 1)
  (2, 0, 1, 1, 1, 1, 1, 1)
  (2, 0, 1, 1, 1, 1, 0, 2)
  (2, 0, 2, 0, 1, 1, 0, 2)
  (2, 0, 2, 0, 0, 2, 0, 2)
  (2, 0, 2, 0, 0, 4, 0, 0)
  (0, 0, 4, 0, 0, 4, 0, 0)

Path 514 (6 moves):
  (1, 1, 1, 1, 1, 1, 1, 1)
  (2, 0, 1, 1, 1, 1, 1, 1)
  (2, 0, 1, 1, 1, 1, 0, 2)
  (2, 0, 2, 0, 1, 1, 0, 2)
  (2, 0, 2, 0, 0, 2, 0, 2)
  (2, 0, 2, 0, 0, 4, 0, 0)
  (4, 0, 0, 0, 0, 4, 0, 0)

Path 515 (6 moves):
  (1, 1, 1, 1, 1, 1, 1, 1)
  (2, 0, 1, 1, 1, 1, 1, 1)
  (2, 0, 1, 1, 1, 1, 0, 2)
  (2, 0, 2, 0, 1, 1, 0, 2)
  (2, 0, 2, 0, 2, 0, 0, 2)
  (0, 0, 4, 0, 2, 0, 0, 2)
  (0, 0, 6, 0, 0, 0, 0, 2)

Path 516 (6 moves):
  (1, 1, 1, 1, 1, 1, 1, 1)
  (2, 0, 1, 1, 1, 1, 1, 1)
  (2, 0, 1, 1, 1, 1, 0, 2)
  (2, 0, 2, 0, 1, 1, 0, 2)
  (2, 0, 2, 0, 2, 0, 0, 2)
  (4, 0, 0, 0, 2, 0, 0, 2)
  (0, 0, 0, 0, 6, 0, 0, 2)

Path 517 (6 moves):
  (1, 1, 1, 1, 1, 1, 1, 1)
  (2, 0, 1, 1, 1, 1, 1, 1)
  (2, 0, 1, 1, 1, 1, 0, 2)
  (2, 0, 2, 0, 1, 1, 0, 2)
  (2, 0, 2, 0, 2, 0, 0, 2)
  (2, 0, 0, 0, 4, 0, 0, 2)
  (6, 0, 0, 0, 0, 0, 0, 2)

Path 518 (6 moves):
  (1, 1, 1, 1, 1, 1, 1, 1)
  (2, 0, 1, 1, 1, 1, 1, 1)
  (2, 0, 1, 1, 1, 1, 0, 2)
  (2, 0, 2, 0, 1, 1, 0, 2)
  (2, 0, 2, 0, 2, 0, 0, 2)
  (2, 0, 4, 0, 0, 0, 0, 2)
  (0, 0, 6, 0, 0, 0, 0, 2)

Path 519 (6 moves):
  (1, 1, 1, 1, 1, 1, 1, 1)
  (2, 0, 1, 1, 1, 1, 1, 1)
  (2, 0, 1, 1, 1, 1, 0, 2)
  (2, 0, 1, 0, 2, 1, 0, 2)
  (2, 0, 3, 0, 0, 1, 0, 2)
  (0, 0, 5, 0, 0, 1, 0, 2)
  (0, 0, 0, 0, 0, 1, 0, 7)

Path 520 (6 moves):
  (1, 1, 1, 1, 1, 1, 1, 1)
  (2, 0, 1, 1, 1, 1, 1, 1)
  (2, 0, 1, 1, 1, 1, 0, 2)
  (2, 0, 1, 0, 2, 1, 0, 2)
  (2, 0, 3, 0, 0, 1, 0, 2)
  (2, 0, 0, 0, 0, 4, 0, 2)
  (2, 0, 0, 0, 0, 6, 0, 0)

Path 521 (6 moves):
  (1, 1, 1, 1, 1, 1, 1, 1)
  (2, 0, 1, 1, 1, 1, 1, 1)
  (2, 0, 1, 1, 1, 1, 0, 2)
  (2, 0, 1, 0, 2, 1, 0, 2)
  (2, 0, 3, 0, 0, 1, 0, 2)
  (2, 0, 3, 0, 0, 3, 0, 0)
  (2, 0, 0, 0, 0, 6, 0, 0)

Path 522 (6 moves):
  (1, 1, 1, 1, 1, 1, 1, 1)
  (2, 0, 1, 1, 1, 1, 1, 1)
  (2, 0, 1, 1, 1, 1, 0, 2)
  (2, 0, 1, 2, 0, 1, 0, 2)
  (2, 0, 1, 0, 0, 3, 0, 2)
  (0, 0, 3, 0, 0, 3, 0, 2)
  (0, 0, 6, 0, 0, 0, 0, 2)

Path 523 (6 moves):
  (1, 1, 1, 1, 1, 1, 1, 1)
  (2, 0, 1, 1, 1, 1, 1, 1)
  (2, 0, 1, 1, 1, 1, 0, 2)
  (2, 0, 1, 2, 0, 1, 0, 2)
  (2, 0, 1, 0, 0, 3, 0, 2)
  (2, 0, 4, 0, 0, 0, 0, 2)
  (0, 0, 6, 0, 0, 0, 0, 2)

Path 524 (6 moves):
  (1, 1, 1, 1, 1, 1, 1, 1)
  (2, 0, 1, 1, 1, 1, 1, 1)
  (2, 0, 1, 1, 1, 1, 0, 2)
  (2, 0, 1, 2, 0, 1, 0, 2)
  (2, 0, 1, 0, 0, 3, 0, 2)
  (2, 0, 1, 0, 0, 5, 0, 0)
  (7, 0, 1, 0, 0, 0, 0, 0)

Path 525 (6 moves):
  (1, 1, 1, 1, 1, 1, 1, 1)
  (2, 0, 1, 1, 1, 1, 1, 1)
  (2, 0, 1, 1, 1, 1, 0, 2)
  (2, 0, 1, 1, 0, 2, 0, 2)
  (2, 0, 0, 2, 0, 2, 0, 2)
  (2, 0, 0, 0, 0, 4, 0, 2)
  (2, 0, 0, 0, 0, 6, 0, 0)

Path 526 (6 moves):
  (1, 1, 1, 1, 1, 1, 1, 1)
  (2, 0, 1, 1, 1, 1, 1, 1)
  (2, 0, 1, 1, 1, 1, 0, 2)
  (2, 0, 1, 1, 0, 2, 0, 2)
  (2, 0, 0, 2, 0, 2, 0, 2)
  (2, 0, 0, 4, 0, 0, 0, 2)
  (2, 0, 0, 0, 0, 0, 0, 6)

Path 527 (6 moves):
  (1, 1, 1, 1, 1, 1, 1, 1)
  (2, 0, 1, 1, 1, 1, 1, 1)
  (2, 0, 1, 1, 1, 1, 0, 2)
  (2, 0, 1, 1, 0, 2, 0, 2)
  (2, 0, 0, 2, 0, 2, 0, 2)
  (2, 0, 0, 2, 0, 0, 0, 4)
  (2, 0, 0, 6, 0, 0, 0, 0)

Path 528 (6 moves):
  (1, 1, 1, 1, 1, 1, 1, 1)
  (2, 0, 1, 1, 1, 1, 1, 1)
  (2, 0, 1, 1, 1, 1, 0, 2)
  (2, 0, 1, 1, 0, 2, 0, 2)
  (2, 0, 0, 2, 0, 2, 0, 2)
  (2, 0, 0, 2, 0, 4, 0, 0)
  (2, 0, 0, 0, 0, 6, 0, 0)

Path 529 (6 moves):
  (1, 1, 1, 1, 1, 1, 1, 1)
  (2, 0, 1, 1, 1, 1, 1, 1)
  (2, 0, 1, 1, 1, 1, 0, 2)
  (2, 0, 1, 1, 0, 2, 0, 2)
  (2, 0, 2, 0, 0, 2, 0, 2)
  (0, 0, 4, 0, 0, 2, 0, 2)
  (0, 0, 4, 0, 0, 0, 0, 4)

Path 530 (6 moves):
  (1, 1, 1, 1, 1, 1, 1, 1)
  (2, 0, 1, 1, 1, 1, 1, 1)
  (2, 0, 1, 1, 1, 1, 0, 2)
  (2, 0, 1, 1, 0, 2, 0, 2)
  (2, 0, 2, 0, 0, 2, 0, 2)
  (0, 0, 4, 0, 0, 2, 0, 2)
  (0, 0, 4, 0, 0, 4, 0, 0)

Path 531 (6 moves):
  (1, 1, 1, 1, 1, 1, 1, 1)
  (2, 0, 1, 1, 1, 1, 1, 1)
  (2, 0, 1, 1, 1, 1, 0, 2)
  (2, 0, 1, 1, 0, 2, 0, 2)
  (2, 0, 2, 0, 0, 2, 0, 2)
  (4, 0, 0, 0, 0, 2, 0, 2)
  (4, 0, 0, 0, 0, 0, 0, 4)

Path 532 (6 moves):
  (1, 1, 1, 1, 1, 1, 1, 1)
  (2, 0, 1, 1, 1, 1, 1, 1)
  (2, 0, 1, 1, 1, 1, 0, 2)
  (2, 0, 1, 1, 0, 2, 0, 2)
  (2, 0, 2, 0, 0, 2, 0, 2)
  (4, 0, 0, 0, 0, 2, 0, 2)
  (4, 0, 0, 0, 0, 4, 0, 0)

Path 533 (6 moves):
  (1, 1, 1, 1, 1, 1, 1, 1)
  (2, 0, 1, 1, 1, 1, 1, 1)
  (2, 0, 1, 1, 1, 1, 0, 2)
  (2, 0, 1, 1, 0, 2, 0, 2)
  (2, 0, 2, 0, 0, 2, 0, 2)
  (2, 0, 2, 0, 0, 0, 0, 4)
  (0, 0, 4, 0, 0, 0, 0, 4)

Path 534 (6 moves):
  (1, 1, 1, 1, 1, 1, 1, 1)
  (2, 0, 1, 1, 1, 1, 1, 1)
  (2, 0, 1, 1, 1, 1, 0, 2)
  (2, 0, 1, 1, 0, 2, 0, 2)
  (2, 0, 2, 0, 0, 2, 0, 2)
  (2, 0, 2, 0, 0, 0, 0, 4)
  (4, 0, 0, 0, 0, 0, 0, 4)

Path 535 (6 moves):
  (1, 1, 1, 1, 1, 1, 1, 1)
  (2, 0, 1, 1, 1, 1, 1, 1)
  (2, 0, 1, 1, 1, 1, 0, 2)
  (2, 0, 1, 1, 0, 2, 0, 2)
  (2, 0, 2, 0, 0, 2, 0, 2)
  (2, 0, 2, 0, 0, 4, 0, 0)
  (0, 0, 4, 0, 0, 4, 0, 0)

Path 536 (6 moves):
  (1, 1, 1, 1, 1, 1, 1, 1)
  (2, 0, 1, 1, 1, 1, 1, 1)
  (2, 0, 1, 1, 1, 1, 0, 2)
  (2, 0, 1, 1, 0, 2, 0, 2)
  (2, 0, 2, 0, 0, 2, 0, 2)
  (2, 0, 2, 0, 0, 4, 0, 0)
  (4, 0, 0, 0, 0, 4, 0, 0)

Path 537 (6 moves):
  (1, 1, 1, 1, 1, 1, 1, 1)
  (2, 0, 1, 1, 1, 1, 1, 1)
  (2, 0, 1, 1, 1, 1, 0, 2)
  (2, 0, 1, 1, 0, 2, 0, 2)
  (2, 0, 1, 1, 0, 0, 0, 4)
  (0, 0, 3, 1, 0, 0, 0, 4)
  (0, 0, 4, 0, 0, 0, 0, 4)

Path 538 (6 moves):
  (1, 1, 1, 1, 1, 1, 1, 1)
  (2, 0, 1, 1, 1, 1, 1, 1)
  (2, 0, 1, 1, 1, 1, 0, 2)
  (2, 0, 1, 1, 0, 2, 0, 2)
  (2, 0, 1, 1, 0, 0, 0, 4)
  (0, 0, 3, 1, 0, 0, 0, 4)
  (0, 0, 3, 5, 0, 0, 0, 0)

Path 539 (6 moves):
  (1, 1, 1, 1, 1, 1, 1, 1)
  (2, 0, 1, 1, 1, 1, 1, 1)
  (2, 0, 1, 1, 1, 1, 0, 2)
  (2, 0, 1, 1, 0, 2, 0, 2)
  (2, 0, 1, 1, 0, 0, 0, 4)
  (2, 0, 0, 2, 0, 0, 0, 4)
  (2, 0, 0, 6, 0, 0, 0, 0)

Path 540 (6 moves):
  (1, 1, 1, 1, 1, 1, 1, 1)
  (2, 0, 1, 1, 1, 1, 1, 1)
  (2, 0, 1, 1, 1, 1, 0, 2)
  (2, 0, 1, 1, 0, 2, 0, 2)
  (2, 0, 1, 1, 0, 0, 0, 4)
  (2, 0, 2, 0, 0, 0, 0, 4)
  (0, 0, 4, 0, 0, 0, 0, 4)

Path 541 (6 moves):
  (1, 1, 1, 1, 1, 1, 1, 1)
  (2, 0, 1, 1, 1, 1, 1, 1)
  (2, 0, 1, 1, 1, 1, 0, 2)
  (2, 0, 1, 1, 0, 2, 0, 2)
  (2, 0, 1, 1, 0, 0, 0, 4)
  (2, 0, 2, 0, 0, 0, 0, 4)
  (4, 0, 0, 0, 0, 0, 0, 4)

Path 542 (6 moves):
  (1, 1, 1, 1, 1, 1, 1, 1)
  (2, 0, 1, 1, 1, 1, 1, 1)
  (2, 0, 1, 1, 1, 1, 0, 2)
  (2, 0, 1, 1, 0, 2, 0, 2)
  (2, 0, 1, 1, 0, 0, 0, 4)
  (2, 0, 1, 5, 0, 0, 0, 0)
  (0, 0, 3, 5, 0, 0, 0, 0)

Path 543 (6 moves):
  (1, 1, 1, 1, 1, 1, 1, 1)
  (2, 0, 1, 1, 1, 1, 1, 1)
  (2, 0, 1, 1, 1, 1, 0, 2)
  (2, 0, 1, 1, 0, 2, 0, 2)
  (2, 0, 1, 1, 0, 0, 0, 4)
  (2, 0, 1, 5, 0, 0, 0, 0)
  (2, 0, 0, 6, 0, 0, 0, 0)

Path 544 (6 moves):
  (1, 1, 1, 1, 1, 1, 1, 1)
  (2, 0, 1, 1, 1, 1, 1, 1)
  (2, 0, 1, 1, 1, 1, 0, 2)
  (2, 0, 1, 1, 0, 2, 0, 2)
  (2, 0, 1, 1, 0, 4, 0, 0)
  (0, 0, 3, 1, 0, 4, 0, 0)
  (0, 0, 0, 1, 0, 7, 0, 0)

Path 545 (6 moves):
  (1, 1, 1, 1, 1, 1, 1, 1)
  (2, 0, 1, 1, 1, 1, 1, 1)
  (2, 0, 1, 1, 1, 1, 0, 2)
  (2, 0, 1, 1, 0, 2, 0, 2)
  (2, 0, 1, 1, 0, 4, 0, 0)
  (0, 0, 3, 1, 0, 4, 0, 0)
  (0, 0, 4, 0, 0, 4, 0, 0)

Path 546 (6 moves):
  (1, 1, 1, 1, 1, 1, 1, 1)
  (2, 0, 1, 1, 1, 1, 1, 1)
  (2, 0, 1, 1, 1, 1, 0, 2)
  (2, 0, 1, 1, 0, 2, 0, 2)
  (2, 0, 1, 1, 0, 4, 0, 0)
  (2, 0, 0, 2, 0, 4, 0, 0)
  (2, 0, 0, 0, 0, 6, 0, 0)

Path 547 (6 moves):
  (1, 1, 1, 1, 1, 1, 1, 1)
  (2, 0, 1, 1, 1, 1, 1, 1)
  (2, 0, 1, 1, 1, 1, 0, 2)
  (2, 0, 1, 1, 0, 2, 0, 2)
  (2, 0, 1, 1, 0, 4, 0, 0)
  (2, 0, 2, 0, 0, 4, 0, 0)
  (0, 0, 4, 0, 0, 4, 0, 0)

Path 548 (6 moves):
  (1, 1, 1, 1, 1, 1, 1, 1)
  (2, 0, 1, 1, 1, 1, 1, 1)
  (2, 0, 1, 1, 1, 1, 0, 2)
  (2, 0, 1, 1, 0, 2, 0, 2)
  (2, 0, 1, 1, 0, 4, 0, 0)
  (2, 0, 2, 0, 0, 4, 0, 0)
  (4, 0, 0, 0, 0, 4, 0, 0)

Path 549 (4 moves):
  (1, 1, 1, 1, 1, 1, 1, 1)
  (2, 0, 1, 1, 1, 1, 1, 1)
  (2, 0, 1, 1, 1, 1, 0, 2)
  (2, 0, 1, 1, 2, 0, 0, 2)
  (2, 0, 0, 2, 2, 0, 0, 2)

Path 550 (6 moves):
  (1, 1, 1, 1, 1, 1, 1, 1)
  (2, 0, 1, 1, 1, 1, 1, 1)
  (2, 0, 1, 1, 1, 1, 0, 2)
  (2, 0, 1, 1, 2, 0, 0, 2)
  (2, 0, 2, 0, 2, 0, 0, 2)
  (0, 0, 4, 0, 2, 0, 0, 2)
  (0, 0, 6, 0, 0, 0, 0, 2)

Path 551 (6 moves):
  (1, 1, 1, 1, 1, 1, 1, 1)
  (2, 0, 1, 1, 1, 1, 1, 1)
  (2, 0, 1, 1, 1, 1, 0, 2)
  (2, 0, 1, 1, 2, 0, 0, 2)
  (2, 0, 2, 0, 2, 0, 0, 2)
  (4, 0, 0, 0, 2, 0, 0, 2)
  (0, 0, 0, 0, 6, 0, 0, 2)

Path 552 (6 moves):
  (1, 1, 1, 1, 1, 1, 1, 1)
  (2, 0, 1, 1, 1, 1, 1, 1)
  (2, 0, 1, 1, 1, 1, 0, 2)
  (2, 0, 1, 1, 2, 0, 0, 2)
  (2, 0, 2, 0, 2, 0, 0, 2)
  (2, 0, 0, 0, 4, 0, 0, 2)
  (6, 0, 0, 0, 0, 0, 0, 2)

Path 553 (6 moves):
  (1, 1, 1, 1, 1, 1, 1, 1)
  (2, 0, 1, 1, 1, 1, 1, 1)
  (2, 0, 1, 1, 1, 1, 0, 2)
  (2, 0, 1, 1, 2, 0, 0, 2)
  (2, 0, 2, 0, 2, 0, 0, 2)
  (2, 0, 4, 0, 0, 0, 0, 2)
  (0, 0, 6, 0, 0, 0, 0, 2)

Path 554 (6 moves):
  (1, 1, 1, 1, 1, 1, 1, 1)
  (2, 0, 1, 1, 1, 1, 1, 1)
  (2, 0, 1, 1, 1, 1, 0, 2)
  (2, 0, 1, 1, 2, 0, 0, 2)
  (2, 0, 3, 1, 0, 0, 0, 2)
  (0, 0, 5, 1, 0, 0, 0, 2)
  (0, 0, 0, 1, 0, 0, 0, 7)

Path 555 (6 moves):
  (1, 1, 1, 1, 1, 1, 1, 1)
  (2, 0, 1, 1, 1, 1, 1, 1)
  (2, 0, 1, 1, 1, 1, 0, 2)
  (2, 0, 1, 1, 2, 0, 0, 2)
  (2, 0, 3, 1, 0, 0, 0, 2)
  (0, 0, 5, 1, 0, 0, 0, 2)
  (0, 0, 6, 0, 0, 0, 0, 2)

Path 556 (6 moves):
  (1, 1, 1, 1, 1, 1, 1, 1)
  (2, 0, 1, 1, 1, 1, 1, 1)
  (2, 0, 1, 1, 1, 1, 0, 2)
  (2, 0, 1, 1, 2, 0, 0, 2)
  (2, 0, 3, 1, 0, 0, 0, 2)
  (2, 0, 4, 0, 0, 0, 0, 2)
  (0, 0, 6, 0, 0, 0, 0, 2)

Path 557 (6 moves):
  (1, 1, 1, 1, 1, 1, 1, 1)
  (2, 0, 1, 1, 1, 1, 1, 1)
  (2, 0, 1, 1, 1, 1, 0, 2)
  (2, 0, 1, 1, 1, 3, 0, 0)
  (0, 0, 3, 1, 1, 3, 0, 0)
  (0, 0, 0, 1, 1, 6, 0, 0)
  (0, 0, 0, 0, 2, 6, 0, 0)

Path 558 (6 moves):
  (1, 1, 1, 1, 1, 1, 1, 1)
  (2, 0, 1, 1, 1, 1, 1, 1)
  (2, 0, 1, 1, 1, 1, 0, 2)
  (2, 0, 1, 1, 1, 3, 0, 0)
  (0, 0, 3, 1, 1, 3, 0, 0)
  (0, 0, 0, 1, 1, 6, 0, 0)
  (0, 0, 0, 1, 0, 7, 0, 0)

Path 559 (6 moves):
  (1, 1, 1, 1, 1, 1, 1, 1)
  (2, 0, 1, 1, 1, 1, 1, 1)
  (2, 0, 1, 1, 1, 1, 0, 2)
  (2, 0, 1, 1, 1, 3, 0, 0)
  (0, 0, 3, 1, 1, 3, 0, 0)
  (0, 0, 4, 0, 1, 3, 0, 0)
  (0, 0, 4, 0, 0, 4, 0, 0)

Path 560 (6 moves):
  (1, 1, 1, 1, 1, 1, 1, 1)
  (2, 0, 1, 1, 1, 1, 1, 1)
  (2, 0, 1, 1, 1, 1, 0, 2)
  (2, 0, 1, 1, 1, 3, 0, 0)
  (0, 0, 3, 1, 1, 3, 0, 0)
  (0, 0, 4, 0, 1, 3, 0, 0)
  (0, 0, 7, 0, 1, 0, 0, 0)

Path 561 (6 moves):
  (1, 1, 1, 1, 1, 1, 1, 1)
  (2, 0, 1, 1, 1, 1, 1, 1)
  (2, 0, 1, 1, 1, 1, 0, 2)
  (2, 0, 1, 1, 1, 3, 0, 0)
  (0, 0, 3, 1, 1, 3, 0, 0)
  (0, 0, 3, 0, 2, 3, 0, 0)
  (0, 0, 0, 0, 2, 6, 0, 0)

Path 562 (6 moves):
  (1, 1, 1, 1, 1, 1, 1, 1)
  (2, 0, 1, 1, 1, 1, 1, 1)
  (2, 0, 1, 1, 1, 1, 0, 2)
  (2, 0, 1, 1, 1, 3, 0, 0)
  (0, 0, 3, 1, 1, 3, 0, 0)
  (0, 0, 3, 2, 0, 3, 0, 0)
  (0, 0, 6, 2, 0, 0, 0, 0)

Path 563 (6 moves):
  (1, 1, 1, 1, 1, 1, 1, 1)
  (2, 0, 1, 1, 1, 1, 1, 1)
  (2, 0, 1, 1, 1, 1, 0, 2)
  (2, 0, 1, 1, 1, 3, 0, 0)
  (0, 0, 3, 1, 1, 3, 0, 0)
  (0, 0, 3, 1, 0, 4, 0, 0)
  (0, 0, 0, 1, 0, 7, 0, 0)

Path 564 (6 moves):
  (1, 1, 1, 1, 1, 1, 1, 1)
  (2, 0, 1, 1, 1, 1, 1, 1)
  (2, 0, 1, 1, 1, 1, 0, 2)
  (2, 0, 1, 1, 1, 3, 0, 0)
  (0, 0, 3, 1, 1, 3, 0, 0)
  (0, 0, 3, 1, 0, 4, 0, 0)
  (0, 0, 4, 0, 0, 4, 0, 0)

Path 565 (6 moves):
  (1, 1, 1, 1, 1, 1, 1, 1)
  (2, 0, 1, 1, 1, 1, 1, 1)
  (2, 0, 1, 1, 1, 1, 0, 2)
  (2, 0, 1, 1, 1, 3, 0, 0)
  (0, 0, 3, 1, 1, 3, 0, 0)
  (0, 0, 6, 1, 1, 0, 0, 0)
  (0, 0, 7, 0, 1, 0, 0, 0)

Path 566 (6 moves):
  (1, 1, 1, 1, 1, 1, 1, 1)
  (2, 0, 1, 1, 1, 1, 1, 1)
  (2, 0, 1, 1, 1, 1, 0, 2)
  (2, 0, 1, 1, 1, 3, 0, 0)
  (0, 0, 3, 1, 1, 3, 0, 0)
  (0, 0, 6, 1, 1, 0, 0, 0)
  (0, 0, 6, 2, 0, 0, 0, 0)

Path 567 (6 moves):
  (1, 1, 1, 1, 1, 1, 1, 1)
  (2, 0, 1, 1, 1, 1, 1, 1)
  (2, 0, 1, 1, 1, 1, 0, 2)
  (2, 0, 1, 1, 1, 3, 0, 0)
  (2, 0, 1, 1, 0, 4, 0, 0)
  (0, 0, 3, 1, 0, 4, 0, 0)
  (0, 0, 0, 1, 0, 7, 0, 0)

Path 568 (6 moves):
  (1, 1, 1, 1, 1, 1, 1, 1)
  (2, 0, 1, 1, 1, 1, 1, 1)
  (2, 0, 1, 1, 1, 1, 0, 2)
  (2, 0, 1, 1, 1, 3, 0, 0)
  (2, 0, 1, 1, 0, 4, 0, 0)
  (0, 0, 3, 1, 0, 4, 0, 0)
  (0, 0, 4, 0, 0, 4, 0, 0)

Path 569 (6 moves):
  (1, 1, 1, 1, 1, 1, 1, 1)
  (2, 0, 1, 1, 1, 1, 1, 1)
  (2, 0, 1, 1, 1, 1, 0, 2)
  (2, 0, 1, 1, 1, 3, 0, 0)
  (2, 0, 1, 1, 0, 4, 0, 0)
  (2, 0, 0, 2, 0, 4, 0, 0)
  (2, 0, 0, 0, 0, 6, 0, 0)

Path 570 (6 moves):
  (1, 1, 1, 1, 1, 1, 1, 1)
  (2, 0, 1, 1, 1, 1, 1, 1)
  (2, 0, 1, 1, 1, 1, 0, 2)
  (2, 0, 1, 1, 1, 3, 0, 0)
  (2, 0, 1, 1, 0, 4, 0, 0)
  (2, 0, 2, 0, 0, 4, 0, 0)
  (0, 0, 4, 0, 0, 4, 0, 0)

Path 571 (6 moves):
  (1, 1, 1, 1, 1, 1, 1, 1)
  (2, 0, 1, 1, 1, 1, 1, 1)
  (2, 0, 1, 1, 1, 1, 0, 2)
  (2, 0, 1, 1, 1, 3, 0, 0)
  (2, 0, 1, 1, 0, 4, 0, 0)
  (2, 0, 2, 0, 0, 4, 0, 0)
  (4, 0, 0, 0, 0, 4, 0, 0)

Path 572 (6 moves):
  (1, 1, 1, 1, 1, 1, 1, 1)
  (1, 0, 2, 1, 1, 1, 1, 1)
  (1, 0, 2, 0, 2, 1, 1, 1)
  (3, 0, 0, 0, 2, 1, 1, 1)
  (3, 0, 0, 0, 0, 1, 3, 1)
  (3, 0, 0, 0, 0, 0, 4, 1)
  (3, 0, 0, 0, 0, 0, 5, 0)

Path 573 (6 moves):
  (1, 1, 1, 1, 1, 1, 1, 1)
  (1, 0, 2, 1, 1, 1, 1, 1)
  (1, 0, 2, 0, 2, 1, 1, 1)
  (3, 0, 0, 0, 2, 1, 1, 1)
  (3, 0, 0, 0, 0, 1, 3, 1)
  (3, 0, 0, 0, 0, 1, 4, 0)
  (3, 0, 0, 0, 0, 0, 5, 0)

Path 574 (6 moves):
  (1, 1, 1, 1, 1, 1, 1, 1)
  (1, 0, 2, 1, 1, 1, 1, 1)
  (1, 0, 2, 0, 2, 1, 1, 1)
  (3, 0, 0, 0, 2, 1, 1, 1)
  (3, 0, 0, 0, 3, 0, 1, 1)
  (3, 0, 0, 0, 0, 0, 1, 4)
  (3, 0, 0, 0, 0, 0, 0, 5)

Path 575 (6 moves):
  (1, 1, 1, 1, 1, 1, 1, 1)
  (1, 0, 2, 1, 1, 1, 1, 1)
  (1, 0, 2, 0, 2, 1, 1, 1)
  (3, 0, 0, 0, 2, 1, 1, 1)
  (3, 0, 0, 0, 3, 0, 1, 1)
  (3, 0, 0, 0, 3, 0, 0, 2)
  (3, 0, 0, 0, 0, 0, 0, 5)

Path 576 (6 moves):
  (1, 1, 1, 1, 1, 1, 1, 1)
  (1, 0, 2, 1, 1, 1, 1, 1)
  (1, 0, 2, 0, 2, 1, 1, 1)
  (3, 0, 0, 0, 2, 1, 1, 1)
  (3, 0, 0, 0, 3, 0, 1, 1)
  (3, 0, 0, 0, 3, 0, 2, 0)
  (3, 0, 0, 0, 5, 0, 0, 0)

Path 577 (6 moves):
  (1, 1, 1, 1, 1, 1, 1, 1)
  (1, 0, 2, 1, 1, 1, 1, 1)
  (1, 0, 2, 0, 2, 1, 1, 1)
  (3, 0, 0, 0, 2, 1, 1, 1)
  (3, 0, 0, 0, 2, 2, 0, 1)
  (3, 0, 0, 0, 2, 0, 0, 3)
  (3, 0, 0, 0, 5, 0, 0, 0)

Path 578 (6 moves):
  (1, 1, 1, 1, 1, 1, 1, 1)
  (1, 0, 2, 1, 1, 1, 1, 1)
  (1, 0, 2, 0, 2, 1, 1, 1)
  (3, 0, 0, 0, 2, 1, 1, 1)
  (3, 0, 0, 0, 2, 1, 2, 0)
  (3, 0, 0, 0, 0, 1, 4, 0)
  (3, 0, 0, 0, 0, 0, 5, 0)

Path 579 (6 moves):
  (1, 1, 1, 1, 1, 1, 1, 1)
  (1, 0, 2, 1, 1, 1, 1, 1)
  (1, 0, 2, 0, 2, 1, 1, 1)
  (3, 0, 0, 0, 2, 1, 1, 1)
  (3, 0, 0, 0, 2, 1, 2, 0)
  (3, 0, 0, 0, 3, 0, 2, 0)
  (3, 0, 0, 0, 5, 0, 0, 0)

Path 580 (6 moves):
  (1, 1, 1, 1, 1, 1, 1, 1)
  (1, 0, 2, 1, 1, 1, 1, 1)
  (1, 0, 2, 0, 2, 1, 1, 1)
  (3, 0, 0, 0, 2, 1, 1, 1)
  (3, 0, 0, 0, 2, 1, 2, 0)
  (3, 0, 0, 0, 2, 0, 3, 0)
  (3, 0, 0, 0, 0, 0, 5, 0)

Path 581 (6 moves):
  (1, 1, 1, 1, 1, 1, 1, 1)
  (1, 0, 2, 1, 1, 1, 1, 1)
  (1, 0, 2, 0, 2, 1, 1, 1)
  (3, 0, 0, 0, 2, 1, 1, 1)
  (3, 0, 0, 0, 2, 1, 2, 0)
  (3, 0, 0, 0, 4, 1, 0, 0)
  (7, 0, 0, 0, 0, 1, 0, 0)

Path 582 (6 moves):
  (1, 1, 1, 1, 1, 1, 1, 1)
  (1, 0, 2, 1, 1, 1, 1, 1)
  (1, 0, 2, 0, 2, 1, 1, 1)
  (3, 0, 0, 0, 2, 1, 1, 1)
  (3, 0, 0, 0, 2, 1, 2, 0)
  (3, 0, 0, 0, 4, 1, 0, 0)
  (3, 0, 0, 0, 5, 0, 0, 0)

Path 583 (6 moves):
  (1, 1, 1, 1, 1, 1, 1, 1)
  (1, 0, 2, 1, 1, 1, 1, 1)
  (1, 0, 2, 0, 2, 1, 1, 1)
  (1, 0, 0, 0, 4, 1, 1, 1)
  (1, 0, 0, 0, 4, 2, 0, 1)
  (5, 0, 0, 0, 0, 2, 0, 1)
  (0, 0, 0, 0, 0, 7, 0, 1)

Path 584 (6 moves):
  (1, 1, 1, 1, 1, 1, 1, 1)
  (1, 0, 2, 1, 1, 1, 1, 1)
  (1, 0, 2, 0, 2, 1, 1, 1)
  (1, 0, 0, 0, 4, 1, 1, 1)
  (1, 0, 0, 0, 4, 2, 0, 1)
  (5, 0, 0, 0, 0, 2, 0, 1)
  (5, 0, 0, 0, 0, 0, 0, 3)

Path 585 (6 moves):
  (1, 1, 1, 1, 1, 1, 1, 1)
  (1, 0, 2, 1, 1, 1, 1, 1)
  (1, 0, 2, 0, 2, 1, 1, 1)
  (1, 0, 0, 0, 4, 1, 1, 1)
  (1, 0, 0, 0, 4, 2, 0, 1)
  (1, 0, 0, 0, 4, 0, 0, 3)
  (5, 0, 0, 0, 0, 0, 0, 3)

Path 586 (6 moves):
  (1, 1, 1, 1, 1, 1, 1, 1)
  (1, 0, 2, 1, 1, 1, 1, 1)
  (1, 0, 2, 0, 2, 1, 1, 1)
  (1, 0, 0, 0, 4, 1, 1, 1)
  (1, 0, 0, 0, 4, 2, 0, 1)
  (1, 0, 0, 0, 4, 0, 0, 3)
  (1, 0, 0, 0, 7, 0, 0, 0)

Path 587 (6 moves):
  (1, 1, 1, 1, 1, 1, 1, 1)
  (1, 0, 2, 1, 1, 1, 1, 1)
  (1, 0, 2, 0, 2, 1, 1, 1)
  (1, 0, 0, 0, 4, 1, 1, 1)
  (1, 0, 0, 0, 4, 1, 2, 0)
  (5, 0, 0, 0, 0, 1, 2, 0)
  (0, 0, 0, 0, 0, 6, 2, 0)

Path 588 (6 moves):
  (1, 1, 1, 1, 1, 1, 1, 1)
  (1, 0, 2, 1, 1, 1, 1, 1)
  (1, 0, 2, 0, 2, 1, 1, 1)
  (1, 0, 0, 0, 4, 1, 1, 1)
  (1, 0, 0, 0, 4, 1, 2, 0)
  (5, 0, 0, 0, 0, 1, 2, 0)
  (5, 0, 0, 0, 0, 0, 3, 0)

Path 589 (6 moves):
  (1, 1, 1, 1, 1, 1, 1, 1)
  (1, 0, 2, 1, 1, 1, 1, 1)
  (1, 0, 2, 0, 2, 1, 1, 1)
  (1, 0, 0, 0, 4, 1, 1, 1)
  (1, 0, 0, 0, 4, 1, 2, 0)
  (1, 0, 0, 0, 5, 0, 2, 0)
  (1, 0, 0, 0, 7, 0, 0, 0)

Path 590 (6 moves):
  (1, 1, 1, 1, 1, 1, 1, 1)
  (1, 0, 2, 1, 1, 1, 1, 1)
  (1, 0, 2, 0, 2, 1, 1, 1)
  (1, 0, 0, 0, 4, 1, 1, 1)
  (1, 0, 0, 0, 4, 1, 2, 0)
  (1, 0, 0, 0, 4, 0, 3, 0)
  (5, 0, 0, 0, 0, 0, 3, 0)

Path 591 (6 moves):
  (1, 1, 1, 1, 1, 1, 1, 1)
  (1, 0, 2, 1, 1, 1, 1, 1)
  (1, 0, 2, 0, 2, 1, 1, 1)
  (1, 0, 0, 0, 4, 1, 1, 1)
  (1, 0, 0, 0, 4, 1, 2, 0)
  (1, 0, 0, 0, 6, 1, 0, 0)
  (1, 0, 0, 0, 7, 0, 0, 0)

Path 592 (6 moves):
  (1, 1, 1, 1, 1, 1, 1, 1)
  (1, 0, 2, 1, 1, 1, 1, 1)
  (1, 0, 2, 0, 2, 1, 1, 1)
  (1, 0, 4, 0, 0, 1, 1, 1)
  (1, 0, 0, 0, 0, 1, 5, 1)
  (1, 0, 0, 0, 0, 0, 6, 1)
  (1, 0, 0, 0, 0, 0, 7, 0)

Path 593 (6 moves):
  (1, 1, 1, 1, 1, 1, 1, 1)
  (1, 0, 2, 1, 1, 1, 1, 1)
  (1, 0, 2, 0, 2, 1, 1, 1)
  (1, 0, 4, 0, 0, 1, 1, 1)
  (1, 0, 0, 0, 0, 1, 5, 1)
  (1, 0, 0, 0, 0, 1, 6, 0)
  (1, 0, 0, 0, 0, 0, 7, 0)

Path 594 (6 moves):
  (1, 1, 1, 1, 1, 1, 1, 1)
  (1, 0, 2, 1, 1, 1, 1, 1)
  (1, 0, 2, 0, 2, 1, 1, 1)
  (1, 0, 4, 0, 0, 1, 1, 1)
  (1, 0, 0, 0, 0, 1, 5, 1)
  (1, 0, 0, 0, 0, 1, 6, 0)
  (7, 0, 0, 0, 0, 1, 0, 0)

Path 595 (6 moves):
  (1, 1, 1, 1, 1, 1, 1, 1)
  (1, 0, 2, 1, 1, 1, 1, 1)
  (1, 0, 2, 0, 2, 1, 1, 1)
  (1, 0, 4, 0, 0, 1, 1, 1)
  (1, 0, 4, 0, 0, 0, 2, 1)
  (1, 0, 0, 0, 0, 0, 6, 1)
  (1, 0, 0, 0, 0, 0, 7, 0)

Path 596 (6 moves):
  (1, 1, 1, 1, 1, 1, 1, 1)
  (1, 0, 2, 1, 1, 1, 1, 1)
  (1, 0, 2, 0, 2, 1, 1, 1)
  (1, 0, 4, 0, 0, 1, 1, 1)
  (1, 0, 4, 0, 0, 0, 2, 1)
  (1, 0, 4, 0, 0, 0, 3, 0)
  (1, 0, 0, 0, 0, 0, 7, 0)

Path 597 (6 moves):
  (1, 1, 1, 1, 1, 1, 1, 1)
  (1, 0, 2, 1, 1, 1, 1, 1)
  (1, 0, 2, 0, 2, 1, 1, 1)
  (1, 0, 4, 0, 0, 1, 1, 1)
  (1, 0, 4, 0, 0, 1, 0, 2)
  (1, 0, 4, 0, 0, 3, 0, 0)
  (1, 0, 7, 0, 0, 0, 0, 0)

Path 598 (6 moves):
  (1, 1, 1, 1, 1, 1, 1, 1)
  (1, 0, 2, 1, 1, 1, 1, 1)
  (1, 0, 2, 0, 2, 1, 1, 1)
  (1, 0, 4, 0, 0, 1, 1, 1)
  (1, 0, 4, 0, 0, 1, 2, 0)
  (1, 0, 0, 0, 0, 1, 6, 0)
  (1, 0, 0, 0, 0, 0, 7, 0)

Path 599 (6 moves):
  (1, 1, 1, 1, 1, 1, 1, 1)
  (1, 0, 2, 1, 1, 1, 1, 1)
  (1, 0, 2, 0, 2, 1, 1, 1)
  (1, 0, 4, 0, 0, 1, 1, 1)
  (1, 0, 4, 0, 0, 1, 2, 0)
  (1, 0, 0, 0, 0, 1, 6, 0)
  (7, 0, 0, 0, 0, 1, 0, 0)

Path 600 (6 moves):
  (1, 1, 1, 1, 1, 1, 1, 1)
  (1, 0, 2, 1, 1, 1, 1, 1)
  (1, 0, 2, 0, 2, 1, 1, 1)
  (1, 0, 4, 0, 0, 1, 1, 1)
  (1, 0, 4, 0, 0, 1, 2, 0)
  (1, 0, 4, 0, 0, 0, 3, 0)
  (1, 0, 0, 0, 0, 0, 7, 0)

Path 601 (6 moves):
  (1, 1, 1, 1, 1, 1, 1, 1)
  (1, 0, 2, 1, 1, 1, 1, 1)
  (1, 0, 2, 0, 2, 1, 1, 1)
  (1, 0, 2, 0, 0, 1, 3, 1)
  (3, 0, 0, 0, 0, 1, 3, 1)
  (3, 0, 0, 0, 0, 0, 4, 1)
  (3, 0, 0, 0, 0, 0, 5, 0)

Path 602 (6 moves):
  (1, 1, 1, 1, 1, 1, 1, 1)
  (1, 0, 2, 1, 1, 1, 1, 1)
  (1, 0, 2, 0, 2, 1, 1, 1)
  (1, 0, 2, 0, 0, 1, 3, 1)
  (3, 0, 0, 0, 0, 1, 3, 1)
  (3, 0, 0, 0, 0, 1, 4, 0)
  (3, 0, 0, 0, 0, 0, 5, 0)

Path 603 (6 moves):
  (1, 1, 1, 1, 1, 1, 1, 1)
  (1, 0, 2, 1, 1, 1, 1, 1)
  (1, 0, 2, 0, 2, 1, 1, 1)
  (1, 0, 2, 0, 3, 0, 1, 1)
  (3, 0, 0, 0, 3, 0, 1, 1)
  (3, 0, 0, 0, 0, 0, 1, 4)
  (3, 0, 0, 0, 0, 0, 0, 5)

Path 604 (6 moves):
  (1, 1, 1, 1, 1, 1, 1, 1)
  (1, 0, 2, 1, 1, 1, 1, 1)
  (1, 0, 2, 0, 2, 1, 1, 1)
  (1, 0, 2, 0, 3, 0, 1, 1)
  (3, 0, 0, 0, 3, 0, 1, 1)
  (3, 0, 0, 0, 3, 0, 0, 2)
  (3, 0, 0, 0, 0, 0, 0, 5)

Path 605 (6 moves):
  (1, 1, 1, 1, 1, 1, 1, 1)
  (1, 0, 2, 1, 1, 1, 1, 1)
  (1, 0, 2, 0, 2, 1, 1, 1)
  (1, 0, 2, 0, 3, 0, 1, 1)
  (3, 0, 0, 0, 3, 0, 1, 1)
  (3, 0, 0, 0, 3, 0, 2, 0)
  (3, 0, 0, 0, 5, 0, 0, 0)

Path 606 (6 moves):
  (1, 1, 1, 1, 1, 1, 1, 1)
  (1, 0, 2, 1, 1, 1, 1, 1)
  (1, 0, 2, 0, 2, 1, 1, 1)
  (1, 0, 2, 0, 3, 0, 1, 1)
  (1, 0, 2, 0, 0, 0, 1, 4)
  (3, 0, 0, 0, 0, 0, 1, 4)
  (3, 0, 0, 0, 0, 0, 0, 5)

Path 607 (6 moves):
  (1, 1, 1, 1, 1, 1, 1, 1)
  (1, 0, 2, 1, 1, 1, 1, 1)
  (1, 0, 2, 0, 2, 1, 1, 1)
  (1, 0, 2, 0, 3, 0, 1, 1)
  (1, 0, 2, 0, 0, 0, 1, 4)
  (1, 0, 2, 0, 0, 0, 0, 5)
  (3, 0, 0, 0, 0, 0, 0, 5)

Path 608 (6 moves):
  (1, 1, 1, 1, 1, 1, 1, 1)
  (1, 0, 2, 1, 1, 1, 1, 1)
  (1, 0, 2, 0, 2, 1, 1, 1)
  (1, 0, 2, 0, 3, 0, 1, 1)
  (1, 0, 2, 0, 0, 0, 1, 4)
  (1, 0, 2, 0, 0, 0, 0, 5)
  (1, 0, 7, 0, 0, 0, 0, 0)

Path 609 (6 moves):
  (1, 1, 1, 1, 1, 1, 1, 1)
  (1, 0, 2, 1, 1, 1, 1, 1)
  (1, 0, 2, 0, 2, 1, 1, 1)
  (1, 0, 2, 0, 3, 0, 1, 1)
  (1, 0, 2, 0, 3, 0, 2, 0)
  (3, 0, 0, 0, 3, 0, 2, 0)
  (3, 0, 0, 0, 5, 0, 0, 0)

Path 610 (6 moves):
  (1, 1, 1, 1, 1, 1, 1, 1)
  (1, 0, 2, 1, 1, 1, 1, 1)
  (1, 0, 2, 0, 2, 1, 1, 1)
  (1, 0, 2, 0, 3, 0, 1, 1)
  (1, 0, 2, 0, 3, 0, 2, 0)
  (1, 0, 0, 0, 5, 0, 2, 0)
  (1, 0, 0, 0, 7, 0, 0, 0)

Path 611 (6 moves):
  (1, 1, 1, 1, 1, 1, 1, 1)
  (1, 0, 2, 1, 1, 1, 1, 1)
  (1, 0, 2, 0, 2, 1, 1, 1)
  (1, 0, 2, 0, 3, 0, 1, 1)
  (1, 0, 2, 0, 3, 0, 2, 0)
  (1, 0, 2, 0, 5, 0, 0, 0)
  (3, 0, 0, 0, 5, 0, 0, 0)

Path 612 (6 moves):
  (1, 1, 1, 1, 1, 1, 1, 1)
  (1, 0, 2, 1, 1, 1, 1, 1)
  (1, 0, 2, 0, 2, 1, 1, 1)
  (1, 0, 2, 0, 3, 0, 1, 1)
  (1, 0, 2, 0, 3, 0, 2, 0)
  (1, 0, 2, 0, 5, 0, 0, 0)
  (1, 0, 0, 0, 7, 0, 0, 0)

Path 613 (6 moves):
  (1, 1, 1, 1, 1, 1, 1, 1)
  (1, 0, 2, 1, 1, 1, 1, 1)
  (1, 0, 2, 0, 2, 1, 1, 1)
  (1, 0, 2, 0, 2, 0, 2, 1)
  (1, 0, 4, 0, 0, 0, 2, 1)
  (1, 0, 0, 0, 0, 0, 6, 1)
  (1, 0, 0, 0, 0, 0, 7, 0)

Path 614 (6 moves):
  (1, 1, 1, 1, 1, 1, 1, 1)
  (1, 0, 2, 1, 1, 1, 1, 1)
  (1, 0, 2, 0, 2, 1, 1, 1)
  (1, 0, 2, 0, 2, 0, 2, 1)
  (1, 0, 4, 0, 0, 0, 2, 1)
  (1, 0, 4, 0, 0, 0, 3, 0)
  (1, 0, 0, 0, 0, 0, 7, 0)

Path 615 (6 moves):
  (1, 1, 1, 1, 1, 1, 1, 1)
  (1, 0, 2, 1, 1, 1, 1, 1)
  (1, 0, 2, 0, 2, 1, 1, 1)
  (1, 0, 2, 0, 2, 0, 2, 1)
  (1, 0, 2, 0, 2, 0, 3, 0)
  (3, 0, 0, 0, 2, 0, 3, 0)
  (3, 0, 0, 0, 0, 0, 5, 0)

Path 616 (6 moves):
  (1, 1, 1, 1, 1, 1, 1, 1)
  (1, 0, 2, 1, 1, 1, 1, 1)
  (1, 0, 2, 0, 2, 1, 1, 1)
  (1, 0, 2, 0, 2, 0, 2, 1)
  (1, 0, 2, 0, 2, 0, 3, 0)
  (1, 0, 0, 0, 4, 0, 3, 0)
  (5, 0, 0, 0, 0, 0, 3, 0)

Path 617 (6 moves):
  (1, 1, 1, 1, 1, 1, 1, 1)
  (1, 0, 2, 1, 1, 1, 1, 1)
  (1, 0, 2, 0, 2, 1, 1, 1)
  (1, 0, 2, 0, 2, 0, 2, 1)
  (1, 0, 2, 0, 2, 0, 3, 0)
  (1, 0, 4, 0, 0, 0, 3, 0)
  (1, 0, 0, 0, 0, 0, 7, 0)

Path 618 (6 moves):
  (1, 1, 1, 1, 1, 1, 1, 1)
  (1, 0, 2, 1, 1, 1, 1, 1)
  (1, 0, 2, 0, 2, 1, 1, 1)
  (1, 0, 2, 0, 2, 0, 2, 1)
  (1, 0, 2, 0, 2, 0, 3, 0)
  (1, 0, 2, 0, 0, 0, 5, 0)
  (3, 0, 0, 0, 0, 0, 5, 0)

Path 619 (6 moves):
  (1, 1, 1, 1, 1, 1, 1, 1)
  (1, 0, 2, 1, 1, 1, 1, 1)
  (1, 0, 2, 0, 2, 1, 1, 1)
  (1, 0, 2, 0, 2, 2, 0, 1)
  (3, 0, 0, 0, 2, 2, 0, 1)
  (3, 0, 0, 0, 2, 0, 0, 3)
  (3, 0, 0, 0, 5, 0, 0, 0)

Path 620 (6 moves):
  (1, 1, 1, 1, 1, 1, 1, 1)
  (1, 0, 2, 1, 1, 1, 1, 1)
  (1, 0, 2, 0, 2, 1, 1, 1)
  (1, 0, 2, 0, 2, 2, 0, 1)
  (1, 0, 0, 0, 4, 2, 0, 1)
  (5, 0, 0, 0, 0, 2, 0, 1)
  (0, 0, 0, 0, 0, 7, 0, 1)

Path 621 (6 moves):
  (1, 1, 1, 1, 1, 1, 1, 1)
  (1, 0, 2, 1, 1, 1, 1, 1)
  (1, 0, 2, 0, 2, 1, 1, 1)
  (1, 0, 2, 0, 2, 2, 0, 1)
  (1, 0, 0, 0, 4, 2, 0, 1)
  (5, 0, 0, 0, 0, 2, 0, 1)
  (5, 0, 0, 0, 0, 0, 0, 3)

Path 622 (6 moves):
  (1, 1, 1, 1, 1, 1, 1, 1)
  (1, 0, 2, 1, 1, 1, 1, 1)
  (1, 0, 2, 0, 2, 1, 1, 1)
  (1, 0, 2, 0, 2, 2, 0, 1)
  (1, 0, 0, 0, 4, 2, 0, 1)
  (1, 0, 0, 0, 4, 0, 0, 3)
  (5, 0, 0, 0, 0, 0, 0, 3)

Path 623 (6 moves):
  (1, 1, 1, 1, 1, 1, 1, 1)
  (1, 0, 2, 1, 1, 1, 1, 1)
  (1, 0, 2, 0, 2, 1, 1, 1)
  (1, 0, 2, 0, 2, 2, 0, 1)
  (1, 0, 0, 0, 4, 2, 0, 1)
  (1, 0, 0, 0, 4, 0, 0, 3)
  (1, 0, 0, 0, 7, 0, 0, 0)

Path 624 (6 moves):
  (1, 1, 1, 1, 1, 1, 1, 1)
  (1, 0, 2, 1, 1, 1, 1, 1)
  (1, 0, 2, 0, 2, 1, 1, 1)
  (1, 0, 2, 0, 2, 1, 0, 2)
  (1, 0, 4, 0, 0, 1, 0, 2)
  (1, 0, 4, 0, 0, 3, 0, 0)
  (1, 0, 7, 0, 0, 0, 0, 0)

Path 625 (6 moves):
  (1, 1, 1, 1, 1, 1, 1, 1)
  (1, 0, 2, 1, 1, 1, 1, 1)
  (1, 0, 2, 0, 2, 1, 1, 1)
  (1, 0, 2, 0, 2, 1, 2, 0)
  (3, 0, 0, 0, 2, 1, 2, 0)
  (3, 0, 0, 0, 0, 1, 4, 0)
  (3, 0, 0, 0, 0, 0, 5, 0)

Path 626 (6 moves):
  (1, 1, 1, 1, 1, 1, 1, 1)
  (1, 0, 2, 1, 1, 1, 1, 1)
  (1, 0, 2, 0, 2, 1, 1, 1)
  (1, 0, 2, 0, 2, 1, 2, 0)
  (3, 0, 0, 0, 2, 1, 2, 0)
  (3, 0, 0, 0, 3, 0, 2, 0)
  (3, 0, 0, 0, 5, 0, 0, 0)

Path 627 (6 moves):
  (1, 1, 1, 1, 1, 1, 1, 1)
  (1, 0, 2, 1, 1, 1, 1, 1)
  (1, 0, 2, 0, 2, 1, 1, 1)
  (1, 0, 2, 0, 2, 1, 2, 0)
  (3, 0, 0, 0, 2, 1, 2, 0)
  (3, 0, 0, 0, 2, 0, 3, 0)
  (3, 0, 0, 0, 0, 0, 5, 0)

Path 628 (6 moves):
  (1, 1, 1, 1, 1, 1, 1, 1)
  (1, 0, 2, 1, 1, 1, 1, 1)
  (1, 0, 2, 0, 2, 1, 1, 1)
  (1, 0, 2, 0, 2, 1, 2, 0)
  (3, 0, 0, 0, 2, 1, 2, 0)
  (3, 0, 0, 0, 4, 1, 0, 0)
  (7, 0, 0, 0, 0, 1, 0, 0)

Path 629 (6 moves):
  (1, 1, 1, 1, 1, 1, 1, 1)
  (1, 0, 2, 1, 1, 1, 1, 1)
  (1, 0, 2, 0, 2, 1, 1, 1)
  (1, 0, 2, 0, 2, 1, 2, 0)
  (3, 0, 0, 0, 2, 1, 2, 0)
  (3, 0, 0, 0, 4, 1, 0, 0)
  (3, 0, 0, 0, 5, 0, 0, 0)

Path 630 (6 moves):
  (1, 1, 1, 1, 1, 1, 1, 1)
  (1, 0, 2, 1, 1, 1, 1, 1)
  (1, 0, 2, 0, 2, 1, 1, 1)
  (1, 0, 2, 0, 2, 1, 2, 0)
  (1, 0, 0, 0, 4, 1, 2, 0)
  (5, 0, 0, 0, 0, 1, 2, 0)
  (0, 0, 0, 0, 0, 6, 2, 0)

Path 631 (6 moves):
  (1, 1, 1, 1, 1, 1, 1, 1)
  (1, 0, 2, 1, 1, 1, 1, 1)
  (1, 0, 2, 0, 2, 1, 1, 1)
  (1, 0, 2, 0, 2, 1, 2, 0)
  (1, 0, 0, 0, 4, 1, 2, 0)
  (5, 0, 0, 0, 0, 1, 2, 0)
  (5, 0, 0, 0, 0, 0, 3, 0)

Path 632 (6 moves):
  (1, 1, 1, 1, 1, 1, 1, 1)
  (1, 0, 2, 1, 1, 1, 1, 1)
  (1, 0, 2, 0, 2, 1, 1, 1)
  (1, 0, 2, 0, 2, 1, 2, 0)
  (1, 0, 0, 0, 4, 1, 2, 0)
  (1, 0, 0, 0, 5, 0, 2, 0)
  (1, 0, 0, 0, 7, 0, 0, 0)

Path 633 (6 moves):
  (1, 1, 1, 1, 1, 1, 1, 1)
  (1, 0, 2, 1, 1, 1, 1, 1)
  (1, 0, 2, 0, 2, 1, 1, 1)
  (1, 0, 2, 0, 2, 1, 2, 0)
  (1, 0, 0, 0, 4, 1, 2, 0)
  (1, 0, 0, 0, 4, 0, 3, 0)
  (5, 0, 0, 0, 0, 0, 3, 0)

Path 634 (6 moves):
  (1, 1, 1, 1, 1, 1, 1, 1)
  (1, 0, 2, 1, 1, 1, 1, 1)
  (1, 0, 2, 0, 2, 1, 1, 1)
  (1, 0, 2, 0, 2, 1, 2, 0)
  (1, 0, 0, 0, 4, 1, 2, 0)
  (1, 0, 0, 0, 6, 1, 0, 0)
  (1, 0, 0, 0, 7, 0, 0, 0)

Path 635 (6 moves):
  (1, 1, 1, 1, 1, 1, 1, 1)
  (1, 0, 2, 1, 1, 1, 1, 1)
  (1, 0, 2, 0, 2, 1, 1, 1)
  (1, 0, 2, 0, 2, 1, 2, 0)
  (1, 0, 4, 0, 0, 1, 2, 0)
  (1, 0, 0, 0, 0, 1, 6, 0)
  (1, 0, 0, 0, 0, 0, 7, 0)

Path 636 (6 moves):
  (1, 1, 1, 1, 1, 1, 1, 1)
  (1, 0, 2, 1, 1, 1, 1, 1)
  (1, 0, 2, 0, 2, 1, 1, 1)
  (1, 0, 2, 0, 2, 1, 2, 0)
  (1, 0, 4, 0, 0, 1, 2, 0)
  (1, 0, 0, 0, 0, 1, 6, 0)
  (7, 0, 0, 0, 0, 1, 0, 0)

Path 637 (6 moves):
  (1, 1, 1, 1, 1, 1, 1, 1)
  (1, 0, 2, 1, 1, 1, 1, 1)
  (1, 0, 2, 0, 2, 1, 1, 1)
  (1, 0, 2, 0, 2, 1, 2, 0)
  (1, 0, 4, 0, 0, 1, 2, 0)
  (1, 0, 4, 0, 0, 0, 3, 0)
  (1, 0, 0, 0, 0, 0, 7, 0)

Path 638 (6 moves):
  (1, 1, 1, 1, 1, 1, 1, 1)
  (1, 0, 2, 1, 1, 1, 1, 1)
  (1, 0, 2, 0, 2, 1, 1, 1)
  (1, 0, 2, 0, 2, 1, 2, 0)
  (1, 0, 2, 0, 3, 0, 2, 0)
  (3, 0, 0, 0, 3, 0, 2, 0)
  (3, 0, 0, 0, 5, 0, 0, 0)

Path 639 (6 moves):
  (1, 1, 1, 1, 1, 1, 1, 1)
  (1, 0, 2, 1, 1, 1, 1, 1)
  (1, 0, 2, 0, 2, 1, 1, 1)
  (1, 0, 2, 0, 2, 1, 2, 0)
  (1, 0, 2, 0, 3, 0, 2, 0)
  (1, 0, 0, 0, 5, 0, 2, 0)
  (1, 0, 0, 0, 7, 0, 0, 0)

Path 640 (6 moves):
  (1, 1, 1, 1, 1, 1, 1, 1)
  (1, 0, 2, 1, 1, 1, 1, 1)
  (1, 0, 2, 0, 2, 1, 1, 1)
  (1, 0, 2, 0, 2, 1, 2, 0)
  (1, 0, 2, 0, 3, 0, 2, 0)
  (1, 0, 2, 0, 5, 0, 0, 0)
  (3, 0, 0, 0, 5, 0, 0, 0)

Path 641 (6 moves):
  (1, 1, 1, 1, 1, 1, 1, 1)
  (1, 0, 2, 1, 1, 1, 1, 1)
  (1, 0, 2, 0, 2, 1, 1, 1)
  (1, 0, 2, 0, 2, 1, 2, 0)
  (1, 0, 2, 0, 3, 0, 2, 0)
  (1, 0, 2, 0, 5, 0, 0, 0)
  (1, 0, 0, 0, 7, 0, 0, 0)

Path 642 (6 moves):
  (1, 1, 1, 1, 1, 1, 1, 1)
  (1, 0, 2, 1, 1, 1, 1, 1)
  (1, 0, 2, 0, 2, 1, 1, 1)
  (1, 0, 2, 0, 2, 1, 2, 0)
  (1, 0, 2, 0, 2, 0, 3, 0)
  (3, 0, 0, 0, 2, 0, 3, 0)
  (3, 0, 0, 0, 0, 0, 5, 0)

Path 643 (6 moves):
  (1, 1, 1, 1, 1, 1, 1, 1)
  (1, 0, 2, 1, 1, 1, 1, 1)
  (1, 0, 2, 0, 2, 1, 1, 1)
  (1, 0, 2, 0, 2, 1, 2, 0)
  (1, 0, 2, 0, 2, 0, 3, 0)
  (1, 0, 0, 0, 4, 0, 3, 0)
  (5, 0, 0, 0, 0, 0, 3, 0)

Path 644 (6 moves):
  (1, 1, 1, 1, 1, 1, 1, 1)
  (1, 0, 2, 1, 1, 1, 1, 1)
  (1, 0, 2, 0, 2, 1, 1, 1)
  (1, 0, 2, 0, 2, 1, 2, 0)
  (1, 0, 2, 0, 2, 0, 3, 0)
  (1, 0, 4, 0, 0, 0, 3, 0)
  (1, 0, 0, 0, 0, 0, 7, 0)

Path 645 (6 moves):
  (1, 1, 1, 1, 1, 1, 1, 1)
  (1, 0, 2, 1, 1, 1, 1, 1)
  (1, 0, 2, 0, 2, 1, 1, 1)
  (1, 0, 2, 0, 2, 1, 2, 0)
  (1, 0, 2, 0, 2, 0, 3, 0)
  (1, 0, 2, 0, 0, 0, 5, 0)
  (3, 0, 0, 0, 0, 0, 5, 0)

Path 646 (6 moves):
  (1, 1, 1, 1, 1, 1, 1, 1)
  (1, 0, 2, 1, 1, 1, 1, 1)
  (1, 0, 2, 0, 2, 1, 1, 1)
  (1, 0, 2, 0, 2, 1, 2, 0)
  (1, 0, 2, 0, 4, 1, 0, 0)
  (3, 0, 0, 0, 4, 1, 0, 0)
  (7, 0, 0, 0, 0, 1, 0, 0)

Path 647 (6 moves):
  (1, 1, 1, 1, 1, 1, 1, 1)
  (1, 0, 2, 1, 1, 1, 1, 1)
  (1, 0, 2, 0, 2, 1, 1, 1)
  (1, 0, 2, 0, 2, 1, 2, 0)
  (1, 0, 2, 0, 4, 1, 0, 0)
  (3, 0, 0, 0, 4, 1, 0, 0)
  (3, 0, 0, 0, 5, 0, 0, 0)

Path 648 (6 moves):
  (1, 1, 1, 1, 1, 1, 1, 1)
  (1, 0, 2, 1, 1, 1, 1, 1)
  (1, 0, 2, 0, 2, 1, 1, 1)
  (1, 0, 2, 0, 2, 1, 2, 0)
  (1, 0, 2, 0, 4, 1, 0, 0)
  (1, 0, 0, 0, 6, 1, 0, 0)
  (1, 0, 0, 0, 7, 0, 0, 0)

Path 649 (6 moves):
  (1, 1, 1, 1, 1, 1, 1, 1)
  (1, 0, 2, 1, 1, 1, 1, 1)
  (1, 0, 2, 0, 2, 1, 1, 1)
  (1, 0, 2, 0, 2, 1, 2, 0)
  (1, 0, 2, 0, 4, 1, 0, 0)
  (5, 0, 2, 0, 0, 1, 0, 0)
  (0, 0, 2, 0, 0, 6, 0, 0)

Path 650 (6 moves):
  (1, 1, 1, 1, 1, 1, 1, 1)
  (1, 0, 2, 1, 1, 1, 1, 1)
  (1, 0, 2, 0, 2, 1, 1, 1)
  (1, 0, 2, 0, 2, 1, 2, 0)
  (1, 0, 2, 0, 4, 1, 0, 0)
  (5, 0, 2, 0, 0, 1, 0, 0)
  (7, 0, 0, 0, 0, 1, 0, 0)

Path 651 (6 moves):
  (1, 1, 1, 1, 1, 1, 1, 1)
  (1, 0, 2, 1, 1, 1, 1, 1)
  (1, 0, 2, 0, 2, 1, 1, 1)
  (1, 0, 2, 0, 2, 1, 2, 0)
  (1, 0, 2, 0, 4, 1, 0, 0)
  (1, 0, 2, 0, 5, 0, 0, 0)
  (3, 0, 0, 0, 5, 0, 0, 0)

Path 652 (6 moves):
  (1, 1, 1, 1, 1, 1, 1, 1)
  (1, 0, 2, 1, 1, 1, 1, 1)
  (1, 0, 2, 0, 2, 1, 1, 1)
  (1, 0, 2, 0, 2, 1, 2, 0)
  (1, 0, 2, 0, 4, 1, 0, 0)
  (1, 0, 2, 0, 5, 0, 0, 0)
  (1, 0, 0, 0, 7, 0, 0, 0)

Path 653 (6 moves):
  (1, 1, 1, 1, 1, 1, 1, 1)
  (1, 0, 2, 1, 1, 1, 1, 1)
  (1, 0, 2, 1, 1, 2, 0, 1)
  (3, 0, 0, 1, 1, 2, 0, 1)
  (0, 0, 0, 4, 1, 2, 0, 1)
  (0, 0, 0, 0, 1, 2, 0, 5)
  (0, 0, 0, 0, 0, 3, 0, 5)

Path 654 (6 moves):
  (1, 1, 1, 1, 1, 1, 1, 1)
  (1, 0, 2, 1, 1, 1, 1, 1)
  (1, 0, 2, 1, 1, 2, 0, 1)
  (3, 0, 0, 1, 1, 2, 0, 1)
  (0, 0, 0, 4, 1, 2, 0, 1)
  (0, 0, 0, 0, 1, 2, 0, 5)
  (0, 0, 0, 0, 1, 0, 0, 7)

Path 655 (6 moves):
  (1, 1, 1, 1, 1, 1, 1, 1)
  (1, 0, 2, 1, 1, 1, 1, 1)
  (1, 0, 2, 1, 1, 2, 0, 1)
  (3, 0, 0, 1, 1, 2, 0, 1)
  (0, 0, 0, 4, 1, 2, 0, 1)
  (0, 0, 0, 5, 0, 2, 0, 1)
  (0, 0, 0, 7, 0, 0, 0, 1)

Path 656 (6 moves):
  (1, 1, 1, 1, 1, 1, 1, 1)
  (1, 0, 2, 1, 1, 1, 1, 1)
  (1, 0, 2, 1, 1, 2, 0, 1)
  (3, 0, 0, 1, 1, 2, 0, 1)
  (0, 0, 0, 4, 1, 2, 0, 1)
  (0, 0, 0, 5, 0, 2, 0, 1)
  (0, 0, 0, 5, 0, 0, 0, 3)

Path 657 (6 moves):
  (1, 1, 1, 1, 1, 1, 1, 1)
  (1, 0, 2, 1, 1, 1, 1, 1)
  (1, 0, 2, 1, 1, 2, 0, 1)
  (3, 0, 0, 1, 1, 2, 0, 1)
  (0, 0, 0, 4, 1, 2, 0, 1)
  (0, 0, 0, 4, 0, 3, 0, 1)
  (0, 0, 0, 0, 0, 3, 0, 5)

Path 658 (6 moves):
  (1, 1, 1, 1, 1, 1, 1, 1)
  (1, 0, 2, 1, 1, 1, 1, 1)
  (1, 0, 2, 1, 1, 2, 0, 1)
  (3, 0, 0, 1, 1, 2, 0, 1)
  (0, 0, 0, 4, 1, 2, 0, 1)
  (0, 0, 0, 6, 1, 0, 0, 1)
  (0, 0, 0, 7, 0, 0, 0, 1)

Path 659 (6 moves):
  (1, 1, 1, 1, 1, 1, 1, 1)
  (1, 0, 2, 1, 1, 1, 1, 1)
  (1, 0, 2, 1, 1, 2, 0, 1)
  (3, 0, 0, 1, 1, 2, 0, 1)
  (0, 0, 0, 4, 1, 2, 0, 1)
  (0, 0, 0, 4, 1, 0, 0, 3)
  (0, 0, 0, 0, 1, 0, 0, 7)

Path 660 (6 moves):
  (1, 1, 1, 1, 1, 1, 1, 1)
  (1, 0, 2, 1, 1, 1, 1, 1)
  (1, 0, 2, 1, 1, 2, 0, 1)
  (3, 0, 0, 1, 1, 2, 0, 1)
  (0, 0, 0, 4, 1, 2, 0, 1)
  (0, 0, 0, 4, 1, 0, 0, 3)
  (0, 0, 0, 5, 0, 0, 0, 3)

Path 661 (6 moves):
  (1, 1, 1, 1, 1, 1, 1, 1)
  (1, 0, 2, 1, 1, 1, 1, 1)
  (1, 0, 2, 1, 1, 2, 0, 1)
  (3, 0, 0, 1, 1, 2, 0, 1)
  (0, 0, 0, 4, 1, 2, 0, 1)
  (0, 0, 0, 4, 1, 0, 0, 3)
  (0, 0, 0, 4, 4, 0, 0, 0)

Path 662 (6 moves):
  (1, 1, 1, 1, 1, 1, 1, 1)
  (1, 0, 2, 1, 1, 1, 1, 1)
  (1, 0, 2, 1, 1, 2, 0, 1)
  (3, 0, 0, 1, 1, 2, 0, 1)
  (3, 0, 0, 0, 2, 2, 0, 1)
  (3, 0, 0, 0, 2, 0, 0, 3)
  (3, 0, 0, 0, 5, 0, 0, 0)

Path 663 (6 moves):
  (1, 1, 1, 1, 1, 1, 1, 1)
  (1, 0, 2, 1, 1, 1, 1, 1)
  (1, 0, 2, 1, 1, 2, 0, 1)
  (3, 0, 0, 1, 1, 2, 0, 1)
  (3, 0, 0, 1, 0, 3, 0, 1)
  (0, 0, 0, 4, 0, 3, 0, 1)
  (0, 0, 0, 0, 0, 3, 0, 5)

Path 664 (6 moves):
  (1, 1, 1, 1, 1, 1, 1, 1)
  (1, 0, 2, 1, 1, 1, 1, 1)
  (1, 0, 2, 1, 1, 2, 0, 1)
  (3, 0, 0, 1, 1, 2, 0, 1)
  (3, 0, 0, 1, 1, 0, 0, 3)
  (0, 0, 0, 4, 1, 0, 0, 3)
  (0, 0, 0, 0, 1, 0, 0, 7)

Path 665 (6 moves):
  (1, 1, 1, 1, 1, 1, 1, 1)
  (1, 0, 2, 1, 1, 1, 1, 1)
  (1, 0, 2, 1, 1, 2, 0, 1)
  (3, 0, 0, 1, 1, 2, 0, 1)
  (3, 0, 0, 1, 1, 0, 0, 3)
  (0, 0, 0, 4, 1, 0, 0, 3)
  (0, 0, 0, 5, 0, 0, 0, 3)

Path 666 (6 moves):
  (1, 1, 1, 1, 1, 1, 1, 1)
  (1, 0, 2, 1, 1, 1, 1, 1)
  (1, 0, 2, 1, 1, 2, 0, 1)
  (3, 0, 0, 1, 1, 2, 0, 1)
  (3, 0, 0, 1, 1, 0, 0, 3)
  (0, 0, 0, 4, 1, 0, 0, 3)
  (0, 0, 0, 4, 4, 0, 0, 0)

Path 667 (6 moves):
  (1, 1, 1, 1, 1, 1, 1, 1)
  (1, 0, 2, 1, 1, 1, 1, 1)
  (1, 0, 2, 1, 1, 2, 0, 1)
  (3, 0, 0, 1, 1, 2, 0, 1)
  (3, 0, 0, 1, 1, 0, 0, 3)
  (3, 0, 0, 0, 2, 0, 0, 3)
  (3, 0, 0, 0, 5, 0, 0, 0)

Path 668 (6 moves):
  (1, 1, 1, 1, 1, 1, 1, 1)
  (1, 0, 2, 1, 1, 1, 1, 1)
  (1, 0, 2, 1, 1, 2, 0, 1)
  (3, 0, 0, 1, 1, 2, 0, 1)
  (3, 0, 0, 1, 1, 0, 0, 3)
  (3, 0, 0, 2, 0, 0, 0, 3)
  (0, 0, 0, 5, 0, 0, 0, 3)

Path 669 (6 moves):
  (1, 1, 1, 1, 1, 1, 1, 1)
  (1, 0, 2, 1, 1, 1, 1, 1)
  (1, 0, 2, 1, 1, 2, 0, 1)
  (3, 0, 0, 1, 1, 2, 0, 1)
  (3, 0, 0, 1, 1, 0, 0, 3)
  (3, 0, 0, 1, 4, 0, 0, 0)
  (0, 0, 0, 4, 4, 0, 0, 0)

Path 670 (6 moves):
  (1, 1, 1, 1, 1, 1, 1, 1)
  (1, 0, 2, 1, 1, 1, 1, 1)
  (1, 0, 2, 1, 1, 2, 0, 1)
  (3, 0, 0, 1, 1, 2, 0, 1)
  (3, 0, 0, 1, 1, 0, 0, 3)
  (3, 0, 0, 1, 4, 0, 0, 0)
  (3, 0, 0, 0, 5, 0, 0, 0)

Path 671 (6 moves):
  (1, 1, 1, 1, 1, 1, 1, 1)
  (1, 0, 2, 1, 1, 1, 1, 1)
  (1, 0, 2, 1, 1, 2, 0, 1)
  (3, 0, 0, 1, 1, 2, 0, 1)
  (3, 0, 0, 1, 1, 0, 0, 3)
  (3, 0, 0, 1, 4, 0, 0, 0)
  (7, 0, 0, 1, 0, 0, 0, 0)

Path 672 (6 moves):
  (1, 1, 1, 1, 1, 1, 1, 1)
  (1, 0, 2, 1, 1, 1, 1, 1)
  (1, 0, 2, 1, 1, 2, 0, 1)
  (1, 0, 0, 1, 3, 2, 0, 1)
  (1, 0, 0, 0, 4, 2, 0, 1)
  (5, 0, 0, 0, 0, 2, 0, 1)
  (0, 0, 0, 0, 0, 7, 0, 1)

Path 673 (6 moves):
  (1, 1, 1, 1, 1, 1, 1, 1)
  (1, 0, 2, 1, 1, 1, 1, 1)
  (1, 0, 2, 1, 1, 2, 0, 1)
  (1, 0, 0, 1, 3, 2, 0, 1)
  (1, 0, 0, 0, 4, 2, 0, 1)
  (5, 0, 0, 0, 0, 2, 0, 1)
  (5, 0, 0, 0, 0, 0, 0, 3)

Path 674 (6 moves):
  (1, 1, 1, 1, 1, 1, 1, 1)
  (1, 0, 2, 1, 1, 1, 1, 1)
  (1, 0, 2, 1, 1, 2, 0, 1)
  (1, 0, 0, 1, 3, 2, 0, 1)
  (1, 0, 0, 0, 4, 2, 0, 1)
  (1, 0, 0, 0, 4, 0, 0, 3)
  (5, 0, 0, 0, 0, 0, 0, 3)

Path 675 (6 moves):
  (1, 1, 1, 1, 1, 1, 1, 1)
  (1, 0, 2, 1, 1, 1, 1, 1)
  (1, 0, 2, 1, 1, 2, 0, 1)
  (1, 0, 0, 1, 3, 2, 0, 1)
  (1, 0, 0, 0, 4, 2, 0, 1)
  (1, 0, 0, 0, 4, 0, 0, 3)
  (1, 0, 0, 0, 7, 0, 0, 0)

Path 676 (6 moves):
  (1, 1, 1, 1, 1, 1, 1, 1)
  (1, 0, 2, 1, 1, 1, 1, 1)
  (1, 0, 2, 1, 1, 2, 0, 1)
  (1, 0, 0, 1, 3, 2, 0, 1)
  (1, 0, 0, 3, 3, 0, 0, 1)
  (4, 0, 0, 0, 3, 0, 0, 1)
  (0, 0, 0, 0, 7, 0, 0, 1)

Path 677 (6 moves):
  (1, 1, 1, 1, 1, 1, 1, 1)
  (1, 0, 2, 1, 1, 1, 1, 1)
  (1, 0, 2, 1, 1, 2, 0, 1)
  (1, 0, 0, 1, 3, 2, 0, 1)
  (1, 0, 0, 3, 3, 0, 0, 1)
  (4, 0, 0, 0, 3, 0, 0, 1)
  (4, 0, 0, 0, 0, 0, 0, 4)

Path 678 (6 moves):
  (1, 1, 1, 1, 1, 1, 1, 1)
  (1, 0, 2, 1, 1, 1, 1, 1)
  (1, 0, 2, 1, 1, 2, 0, 1)
  (1, 0, 0, 1, 3, 2, 0, 1)
  (1, 0, 0, 3, 3, 0, 0, 1)
  (1, 0, 0, 3, 0, 0, 0, 4)
  (4, 0, 0, 0, 0, 0, 0, 4)

Path 679 (6 moves):
  (1, 1, 1, 1, 1, 1, 1, 1)
  (1, 0, 2, 1, 1, 1, 1, 1)
  (1, 0, 2, 1, 1, 2, 0, 1)
  (1, 0, 0, 1, 3, 2, 0, 1)
  (1, 0, 0, 3, 3, 0, 0, 1)
  (1, 0, 0, 3, 0, 0, 0, 4)
  (1, 0, 0, 7, 0, 0, 0, 0)

Path 680 (6 moves):
  (1, 1, 1, 1, 1, 1, 1, 1)
  (1, 0, 2, 1, 1, 1, 1, 1)
  (1, 0, 2, 1, 1, 2, 0, 1)
  (1, 0, 3, 0, 1, 2, 0, 1)
  (1, 0, 3, 0, 1, 0, 0, 3)
  (1, 0, 3, 0, 4, 0, 0, 0)
  (5, 0, 3, 0, 0, 0, 0, 0)

Path 681 (6 moves):
  (1, 1, 1, 1, 1, 1, 1, 1)
  (1, 0, 2, 1, 1, 1, 1, 1)
  (1, 0, 2, 1, 1, 2, 0, 1)
  (1, 0, 2, 0, 2, 2, 0, 1)
  (3, 0, 0, 0, 2, 2, 0, 1)
  (3, 0, 0, 0, 2, 0, 0, 3)
  (3, 0, 0, 0, 5, 0, 0, 0)

Path 682 (6 moves):
  (1, 1, 1, 1, 1, 1, 1, 1)
  (1, 0, 2, 1, 1, 1, 1, 1)
  (1, 0, 2, 1, 1, 2, 0, 1)
  (1, 0, 2, 0, 2, 2, 0, 1)
  (1, 0, 0, 0, 4, 2, 0, 1)
  (5, 0, 0, 0, 0, 2, 0, 1)
  (0, 0, 0, 0, 0, 7, 0, 1)

Path 683 (6 moves):
  (1, 1, 1, 1, 1, 1, 1, 1)
  (1, 0, 2, 1, 1, 1, 1, 1)
  (1, 0, 2, 1, 1, 2, 0, 1)
  (1, 0, 2, 0, 2, 2, 0, 1)
  (1, 0, 0, 0, 4, 2, 0, 1)
  (5, 0, 0, 0, 0, 2, 0, 1)
  (5, 0, 0, 0, 0, 0, 0, 3)

Path 684 (6 moves):
  (1, 1, 1, 1, 1, 1, 1, 1)
  (1, 0, 2, 1, 1, 1, 1, 1)
  (1, 0, 2, 1, 1, 2, 0, 1)
  (1, 0, 2, 0, 2, 2, 0, 1)
  (1, 0, 0, 0, 4, 2, 0, 1)
  (1, 0, 0, 0, 4, 0, 0, 3)
  (5, 0, 0, 0, 0, 0, 0, 3)

Path 685 (6 moves):
  (1, 1, 1, 1, 1, 1, 1, 1)
  (1, 0, 2, 1, 1, 1, 1, 1)
  (1, 0, 2, 1, 1, 2, 0, 1)
  (1, 0, 2, 0, 2, 2, 0, 1)
  (1, 0, 0, 0, 4, 2, 0, 1)
  (1, 0, 0, 0, 4, 0, 0, 3)
  (1, 0, 0, 0, 7, 0, 0, 0)

Path 686 (6 moves):
  (1, 1, 1, 1, 1, 1, 1, 1)
  (1, 0, 2, 1, 1, 1, 1, 1)
  (1, 0, 2, 1, 1, 2, 0, 1)
  (1, 0, 2, 2, 0, 2, 0, 1)
  (1, 0, 2, 4, 0, 0, 0, 1)
  (3, 0, 0, 4, 0, 0, 0, 1)
  (0, 0, 0, 7, 0, 0, 0, 1)

Path 687 (6 moves):
  (1, 1, 1, 1, 1, 1, 1, 1)
  (1, 0, 2, 1, 1, 1, 1, 1)
  (1, 0, 2, 1, 1, 2, 0, 1)
  (1, 0, 2, 2, 0, 2, 0, 1)
  (1, 0, 2, 4, 0, 0, 0, 1)
  (3, 0, 0, 4, 0, 0, 0, 1)
  (3, 0, 0, 0, 0, 0, 0, 5)

Path 688 (6 moves):
  (1, 1, 1, 1, 1, 1, 1, 1)
  (1, 0, 2, 1, 1, 1, 1, 1)
  (1, 0, 2, 1, 1, 2, 0, 1)
  (1, 0, 2, 2, 0, 2, 0, 1)
  (1, 0, 2, 4, 0, 0, 0, 1)
  (1, 0, 2, 0, 0, 0, 0, 5)
  (3, 0, 0, 0, 0, 0, 0, 5)

Path 689 (6 moves):
  (1, 1, 1, 1, 1, 1, 1, 1)
  (1, 0, 2, 1, 1, 1, 1, 1)
  (1, 0, 2, 1, 1, 2, 0, 1)
  (1, 0, 2, 2, 0, 2, 0, 1)
  (1, 0, 2, 4, 0, 0, 0, 1)
  (1, 0, 2, 0, 0, 0, 0, 5)
  (1, 0, 7, 0, 0, 0, 0, 0)

Path 690 (6 moves):
  (1, 1, 1, 1, 1, 1, 1, 1)
  (1, 0, 2, 1, 1, 1, 1, 1)
  (1, 0, 2, 1, 1, 2, 0, 1)
  (1, 0, 2, 2, 0, 2, 0, 1)
  (1, 0, 2, 2, 0, 0, 0, 3)
  (3, 0, 0, 2, 0, 0, 0, 3)
  (0, 0, 0, 5, 0, 0, 0, 3)

Path 691 (6 moves):
  (1, 1, 1, 1, 1, 1, 1, 1)
  (1, 0, 2, 1, 1, 1, 1, 1)
  (1, 0, 2, 1, 1, 2, 0, 1)
  (1, 0, 2, 1, 0, 3, 0, 1)
  (3, 0, 0, 1, 0, 3, 0, 1)
  (0, 0, 0, 4, 0, 3, 0, 1)
  (0, 0, 0, 0, 0, 3, 0, 5)

Path 692 (6 moves):
  (1, 1, 1, 1, 1, 1, 1, 1)
  (1, 0, 2, 1, 1, 1, 1, 1)
  (1, 0, 2, 1, 1, 2, 0, 1)
  (1, 0, 2, 3, 1, 0, 0, 1)
  (1, 0, 0, 3, 3, 0, 0, 1)
  (4, 0, 0, 0, 3, 0, 0, 1)
  (0, 0, 0, 0, 7, 0, 0, 1)

Path 693 (6 moves):
  (1, 1, 1, 1, 1, 1, 1, 1)
  (1, 0, 2, 1, 1, 1, 1, 1)
  (1, 0, 2, 1, 1, 2, 0, 1)
  (1, 0, 2, 3, 1, 0, 0, 1)
  (1, 0, 0, 3, 3, 0, 0, 1)
  (4, 0, 0, 0, 3, 0, 0, 1)
  (4, 0, 0, 0, 0, 0, 0, 4)

Path 694 (6 moves):
  (1, 1, 1, 1, 1, 1, 1, 1)
  (1, 0, 2, 1, 1, 1, 1, 1)
  (1, 0, 2, 1, 1, 2, 0, 1)
  (1, 0, 2, 3, 1, 0, 0, 1)
  (1, 0, 0, 3, 3, 0, 0, 1)
  (1, 0, 0, 3, 0, 0, 0, 4)
  (4, 0, 0, 0, 0, 0, 0, 4)

Path 695 (6 moves):
  (1, 1, 1, 1, 1, 1, 1, 1)
  (1, 0, 2, 1, 1, 1, 1, 1)
  (1, 0, 2, 1, 1, 2, 0, 1)
  (1, 0, 2, 3, 1, 0, 0, 1)
  (1, 0, 0, 3, 3, 0, 0, 1)
  (1, 0, 0, 3, 0, 0, 0, 4)
  (1, 0, 0, 7, 0, 0, 0, 0)

Path 696 (6 moves):
  (1, 1, 1, 1, 1, 1, 1, 1)
  (1, 0, 2, 1, 1, 1, 1, 1)
  (1, 0, 2, 1, 1, 2, 0, 1)
  (1, 0, 2, 3, 1, 0, 0, 1)
  (1, 0, 2, 4, 0, 0, 0, 1)
  (3, 0, 0, 4, 0, 0, 0, 1)
  (0, 0, 0, 7, 0, 0, 0, 1)

Path 697 (6 moves):
  (1, 1, 1, 1, 1, 1, 1, 1)
  (1, 0, 2, 1, 1, 1, 1, 1)
  (1, 0, 2, 1, 1, 2, 0, 1)
  (1, 0, 2, 3, 1, 0, 0, 1)
  (1, 0, 2, 4, 0, 0, 0, 1)
  (3, 0, 0, 4, 0, 0, 0, 1)
  (3, 0, 0, 0, 0, 0, 0, 5)

Path 698 (6 moves):
  (1, 1, 1, 1, 1, 1, 1, 1)
  (1, 0, 2, 1, 1, 1, 1, 1)
  (1, 0, 2, 1, 1, 2, 0, 1)
  (1, 0, 2, 3, 1, 0, 0, 1)
  (1, 0, 2, 4, 0, 0, 0, 1)
  (1, 0, 2, 0, 0, 0, 0, 5)
  (3, 0, 0, 0, 0, 0, 0, 5)

Path 699 (6 moves):
  (1, 1, 1, 1, 1, 1, 1, 1)
  (1, 0, 2, 1, 1, 1, 1, 1)
  (1, 0, 2, 1, 1, 2, 0, 1)
  (1, 0, 2, 3, 1, 0, 0, 1)
  (1, 0, 2, 4, 0, 0, 0, 1)
  (1, 0, 2, 0, 0, 0, 0, 5)
  (1, 0, 7, 0, 0, 0, 0, 0)

Path 700 (6 moves):
  (1, 1, 1, 1, 1, 1, 1, 1)
  (1, 0, 2, 1, 1, 1, 1, 1)
  (1, 0, 2, 1, 1, 2, 0, 1)
  (1, 0, 2, 1, 1, 0, 0, 3)
  (3, 0, 0, 1, 1, 0, 0, 3)
  (0, 0, 0, 4, 1, 0, 0, 3)
  (0, 0, 0, 0, 1, 0, 0, 7)

Path 701 (6 moves):
  (1, 1, 1, 1, 1, 1, 1, 1)
  (1, 0, 2, 1, 1, 1, 1, 1)
  (1, 0, 2, 1, 1, 2, 0, 1)
  (1, 0, 2, 1, 1, 0, 0, 3)
  (3, 0, 0, 1, 1, 0, 0, 3)
  (0, 0, 0, 4, 1, 0, 0, 3)
  (0, 0, 0, 5, 0, 0, 0, 3)

Path 702 (6 moves):
  (1, 1, 1, 1, 1, 1, 1, 1)
  (1, 0, 2, 1, 1, 1, 1, 1)
  (1, 0, 2, 1, 1, 2, 0, 1)
  (1, 0, 2, 1, 1, 0, 0, 3)
  (3, 0, 0, 1, 1, 0, 0, 3)
  (0, 0, 0, 4, 1, 0, 0, 3)
  (0, 0, 0, 4, 4, 0, 0, 0)

Path 703 (6 moves):
  (1, 1, 1, 1, 1, 1, 1, 1)
  (1, 0, 2, 1, 1, 1, 1, 1)
  (1, 0, 2, 1, 1, 2, 0, 1)
  (1, 0, 2, 1, 1, 0, 0, 3)
  (3, 0, 0, 1, 1, 0, 0, 3)
  (3, 0, 0, 0, 2, 0, 0, 3)
  (3, 0, 0, 0, 5, 0, 0, 0)

Path 704 (6 moves):
  (1, 1, 1, 1, 1, 1, 1, 1)
  (1, 0, 2, 1, 1, 1, 1, 1)
  (1, 0, 2, 1, 1, 2, 0, 1)
  (1, 0, 2, 1, 1, 0, 0, 3)
  (3, 0, 0, 1, 1, 0, 0, 3)
  (3, 0, 0, 2, 0, 0, 0, 3)
  (0, 0, 0, 5, 0, 0, 0, 3)

Path 705 (6 moves):
  (1, 1, 1, 1, 1, 1, 1, 1)
  (1, 0, 2, 1, 1, 1, 1, 1)
  (1, 0, 2, 1, 1, 2, 0, 1)
  (1, 0, 2, 1, 1, 0, 0, 3)
  (3, 0, 0, 1, 1, 0, 0, 3)
  (3, 0, 0, 1, 4, 0, 0, 0)
  (0, 0, 0, 4, 4, 0, 0, 0)

Path 706 (6 moves):
  (1, 1, 1, 1, 1, 1, 1, 1)
  (1, 0, 2, 1, 1, 1, 1, 1)
  (1, 0, 2, 1, 1, 2, 0, 1)
  (1, 0, 2, 1, 1, 0, 0, 3)
  (3, 0, 0, 1, 1, 0, 0, 3)
  (3, 0, 0, 1, 4, 0, 0, 0)
  (3, 0, 0, 0, 5, 0, 0, 0)

Path 707 (6 moves):
  (1, 1, 1, 1, 1, 1, 1, 1)
  (1, 0, 2, 1, 1, 1, 1, 1)
  (1, 0, 2, 1, 1, 2, 0, 1)
  (1, 0, 2, 1, 1, 0, 0, 3)
  (3, 0, 0, 1, 1, 0, 0, 3)
  (3, 0, 0, 1, 4, 0, 0, 0)
  (7, 0, 0, 1, 0, 0, 0, 0)

Path 708 (6 moves):
  (1, 1, 1, 1, 1, 1, 1, 1)
  (1, 0, 2, 1, 1, 1, 1, 1)
  (1, 0, 2, 1, 1, 2, 0, 1)
  (1, 0, 2, 1, 1, 0, 0, 3)
  (1, 0, 3, 0, 1, 0, 0, 3)
  (1, 0, 3, 0, 4, 0, 0, 0)
  (5, 0, 3, 0, 0, 0, 0, 0)

Path 709 (6 moves):
  (1, 1, 1, 1, 1, 1, 1, 1)
  (1, 0, 2, 1, 1, 1, 1, 1)
  (1, 0, 2, 1, 1, 2, 0, 1)
  (1, 0, 2, 1, 1, 0, 0, 3)
  (1, 0, 2, 2, 0, 0, 0, 3)
  (3, 0, 0, 2, 0, 0, 0, 3)
  (0, 0, 0, 5, 0, 0, 0, 3)

Path 710 (6 moves):
  (1, 1, 1, 1, 1, 1, 1, 1)
  (1, 0, 2, 1, 1, 1, 1, 1)
  (1, 0, 2, 1, 1, 2, 0, 1)
  (1, 0, 2, 1, 1, 0, 0, 3)
  (1, 0, 2, 1, 4, 0, 0, 0)
  (3, 0, 0, 1, 4, 0, 0, 0)
  (0, 0, 0, 4, 4, 0, 0, 0)

Path 711 (6 moves):
  (1, 1, 1, 1, 1, 1, 1, 1)
  (1, 0, 2, 1, 1, 1, 1, 1)
  (1, 0, 2, 1, 1, 2, 0, 1)
  (1, 0, 2, 1, 1, 0, 0, 3)
  (1, 0, 2, 1, 4, 0, 0, 0)
  (3, 0, 0, 1, 4, 0, 0, 0)
  (3, 0, 0, 0, 5, 0, 0, 0)

Path 712 (6 moves):
  (1, 1, 1, 1, 1, 1, 1, 1)
  (1, 0, 2, 1, 1, 1, 1, 1)
  (1, 0, 2, 1, 1, 2, 0, 1)
  (1, 0, 2, 1, 1, 0, 0, 3)
  (1, 0, 2, 1, 4, 0, 0, 0)
  (3, 0, 0, 1, 4, 0, 0, 0)
  (7, 0, 0, 1, 0, 0, 0, 0)

Path 713 (6 moves):
  (1, 1, 1, 1, 1, 1, 1, 1)
  (1, 0, 2, 1, 1, 1, 1, 1)
  (1, 0, 2, 1, 1, 2, 0, 1)
  (1, 0, 2, 1, 1, 0, 0, 3)
  (1, 0, 2, 1, 4, 0, 0, 0)
  (1, 0, 0, 1, 6, 0, 0, 0)
  (1, 0, 0, 0, 7, 0, 0, 0)

Path 714 (6 moves):
  (1, 1, 1, 1, 1, 1, 1, 1)
  (1, 0, 2, 1, 1, 1, 1, 1)
  (1, 0, 2, 1, 1, 2, 0, 1)
  (1, 0, 2, 1, 1, 0, 0, 3)
  (1, 0, 2, 1, 4, 0, 0, 0)
  (1, 0, 3, 0, 4, 0, 0, 0)
  (5, 0, 3, 0, 0, 0, 0, 0)

Path 715 (6 moves):
  (1, 1, 1, 1, 1, 1, 1, 1)
  (1, 0, 2, 1, 1, 1, 1, 1)
  (1, 0, 2, 1, 1, 2, 0, 1)
  (1, 0, 2, 1, 1, 0, 0, 3)
  (1, 0, 2, 1, 4, 0, 0, 0)
  (1, 0, 2, 0, 5, 0, 0, 0)
  (3, 0, 0, 0, 5, 0, 0, 0)

Path 716 (6 moves):
  (1, 1, 1, 1, 1, 1, 1, 1)
  (1, 0, 2, 1, 1, 1, 1, 1)
  (1, 0, 2, 1, 1, 2, 0, 1)
  (1, 0, 2, 1, 1, 0, 0, 3)
  (1, 0, 2, 1, 4, 0, 0, 0)
  (1, 0, 2, 0, 5, 0, 0, 0)
  (1, 0, 0, 0, 7, 0, 0, 0)

Path 717 (6 moves):
  (1, 1, 1, 1, 1, 1, 1, 1)
  (1, 0, 2, 1, 1, 1, 1, 1)
  (1, 0, 2, 1, 1, 2, 0, 1)
  (1, 0, 2, 1, 1, 0, 0, 3)
  (1, 0, 2, 1, 4, 0, 0, 0)
  (5, 0, 2, 1, 0, 0, 0, 0)
  (7, 0, 0, 1, 0, 0, 0, 0)

Path 718 (6 moves):
  (1, 1, 1, 1, 1, 1, 1, 1)
  (1, 0, 2, 1, 1, 1, 1, 1)
  (1, 0, 2, 1, 1, 2, 0, 1)
  (1, 0, 2, 1, 1, 0, 0, 3)
  (1, 0, 2, 1, 4, 0, 0, 0)
  (5, 0, 2, 1, 0, 0, 0, 0)
  (5, 0, 3, 0, 0, 0, 0, 0)

Path 719 (6 moves):
  (1, 1, 1, 1, 1, 1, 1, 1)
  (1, 2, 0, 1, 1, 1, 1, 1)
  (0, 3, 0, 1, 1, 1, 1, 1)
  (0, 0, 0, 1, 4, 1, 1, 1)
  (0, 0, 0, 1, 4, 0, 2, 1)
  (0, 0, 0, 0, 5, 0, 2, 1)
  (0, 0, 0, 0, 7, 0, 0, 1)

Path 720 (6 moves):
  (1, 1, 1, 1, 1, 1, 1, 1)
  (1, 2, 0, 1, 1, 1, 1, 1)
  (0, 3, 0, 1, 1, 1, 1, 1)
  (0, 0, 0, 1, 4, 1, 1, 1)
  (0, 0, 0, 1, 4, 0, 2, 1)
  (0, 0, 0, 0, 5, 0, 2, 1)
  (0, 0, 0, 0, 5, 0, 3, 0)

Path 721 (6 moves):
  (1, 1, 1, 1, 1, 1, 1, 1)
  (1, 2, 0, 1, 1, 1, 1, 1)
  (0, 3, 0, 1, 1, 1, 1, 1)
  (0, 0, 0, 1, 4, 1, 1, 1)
  (0, 0, 0, 1, 4, 0, 2, 1)
  (0, 0, 0, 1, 6, 0, 0, 1)
  (0, 0, 0, 0, 7, 0, 0, 1)

Path 722 (6 moves):
  (1, 1, 1, 1, 1, 1, 1, 1)
  (1, 2, 0, 1, 1, 1, 1, 1)
  (0, 3, 0, 1, 1, 1, 1, 1)
  (0, 0, 0, 1, 4, 1, 1, 1)
  (0, 0, 0, 1, 4, 0, 2, 1)
  (0, 0, 0, 1, 4, 0, 3, 0)
  (0, 0, 0, 0, 5, 0, 3, 0)

Path 723 (6 moves):
  (1, 1, 1, 1, 1, 1, 1, 1)
  (1, 2, 0, 1, 1, 1, 1, 1)
  (0, 3, 0, 1, 1, 1, 1, 1)
  (0, 0, 0, 1, 4, 1, 1, 1)
  (0, 0, 0, 1, 4, 0, 2, 1)
  (0, 0, 0, 1, 4, 0, 3, 0)
  (0, 0, 0, 4, 4, 0, 0, 0)

Path 724 (6 moves):
  (1, 1, 1, 1, 1, 1, 1, 1)
  (1, 2, 0, 1, 1, 1, 1, 1)
  (0, 3, 0, 1, 1, 1, 1, 1)
  (0, 0, 0, 1, 4, 1, 1, 1)
  (0, 0, 0, 1, 4, 1, 0, 2)
  (0, 0, 0, 0, 5, 1, 0, 2)
  (0, 0, 0, 0, 6, 0, 0, 2)

Path 725 (6 moves):
  (1, 1, 1, 1, 1, 1, 1, 1)
  (1, 2, 0, 1, 1, 1, 1, 1)
  (0, 3, 0, 1, 1, 1, 1, 1)
  (0, 0, 0, 1, 4, 1, 1, 1)
  (0, 0, 0, 1, 4, 1, 0, 2)
  (0, 0, 0, 0, 5, 1, 0, 2)
  (0, 0, 0, 0, 5, 3, 0, 0)

Path 726 (6 moves):
  (1, 1, 1, 1, 1, 1, 1, 1)
  (1, 2, 0, 1, 1, 1, 1, 1)
  (0, 3, 0, 1, 1, 1, 1, 1)
  (0, 0, 0, 1, 4, 1, 1, 1)
  (0, 0, 0, 1, 4, 1, 0, 2)
  (0, 0, 0, 1, 5, 0, 0, 2)
  (0, 0, 0, 0, 6, 0, 0, 2)

Path 727 (6 moves):
  (1, 1, 1, 1, 1, 1, 1, 1)
  (1, 2, 0, 1, 1, 1, 1, 1)
  (0, 3, 0, 1, 1, 1, 1, 1)
  (0, 0, 0, 1, 4, 1, 1, 1)
  (0, 0, 0, 1, 4, 1, 0, 2)
  (0, 0, 0, 1, 4, 3, 0, 0)
  (0, 0, 0, 0, 5, 3, 0, 0)

Path 728 (6 moves):
  (1, 1, 1, 1, 1, 1, 1, 1)
  (1, 2, 0, 1, 1, 1, 1, 1)
  (0, 3, 0, 1, 1, 1, 1, 1)
  (0, 3, 0, 0, 2, 1, 1, 1)
  (0, 3, 0, 0, 3, 0, 1, 1)
  (0, 0, 0, 0, 6, 0, 1, 1)
  (0, 0, 0, 0, 6, 0, 0, 2)

Path 729 (6 moves):
  (1, 1, 1, 1, 1, 1, 1, 1)
  (1, 2, 0, 1, 1, 1, 1, 1)
  (0, 3, 0, 1, 1, 1, 1, 1)
  (0, 3, 0, 0, 2, 1, 1, 1)
  (0, 3, 0, 0, 3, 0, 1, 1)
  (0, 6, 0, 0, 0, 0, 1, 1)
  (0, 6, 0, 0, 0, 0, 2, 0)

Path 730 (6 moves):
  (1, 1, 1, 1, 1, 1, 1, 1)
  (1, 2, 0, 1, 1, 1, 1, 1)
  (0, 3, 0, 1, 1, 1, 1, 1)
  (0, 3, 0, 0, 2, 1, 1, 1)
  (0, 3, 0, 0, 3, 0, 1, 1)
  (0, 3, 0, 0, 0, 0, 1, 4)
  (0, 3, 0, 0, 0, 0, 0, 5)

Path 731 (6 moves):
  (1, 1, 1, 1, 1, 1, 1, 1)
  (1, 2, 0, 1, 1, 1, 1, 1)
  (0, 3, 0, 1, 1, 1, 1, 1)
  (0, 3, 0, 0, 2, 1, 1, 1)
  (0, 3, 0, 0, 3, 0, 1, 1)
  (0, 3, 0, 0, 3, 0, 0, 2)
  (0, 0, 0, 0, 6, 0, 0, 2)

Path 732 (6 moves):
  (1, 1, 1, 1, 1, 1, 1, 1)
  (1, 2, 0, 1, 1, 1, 1, 1)
  (0, 3, 0, 1, 1, 1, 1, 1)
  (0, 3, 0, 0, 2, 1, 1, 1)
  (0, 3, 0, 0, 3, 0, 1, 1)
  (0, 3, 0, 0, 3, 0, 0, 2)
  (0, 3, 0, 0, 0, 0, 0, 5)

Path 733 (6 moves):
  (1, 1, 1, 1, 1, 1, 1, 1)
  (1, 2, 0, 1, 1, 1, 1, 1)
  (0, 3, 0, 1, 1, 1, 1, 1)
  (0, 3, 0, 0, 2, 1, 1, 1)
  (0, 3, 0, 0, 3, 0, 1, 1)
  (0, 3, 0, 0, 3, 0, 2, 0)
  (0, 6, 0, 0, 0, 0, 2, 0)

Path 734 (6 moves):
  (1, 1, 1, 1, 1, 1, 1, 1)
  (1, 2, 0, 1, 1, 1, 1, 1)
  (0, 3, 0, 1, 1, 1, 1, 1)
  (0, 3, 0, 0, 2, 1, 1, 1)
  (0, 3, 0, 0, 2, 1, 0, 2)
  (0, 0, 0, 0, 5, 1, 0, 2)
  (0, 0, 0, 0, 6, 0, 0, 2)

Path 735 (6 moves):
  (1, 1, 1, 1, 1, 1, 1, 1)
  (1, 2, 0, 1, 1, 1, 1, 1)
  (0, 3, 0, 1, 1, 1, 1, 1)
  (0, 3, 0, 0, 2, 1, 1, 1)
  (0, 3, 0, 0, 2, 1, 0, 2)
  (0, 0, 0, 0, 5, 1, 0, 2)
  (0, 0, 0, 0, 5, 3, 0, 0)

Path 736 (6 moves):
  (1, 1, 1, 1, 1, 1, 1, 1)
  (1, 2, 0, 1, 1, 1, 1, 1)
  (0, 3, 0, 1, 1, 1, 1, 1)
  (0, 3, 0, 0, 2, 1, 1, 1)
  (0, 3, 0, 0, 2, 1, 0, 2)
  (0, 3, 0, 0, 3, 0, 0, 2)
  (0, 0, 0, 0, 6, 0, 0, 2)

Path 737 (6 moves):
  (1, 1, 1, 1, 1, 1, 1, 1)
  (1, 2, 0, 1, 1, 1, 1, 1)
  (0, 3, 0, 1, 1, 1, 1, 1)
  (0, 3, 0, 0, 2, 1, 1, 1)
  (0, 3, 0, 0, 2, 1, 0, 2)
  (0, 3, 0, 0, 3, 0, 0, 2)
  (0, 3, 0, 0, 0, 0, 0, 5)

Path 738 (6 moves):
  (1, 1, 1, 1, 1, 1, 1, 1)
  (1, 2, 0, 1, 1, 1, 1, 1)
  (0, 3, 0, 1, 1, 1, 1, 1)
  (0, 3, 0, 0, 2, 1, 1, 1)
  (0, 3, 0, 0, 2, 1, 0, 2)
  (0, 3, 0, 0, 2, 3, 0, 0)
  (0, 0, 0, 0, 5, 3, 0, 0)

Path 739 (6 moves):
  (1, 1, 1, 1, 1, 1, 1, 1)
  (1, 2, 0, 1, 1, 1, 1, 1)
  (0, 3, 0, 1, 1, 1, 1, 1)
  (0, 3, 0, 2, 0, 1, 1, 1)
  (0, 3, 0, 2, 0, 2, 0, 1)
  (0, 5, 0, 0, 0, 2, 0, 1)
  (0, 5, 0, 0, 0, 0, 0, 3)

Path 740 (6 moves):
  (1, 1, 1, 1, 1, 1, 1, 1)
  (1, 2, 0, 1, 1, 1, 1, 1)
  (0, 3, 0, 1, 1, 1, 1, 1)
  (0, 3, 0, 2, 0, 1, 1, 1)
  (0, 3, 0, 2, 0, 2, 0, 1)
  (0, 3, 0, 0, 0, 4, 0, 1)
  (0, 7, 0, 0, 0, 0, 0, 1)

Path 741 (6 moves):
  (1, 1, 1, 1, 1, 1, 1, 1)
  (1, 2, 0, 1, 1, 1, 1, 1)
  (0, 3, 0, 1, 1, 1, 1, 1)
  (0, 3, 0, 2, 0, 1, 1, 1)
  (0, 3, 0, 2, 0, 2, 0, 1)
  (0, 3, 0, 4, 0, 0, 0, 1)
  (0, 3, 0, 0, 0, 0, 0, 5)

Path 742 (6 moves):
  (1, 1, 1, 1, 1, 1, 1, 1)
  (1, 2, 0, 1, 1, 1, 1, 1)
  (0, 3, 0, 1, 1, 1, 1, 1)
  (0, 3, 0, 2, 0, 1, 1, 1)
  (0, 3, 0, 2, 0, 2, 0, 1)
  (0, 3, 0, 2, 0, 0, 0, 3)
  (0, 5, 0, 0, 0, 0, 0, 3)

Path 743 (6 moves):
  (1, 1, 1, 1, 1, 1, 1, 1)
  (1, 2, 0, 1, 1, 1, 1, 1)
  (0, 3, 0, 1, 1, 1, 1, 1)
  (0, 3, 0, 2, 0, 1, 1, 1)
  (0, 3, 0, 2, 0, 1, 0, 2)
  (0, 5, 0, 0, 0, 1, 0, 2)
  (0, 5, 0, 0, 0, 3, 0, 0)

Path 744 (6 moves):
  (1, 1, 1, 1, 1, 1, 1, 1)
  (1, 2, 0, 1, 1, 1, 1, 1)
  (0, 3, 0, 1, 1, 1, 1, 1)
  (0, 3, 0, 2, 0, 1, 1, 1)
  (0, 3, 0, 2, 0, 1, 0, 2)
  (0, 3, 0, 0, 0, 3, 0, 2)
  (0, 3, 0, 0, 0, 5, 0, 0)

Path 745 (6 moves):
  (1, 1, 1, 1, 1, 1, 1, 1)
  (1, 2, 0, 1, 1, 1, 1, 1)
  (0, 3, 0, 1, 1, 1, 1, 1)
  (0, 3, 0, 2, 0, 1, 1, 1)
  (0, 3, 0, 2, 0, 1, 0, 2)
  (0, 3, 0, 2, 0, 3, 0, 0)
  (0, 5, 0, 0, 0, 3, 0, 0)

Path 746 (6 moves):
  (1, 1, 1, 1, 1, 1, 1, 1)
  (1, 2, 0, 1, 1, 1, 1, 1)
  (0, 3, 0, 1, 1, 1, 1, 1)
  (0, 3, 0, 2, 0, 1, 1, 1)
  (0, 3, 0, 2, 0, 1, 0, 2)
  (0, 3, 0, 2, 0, 3, 0, 0)
  (0, 3, 0, 0, 0, 5, 0, 0)

Path 747 (6 moves):
  (1, 1, 1, 1, 1, 1, 1, 1)
  (1, 2, 0, 1, 1, 1, 1, 1)
  (0, 3, 0, 1, 1, 1, 1, 1)
  (0, 3, 0, 1, 0, 2, 1, 1)
  (0, 3, 0, 1, 0, 0, 1, 3)
  (0, 3, 0, 1, 0, 0, 0, 4)
  (0, 3, 0, 5, 0, 0, 0, 0)

Path 748 (4 moves):
  (1, 1, 1, 1, 1, 1, 1, 1)
  (1, 2, 0, 1, 1, 1, 1, 1)
  (0, 3, 0, 1, 1, 1, 1, 1)
  (0, 3, 0, 1, 0, 2, 1, 1)
  (0, 3, 0, 1, 0, 3, 0, 1)

Path 749 (6 moves):
  (1, 1, 1, 1, 1, 1, 1, 1)
  (1, 2, 0, 1, 1, 1, 1, 1)
  (0, 3, 0, 1, 1, 1, 1, 1)
  (0, 3, 0, 1, 2, 0, 1, 1)
  (0, 3, 0, 0, 3, 0, 1, 1)
  (0, 0, 0, 0, 6, 0, 1, 1)
  (0, 0, 0, 0, 6, 0, 0, 2)

Path 750 (6 moves):
  (1, 1, 1, 1, 1, 1, 1, 1)
  (1, 2, 0, 1, 1, 1, 1, 1)
  (0, 3, 0, 1, 1, 1, 1, 1)
  (0, 3, 0, 1, 2, 0, 1, 1)
  (0, 3, 0, 0, 3, 0, 1, 1)
  (0, 6, 0, 0, 0, 0, 1, 1)
  (0, 6, 0, 0, 0, 0, 2, 0)

Path 751 (6 moves):
  (1, 1, 1, 1, 1, 1, 1, 1)
  (1, 2, 0, 1, 1, 1, 1, 1)
  (0, 3, 0, 1, 1, 1, 1, 1)
  (0, 3, 0, 1, 2, 0, 1, 1)
  (0, 3, 0, 0, 3, 0, 1, 1)
  (0, 3, 0, 0, 0, 0, 1, 4)
  (0, 3, 0, 0, 0, 0, 0, 5)

Path 752 (6 moves):
  (1, 1, 1, 1, 1, 1, 1, 1)
  (1, 2, 0, 1, 1, 1, 1, 1)
  (0, 3, 0, 1, 1, 1, 1, 1)
  (0, 3, 0, 1, 2, 0, 1, 1)
  (0, 3, 0, 0, 3, 0, 1, 1)
  (0, 3, 0, 0, 3, 0, 0, 2)
  (0, 0, 0, 0, 6, 0, 0, 2)

Path 753 (6 moves):
  (1, 1, 1, 1, 1, 1, 1, 1)
  (1, 2, 0, 1, 1, 1, 1, 1)
  (0, 3, 0, 1, 1, 1, 1, 1)
  (0, 3, 0, 1, 2, 0, 1, 1)
  (0, 3, 0, 0, 3, 0, 1, 1)
  (0, 3, 0, 0, 3, 0, 0, 2)
  (0, 3, 0, 0, 0, 0, 0, 5)

Path 754 (6 moves):
  (1, 1, 1, 1, 1, 1, 1, 1)
  (1, 2, 0, 1, 1, 1, 1, 1)
  (0, 3, 0, 1, 1, 1, 1, 1)
  (0, 3, 0, 1, 2, 0, 1, 1)
  (0, 3, 0, 0, 3, 0, 1, 1)
  (0, 3, 0, 0, 3, 0, 2, 0)
  (0, 6, 0, 0, 0, 0, 2, 0)

Path 755 (6 moves):
  (1, 1, 1, 1, 1, 1, 1, 1)
  (1, 2, 0, 1, 1, 1, 1, 1)
  (0, 3, 0, 1, 1, 1, 1, 1)
  (0, 3, 0, 1, 2, 0, 1, 1)
  (0, 3, 0, 1, 2, 0, 0, 2)
  (0, 0, 0, 1, 5, 0, 0, 2)
  (0, 0, 0, 0, 6, 0, 0, 2)

Path 756 (6 moves):
  (1, 1, 1, 1, 1, 1, 1, 1)
  (1, 2, 0, 1, 1, 1, 1, 1)
  (0, 3, 0, 1, 1, 1, 1, 1)
  (0, 3, 0, 1, 2, 0, 1, 1)
  (0, 3, 0, 1, 2, 0, 0, 2)
  (0, 3, 0, 0, 3, 0, 0, 2)
  (0, 0, 0, 0, 6, 0, 0, 2)

Path 757 (6 moves):
  (1, 1, 1, 1, 1, 1, 1, 1)
  (1, 2, 0, 1, 1, 1, 1, 1)
  (0, 3, 0, 1, 1, 1, 1, 1)
  (0, 3, 0, 1, 2, 0, 1, 1)
  (0, 3, 0, 1, 2, 0, 0, 2)
  (0, 3, 0, 0, 3, 0, 0, 2)
  (0, 3, 0, 0, 0, 0, 0, 5)

Path 758 (6 moves):
  (1, 1, 1, 1, 1, 1, 1, 1)
  (1, 2, 0, 1, 1, 1, 1, 1)
  (0, 3, 0, 1, 1, 1, 1, 1)
  (0, 3, 0, 1, 1, 0, 2, 1)
  (0, 0, 0, 1, 4, 0, 2, 1)
  (0, 0, 0, 0, 5, 0, 2, 1)
  (0, 0, 0, 0, 7, 0, 0, 1)

Path 759 (6 moves):
  (1, 1, 1, 1, 1, 1, 1, 1)
  (1, 2, 0, 1, 1, 1, 1, 1)
  (0, 3, 0, 1, 1, 1, 1, 1)
  (0, 3, 0, 1, 1, 0, 2, 1)
  (0, 0, 0, 1, 4, 0, 2, 1)
  (0, 0, 0, 0, 5, 0, 2, 1)
  (0, 0, 0, 0, 5, 0, 3, 0)

Path 760 (6 moves):
  (1, 1, 1, 1, 1, 1, 1, 1)
  (1, 2, 0, 1, 1, 1, 1, 1)
  (0, 3, 0, 1, 1, 1, 1, 1)
  (0, 3, 0, 1, 1, 0, 2, 1)
  (0, 0, 0, 1, 4, 0, 2, 1)
  (0, 0, 0, 1, 6, 0, 0, 1)
  (0, 0, 0, 0, 7, 0, 0, 1)

Path 761 (6 moves):
  (1, 1, 1, 1, 1, 1, 1, 1)
  (1, 2, 0, 1, 1, 1, 1, 1)
  (0, 3, 0, 1, 1, 1, 1, 1)
  (0, 3, 0, 1, 1, 0, 2, 1)
  (0, 0, 0, 1, 4, 0, 2, 1)
  (0, 0, 0, 1, 4, 0, 3, 0)
  (0, 0, 0, 0, 5, 0, 3, 0)

Path 762 (6 moves):
  (1, 1, 1, 1, 1, 1, 1, 1)
  (1, 2, 0, 1, 1, 1, 1, 1)
  (0, 3, 0, 1, 1, 1, 1, 1)
  (0, 3, 0, 1, 1, 0, 2, 1)
  (0, 0, 0, 1, 4, 0, 2, 1)
  (0, 0, 0, 1, 4, 0, 3, 0)
  (0, 0, 0, 4, 4, 0, 0, 0)

Path 763 (6 moves):
  (1, 1, 1, 1, 1, 1, 1, 1)
  (1, 2, 0, 1, 1, 1, 1, 1)
  (0, 3, 0, 1, 1, 1, 1, 1)
  (0, 3, 0, 1, 1, 0, 2, 1)
  (0, 3, 0, 1, 3, 0, 0, 1)
  (0, 0, 0, 1, 6, 0, 0, 1)
  (0, 0, 0, 0, 7, 0, 0, 1)

Path 764 (6 moves):
  (1, 1, 1, 1, 1, 1, 1, 1)
  (1, 2, 0, 1, 1, 1, 1, 1)
  (0, 3, 0, 1, 1, 1, 1, 1)
  (0, 3, 0, 1, 1, 0, 2, 1)
  (0, 3, 0, 1, 3, 0, 0, 1)
  (0, 3, 0, 0, 4, 0, 0, 1)
  (0, 0, 0, 0, 7, 0, 0, 1)

Path 765 (6 moves):
  (1, 1, 1, 1, 1, 1, 1, 1)
  (1, 2, 0, 1, 1, 1, 1, 1)
  (0, 3, 0, 1, 1, 1, 1, 1)
  (0, 3, 0, 1, 1, 0, 2, 1)
  (0, 3, 0, 1, 3, 0, 0, 1)
  (0, 6, 0, 1, 0, 0, 0, 1)
  (0, 0, 0, 1, 0, 0, 0, 7)

Path 766 (6 moves):
  (1, 1, 1, 1, 1, 1, 1, 1)
  (1, 2, 0, 1, 1, 1, 1, 1)
  (0, 3, 0, 1, 1, 1, 1, 1)
  (0, 3, 0, 1, 1, 0, 2, 1)
  (0, 3, 0, 1, 3, 0, 0, 1)
  (0, 3, 0, 1, 0, 0, 0, 4)
  (0, 3, 0, 5, 0, 0, 0, 0)

Path 767 (6 moves):
  (1, 1, 1, 1, 1, 1, 1, 1)
  (1, 2, 0, 1, 1, 1, 1, 1)
  (0, 3, 0, 1, 1, 1, 1, 1)
  (0, 3, 0, 1, 1, 0, 2, 1)
  (0, 3, 0, 1, 1, 0, 3, 0)
  (0, 0, 0, 1, 4, 0, 3, 0)
  (0, 0, 0, 0, 5, 0, 3, 0)

Path 768 (6 moves):
  (1, 1, 1, 1, 1, 1, 1, 1)
  (1, 2, 0, 1, 1, 1, 1, 1)
  (0, 3, 0, 1, 1, 1, 1, 1)
  (0, 3, 0, 1, 1, 0, 2, 1)
  (0, 3, 0, 1, 1, 0, 3, 0)
  (0, 0, 0, 1, 4, 0, 3, 0)
  (0, 0, 0, 4, 4, 0, 0, 0)

Path 769 (6 moves):
  (1, 1, 1, 1, 1, 1, 1, 1)
  (1, 2, 0, 1, 1, 1, 1, 1)
  (0, 3, 0, 1, 1, 1, 1, 1)
  (0, 3, 0, 1, 1, 0, 2, 1)
  (0, 3, 0, 1, 1, 0, 3, 0)
  (0, 3, 0, 0, 2, 0, 3, 0)
  (0, 0, 0, 0, 5, 0, 3, 0)

Path 770 (6 moves):
  (1, 1, 1, 1, 1, 1, 1, 1)
  (1, 2, 0, 1, 1, 1, 1, 1)
  (0, 3, 0, 1, 1, 1, 1, 1)
  (0, 3, 0, 1, 1, 0, 2, 1)
  (0, 3, 0, 1, 1, 0, 3, 0)
  (0, 3, 0, 2, 0, 0, 3, 0)
  (0, 3, 0, 5, 0, 0, 0, 0)

Path 771 (6 moves):
  (1, 1, 1, 1, 1, 1, 1, 1)
  (1, 2, 0, 1, 1, 1, 1, 1)
  (0, 3, 0, 1, 1, 1, 1, 1)
  (0, 3, 0, 1, 1, 0, 2, 1)
  (0, 3, 0, 1, 1, 0, 3, 0)
  (0, 3, 0, 4, 1, 0, 0, 0)
  (0, 0, 0, 4, 4, 0, 0, 0)

Path 772 (6 moves):
  (1, 1, 1, 1, 1, 1, 1, 1)
  (1, 2, 0, 1, 1, 1, 1, 1)
  (0, 3, 0, 1, 1, 1, 1, 1)
  (0, 3, 0, 1, 1, 0, 2, 1)
  (0, 3, 0, 1, 1, 0, 3, 0)
  (0, 3, 0, 4, 1, 0, 0, 0)
  (0, 3, 0, 5, 0, 0, 0, 0)

Path 773 (6 moves):
  (1, 1, 1, 1, 1, 1, 1, 1)
  (1, 2, 0, 1, 1, 1, 1, 1)
  (0, 3, 0, 1, 1, 1, 1, 1)
  (0, 3, 0, 1, 1, 2, 0, 1)
  (0, 3, 0, 2, 0, 2, 0, 1)
  (0, 5, 0, 0, 0, 2, 0, 1)
  (0, 5, 0, 0, 0, 0, 0, 3)

Path 774 (6 moves):
  (1, 1, 1, 1, 1, 1, 1, 1)
  (1, 2, 0, 1, 1, 1, 1, 1)
  (0, 3, 0, 1, 1, 1, 1, 1)
  (0, 3, 0, 1, 1, 2, 0, 1)
  (0, 3, 0, 2, 0, 2, 0, 1)
  (0, 3, 0, 0, 0, 4, 0, 1)
  (0, 7, 0, 0, 0, 0, 0, 1)

Path 775 (6 moves):
  (1, 1, 1, 1, 1, 1, 1, 1)
  (1, 2, 0, 1, 1, 1, 1, 1)
  (0, 3, 0, 1, 1, 1, 1, 1)
  (0, 3, 0, 1, 1, 2, 0, 1)
  (0, 3, 0, 2, 0, 2, 0, 1)
  (0, 3, 0, 4, 0, 0, 0, 1)
  (0, 3, 0, 0, 0, 0, 0, 5)

Path 776 (6 moves):
  (1, 1, 1, 1, 1, 1, 1, 1)
  (1, 2, 0, 1, 1, 1, 1, 1)
  (0, 3, 0, 1, 1, 1, 1, 1)
  (0, 3, 0, 1, 1, 2, 0, 1)
  (0, 3, 0, 2, 0, 2, 0, 1)
  (0, 3, 0, 2, 0, 0, 0, 3)
  (0, 5, 0, 0, 0, 0, 0, 3)

Path 777 (4 moves):
  (1, 1, 1, 1, 1, 1, 1, 1)
  (1, 2, 0, 1, 1, 1, 1, 1)
  (0, 3, 0, 1, 1, 1, 1, 1)
  (0, 3, 0, 1, 1, 2, 0, 1)
  (0, 3, 0, 1, 0, 3, 0, 1)

Path 778 (6 moves):
  (1, 1, 1, 1, 1, 1, 1, 1)
  (1, 2, 0, 1, 1, 1, 1, 1)
  (0, 3, 0, 1, 1, 1, 1, 1)
  (0, 3, 0, 1, 1, 1, 0, 2)
  (0, 0, 0, 1, 4, 1, 0, 2)
  (0, 0, 0, 0, 5, 1, 0, 2)
  (0, 0, 0, 0, 6, 0, 0, 2)

Path 779 (6 moves):
  (1, 1, 1, 1, 1, 1, 1, 1)
  (1, 2, 0, 1, 1, 1, 1, 1)
  (0, 3, 0, 1, 1, 1, 1, 1)
  (0, 3, 0, 1, 1, 1, 0, 2)
  (0, 0, 0, 1, 4, 1, 0, 2)
  (0, 0, 0, 0, 5, 1, 0, 2)
  (0, 0, 0, 0, 5, 3, 0, 0)

Path 780 (6 moves):
  (1, 1, 1, 1, 1, 1, 1, 1)
  (1, 2, 0, 1, 1, 1, 1, 1)
  (0, 3, 0, 1, 1, 1, 1, 1)
  (0, 3, 0, 1, 1, 1, 0, 2)
  (0, 0, 0, 1, 4, 1, 0, 2)
  (0, 0, 0, 1, 5, 0, 0, 2)
  (0, 0, 0, 0, 6, 0, 0, 2)

Path 781 (6 moves):
  (1, 1, 1, 1, 1, 1, 1, 1)
  (1, 2, 0, 1, 1, 1, 1, 1)
  (0, 3, 0, 1, 1, 1, 1, 1)
  (0, 3, 0, 1, 1, 1, 0, 2)
  (0, 0, 0, 1, 4, 1, 0, 2)
  (0, 0, 0, 1, 4, 3, 0, 0)
  (0, 0, 0, 0, 5, 3, 0, 0)

Path 782 (6 moves):
  (1, 1, 1, 1, 1, 1, 1, 1)
  (1, 2, 0, 1, 1, 1, 1, 1)
  (0, 3, 0, 1, 1, 1, 1, 1)
  (0, 3, 0, 1, 1, 1, 0, 2)
  (0, 3, 0, 0, 2, 1, 0, 2)
  (0, 0, 0, 0, 5, 1, 0, 2)
  (0, 0, 0, 0, 6, 0, 0, 2)

Path 783 (6 moves):
  (1, 1, 1, 1, 1, 1, 1, 1)
  (1, 2, 0, 1, 1, 1, 1, 1)
  (0, 3, 0, 1, 1, 1, 1, 1)
  (0, 3, 0, 1, 1, 1, 0, 2)
  (0, 3, 0, 0, 2, 1, 0, 2)
  (0, 0, 0, 0, 5, 1, 0, 2)
  (0, 0, 0, 0, 5, 3, 0, 0)

Path 784 (6 moves):
  (1, 1, 1, 1, 1, 1, 1, 1)
  (1, 2, 0, 1, 1, 1, 1, 1)
  (0, 3, 0, 1, 1, 1, 1, 1)
  (0, 3, 0, 1, 1, 1, 0, 2)
  (0, 3, 0, 0, 2, 1, 0, 2)
  (0, 3, 0, 0, 3, 0, 0, 2)
  (0, 0, 0, 0, 6, 0, 0, 2)

Path 785 (6 moves):
  (1, 1, 1, 1, 1, 1, 1, 1)
  (1, 2, 0, 1, 1, 1, 1, 1)
  (0, 3, 0, 1, 1, 1, 1, 1)
  (0, 3, 0, 1, 1, 1, 0, 2)
  (0, 3, 0, 0, 2, 1, 0, 2)
  (0, 3, 0, 0, 3, 0, 0, 2)
  (0, 3, 0, 0, 0, 0, 0, 5)

Path 786 (6 moves):
  (1, 1, 1, 1, 1, 1, 1, 1)
  (1, 2, 0, 1, 1, 1, 1, 1)
  (0, 3, 0, 1, 1, 1, 1, 1)
  (0, 3, 0, 1, 1, 1, 0, 2)
  (0, 3, 0, 0, 2, 1, 0, 2)
  (0, 3, 0, 0, 2, 3, 0, 0)
  (0, 0, 0, 0, 5, 3, 0, 0)

Path 787 (6 moves):
  (1, 1, 1, 1, 1, 1, 1, 1)
  (1, 2, 0, 1, 1, 1, 1, 1)
  (0, 3, 0, 1, 1, 1, 1, 1)
  (0, 3, 0, 1, 1, 1, 0, 2)
  (0, 3, 0, 2, 0, 1, 0, 2)
  (0, 5, 0, 0, 0, 1, 0, 2)
  (0, 5, 0, 0, 0, 3, 0, 0)

Path 788 (6 moves):
  (1, 1, 1, 1, 1, 1, 1, 1)
  (1, 2, 0, 1, 1, 1, 1, 1)
  (0, 3, 0, 1, 1, 1, 1, 1)
  (0, 3, 0, 1, 1, 1, 0, 2)
  (0, 3, 0, 2, 0, 1, 0, 2)
  (0, 3, 0, 0, 0, 3, 0, 2)
  (0, 3, 0, 0, 0, 5, 0, 0)

Path 789 (6 moves):
  (1, 1, 1, 1, 1, 1, 1, 1)
  (1, 2, 0, 1, 1, 1, 1, 1)
  (0, 3, 0, 1, 1, 1, 1, 1)
  (0, 3, 0, 1, 1, 1, 0, 2)
  (0, 3, 0, 2, 0, 1, 0, 2)
  (0, 3, 0, 2, 0, 3, 0, 0)
  (0, 5, 0, 0, 0, 3, 0, 0)

Path 790 (6 moves):
  (1, 1, 1, 1, 1, 1, 1, 1)
  (1, 2, 0, 1, 1, 1, 1, 1)
  (0, 3, 0, 1, 1, 1, 1, 1)
  (0, 3, 0, 1, 1, 1, 0, 2)
  (0, 3, 0, 2, 0, 1, 0, 2)
  (0, 3, 0, 2, 0, 3, 0, 0)
  (0, 3, 0, 0, 0, 5, 0, 0)

Path 791 (6 moves):
  (1, 1, 1, 1, 1, 1, 1, 1)
  (1, 2, 0, 1, 1, 1, 1, 1)
  (0, 3, 0, 1, 1, 1, 1, 1)
  (0, 3, 0, 1, 1, 1, 0, 2)
  (0, 3, 0, 1, 2, 0, 0, 2)
  (0, 0, 0, 1, 5, 0, 0, 2)
  (0, 0, 0, 0, 6, 0, 0, 2)

Path 792 (6 moves):
  (1, 1, 1, 1, 1, 1, 1, 1)
  (1, 2, 0, 1, 1, 1, 1, 1)
  (0, 3, 0, 1, 1, 1, 1, 1)
  (0, 3, 0, 1, 1, 1, 0, 2)
  (0, 3, 0, 1, 2, 0, 0, 2)
  (0, 3, 0, 0, 3, 0, 0, 2)
  (0, 0, 0, 0, 6, 0, 0, 2)

Path 793 (6 moves):
  (1, 1, 1, 1, 1, 1, 1, 1)
  (1, 2, 0, 1, 1, 1, 1, 1)
  (0, 3, 0, 1, 1, 1, 1, 1)
  (0, 3, 0, 1, 1, 1, 0, 2)
  (0, 3, 0, 1, 2, 0, 0, 2)
  (0, 3, 0, 0, 3, 0, 0, 2)
  (0, 3, 0, 0, 0, 0, 0, 5)

Path 794 (6 moves):
  (1, 1, 1, 1, 1, 1, 1, 1)
  (1, 2, 0, 1, 1, 1, 1, 1)
  (0, 3, 0, 1, 1, 1, 1, 1)
  (0, 3, 0, 1, 1, 1, 0, 2)
  (0, 3, 0, 1, 1, 3, 0, 0)
  (0, 0, 0, 1, 4, 3, 0, 0)
  (0, 0, 0, 0, 5, 3, 0, 0)

Path 795 (6 moves):
  (1, 1, 1, 1, 1, 1, 1, 1)
  (1, 2, 0, 1, 1, 1, 1, 1)
  (0, 3, 0, 1, 1, 1, 1, 1)
  (0, 3, 0, 1, 1, 1, 0, 2)
  (0, 3, 0, 1, 1, 3, 0, 0)
  (0, 3, 0, 0, 2, 3, 0, 0)
  (0, 0, 0, 0, 5, 3, 0, 0)

Path 796 (6 moves):
  (1, 1, 1, 1, 1, 1, 1, 1)
  (1, 2, 0, 1, 1, 1, 1, 1)
  (0, 3, 0, 1, 1, 1, 1, 1)
  (0, 3, 0, 1, 1, 1, 0, 2)
  (0, 3, 0, 1, 1, 3, 0, 0)
  (0, 3, 0, 2, 0, 3, 0, 0)
  (0, 5, 0, 0, 0, 3, 0, 0)

Path 797 (6 moves):
  (1, 1, 1, 1, 1, 1, 1, 1)
  (1, 2, 0, 1, 1, 1, 1, 1)
  (0, 3, 0, 1, 1, 1, 1, 1)
  (0, 3, 0, 1, 1, 1, 0, 2)
  (0, 3, 0, 1, 1, 3, 0, 0)
  (0, 3, 0, 2, 0, 3, 0, 0)
  (0, 3, 0, 0, 0, 5, 0, 0)

Path 798 (6 moves):
  (1, 1, 1, 1, 1, 1, 1, 1)
  (1, 2, 0, 1, 1, 1, 1, 1)
  (0, 3, 0, 1, 1, 1, 1, 1)
  (0, 3, 0, 1, 1, 1, 0, 2)
  (0, 3, 0, 1, 1, 3, 0, 0)
  (0, 3, 0, 1, 0, 4, 0, 0)
  (0, 7, 0, 1, 0, 0, 0, 0)

Path 799 (6 moves):
  (1, 1, 1, 1, 1, 1, 1, 1)
  (1, 2, 0, 1, 1, 1, 1, 1)
  (0, 3, 0, 1, 1, 1, 1, 1)
  (0, 3, 0, 1, 1, 1, 2, 0)
  (0, 3, 0, 1, 1, 0, 3, 0)
  (0, 0, 0, 1, 4, 0, 3, 0)
  (0, 0, 0, 0, 5, 0, 3, 0)

Path 800 (6 moves):
  (1, 1, 1, 1, 1, 1, 1, 1)
  (1, 2, 0, 1, 1, 1, 1, 1)
  (0, 3, 0, 1, 1, 1, 1, 1)
  (0, 3, 0, 1, 1, 1, 2, 0)
  (0, 3, 0, 1, 1, 0, 3, 0)
  (0, 0, 0, 1, 4, 0, 3, 0)
  (0, 0, 0, 4, 4, 0, 0, 0)

Path 801 (6 moves):
  (1, 1, 1, 1, 1, 1, 1, 1)
  (1, 2, 0, 1, 1, 1, 1, 1)
  (0, 3, 0, 1, 1, 1, 1, 1)
  (0, 3, 0, 1, 1, 1, 2, 0)
  (0, 3, 0, 1, 1, 0, 3, 0)
  (0, 3, 0, 0, 2, 0, 3, 0)
  (0, 0, 0, 0, 5, 0, 3, 0)

Path 802 (6 moves):
  (1, 1, 1, 1, 1, 1, 1, 1)
  (1, 2, 0, 1, 1, 1, 1, 1)
  (0, 3, 0, 1, 1, 1, 1, 1)
  (0, 3, 0, 1, 1, 1, 2, 0)
  (0, 3, 0, 1, 1, 0, 3, 0)
  (0, 3, 0, 2, 0, 0, 3, 0)
  (0, 3, 0, 5, 0, 0, 0, 0)

Path 803 (6 moves):
  (1, 1, 1, 1, 1, 1, 1, 1)
  (1, 2, 0, 1, 1, 1, 1, 1)
  (0, 3, 0, 1, 1, 1, 1, 1)
  (0, 3, 0, 1, 1, 1, 2, 0)
  (0, 3, 0, 1, 1, 0, 3, 0)
  (0, 3, 0, 4, 1, 0, 0, 0)
  (0, 0, 0, 4, 4, 0, 0, 0)

Path 804 (6 moves):
  (1, 1, 1, 1, 1, 1, 1, 1)
  (1, 2, 0, 1, 1, 1, 1, 1)
  (0, 3, 0, 1, 1, 1, 1, 1)
  (0, 3, 0, 1, 1, 1, 2, 0)
  (0, 3, 0, 1, 1, 0, 3, 0)
  (0, 3, 0, 4, 1, 0, 0, 0)
  (0, 3, 0, 5, 0, 0, 0, 0)

Path 805 (6 moves):
  (1, 1, 1, 1, 1, 1, 1, 1)
  (1, 2, 0, 1, 1, 1, 1, 1)
  (1, 2, 0, 1, 1, 1, 0, 2)
  (0, 3, 0, 1, 1, 1, 0, 2)
  (0, 0, 0, 1, 4, 1, 0, 2)
  (0, 0, 0, 0, 5, 1, 0, 2)
  (0, 0, 0, 0, 6, 0, 0, 2)

Path 806 (6 moves):
  (1, 1, 1, 1, 1, 1, 1, 1)
  (1, 2, 0, 1, 1, 1, 1, 1)
  (1, 2, 0, 1, 1, 1, 0, 2)
  (0, 3, 0, 1, 1, 1, 0, 2)
  (0, 0, 0, 1, 4, 1, 0, 2)
  (0, 0, 0, 0, 5, 1, 0, 2)
  (0, 0, 0, 0, 5, 3, 0, 0)

Path 807 (6 moves):
  (1, 1, 1, 1, 1, 1, 1, 1)
  (1, 2, 0, 1, 1, 1, 1, 1)
  (1, 2, 0, 1, 1, 1, 0, 2)
  (0, 3, 0, 1, 1, 1, 0, 2)
  (0, 0, 0, 1, 4, 1, 0, 2)
  (0, 0, 0, 1, 5, 0, 0, 2)
  (0, 0, 0, 0, 6, 0, 0, 2)

Path 808 (6 moves):
  (1, 1, 1, 1, 1, 1, 1, 1)
  (1, 2, 0, 1, 1, 1, 1, 1)
  (1, 2, 0, 1, 1, 1, 0, 2)
  (0, 3, 0, 1, 1, 1, 0, 2)
  (0, 0, 0, 1, 4, 1, 0, 2)
  (0, 0, 0, 1, 4, 3, 0, 0)
  (0, 0, 0, 0, 5, 3, 0, 0)

Path 809 (6 moves):
  (1, 1, 1, 1, 1, 1, 1, 1)
  (1, 2, 0, 1, 1, 1, 1, 1)
  (1, 2, 0, 1, 1, 1, 0, 2)
  (0, 3, 0, 1, 1, 1, 0, 2)
  (0, 3, 0, 0, 2, 1, 0, 2)
  (0, 0, 0, 0, 5, 1, 0, 2)
  (0, 0, 0, 0, 6, 0, 0, 2)

Path 810 (6 moves):
  (1, 1, 1, 1, 1, 1, 1, 1)
  (1, 2, 0, 1, 1, 1, 1, 1)
  (1, 2, 0, 1, 1, 1, 0, 2)
  (0, 3, 0, 1, 1, 1, 0, 2)
  (0, 3, 0, 0, 2, 1, 0, 2)
  (0, 0, 0, 0, 5, 1, 0, 2)
  (0, 0, 0, 0, 5, 3, 0, 0)

Path 811 (6 moves):
  (1, 1, 1, 1, 1, 1, 1, 1)
  (1, 2, 0, 1, 1, 1, 1, 1)
  (1, 2, 0, 1, 1, 1, 0, 2)
  (0, 3, 0, 1, 1, 1, 0, 2)
  (0, 3, 0, 0, 2, 1, 0, 2)
  (0, 3, 0, 0, 3, 0, 0, 2)
  (0, 0, 0, 0, 6, 0, 0, 2)

Path 812 (6 moves):
  (1, 1, 1, 1, 1, 1, 1, 1)
  (1, 2, 0, 1, 1, 1, 1, 1)
  (1, 2, 0, 1, 1, 1, 0, 2)
  (0, 3, 0, 1, 1, 1, 0, 2)
  (0, 3, 0, 0, 2, 1, 0, 2)
  (0, 3, 0, 0, 3, 0, 0, 2)
  (0, 3, 0, 0, 0, 0, 0, 5)

Path 813 (6 moves):
  (1, 1, 1, 1, 1, 1, 1, 1)
  (1, 2, 0, 1, 1, 1, 1, 1)
  (1, 2, 0, 1, 1, 1, 0, 2)
  (0, 3, 0, 1, 1, 1, 0, 2)
  (0, 3, 0, 0, 2, 1, 0, 2)
  (0, 3, 0, 0, 2, 3, 0, 0)
  (0, 0, 0, 0, 5, 3, 0, 0)

Path 814 (6 moves):
  (1, 1, 1, 1, 1, 1, 1, 1)
  (1, 2, 0, 1, 1, 1, 1, 1)
  (1, 2, 0, 1, 1, 1, 0, 2)
  (0, 3, 0, 1, 1, 1, 0, 2)
  (0, 3, 0, 2, 0, 1, 0, 2)
  (0, 5, 0, 0, 0, 1, 0, 2)
  (0, 5, 0, 0, 0, 3, 0, 0)

Path 815 (6 moves):
  (1, 1, 1, 1, 1, 1, 1, 1)
  (1, 2, 0, 1, 1, 1, 1, 1)
  (1, 2, 0, 1, 1, 1, 0, 2)
  (0, 3, 0, 1, 1, 1, 0, 2)
  (0, 3, 0, 2, 0, 1, 0, 2)
  (0, 3, 0, 0, 0, 3, 0, 2)
  (0, 3, 0, 0, 0, 5, 0, 0)

Path 816 (6 moves):
  (1, 1, 1, 1, 1, 1, 1, 1)
  (1, 2, 0, 1, 1, 1, 1, 1)
  (1, 2, 0, 1, 1, 1, 0, 2)
  (0, 3, 0, 1, 1, 1, 0, 2)
  (0, 3, 0, 2, 0, 1, 0, 2)
  (0, 3, 0, 2, 0, 3, 0, 0)
  (0, 5, 0, 0, 0, 3, 0, 0)

Path 817 (6 moves):
  (1, 1, 1, 1, 1, 1, 1, 1)
  (1, 2, 0, 1, 1, 1, 1, 1)
  (1, 2, 0, 1, 1, 1, 0, 2)
  (0, 3, 0, 1, 1, 1, 0, 2)
  (0, 3, 0, 2, 0, 1, 0, 2)
  (0, 3, 0, 2, 0, 3, 0, 0)
  (0, 3, 0, 0, 0, 5, 0, 0)

Path 818 (6 moves):
  (1, 1, 1, 1, 1, 1, 1, 1)
  (1, 2, 0, 1, 1, 1, 1, 1)
  (1, 2, 0, 1, 1, 1, 0, 2)
  (0, 3, 0, 1, 1, 1, 0, 2)
  (0, 3, 0, 1, 2, 0, 0, 2)
  (0, 0, 0, 1, 5, 0, 0, 2)
  (0, 0, 0, 0, 6, 0, 0, 2)

Path 819 (6 moves):
  (1, 1, 1, 1, 1, 1, 1, 1)
  (1, 2, 0, 1, 1, 1, 1, 1)
  (1, 2, 0, 1, 1, 1, 0, 2)
  (0, 3, 0, 1, 1, 1, 0, 2)
  (0, 3, 0, 1, 2, 0, 0, 2)
  (0, 3, 0, 0, 3, 0, 0, 2)
  (0, 0, 0, 0, 6, 0, 0, 2)

Path 820 (6 moves):
  (1, 1, 1, 1, 1, 1, 1, 1)
  (1, 2, 0, 1, 1, 1, 1, 1)
  (1, 2, 0, 1, 1, 1, 0, 2)
  (0, 3, 0, 1, 1, 1, 0, 2)
  (0, 3, 0, 1, 2, 0, 0, 2)
  (0, 3, 0, 0, 3, 0, 0, 2)
  (0, 3, 0, 0, 0, 0, 0, 5)

Path 821 (6 moves):
  (1, 1, 1, 1, 1, 1, 1, 1)
  (1, 2, 0, 1, 1, 1, 1, 1)
  (1, 2, 0, 1, 1, 1, 0, 2)
  (0, 3, 0, 1, 1, 1, 0, 2)
  (0, 3, 0, 1, 1, 3, 0, 0)
  (0, 0, 0, 1, 4, 3, 0, 0)
  (0, 0, 0, 0, 5, 3, 0, 0)

Path 822 (6 moves):
  (1, 1, 1, 1, 1, 1, 1, 1)
  (1, 2, 0, 1, 1, 1, 1, 1)
  (1, 2, 0, 1, 1, 1, 0, 2)
  (0, 3, 0, 1, 1, 1, 0, 2)
  (0, 3, 0, 1, 1, 3, 0, 0)
  (0, 3, 0, 0, 2, 3, 0, 0)
  (0, 0, 0, 0, 5, 3, 0, 0)

Path 823 (6 moves):
  (1, 1, 1, 1, 1, 1, 1, 1)
  (1, 2, 0, 1, 1, 1, 1, 1)
  (1, 2, 0, 1, 1, 1, 0, 2)
  (0, 3, 0, 1, 1, 1, 0, 2)
  (0, 3, 0, 1, 1, 3, 0, 0)
  (0, 3, 0, 2, 0, 3, 0, 0)
  (0, 5, 0, 0, 0, 3, 0, 0)

Path 824 (6 moves):
  (1, 1, 1, 1, 1, 1, 1, 1)
  (1, 2, 0, 1, 1, 1, 1, 1)
  (1, 2, 0, 1, 1, 1, 0, 2)
  (0, 3, 0, 1, 1, 1, 0, 2)
  (0, 3, 0, 1, 1, 3, 0, 0)
  (0, 3, 0, 2, 0, 3, 0, 0)
  (0, 3, 0, 0, 0, 5, 0, 0)

Path 825 (6 moves):
  (1, 1, 1, 1, 1, 1, 1, 1)
  (1, 2, 0, 1, 1, 1, 1, 1)
  (1, 2, 0, 1, 1, 1, 0, 2)
  (0, 3, 0, 1, 1, 1, 0, 2)
  (0, 3, 0, 1, 1, 3, 0, 0)
  (0, 3, 0, 1, 0, 4, 0, 0)
  (0, 7, 0, 1, 0, 0, 0, 0)

Path 826 (6 moves):
  (1, 1, 1, 1, 1, 1, 1, 1)
  (1, 2, 0, 1, 1, 1, 1, 1)
  (1, 2, 0, 1, 1, 1, 0, 2)
  (1, 0, 0, 3, 1, 1, 0, 2)
  (4, 0, 0, 0, 1, 1, 0, 2)
  (0, 0, 0, 0, 5, 1, 0, 2)
  (0, 0, 0, 0, 6, 0, 0, 2)

Path 827 (6 moves):
  (1, 1, 1, 1, 1, 1, 1, 1)
  (1, 2, 0, 1, 1, 1, 1, 1)
  (1, 2, 0, 1, 1, 1, 0, 2)
  (1, 0, 0, 3, 1, 1, 0, 2)
  (4, 0, 0, 0, 1, 1, 0, 2)
  (0, 0, 0, 0, 5, 1, 0, 2)
  (0, 0, 0, 0, 5, 3, 0, 0)

Path 828 (6 moves):
  (1, 1, 1, 1, 1, 1, 1, 1)
  (1, 2, 0, 1, 1, 1, 1, 1)
  (1, 2, 0, 1, 1, 1, 0, 2)
  (1, 0, 0, 3, 1, 1, 0, 2)
  (4, 0, 0, 0, 1, 1, 0, 2)
  (4, 0, 0, 0, 0, 2, 0, 2)
  (4, 0, 0, 0, 0, 0, 0, 4)

Path 829 (6 moves):
  (1, 1, 1, 1, 1, 1, 1, 1)
  (1, 2, 0, 1, 1, 1, 1, 1)
  (1, 2, 0, 1, 1, 1, 0, 2)
  (1, 0, 0, 3, 1, 1, 0, 2)
  (4, 0, 0, 0, 1, 1, 0, 2)
  (4, 0, 0, 0, 0, 2, 0, 2)
  (4, 0, 0, 0, 0, 4, 0, 0)

Path 830 (6 moves):
  (1, 1, 1, 1, 1, 1, 1, 1)
  (1, 2, 0, 1, 1, 1, 1, 1)
  (1, 2, 0, 1, 1, 1, 0, 2)
  (1, 0, 0, 3, 1, 1, 0, 2)
  (4, 0, 0, 0, 1, 1, 0, 2)
  (4, 0, 0, 0, 2, 0, 0, 2)
  (0, 0, 0, 0, 6, 0, 0, 2)

Path 831 (6 moves):
  (1, 1, 1, 1, 1, 1, 1, 1)
  (1, 2, 0, 1, 1, 1, 1, 1)
  (1, 2, 0, 1, 1, 1, 0, 2)
  (1, 0, 0, 3, 1, 1, 0, 2)
  (4, 0, 0, 0, 1, 1, 0, 2)
  (4, 0, 0, 0, 1, 3, 0, 0)
  (0, 0, 0, 0, 5, 3, 0, 0)

Path 832 (6 moves):
  (1, 1, 1, 1, 1, 1, 1, 1)
  (1, 2, 0, 1, 1, 1, 1, 1)
  (1, 2, 0, 1, 1, 1, 0, 2)
  (1, 0, 0, 3, 1, 1, 0, 2)
  (4, 0, 0, 0, 1, 1, 0, 2)
  (4, 0, 0, 0, 1, 3, 0, 0)
  (4, 0, 0, 0, 0, 4, 0, 0)

Path 833 (6 moves):
  (1, 1, 1, 1, 1, 1, 1, 1)
  (1, 2, 0, 1, 1, 1, 1, 1)
  (1, 2, 0, 1, 1, 1, 0, 2)
  (1, 0, 0, 3, 1, 1, 0, 2)
  (1, 0, 0, 3, 2, 0, 0, 2)
  (4, 0, 0, 0, 2, 0, 0, 2)
  (0, 0, 0, 0, 6, 0, 0, 2)

Path 834 (6 moves):
  (1, 1, 1, 1, 1, 1, 1, 1)
  (1, 2, 0, 1, 1, 1, 1, 1)
  (1, 2, 0, 1, 1, 1, 0, 2)
  (1, 2, 0, 0, 2, 1, 0, 2)
  (0, 3, 0, 0, 2, 1, 0, 2)
  (0, 0, 0, 0, 5, 1, 0, 2)
  (0, 0, 0, 0, 6, 0, 0, 2)

Path 835 (6 moves):
  (1, 1, 1, 1, 1, 1, 1, 1)
  (1, 2, 0, 1, 1, 1, 1, 1)
  (1, 2, 0, 1, 1, 1, 0, 2)
  (1, 2, 0, 0, 2, 1, 0, 2)
  (0, 3, 0, 0, 2, 1, 0, 2)
  (0, 0, 0, 0, 5, 1, 0, 2)
  (0, 0, 0, 0, 5, 3, 0, 0)

Path 836 (6 moves):
  (1, 1, 1, 1, 1, 1, 1, 1)
  (1, 2, 0, 1, 1, 1, 1, 1)
  (1, 2, 0, 1, 1, 1, 0, 2)
  (1, 2, 0, 0, 2, 1, 0, 2)
  (0, 3, 0, 0, 2, 1, 0, 2)
  (0, 3, 0, 0, 3, 0, 0, 2)
  (0, 0, 0, 0, 6, 0, 0, 2)

Path 837 (6 moves):
  (1, 1, 1, 1, 1, 1, 1, 1)
  (1, 2, 0, 1, 1, 1, 1, 1)
  (1, 2, 0, 1, 1, 1, 0, 2)
  (1, 2, 0, 0, 2, 1, 0, 2)
  (0, 3, 0, 0, 2, 1, 0, 2)
  (0, 3, 0, 0, 3, 0, 0, 2)
  (0, 3, 0, 0, 0, 0, 0, 5)

Path 838 (6 moves):
  (1, 1, 1, 1, 1, 1, 1, 1)
  (1, 2, 0, 1, 1, 1, 1, 1)
  (1, 2, 0, 1, 1, 1, 0, 2)
  (1, 2, 0, 0, 2, 1, 0, 2)
  (0, 3, 0, 0, 2, 1, 0, 2)
  (0, 3, 0, 0, 2, 3, 0, 0)
  (0, 0, 0, 0, 5, 3, 0, 0)

Path 839 (6 moves):
  (1, 1, 1, 1, 1, 1, 1, 1)
  (1, 2, 0, 1, 1, 1, 1, 1)
  (1, 2, 0, 1, 1, 1, 0, 2)
  (1, 2, 0, 0, 2, 1, 0, 2)
  (1, 2, 0, 0, 2, 3, 0, 0)
  (0, 3, 0, 0, 2, 3, 0, 0)
  (0, 0, 0, 0, 5, 3, 0, 0)

Path 840 (6 moves):
  (1, 1, 1, 1, 1, 1, 1, 1)
  (1, 2, 0, 1, 1, 1, 1, 1)
  (1, 2, 0, 1, 1, 1, 0, 2)
  (1, 2, 0, 2, 0, 1, 0, 2)
  (0, 3, 0, 2, 0, 1, 0, 2)
  (0, 5, 0, 0, 0, 1, 0, 2)
  (0, 5, 0, 0, 0, 3, 0, 0)

Path 841 (6 moves):
  (1, 1, 1, 1, 1, 1, 1, 1)
  (1, 2, 0, 1, 1, 1, 1, 1)
  (1, 2, 0, 1, 1, 1, 0, 2)
  (1, 2, 0, 2, 0, 1, 0, 2)
  (0, 3, 0, 2, 0, 1, 0, 2)
  (0, 3, 0, 0, 0, 3, 0, 2)
  (0, 3, 0, 0, 0, 5, 0, 0)

Path 842 (6 moves):
  (1, 1, 1, 1, 1, 1, 1, 1)
  (1, 2, 0, 1, 1, 1, 1, 1)
  (1, 2, 0, 1, 1, 1, 0, 2)
  (1, 2, 0, 2, 0, 1, 0, 2)
  (0, 3, 0, 2, 0, 1, 0, 2)
  (0, 3, 0, 2, 0, 3, 0, 0)
  (0, 5, 0, 0, 0, 3, 0, 0)

Path 843 (6 moves):
  (1, 1, 1, 1, 1, 1, 1, 1)
  (1, 2, 0, 1, 1, 1, 1, 1)
  (1, 2, 0, 1, 1, 1, 0, 2)
  (1, 2, 0, 2, 0, 1, 0, 2)
  (0, 3, 0, 2, 0, 1, 0, 2)
  (0, 3, 0, 2, 0, 3, 0, 0)
  (0, 3, 0, 0, 0, 5, 0, 0)

Path 844 (6 moves):
  (1, 1, 1, 1, 1, 1, 1, 1)
  (1, 2, 0, 1, 1, 1, 1, 1)
  (1, 2, 0, 1, 1, 1, 0, 2)
  (1, 2, 0, 2, 0, 1, 0, 2)
  (1, 4, 0, 0, 0, 1, 0, 2)
  (0, 5, 0, 0, 0, 1, 0, 2)
  (0, 5, 0, 0, 0, 3, 0, 0)

Path 845 (6 moves):
  (1, 1, 1, 1, 1, 1, 1, 1)
  (1, 2, 0, 1, 1, 1, 1, 1)
  (1, 2, 0, 1, 1, 1, 0, 2)
  (1, 2, 0, 2, 0, 1, 0, 2)
  (1, 4, 0, 0, 0, 1, 0, 2)
  (1, 0, 0, 0, 0, 5, 0, 2)
  (6, 0, 0, 0, 0, 0, 0, 2)

Path 846 (6 moves):
  (1, 1, 1, 1, 1, 1, 1, 1)
  (1, 2, 0, 1, 1, 1, 1, 1)
  (1, 2, 0, 1, 1, 1, 0, 2)
  (1, 2, 0, 2, 0, 1, 0, 2)
  (1, 4, 0, 0, 0, 1, 0, 2)
  (1, 0, 0, 0, 0, 5, 0, 2)
  (1, 0, 0, 0, 0, 7, 0, 0)

Path 847 (6 moves):
  (1, 1, 1, 1, 1, 1, 1, 1)
  (1, 2, 0, 1, 1, 1, 1, 1)
  (1, 2, 0, 1, 1, 1, 0, 2)
  (1, 2, 0, 2, 0, 1, 0, 2)
  (1, 4, 0, 0, 0, 1, 0, 2)
  (1, 4, 0, 0, 0, 3, 0, 0)
  (0, 5, 0, 0, 0, 3, 0, 0)

Path 848 (6 moves):
  (1, 1, 1, 1, 1, 1, 1, 1)
  (1, 2, 0, 1, 1, 1, 1, 1)
  (1, 2, 0, 1, 1, 1, 0, 2)
  (1, 2, 0, 2, 0, 1, 0, 2)
  (1, 4, 0, 0, 0, 1, 0, 2)
  (1, 4, 0, 0, 0, 3, 0, 0)
  (1, 0, 0, 0, 0, 7, 0, 0)

Path 849 (6 moves):
  (1, 1, 1, 1, 1, 1, 1, 1)
  (1, 2, 0, 1, 1, 1, 1, 1)
  (1, 2, 0, 1, 1, 1, 0, 2)
  (1, 2, 0, 2, 0, 1, 0, 2)
  (1, 2, 0, 0, 0, 3, 0, 2)
  (0, 3, 0, 0, 0, 3, 0, 2)
  (0, 3, 0, 0, 0, 5, 0, 0)

Path 850 (6 moves):
  (1, 1, 1, 1, 1, 1, 1, 1)
  (1, 2, 0, 1, 1, 1, 1, 1)
  (1, 2, 0, 1, 1, 1, 0, 2)
  (1, 2, 0, 2, 0, 1, 0, 2)
  (1, 2, 0, 0, 0, 3, 0, 2)
  (1, 2, 0, 0, 0, 5, 0, 0)
  (0, 3, 0, 0, 0, 5, 0, 0)

Path 851 (6 moves):
  (1, 1, 1, 1, 1, 1, 1, 1)
  (1, 2, 0, 1, 1, 1, 1, 1)
  (1, 2, 0, 1, 1, 1, 0, 2)
  (1, 2, 0, 2, 0, 1, 0, 2)
  (1, 2, 0, 0, 0, 3, 0, 2)
  (1, 2, 0, 0, 0, 5, 0, 0)
  (6, 2, 0, 0, 0, 0, 0, 0)

Path 852 (6 moves):
  (1, 1, 1, 1, 1, 1, 1, 1)
  (1, 2, 0, 1, 1, 1, 1, 1)
  (1, 2, 0, 1, 1, 1, 0, 2)
  (1, 2, 0, 1, 0, 2, 0, 2)
  (1, 2, 0, 1, 0, 0, 0, 4)
  (0, 3, 0, 1, 0, 0, 0, 4)
  (0, 3, 0, 5, 0, 0, 0, 0)

Path 853 (6 moves):
  (1, 1, 1, 1, 1, 1, 1, 1)
  (1, 2, 0, 1, 1, 1, 1, 1)
  (1, 2, 0, 1, 1, 1, 0, 2)
  (1, 2, 0, 1, 0, 2, 0, 2)
  (1, 2, 0, 1, 0, 0, 0, 4)
  (1, 0, 0, 3, 0, 0, 0, 4)
  (4, 0, 0, 0, 0, 0, 0, 4)

Path 854 (6 moves):
  (1, 1, 1, 1, 1, 1, 1, 1)
  (1, 2, 0, 1, 1, 1, 1, 1)
  (1, 2, 0, 1, 1, 1, 0, 2)
  (1, 2, 0, 1, 0, 2, 0, 2)
  (1, 2, 0, 1, 0, 0, 0, 4)
  (1, 0, 0, 3, 0, 0, 0, 4)
  (1, 0, 0, 7, 0, 0, 0, 0)

Path 855 (6 moves):
  (1, 1, 1, 1, 1, 1, 1, 1)
  (1, 2, 0, 1, 1, 1, 1, 1)
  (1, 2, 0, 1, 1, 1, 0, 2)
  (1, 2, 0, 1, 0, 2, 0, 2)
  (1, 2, 0, 1, 0, 0, 0, 4)
  (1, 2, 0, 5, 0, 0, 0, 0)
  (0, 3, 0, 5, 0, 0, 0, 0)

Path 856 (6 moves):
  (1, 1, 1, 1, 1, 1, 1, 1)
  (1, 2, 0, 1, 1, 1, 1, 1)
  (1, 2, 0, 1, 1, 1, 0, 2)
  (1, 2, 0, 1, 0, 2, 0, 2)
  (1, 2, 0, 1, 0, 0, 0, 4)
  (1, 2, 0, 5, 0, 0, 0, 0)
  (1, 0, 0, 7, 0, 0, 0, 0)

Path 857 (6 moves):
  (1, 1, 1, 1, 1, 1, 1, 1)
  (1, 2, 0, 1, 1, 1, 1, 1)
  (1, 2, 0, 1, 1, 1, 0, 2)
  (1, 2, 0, 1, 0, 2, 0, 2)
  (1, 2, 0, 1, 0, 4, 0, 0)
  (0, 3, 0, 1, 0, 4, 0, 0)
  (0, 7, 0, 1, 0, 0, 0, 0)

Path 858 (6 moves):
  (1, 1, 1, 1, 1, 1, 1, 1)
  (1, 2, 0, 1, 1, 1, 1, 1)
  (1, 2, 0, 1, 1, 1, 0, 2)
  (1, 2, 0, 1, 0, 2, 0, 2)
  (1, 2, 0, 1, 0, 4, 0, 0)
  (1, 0, 0, 3, 0, 4, 0, 0)
  (4, 0, 0, 0, 0, 4, 0, 0)

Path 859 (6 moves):
  (1, 1, 1, 1, 1, 1, 1, 1)
  (1, 2, 0, 1, 1, 1, 1, 1)
  (1, 2, 0, 1, 1, 1, 0, 2)
  (1, 2, 0, 1, 0, 2, 0, 2)
  (1, 2, 0, 1, 0, 4, 0, 0)
  (1, 6, 0, 1, 0, 0, 0, 0)
  (0, 7, 0, 1, 0, 0, 0, 0)

Path 860 (6 moves):
  (1, 1, 1, 1, 1, 1, 1, 1)
  (1, 2, 0, 1, 1, 1, 1, 1)
  (1, 2, 0, 1, 1, 1, 0, 2)
  (1, 2, 0, 1, 2, 0, 0, 2)
  (0, 3, 0, 1, 2, 0, 0, 2)
  (0, 0, 0, 1, 5, 0, 0, 2)
  (0, 0, 0, 0, 6, 0, 0, 2)

Path 861 (6 moves):
  (1, 1, 1, 1, 1, 1, 1, 1)
  (1, 2, 0, 1, 1, 1, 1, 1)
  (1, 2, 0, 1, 1, 1, 0, 2)
  (1, 2, 0, 1, 2, 0, 0, 2)
  (0, 3, 0, 1, 2, 0, 0, 2)
  (0, 3, 0, 0, 3, 0, 0, 2)
  (0, 0, 0, 0, 6, 0, 0, 2)

Path 862 (6 moves):
  (1, 1, 1, 1, 1, 1, 1, 1)
  (1, 2, 0, 1, 1, 1, 1, 1)
  (1, 2, 0, 1, 1, 1, 0, 2)
  (1, 2, 0, 1, 2, 0, 0, 2)
  (0, 3, 0, 1, 2, 0, 0, 2)
  (0, 3, 0, 0, 3, 0, 0, 2)
  (0, 3, 0, 0, 0, 0, 0, 5)

Path 863 (6 moves):
  (1, 1, 1, 1, 1, 1, 1, 1)
  (1, 2, 0, 1, 1, 1, 1, 1)
  (1, 2, 0, 1, 1, 1, 0, 2)
  (1, 2, 0, 1, 2, 0, 0, 2)
  (1, 0, 0, 3, 2, 0, 0, 2)
  (4, 0, 0, 0, 2, 0, 0, 2)
  (0, 0, 0, 0, 6, 0, 0, 2)

Path 864 (6 moves):
  (1, 1, 1, 1, 1, 1, 1, 1)
  (1, 2, 0, 1, 1, 1, 1, 1)
  (1, 2, 0, 1, 1, 1, 0, 2)
  (1, 2, 0, 1, 1, 3, 0, 0)
  (0, 3, 0, 1, 1, 3, 0, 0)
  (0, 0, 0, 1, 4, 3, 0, 0)
  (0, 0, 0, 0, 5, 3, 0, 0)

Path 865 (6 moves):
  (1, 1, 1, 1, 1, 1, 1, 1)
  (1, 2, 0, 1, 1, 1, 1, 1)
  (1, 2, 0, 1, 1, 1, 0, 2)
  (1, 2, 0, 1, 1, 3, 0, 0)
  (0, 3, 0, 1, 1, 3, 0, 0)
  (0, 3, 0, 0, 2, 3, 0, 0)
  (0, 0, 0, 0, 5, 3, 0, 0)

Path 866 (6 moves):
  (1, 1, 1, 1, 1, 1, 1, 1)
  (1, 2, 0, 1, 1, 1, 1, 1)
  (1, 2, 0, 1, 1, 1, 0, 2)
  (1, 2, 0, 1, 1, 3, 0, 0)
  (0, 3, 0, 1, 1, 3, 0, 0)
  (0, 3, 0, 2, 0, 3, 0, 0)
  (0, 5, 0, 0, 0, 3, 0, 0)

Path 867 (6 moves):
  (1, 1, 1, 1, 1, 1, 1, 1)
  (1, 2, 0, 1, 1, 1, 1, 1)
  (1, 2, 0, 1, 1, 1, 0, 2)
  (1, 2, 0, 1, 1, 3, 0, 0)
  (0, 3, 0, 1, 1, 3, 0, 0)
  (0, 3, 0, 2, 0, 3, 0, 0)
  (0, 3, 0, 0, 0, 5, 0, 0)

Path 868 (6 moves):
  (1, 1, 1, 1, 1, 1, 1, 1)
  (1, 2, 0, 1, 1, 1, 1, 1)
  (1, 2, 0, 1, 1, 1, 0, 2)
  (1, 2, 0, 1, 1, 3, 0, 0)
  (0, 3, 0, 1, 1, 3, 0, 0)
  (0, 3, 0, 1, 0, 4, 0, 0)
  (0, 7, 0, 1, 0, 0, 0, 0)

Path 869 (6 moves):
  (1, 1, 1, 1, 1, 1, 1, 1)
  (1, 2, 0, 1, 1, 1, 1, 1)
  (1, 2, 0, 1, 1, 1, 0, 2)
  (1, 2, 0, 1, 1, 3, 0, 0)
  (1, 2, 0, 0, 2, 3, 0, 0)
  (0, 3, 0, 0, 2, 3, 0, 0)
  (0, 0, 0, 0, 5, 3, 0, 0)

Path 870 (6 moves):
  (1, 1, 1, 1, 1, 1, 1, 1)
  (1, 2, 0, 1, 1, 1, 1, 1)
  (1, 2, 0, 1, 1, 1, 0, 2)
  (1, 2, 0, 1, 1, 3, 0, 0)
  (1, 2, 0, 1, 0, 4, 0, 0)
  (0, 3, 0, 1, 0, 4, 0, 0)
  (0, 7, 0, 1, 0, 0, 0, 0)

Path 871 (6 moves):
  (1, 1, 1, 1, 1, 1, 1, 1)
  (1, 2, 0, 1, 1, 1, 1, 1)
  (1, 2, 0, 1, 1, 1, 0, 2)
  (1, 2, 0, 1, 1, 3, 0, 0)
  (1, 2, 0, 1, 0, 4, 0, 0)
  (1, 0, 0, 3, 0, 4, 0, 0)
  (4, 0, 0, 0, 0, 4, 0, 0)

Path 872 (6 moves):
  (1, 1, 1, 1, 1, 1, 1, 1)
  (1, 2, 0, 1, 1, 1, 1, 1)
  (1, 2, 0, 1, 1, 1, 0, 2)
  (1, 2, 0, 1, 1, 3, 0, 0)
  (1, 2, 0, 1, 0, 4, 0, 0)
  (1, 6, 0, 1, 0, 0, 0, 0)
  (0, 7, 0, 1, 0, 0, 0, 0)

Path 873 (6 moves):
  (1, 1, 1, 1, 1, 1, 1, 1)
  (1, 1, 0, 2, 1, 1, 1, 1)
  (1, 1, 0, 2, 2, 0, 1, 1)
  (0, 2, 0, 2, 2, 0, 1, 1)
  (0, 0, 0, 4, 2, 0, 1, 1)
  (0, 0, 0, 0, 2, 0, 1, 5)
  (0, 0, 0, 0, 0, 0, 3, 5)

Path 874 (6 moves):
  (1, 1, 1, 1, 1, 1, 1, 1)
  (1, 1, 0, 2, 1, 1, 1, 1)
  (1, 1, 0, 2, 2, 0, 1, 1)
  (0, 2, 0, 2, 2, 0, 1, 1)
  (0, 0, 0, 4, 2, 0, 1, 1)
  (0, 0, 0, 0, 2, 0, 1, 5)
  (0, 0, 0, 0, 2, 0, 0, 6)

Path 875 (6 moves):
  (1, 1, 1, 1, 1, 1, 1, 1)
  (1, 1, 0, 2, 1, 1, 1, 1)
  (1, 1, 0, 2, 2, 0, 1, 1)
  (0, 2, 0, 2, 2, 0, 1, 1)
  (0, 0, 0, 4, 2, 0, 1, 1)
  (0, 0, 0, 4, 0, 0, 3, 1)
  (0, 0, 0, 0, 0, 0, 3, 5)

Path 876 (6 moves):
  (1, 1, 1, 1, 1, 1, 1, 1)
  (1, 1, 0, 2, 1, 1, 1, 1)
  (1, 1, 0, 2, 2, 0, 1, 1)
  (0, 2, 0, 2, 2, 0, 1, 1)
  (0, 0, 0, 4, 2, 0, 1, 1)
  (0, 0, 0, 4, 0, 0, 3, 1)
  (0, 0, 0, 7, 0, 0, 0, 1)

Path 877 (6 moves):
  (1, 1, 1, 1, 1, 1, 1, 1)
  (1, 1, 0, 2, 1, 1, 1, 1)
  (1, 1, 0, 2, 2, 0, 1, 1)
  (0, 2, 0, 2, 2, 0, 1, 1)
  (0, 0, 0, 4, 2, 0, 1, 1)
  (0, 0, 0, 4, 0, 0, 3, 1)
  (0, 0, 0, 4, 0, 0, 4, 0)

Path 878 (6 moves):
  (1, 1, 1, 1, 1, 1, 1, 1)
  (1, 1, 0, 2, 1, 1, 1, 1)
  (1, 1, 0, 2, 2, 0, 1, 1)
  (0, 2, 0, 2, 2, 0, 1, 1)
  (0, 0, 0, 4, 2, 0, 1, 1)
  (0, 0, 0, 4, 2, 0, 0, 2)
  (0, 0, 0, 0, 2, 0, 0, 6)

Path 879 (6 moves):
  (1, 1, 1, 1, 1, 1, 1, 1)
  (1, 1, 0, 2, 1, 1, 1, 1)
  (1, 1, 0, 2, 2, 0, 1, 1)
  (0, 2, 0, 2, 2, 0, 1, 1)
  (0, 0, 0, 4, 2, 0, 1, 1)
  (0, 0, 0, 4, 2, 0, 2, 0)
  (0, 0, 0, 4, 0, 0, 4, 0)

Path 880 (6 moves):
  (1, 1, 1, 1, 1, 1, 1, 1)
  (1, 1, 0, 2, 1, 1, 1, 1)
  (1, 1, 0, 2, 2, 0, 1, 1)
  (0, 2, 0, 2, 2, 0, 1, 1)
  (0, 0, 0, 4, 2, 0, 1, 1)
  (0, 0, 0, 4, 2, 0, 2, 0)
  (0, 0, 0, 4, 4, 0, 0, 0)

Path 881 (6 moves):
  (1, 1, 1, 1, 1, 1, 1, 1)
  (1, 1, 0, 2, 1, 1, 1, 1)
  (1, 1, 0, 2, 2, 0, 1, 1)
  (0, 2, 0, 2, 2, 0, 1, 1)
  (0, 2, 0, 2, 0, 0, 3, 1)
  (0, 0, 0, 4, 0, 0, 3, 1)
  (0, 0, 0, 0, 0, 0, 3, 5)

Path 882 (6 moves):
  (1, 1, 1, 1, 1, 1, 1, 1)
  (1, 1, 0, 2, 1, 1, 1, 1)
  (1, 1, 0, 2, 2, 0, 1, 1)
  (0, 2, 0, 2, 2, 0, 1, 1)
  (0, 2, 0, 2, 0, 0, 3, 1)
  (0, 0, 0, 4, 0, 0, 3, 1)
  (0, 0, 0, 7, 0, 0, 0, 1)

Path 883 (6 moves):
  (1, 1, 1, 1, 1, 1, 1, 1)
  (1, 1, 0, 2, 1, 1, 1, 1)
  (1, 1, 0, 2, 2, 0, 1, 1)
  (0, 2, 0, 2, 2, 0, 1, 1)
  (0, 2, 0, 2, 0, 0, 3, 1)
  (0, 0, 0, 4, 0, 0, 3, 1)
  (0, 0, 0, 4, 0, 0, 4, 0)

Path 884 (6 moves):
  (1, 1, 1, 1, 1, 1, 1, 1)
  (1, 1, 0, 2, 1, 1, 1, 1)
  (1, 1, 0, 2, 2, 0, 1, 1)
  (0, 2, 0, 2, 2, 0, 1, 1)
  (0, 2, 0, 2, 0, 0, 3, 1)
  (0, 4, 0, 0, 0, 0, 3, 1)
  (0, 4, 0, 0, 0, 0, 4, 0)

Path 885 (6 moves):
  (1, 1, 1, 1, 1, 1, 1, 1)
  (1, 1, 0, 2, 1, 1, 1, 1)
  (1, 1, 0, 2, 2, 0, 1, 1)
  (0, 2, 0, 2, 2, 0, 1, 1)
  (0, 2, 0, 2, 0, 0, 3, 1)
  (0, 2, 0, 5, 0, 0, 0, 1)
  (0, 0, 0, 7, 0, 0, 0, 1)

Path 886 (6 moves):
  (1, 1, 1, 1, 1, 1, 1, 1)
  (1, 1, 0, 2, 1, 1, 1, 1)
  (1, 1, 0, 2, 2, 0, 1, 1)
  (0, 2, 0, 2, 2, 0, 1, 1)
  (0, 2, 0, 2, 0, 0, 3, 1)
  (0, 2, 0, 2, 0, 0, 4, 0)
  (0, 0, 0, 4, 0, 0, 4, 0)

Path 887 (6 moves):
  (1, 1, 1, 1, 1, 1, 1, 1)
  (1, 1, 0, 2, 1, 1, 1, 1)
  (1, 1, 0, 2, 2, 0, 1, 1)
  (0, 2, 0, 2, 2, 0, 1, 1)
  (0, 2, 0, 2, 0, 0, 3, 1)
  (0, 2, 0, 2, 0, 0, 4, 0)
  (0, 4, 0, 0, 0, 0, 4, 0)

Path 888 (6 moves):
  (1, 1, 1, 1, 1, 1, 1, 1)
  (1, 1, 0, 2, 1, 1, 1, 1)
  (1, 1, 0, 2, 2, 0, 1, 1)
  (0, 2, 0, 2, 2, 0, 1, 1)
  (0, 2, 0, 2, 2, 0, 2, 0)
  (0, 0, 0, 4, 2, 0, 2, 0)
  (0, 0, 0, 4, 0, 0, 4, 0)

Path 889 (6 moves):
  (1, 1, 1, 1, 1, 1, 1, 1)
  (1, 1, 0, 2, 1, 1, 1, 1)
  (1, 1, 0, 2, 2, 0, 1, 1)
  (0, 2, 0, 2, 2, 0, 1, 1)
  (0, 2, 0, 2, 2, 0, 2, 0)
  (0, 0, 0, 4, 2, 0, 2, 0)
  (0, 0, 0, 4, 4, 0, 0, 0)

Path 890 (6 moves):
  (1, 1, 1, 1, 1, 1, 1, 1)
  (1, 1, 0, 2, 1, 1, 1, 1)
  (1, 1, 0, 2, 2, 0, 1, 1)
  (0, 2, 0, 2, 2, 0, 1, 1)
  (0, 2, 0, 2, 2, 0, 2, 0)
  (0, 4, 0, 0, 2, 0, 2, 0)
  (0, 4, 0, 0, 0, 0, 4, 0)

Path 891 (6 moves):
  (1, 1, 1, 1, 1, 1, 1, 1)
  (1, 1, 0, 2, 1, 1, 1, 1)
  (1, 1, 0, 2, 2, 0, 1, 1)
  (0, 2, 0, 2, 2, 0, 1, 1)
  (0, 2, 0, 2, 2, 0, 2, 0)
  (0, 4, 0, 0, 2, 0, 2, 0)
  (0, 4, 0, 0, 4, 0, 0, 0)

Path 892 (6 moves):
  (1, 1, 1, 1, 1, 1, 1, 1)
  (1, 1, 0, 2, 1, 1, 1, 1)
  (1, 1, 0, 2, 2, 0, 1, 1)
  (0, 2, 0, 2, 2, 0, 1, 1)
  (0, 2, 0, 2, 2, 0, 2, 0)
  (0, 2, 0, 2, 0, 0, 4, 0)
  (0, 0, 0, 4, 0, 0, 4, 0)

Path 893 (6 moves):
  (1, 1, 1, 1, 1, 1, 1, 1)
  (1, 1, 0, 2, 1, 1, 1, 1)
  (1, 1, 0, 2, 2, 0, 1, 1)
  (0, 2, 0, 2, 2, 0, 1, 1)
  (0, 2, 0, 2, 2, 0, 2, 0)
  (0, 2, 0, 2, 0, 0, 4, 0)
  (0, 4, 0, 0, 0, 0, 4, 0)

Path 894 (6 moves):
  (1, 1, 1, 1, 1, 1, 1, 1)
  (1, 1, 0, 2, 1, 1, 1, 1)
  (1, 1, 0, 2, 2, 0, 1, 1)
  (0, 2, 0, 2, 2, 0, 1, 1)
  (0, 2, 0, 2, 2, 0, 2, 0)
  (0, 2, 0, 2, 4, 0, 0, 0)
  (0, 0, 0, 4, 4, 0, 0, 0)

Path 895 (6 moves):
  (1, 1, 1, 1, 1, 1, 1, 1)
  (1, 1, 0, 2, 1, 1, 1, 1)
  (1, 1, 0, 2, 2, 0, 1, 1)
  (0, 2, 0, 2, 2, 0, 1, 1)
  (0, 2, 0, 2, 2, 0, 2, 0)
  (0, 2, 0, 2, 4, 0, 0, 0)
  (0, 4, 0, 0, 4, 0, 0, 0)

Path 896 (4 moves):
  (1, 1, 1, 1, 1, 1, 1, 1)
  (1, 1, 0, 2, 1, 1, 1, 1)
  (1, 1, 0, 2, 2, 0, 1, 1)
  (2, 0, 0, 2, 2, 0, 1, 1)
  (2, 0, 0, 2, 2, 0, 0, 2)

Path 897 (6 moves):
  (1, 1, 1, 1, 1, 1, 1, 1)
  (1, 1, 0, 2, 1, 1, 1, 1)
  (1, 1, 0, 2, 2, 0, 1, 1)
  (1, 3, 0, 0, 2, 0, 1, 1)
  (1, 3, 0, 0, 0, 0, 3, 1)
  (0, 4, 0, 0, 0, 0, 3, 1)
  (0, 4, 0, 0, 0, 0, 4, 0)

Path 898 (6 moves):
  (1, 1, 1, 1, 1, 1, 1, 1)
  (1, 1, 0, 2, 1, 1, 1, 1)
  (1, 1, 0, 2, 2, 0, 1, 1)
  (1, 3, 0, 0, 2, 0, 1, 1)
  (1, 3, 0, 0, 0, 0, 3, 1)
  (1, 3, 0, 0, 0, 0, 4, 0)
  (0, 4, 0, 0, 0, 0, 4, 0)

Path 899 (6 moves):
  (1, 1, 1, 1, 1, 1, 1, 1)
  (1, 1, 0, 2, 1, 1, 1, 1)
  (1, 1, 0, 2, 2, 0, 1, 1)
  (1, 3, 0, 0, 2, 0, 1, 1)
  (1, 3, 0, 0, 2, 0, 2, 0)
  (0, 4, 0, 0, 2, 0, 2, 0)
  (0, 4, 0, 0, 0, 0, 4, 0)

Path 900 (6 moves):
  (1, 1, 1, 1, 1, 1, 1, 1)
  (1, 1, 0, 2, 1, 1, 1, 1)
  (1, 1, 0, 2, 2, 0, 1, 1)
  (1, 3, 0, 0, 2, 0, 1, 1)
  (1, 3, 0, 0, 2, 0, 2, 0)
  (0, 4, 0, 0, 2, 0, 2, 0)
  (0, 4, 0, 0, 4, 0, 0, 0)

Path 901 (6 moves):
  (1, 1, 1, 1, 1, 1, 1, 1)
  (1, 1, 0, 2, 1, 1, 1, 1)
  (1, 1, 0, 2, 2, 0, 1, 1)
  (1, 3, 0, 0, 2, 0, 1, 1)
  (1, 3, 0, 0, 2, 0, 2, 0)
  (1, 0, 0, 0, 5, 0, 2, 0)
  (1, 0, 0, 0, 7, 0, 0, 0)

Path 902 (6 moves):
  (1, 1, 1, 1, 1, 1, 1, 1)
  (1, 1, 0, 2, 1, 1, 1, 1)
  (1, 1, 0, 2, 2, 0, 1, 1)
  (1, 3, 0, 0, 2, 0, 1, 1)
  (1, 3, 0, 0, 2, 0, 2, 0)
  (1, 3, 0, 0, 0, 0, 4, 0)
  (0, 4, 0, 0, 0, 0, 4, 0)

Path 903 (6 moves):
  (1, 1, 1, 1, 1, 1, 1, 1)
  (1, 1, 0, 2, 1, 1, 1, 1)
  (1, 1, 0, 2, 2, 0, 1, 1)
  (1, 3, 0, 0, 2, 0, 1, 1)
  (1, 3, 0, 0, 2, 0, 2, 0)
  (1, 3, 0, 0, 4, 0, 0, 0)
  (0, 4, 0, 0, 4, 0, 0, 0)

Path 904 (6 moves):
  (1, 1, 1, 1, 1, 1, 1, 1)
  (1, 1, 0, 2, 1, 1, 1, 1)
  (1, 1, 0, 2, 2, 0, 1, 1)
  (1, 3, 0, 0, 2, 0, 1, 1)
  (1, 3, 0, 0, 2, 0, 2, 0)
  (1, 3, 0, 0, 4, 0, 0, 0)
  (1, 0, 0, 0, 7, 0, 0, 0)

Path 905 (6 moves):
  (1, 1, 1, 1, 1, 1, 1, 1)
  (1, 1, 0, 2, 1, 1, 1, 1)
  (1, 1, 0, 2, 2, 0, 1, 1)
  (1, 3, 0, 0, 2, 0, 1, 1)
  (1, 3, 0, 0, 2, 0, 2, 0)
  (1, 3, 0, 0, 4, 0, 0, 0)
  (5, 3, 0, 0, 0, 0, 0, 0)

Path 906 (6 moves):
  (1, 1, 1, 1, 1, 1, 1, 1)
  (1, 1, 0, 2, 1, 1, 1, 1)
  (1, 1, 0, 2, 2, 0, 1, 1)
  (1, 1, 0, 2, 0, 0, 3, 1)
  (0, 2, 0, 2, 0, 0, 3, 1)
  (0, 0, 0, 4, 0, 0, 3, 1)
  (0, 0, 0, 0, 0, 0, 3, 5)

Path 907 (6 moves):
  (1, 1, 1, 1, 1, 1, 1, 1)
  (1, 1, 0, 2, 1, 1, 1, 1)
  (1, 1, 0, 2, 2, 0, 1, 1)
  (1, 1, 0, 2, 0, 0, 3, 1)
  (0, 2, 0, 2, 0, 0, 3, 1)
  (0, 0, 0, 4, 0, 0, 3, 1)
  (0, 0, 0, 7, 0, 0, 0, 1)

Path 908 (6 moves):
  (1, 1, 1, 1, 1, 1, 1, 1)
  (1, 1, 0, 2, 1, 1, 1, 1)
  (1, 1, 0, 2, 2, 0, 1, 1)
  (1, 1, 0, 2, 0, 0, 3, 1)
  (0, 2, 0, 2, 0, 0, 3, 1)
  (0, 0, 0, 4, 0, 0, 3, 1)
  (0, 0, 0, 4, 0, 0, 4, 0)

Path 909 (6 moves):
  (1, 1, 1, 1, 1, 1, 1, 1)
  (1, 1, 0, 2, 1, 1, 1, 1)
  (1, 1, 0, 2, 2, 0, 1, 1)
  (1, 1, 0, 2, 0, 0, 3, 1)
  (0, 2, 0, 2, 0, 0, 3, 1)
  (0, 4, 0, 0, 0, 0, 3, 1)
  (0, 4, 0, 0, 0, 0, 4, 0)

Path 910 (6 moves):
  (1, 1, 1, 1, 1, 1, 1, 1)
  (1, 1, 0, 2, 1, 1, 1, 1)
  (1, 1, 0, 2, 2, 0, 1, 1)
  (1, 1, 0, 2, 0, 0, 3, 1)
  (0, 2, 0, 2, 0, 0, 3, 1)
  (0, 2, 0, 5, 0, 0, 0, 1)
  (0, 0, 0, 7, 0, 0, 0, 1)

Path 911 (6 moves):
  (1, 1, 1, 1, 1, 1, 1, 1)
  (1, 1, 0, 2, 1, 1, 1, 1)
  (1, 1, 0, 2, 2, 0, 1, 1)
  (1, 1, 0, 2, 0, 0, 3, 1)
  (0, 2, 0, 2, 0, 0, 3, 1)
  (0, 2, 0, 2, 0, 0, 4, 0)
  (0, 0, 0, 4, 0, 0, 4, 0)

Path 912 (6 moves):
  (1, 1, 1, 1, 1, 1, 1, 1)
  (1, 1, 0, 2, 1, 1, 1, 1)
  (1, 1, 0, 2, 2, 0, 1, 1)
  (1, 1, 0, 2, 0, 0, 3, 1)
  (0, 2, 0, 2, 0, 0, 3, 1)
  (0, 2, 0, 2, 0, 0, 4, 0)
  (0, 4, 0, 0, 0, 0, 4, 0)

Path 913 (6 moves):
  (1, 1, 1, 1, 1, 1, 1, 1)
  (1, 1, 0, 2, 1, 1, 1, 1)
  (1, 1, 0, 2, 2, 0, 1, 1)
  (1, 1, 0, 2, 0, 0, 3, 1)
  (1, 3, 0, 0, 0, 0, 3, 1)
  (0, 4, 0, 0, 0, 0, 3, 1)
  (0, 4, 0, 0, 0, 0, 4, 0)

Path 914 (6 moves):
  (1, 1, 1, 1, 1, 1, 1, 1)
  (1, 1, 0, 2, 1, 1, 1, 1)
  (1, 1, 0, 2, 2, 0, 1, 1)
  (1, 1, 0, 2, 0, 0, 3, 1)
  (1, 3, 0, 0, 0, 0, 3, 1)
  (1, 3, 0, 0, 0, 0, 4, 0)
  (0, 4, 0, 0, 0, 0, 4, 0)

Path 915 (4 moves):
  (1, 1, 1, 1, 1, 1, 1, 1)
  (1, 1, 0, 2, 1, 1, 1, 1)
  (1, 1, 0, 2, 2, 0, 1, 1)
  (1, 1, 0, 2, 2, 0, 0, 2)
  (2, 0, 0, 2, 2, 0, 0, 2)

Path 916 (6 moves):
  (1, 1, 1, 1, 1, 1, 1, 1)
  (1, 1, 0, 2, 1, 1, 1, 1)
  (1, 1, 0, 2, 2, 0, 1, 1)
  (1, 1, 0, 2, 2, 0, 2, 0)
  (0, 2, 0, 2, 2, 0, 2, 0)
  (0, 0, 0, 4, 2, 0, 2, 0)
  (0, 0, 0, 4, 0, 0, 4, 0)

Path 917 (6 moves):
  (1, 1, 1, 1, 1, 1, 1, 1)
  (1, 1, 0, 2, 1, 1, 1, 1)
  (1, 1, 0, 2, 2, 0, 1, 1)
  (1, 1, 0, 2, 2, 0, 2, 0)
  (0, 2, 0, 2, 2, 0, 2, 0)
  (0, 0, 0, 4, 2, 0, 2, 0)
  (0, 0, 0, 4, 4, 0, 0, 0)

Path 918 (6 moves):
  (1, 1, 1, 1, 1, 1, 1, 1)
  (1, 1, 0, 2, 1, 1, 1, 1)
  (1, 1, 0, 2, 2, 0, 1, 1)
  (1, 1, 0, 2, 2, 0, 2, 0)
  (0, 2, 0, 2, 2, 0, 2, 0)
  (0, 4, 0, 0, 2, 0, 2, 0)
  (0, 4, 0, 0, 0, 0, 4, 0)

Path 919 (6 moves):
  (1, 1, 1, 1, 1, 1, 1, 1)
  (1, 1, 0, 2, 1, 1, 1, 1)
  (1, 1, 0, 2, 2, 0, 1, 1)
  (1, 1, 0, 2, 2, 0, 2, 0)
  (0, 2, 0, 2, 2, 0, 2, 0)
  (0, 4, 0, 0, 2, 0, 2, 0)
  (0, 4, 0, 0, 4, 0, 0, 0)

Path 920 (6 moves):
  (1, 1, 1, 1, 1, 1, 1, 1)
  (1, 1, 0, 2, 1, 1, 1, 1)
  (1, 1, 0, 2, 2, 0, 1, 1)
  (1, 1, 0, 2, 2, 0, 2, 0)
  (0, 2, 0, 2, 2, 0, 2, 0)
  (0, 2, 0, 2, 0, 0, 4, 0)
  (0, 0, 0, 4, 0, 0, 4, 0)

Path 921 (6 moves):
  (1, 1, 1, 1, 1, 1, 1, 1)
  (1, 1, 0, 2, 1, 1, 1, 1)
  (1, 1, 0, 2, 2, 0, 1, 1)
  (1, 1, 0, 2, 2, 0, 2, 0)
  (0, 2, 0, 2, 2, 0, 2, 0)
  (0, 2, 0, 2, 0, 0, 4, 0)
  (0, 4, 0, 0, 0, 0, 4, 0)

Path 922 (6 moves):
  (1, 1, 1, 1, 1, 1, 1, 1)
  (1, 1, 0, 2, 1, 1, 1, 1)
  (1, 1, 0, 2, 2, 0, 1, 1)
  (1, 1, 0, 2, 2, 0, 2, 0)
  (0, 2, 0, 2, 2, 0, 2, 0)
  (0, 2, 0, 2, 4, 0, 0, 0)
  (0, 0, 0, 4, 4, 0, 0, 0)

Path 923 (6 moves):
  (1, 1, 1, 1, 1, 1, 1, 1)
  (1, 1, 0, 2, 1, 1, 1, 1)
  (1, 1, 0, 2, 2, 0, 1, 1)
  (1, 1, 0, 2, 2, 0, 2, 0)
  (0, 2, 0, 2, 2, 0, 2, 0)
  (0, 2, 0, 2, 4, 0, 0, 0)
  (0, 4, 0, 0, 4, 0, 0, 0)

Path 924 (6 moves):
  (1, 1, 1, 1, 1, 1, 1, 1)
  (1, 1, 0, 2, 1, 1, 1, 1)
  (1, 1, 0, 2, 2, 0, 1, 1)
  (1, 1, 0, 2, 2, 0, 2, 0)
  (1, 3, 0, 0, 2, 0, 2, 0)
  (0, 4, 0, 0, 2, 0, 2, 0)
  (0, 4, 0, 0, 0, 0, 4, 0)

Path 925 (6 moves):
  (1, 1, 1, 1, 1, 1, 1, 1)
  (1, 1, 0, 2, 1, 1, 1, 1)
  (1, 1, 0, 2, 2, 0, 1, 1)
  (1, 1, 0, 2, 2, 0, 2, 0)
  (1, 3, 0, 0, 2, 0, 2, 0)
  (0, 4, 0, 0, 2, 0, 2, 0)
  (0, 4, 0, 0, 4, 0, 0, 0)

Path 926 (6 moves):
  (1, 1, 1, 1, 1, 1, 1, 1)
  (1, 1, 0, 2, 1, 1, 1, 1)
  (1, 1, 0, 2, 2, 0, 1, 1)
  (1, 1, 0, 2, 2, 0, 2, 0)
  (1, 3, 0, 0, 2, 0, 2, 0)
  (1, 0, 0, 0, 5, 0, 2, 0)
  (1, 0, 0, 0, 7, 0, 0, 0)

Path 927 (6 moves):
  (1, 1, 1, 1, 1, 1, 1, 1)
  (1, 1, 0, 2, 1, 1, 1, 1)
  (1, 1, 0, 2, 2, 0, 1, 1)
  (1, 1, 0, 2, 2, 0, 2, 0)
  (1, 3, 0, 0, 2, 0, 2, 0)
  (1, 3, 0, 0, 0, 0, 4, 0)
  (0, 4, 0, 0, 0, 0, 4, 0)

Path 928 (6 moves):
  (1, 1, 1, 1, 1, 1, 1, 1)
  (1, 1, 0, 2, 1, 1, 1, 1)
  (1, 1, 0, 2, 2, 0, 1, 1)
  (1, 1, 0, 2, 2, 0, 2, 0)
  (1, 3, 0, 0, 2, 0, 2, 0)
  (1, 3, 0, 0, 4, 0, 0, 0)
  (0, 4, 0, 0, 4, 0, 0, 0)

Path 929 (6 moves):
  (1, 1, 1, 1, 1, 1, 1, 1)
  (1, 1, 0, 2, 1, 1, 1, 1)
  (1, 1, 0, 2, 2, 0, 1, 1)
  (1, 1, 0, 2, 2, 0, 2, 0)
  (1, 3, 0, 0, 2, 0, 2, 0)
  (1, 3, 0, 0, 4, 0, 0, 0)
  (1, 0, 0, 0, 7, 0, 0, 0)

Path 930 (6 moves):
  (1, 1, 1, 1, 1, 1, 1, 1)
  (1, 1, 0, 2, 1, 1, 1, 1)
  (1, 1, 0, 2, 2, 0, 1, 1)
  (1, 1, 0, 2, 2, 0, 2, 0)
  (1, 3, 0, 0, 2, 0, 2, 0)
  (1, 3, 0, 0, 4, 0, 0, 0)
  (5, 3, 0, 0, 0, 0, 0, 0)

Path 931 (6 moves):
  (1, 1, 1, 1, 1, 1, 1, 1)
  (1, 1, 0, 2, 1, 1, 1, 1)
  (1, 1, 0, 2, 2, 0, 1, 1)
  (1, 1, 0, 2, 2, 0, 2, 0)
  (1, 1, 0, 2, 4, 0, 0, 0)
  (0, 2, 0, 2, 4, 0, 0, 0)
  (0, 0, 0, 4, 4, 0, 0, 0)

Path 932 (6 moves):
  (1, 1, 1, 1, 1, 1, 1, 1)
  (1, 1, 0, 2, 1, 1, 1, 1)
  (1, 1, 0, 2, 2, 0, 1, 1)
  (1, 1, 0, 2, 2, 0, 2, 0)
  (1, 1, 0, 2, 4, 0, 0, 0)
  (0, 2, 0, 2, 4, 0, 0, 0)
  (0, 4, 0, 0, 4, 0, 0, 0)

Path 933 (6 moves):
  (1, 1, 1, 1, 1, 1, 1, 1)
  (1, 1, 0, 2, 1, 1, 1, 1)
  (1, 1, 0, 2, 2, 0, 1, 1)
  (1, 1, 0, 2, 2, 0, 2, 0)
  (1, 1, 0, 2, 4, 0, 0, 0)
  (2, 0, 0, 2, 4, 0, 0, 0)
  (6, 0, 0, 2, 0, 0, 0, 0)

Path 934 (6 moves):
  (1, 1, 1, 1, 1, 1, 1, 1)
  (1, 1, 0, 2, 1, 1, 1, 1)
  (1, 1, 0, 2, 2, 0, 1, 1)
  (1, 1, 0, 2, 2, 0, 2, 0)
  (1, 1, 0, 2, 4, 0, 0, 0)
  (1, 3, 0, 0, 4, 0, 0, 0)
  (0, 4, 0, 0, 4, 0, 0, 0)

Path 935 (6 moves):
  (1, 1, 1, 1, 1, 1, 1, 1)
  (1, 1, 0, 2, 1, 1, 1, 1)
  (1, 1, 0, 2, 2, 0, 1, 1)
  (1, 1, 0, 2, 2, 0, 2, 0)
  (1, 1, 0, 2, 4, 0, 0, 0)
  (1, 3, 0, 0, 4, 0, 0, 0)
  (1, 0, 0, 0, 7, 0, 0, 0)

Path 936 (6 moves):
  (1, 1, 1, 1, 1, 1, 1, 1)
  (1, 1, 0, 2, 1, 1, 1, 1)
  (1, 1, 0, 2, 2, 0, 1, 1)
  (1, 1, 0, 2, 2, 0, 2, 0)
  (1, 1, 0, 2, 4, 0, 0, 0)
  (1, 3, 0, 0, 4, 0, 0, 0)
  (5, 3, 0, 0, 0, 0, 0, 0)

Path 937 (6 moves):
  (1, 1, 1, 1, 1, 1, 1, 1)
  (1, 1, 0, 2, 1, 1, 1, 1)
  (1, 1, 0, 2, 2, 0, 1, 1)
  (1, 1, 0, 2, 2, 0, 2, 0)
  (1, 1, 0, 2, 4, 0, 0, 0)
  (5, 1, 0, 2, 0, 0, 0, 0)
  (6, 0, 0, 2, 0, 0, 0, 0)

Path 938 (6 moves):
  (1, 1, 1, 1, 1, 1, 1, 1)
  (1, 1, 0, 2, 1, 1, 1, 1)
  (1, 1, 0, 2, 2, 0, 1, 1)
  (1, 1, 0, 2, 2, 0, 2, 0)
  (1, 1, 0, 2, 4, 0, 0, 0)
  (5, 1, 0, 2, 0, 0, 0, 0)
  (5, 3, 0, 0, 0, 0, 0, 0)

Path 939 (6 moves):
  (1, 1, 1, 1, 1, 1, 1, 1)
  (1, 1, 0, 2, 1, 1, 1, 1)
  (1, 1, 0, 2, 1, 1, 2, 0)
  (0, 2, 0, 2, 1, 1, 2, 0)
  (0, 2, 0, 0, 1, 3, 2, 0)
  (0, 2, 0, 0, 0, 4, 2, 0)
  (0, 6, 0, 0, 0, 0, 2, 0)

Path 940 (6 moves):
  (1, 1, 1, 1, 1, 1, 1, 1)
  (1, 1, 0, 2, 1, 1, 1, 1)
  (1, 1, 0, 2, 1, 1, 2, 0)
  (0, 2, 0, 2, 1, 1, 2, 0)
  (0, 2, 0, 0, 1, 3, 2, 0)
  (0, 2, 0, 0, 3, 3, 0, 0)
  (0, 5, 0, 0, 0, 3, 0, 0)

Path 941 (6 moves):
  (1, 1, 1, 1, 1, 1, 1, 1)
  (1, 1, 0, 2, 1, 1, 1, 1)
  (1, 1, 0, 2, 1, 1, 2, 0)
  (0, 2, 0, 2, 1, 1, 2, 0)
  (0, 2, 0, 2, 0, 2, 2, 0)
  (0, 0, 0, 4, 0, 2, 2, 0)
  (0, 0, 0, 6, 0, 0, 2, 0)

Path 942 (6 moves):
  (1, 1, 1, 1, 1, 1, 1, 1)
  (1, 1, 0, 2, 1, 1, 1, 1)
  (1, 1, 0, 2, 1, 1, 2, 0)
  (0, 2, 0, 2, 1, 1, 2, 0)
  (0, 2, 0, 2, 0, 2, 2, 0)
  (0, 4, 0, 0, 0, 2, 2, 0)
  (0, 0, 0, 0, 0, 6, 2, 0)

Path 943 (6 moves):
  (1, 1, 1, 1, 1, 1, 1, 1)
  (1, 1, 0, 2, 1, 1, 1, 1)
  (1, 1, 0, 2, 1, 1, 2, 0)
  (0, 2, 0, 2, 1, 1, 2, 0)
  (0, 2, 0, 2, 0, 2, 2, 0)
  (0, 2, 0, 0, 0, 4, 2, 0)
  (0, 6, 0, 0, 0, 0, 2, 0)

Path 944 (6 moves):
  (1, 1, 1, 1, 1, 1, 1, 1)
  (1, 1, 0, 2, 1, 1, 1, 1)
  (1, 1, 0, 2, 1, 1, 2, 0)
  (0, 2, 0, 2, 1, 1, 2, 0)
  (0, 2, 0, 2, 0, 2, 2, 0)
  (0, 2, 0, 4, 0, 0, 2, 0)
  (0, 0, 0, 6, 0, 0, 2, 0)

Path 945 (6 moves):
  (1, 1, 1, 1, 1, 1, 1, 1)
  (1, 1, 0, 2, 1, 1, 1, 1)
  (1, 1, 0, 2, 1, 1, 2, 0)
  (0, 2, 0, 2, 1, 1, 2, 0)
  (0, 2, 0, 2, 2, 0, 2, 0)
  (0, 0, 0, 4, 2, 0, 2, 0)
  (0, 0, 0, 4, 0, 0, 4, 0)

Path 946 (6 moves):
  (1, 1, 1, 1, 1, 1, 1, 1)
  (1, 1, 0, 2, 1, 1, 1, 1)
  (1, 1, 0, 2, 1, 1, 2, 0)
  (0, 2, 0, 2, 1, 1, 2, 0)
  (0, 2, 0, 2, 2, 0, 2, 0)
  (0, 0, 0, 4, 2, 0, 2, 0)
  (0, 0, 0, 4, 4, 0, 0, 0)

Path 947 (6 moves):
  (1, 1, 1, 1, 1, 1, 1, 1)
  (1, 1, 0, 2, 1, 1, 1, 1)
  (1, 1, 0, 2, 1, 1, 2, 0)
  (0, 2, 0, 2, 1, 1, 2, 0)
  (0, 2, 0, 2, 2, 0, 2, 0)
  (0, 4, 0, 0, 2, 0, 2, 0)
  (0, 4, 0, 0, 0, 0, 4, 0)

Path 948 (6 moves):
  (1, 1, 1, 1, 1, 1, 1, 1)
  (1, 1, 0, 2, 1, 1, 1, 1)
  (1, 1, 0, 2, 1, 1, 2, 0)
  (0, 2, 0, 2, 1, 1, 2, 0)
  (0, 2, 0, 2, 2, 0, 2, 0)
  (0, 4, 0, 0, 2, 0, 2, 0)
  (0, 4, 0, 0, 4, 0, 0, 0)

Path 949 (6 moves):
  (1, 1, 1, 1, 1, 1, 1, 1)
  (1, 1, 0, 2, 1, 1, 1, 1)
  (1, 1, 0, 2, 1, 1, 2, 0)
  (0, 2, 0, 2, 1, 1, 2, 0)
  (0, 2, 0, 2, 2, 0, 2, 0)
  (0, 2, 0, 2, 0, 0, 4, 0)
  (0, 0, 0, 4, 0, 0, 4, 0)

Path 950 (6 moves):
  (1, 1, 1, 1, 1, 1, 1, 1)
  (1, 1, 0, 2, 1, 1, 1, 1)
  (1, 1, 0, 2, 1, 1, 2, 0)
  (0, 2, 0, 2, 1, 1, 2, 0)
  (0, 2, 0, 2, 2, 0, 2, 0)
  (0, 2, 0, 2, 0, 0, 4, 0)
  (0, 4, 0, 0, 0, 0, 4, 0)

Path 951 (6 moves):
  (1, 1, 1, 1, 1, 1, 1, 1)
  (1, 1, 0, 2, 1, 1, 1, 1)
  (1, 1, 0, 2, 1, 1, 2, 0)
  (0, 2, 0, 2, 1, 1, 2, 0)
  (0, 2, 0, 2, 2, 0, 2, 0)
  (0, 2, 0, 2, 4, 0, 0, 0)
  (0, 0, 0, 4, 4, 0, 0, 0)

Path 952 (6 moves):
  (1, 1, 1, 1, 1, 1, 1, 1)
  (1, 1, 0, 2, 1, 1, 1, 1)
  (1, 1, 0, 2, 1, 1, 2, 0)
  (0, 2, 0, 2, 1, 1, 2, 0)
  (0, 2, 0, 2, 2, 0, 2, 0)
  (0, 2, 0, 2, 4, 0, 0, 0)
  (0, 4, 0, 0, 4, 0, 0, 0)

Path 953 (6 moves):
  (1, 1, 1, 1, 1, 1, 1, 1)
  (1, 1, 0, 2, 1, 1, 1, 1)
  (1, 1, 0, 2, 1, 1, 2, 0)
  (0, 2, 0, 2, 1, 1, 2, 0)
  (0, 2, 0, 2, 3, 1, 0, 0)
  (0, 0, 0, 4, 3, 1, 0, 0)
  (0, 0, 0, 4, 4, 0, 0, 0)

Path 954 (6 moves):
  (1, 1, 1, 1, 1, 1, 1, 1)
  (1, 1, 0, 2, 1, 1, 1, 1)
  (1, 1, 0, 2, 1, 1, 2, 0)
  (0, 2, 0, 2, 1, 1, 2, 0)
  (0, 2, 0, 2, 3, 1, 0, 0)
  (0, 4, 0, 0, 3, 1, 0, 0)
  (0, 0, 0, 0, 3, 5, 0, 0)

Path 955 (6 moves):
  (1, 1, 1, 1, 1, 1, 1, 1)
  (1, 1, 0, 2, 1, 1, 1, 1)
  (1, 1, 0, 2, 1, 1, 2, 0)
  (0, 2, 0, 2, 1, 1, 2, 0)
  (0, 2, 0, 2, 3, 1, 0, 0)
  (0, 4, 0, 0, 3, 1, 0, 0)
  (0, 7, 0, 0, 0, 1, 0, 0)

Path 956 (6 moves):
  (1, 1, 1, 1, 1, 1, 1, 1)
  (1, 1, 0, 2, 1, 1, 1, 1)
  (1, 1, 0, 2, 1, 1, 2, 0)
  (0, 2, 0, 2, 1, 1, 2, 0)
  (0, 2, 0, 2, 3, 1, 0, 0)
  (0, 4, 0, 0, 3, 1, 0, 0)
  (0, 4, 0, 0, 4, 0, 0, 0)

Path 957 (6 moves):
  (1, 1, 1, 1, 1, 1, 1, 1)
  (1, 1, 0, 2, 1, 1, 1, 1)
  (1, 1, 0, 2, 1, 1, 2, 0)
  (0, 2, 0, 2, 1, 1, 2, 0)
  (0, 2, 0, 2, 3, 1, 0, 0)
  (0, 2, 0, 0, 3, 3, 0, 0)
  (0, 5, 0, 0, 0, 3, 0, 0)

Path 958 (6 moves):
  (1, 1, 1, 1, 1, 1, 1, 1)
  (1, 1, 0, 2, 1, 1, 1, 1)
  (1, 1, 0, 2, 1, 1, 2, 0)
  (0, 2, 0, 2, 1, 1, 2, 0)
  (0, 2, 0, 2, 3, 1, 0, 0)
  (0, 5, 0, 2, 0, 1, 0, 0)
  (0, 7, 0, 0, 0, 1, 0, 0)

Path 959 (6 moves):
  (1, 1, 1, 1, 1, 1, 1, 1)
  (1, 1, 0, 2, 1, 1, 1, 1)
  (1, 1, 0, 2, 1, 1, 2, 0)
  (0, 2, 0, 2, 1, 1, 2, 0)
  (0, 2, 0, 2, 3, 1, 0, 0)
  (0, 5, 0, 2, 0, 1, 0, 0)
  (0, 5, 0, 0, 0, 3, 0, 0)

Path 960 (6 moves):
  (1, 1, 1, 1, 1, 1, 1, 1)
  (1, 1, 0, 2, 1, 1, 1, 1)
  (1, 1, 0, 2, 1, 1, 2, 0)
  (0, 2, 0, 2, 1, 1, 2, 0)
  (0, 2, 0, 2, 3, 1, 0, 0)
  (0, 2, 0, 2, 4, 0, 0, 0)
  (0, 0, 0, 4, 4, 0, 0, 0)

Path 961 (6 moves):
  (1, 1, 1, 1, 1, 1, 1, 1)
  (1, 1, 0, 2, 1, 1, 1, 1)
  (1, 1, 0, 2, 1, 1, 2, 0)
  (0, 2, 0, 2, 1, 1, 2, 0)
  (0, 2, 0, 2, 3, 1, 0, 0)
  (0, 2, 0, 2, 4, 0, 0, 0)
  (0, 4, 0, 0, 4, 0, 0, 0)

Path 962 (6 moves):
  (1, 1, 1, 1, 1, 1, 1, 1)
  (1, 1, 0, 2, 1, 1, 1, 1)
  (1, 1, 0, 2, 1, 1, 2, 0)
  (2, 0, 0, 2, 1, 1, 2, 0)
  (2, 0, 0, 2, 1, 0, 3, 0)
  (2, 0, 0, 3, 0, 0, 3, 0)
  (5, 0, 0, 0, 0, 0, 3, 0)

Path 963 (6 moves):
  (1, 1, 1, 1, 1, 1, 1, 1)
  (1, 1, 0, 2, 1, 1, 1, 1)
  (1, 1, 0, 2, 1, 1, 2, 0)
  (2, 0, 0, 2, 1, 1, 2, 0)
  (2, 0, 0, 2, 1, 0, 3, 0)
  (2, 0, 0, 3, 0, 0, 3, 0)
  (2, 0, 0, 6, 0, 0, 0, 0)

Path 964 (6 moves):
  (1, 1, 1, 1, 1, 1, 1, 1)
  (1, 1, 0, 2, 1, 1, 1, 1)
  (1, 1, 0, 2, 1, 1, 2, 0)
  (2, 0, 0, 2, 1, 1, 2, 0)
  (2, 0, 0, 2, 1, 0, 3, 0)
  (2, 0, 0, 5, 1, 0, 0, 0)
  (2, 0, 0, 6, 0, 0, 0, 0)

Path 965 (6 moves):
  (1, 1, 1, 1, 1, 1, 1, 1)
  (1, 1, 0, 2, 1, 1, 1, 1)
  (1, 1, 0, 2, 1, 1, 2, 0)
  (1, 3, 0, 0, 1, 1, 2, 0)
  (1, 0, 0, 0, 4, 1, 2, 0)
  (5, 0, 0, 0, 0, 1, 2, 0)
  (0, 0, 0, 0, 0, 6, 2, 0)

Path 966 (6 moves):
  (1, 1, 1, 1, 1, 1, 1, 1)
  (1, 1, 0, 2, 1, 1, 1, 1)
  (1, 1, 0, 2, 1, 1, 2, 0)
  (1, 3, 0, 0, 1, 1, 2, 0)
  (1, 0, 0, 0, 4, 1, 2, 0)
  (5, 0, 0, 0, 0, 1, 2, 0)
  (5, 0, 0, 0, 0, 0, 3, 0)

Path 967 (6 moves):
  (1, 1, 1, 1, 1, 1, 1, 1)
  (1, 1, 0, 2, 1, 1, 1, 1)
  (1, 1, 0, 2, 1, 1, 2, 0)
  (1, 3, 0, 0, 1, 1, 2, 0)
  (1, 0, 0, 0, 4, 1, 2, 0)
  (1, 0, 0, 0, 5, 0, 2, 0)
  (1, 0, 0, 0, 7, 0, 0, 0)

Path 968 (6 moves):
  (1, 1, 1, 1, 1, 1, 1, 1)
  (1, 1, 0, 2, 1, 1, 1, 1)
  (1, 1, 0, 2, 1, 1, 2, 0)
  (1, 3, 0, 0, 1, 1, 2, 0)
  (1, 0, 0, 0, 4, 1, 2, 0)
  (1, 0, 0, 0, 4, 0, 3, 0)
  (5, 0, 0, 0, 0, 0, 3, 0)

Path 969 (6 moves):
  (1, 1, 1, 1, 1, 1, 1, 1)
  (1, 1, 0, 2, 1, 1, 1, 1)
  (1, 1, 0, 2, 1, 1, 2, 0)
  (1, 3, 0, 0, 1, 1, 2, 0)
  (1, 0, 0, 0, 4, 1, 2, 0)
  (1, 0, 0, 0, 6, 1, 0, 0)
  (1, 0, 0, 0, 7, 0, 0, 0)

Path 970 (6 moves):
  (1, 1, 1, 1, 1, 1, 1, 1)
  (1, 1, 0, 2, 1, 1, 1, 1)
  (1, 1, 0, 2, 1, 1, 2, 0)
  (1, 3, 0, 0, 1, 1, 2, 0)
  (1, 3, 0, 0, 0, 2, 2, 0)
  (0, 4, 0, 0, 0, 2, 2, 0)
  (0, 0, 0, 0, 0, 6, 2, 0)

Path 971 (6 moves):
  (1, 1, 1, 1, 1, 1, 1, 1)
  (1, 1, 0, 2, 1, 1, 1, 1)
  (1, 1, 0, 2, 1, 1, 2, 0)
  (1, 3, 0, 0, 1, 1, 2, 0)
  (1, 3, 0, 0, 2, 0, 2, 0)
  (0, 4, 0, 0, 2, 0, 2, 0)
  (0, 4, 0, 0, 0, 0, 4, 0)

Path 972 (6 moves):
  (1, 1, 1, 1, 1, 1, 1, 1)
  (1, 1, 0, 2, 1, 1, 1, 1)
  (1, 1, 0, 2, 1, 1, 2, 0)
  (1, 3, 0, 0, 1, 1, 2, 0)
  (1, 3, 0, 0, 2, 0, 2, 0)
  (0, 4, 0, 0, 2, 0, 2, 0)
  (0, 4, 0, 0, 4, 0, 0, 0)

Path 973 (6 moves):
  (1, 1, 1, 1, 1, 1, 1, 1)
  (1, 1, 0, 2, 1, 1, 1, 1)
  (1, 1, 0, 2, 1, 1, 2, 0)
  (1, 3, 0, 0, 1, 1, 2, 0)
  (1, 3, 0, 0, 2, 0, 2, 0)
  (1, 0, 0, 0, 5, 0, 2, 0)
  (1, 0, 0, 0, 7, 0, 0, 0)

Path 974 (6 moves):
  (1, 1, 1, 1, 1, 1, 1, 1)
  (1, 1, 0, 2, 1, 1, 1, 1)
  (1, 1, 0, 2, 1, 1, 2, 0)
  (1, 3, 0, 0, 1, 1, 2, 0)
  (1, 3, 0, 0, 2, 0, 2, 0)
  (1, 3, 0, 0, 0, 0, 4, 0)
  (0, 4, 0, 0, 0, 0, 4, 0)

Path 975 (6 moves):
  (1, 1, 1, 1, 1, 1, 1, 1)
  (1, 1, 0, 2, 1, 1, 1, 1)
  (1, 1, 0, 2, 1, 1, 2, 0)
  (1, 3, 0, 0, 1, 1, 2, 0)
  (1, 3, 0, 0, 2, 0, 2, 0)
  (1, 3, 0, 0, 4, 0, 0, 0)
  (0, 4, 0, 0, 4, 0, 0, 0)

Path 976 (6 moves):
  (1, 1, 1, 1, 1, 1, 1, 1)
  (1, 1, 0, 2, 1, 1, 1, 1)
  (1, 1, 0, 2, 1, 1, 2, 0)
  (1, 3, 0, 0, 1, 1, 2, 0)
  (1, 3, 0, 0, 2, 0, 2, 0)
  (1, 3, 0, 0, 4, 0, 0, 0)
  (1, 0, 0, 0, 7, 0, 0, 0)

Path 977 (6 moves):
  (1, 1, 1, 1, 1, 1, 1, 1)
  (1, 1, 0, 2, 1, 1, 1, 1)
  (1, 1, 0, 2, 1, 1, 2, 0)
  (1, 3, 0, 0, 1, 1, 2, 0)
  (1, 3, 0, 0, 2, 0, 2, 0)
  (1, 3, 0, 0, 4, 0, 0, 0)
  (5, 3, 0, 0, 0, 0, 0, 0)

Path 978 (6 moves):
  (1, 1, 1, 1, 1, 1, 1, 1)
  (1, 1, 0, 2, 1, 1, 1, 1)
  (1, 1, 0, 2, 1, 1, 2, 0)
  (1, 3, 0, 0, 1, 1, 2, 0)
  (1, 3, 0, 0, 3, 1, 0, 0)
  (0, 4, 0, 0, 3, 1, 0, 0)
  (0, 0, 0, 0, 3, 5, 0, 0)

Path 979 (6 moves):
  (1, 1, 1, 1, 1, 1, 1, 1)
  (1, 1, 0, 2, 1, 1, 1, 1)
  (1, 1, 0, 2, 1, 1, 2, 0)
  (1, 3, 0, 0, 1, 1, 2, 0)
  (1, 3, 0, 0, 3, 1, 0, 0)
  (0, 4, 0, 0, 3, 1, 0, 0)
  (0, 7, 0, 0, 0, 1, 0, 0)

Path 980 (6 moves):
  (1, 1, 1, 1, 1, 1, 1, 1)
  (1, 1, 0, 2, 1, 1, 1, 1)
  (1, 1, 0, 2, 1, 1, 2, 0)
  (1, 3, 0, 0, 1, 1, 2, 0)
  (1, 3, 0, 0, 3, 1, 0, 0)
  (0, 4, 0, 0, 3, 1, 0, 0)
  (0, 4, 0, 0, 4, 0, 0, 0)

Path 981 (6 moves):
  (1, 1, 1, 1, 1, 1, 1, 1)
  (1, 1, 0, 2, 1, 1, 1, 1)
  (1, 1, 0, 2, 1, 1, 2, 0)
  (1, 3, 0, 0, 1, 1, 2, 0)
  (1, 3, 0, 0, 3, 1, 0, 0)
  (1, 0, 0, 0, 6, 1, 0, 0)
  (1, 0, 0, 0, 7, 0, 0, 0)

Path 982 (6 moves):
  (1, 1, 1, 1, 1, 1, 1, 1)
  (1, 1, 0, 2, 1, 1, 1, 1)
  (1, 1, 0, 2, 1, 1, 2, 0)
  (1, 3, 0, 0, 1, 1, 2, 0)
  (1, 3, 0, 0, 3, 1, 0, 0)
  (1, 6, 0, 0, 0, 1, 0, 0)
  (0, 7, 0, 0, 0, 1, 0, 0)

Path 983 (6 moves):
  (1, 1, 1, 1, 1, 1, 1, 1)
  (1, 1, 0, 2, 1, 1, 1, 1)
  (1, 1, 0, 2, 1, 1, 2, 0)
  (1, 3, 0, 0, 1, 1, 2, 0)
  (1, 3, 0, 0, 3, 1, 0, 0)
  (1, 3, 0, 0, 4, 0, 0, 0)
  (0, 4, 0, 0, 4, 0, 0, 0)

Path 984 (6 moves):
  (1, 1, 1, 1, 1, 1, 1, 1)
  (1, 1, 0, 2, 1, 1, 1, 1)
  (1, 1, 0, 2, 1, 1, 2, 0)
  (1, 3, 0, 0, 1, 1, 2, 0)
  (1, 3, 0, 0, 3, 1, 0, 0)
  (1, 3, 0, 0, 4, 0, 0, 0)
  (1, 0, 0, 0, 7, 0, 0, 0)

Path 985 (6 moves):
  (1, 1, 1, 1, 1, 1, 1, 1)
  (1, 1, 0, 2, 1, 1, 1, 1)
  (1, 1, 0, 2, 1, 1, 2, 0)
  (1, 3, 0, 0, 1, 1, 2, 0)
  (1, 3, 0, 0, 3, 1, 0, 0)
  (1, 3, 0, 0, 4, 0, 0, 0)
  (5, 3, 0, 0, 0, 0, 0, 0)

Path 986 (6 moves):
  (1, 1, 1, 1, 1, 1, 1, 1)
  (1, 1, 0, 2, 1, 1, 1, 1)
  (1, 1, 0, 2, 1, 1, 2, 0)
  (1, 1, 0, 0, 1, 3, 2, 0)
  (0, 2, 0, 0, 1, 3, 2, 0)
  (0, 2, 0, 0, 0, 4, 2, 0)
  (0, 6, 0, 0, 0, 0, 2, 0)

Path 987 (6 moves):
  (1, 1, 1, 1, 1, 1, 1, 1)
  (1, 1, 0, 2, 1, 1, 1, 1)
  (1, 1, 0, 2, 1, 1, 2, 0)
  (1, 1, 0, 0, 1, 3, 2, 0)
  (0, 2, 0, 0, 1, 3, 2, 0)
  (0, 2, 0, 0, 3, 3, 0, 0)
  (0, 5, 0, 0, 0, 3, 0, 0)

Path 988 (6 moves):
  (1, 1, 1, 1, 1, 1, 1, 1)
  (1, 1, 0, 2, 1, 1, 1, 1)
  (1, 1, 0, 2, 1, 1, 2, 0)
  (1, 1, 0, 3, 0, 1, 2, 0)
  (4, 1, 0, 0, 0, 1, 2, 0)
  (5, 0, 0, 0, 0, 1, 2, 0)
  (0, 0, 0, 0, 0, 6, 2, 0)

Path 989 (6 moves):
  (1, 1, 1, 1, 1, 1, 1, 1)
  (1, 1, 0, 2, 1, 1, 1, 1)
  (1, 1, 0, 2, 1, 1, 2, 0)
  (1, 1, 0, 3, 0, 1, 2, 0)
  (4, 1, 0, 0, 0, 1, 2, 0)
  (5, 0, 0, 0, 0, 1, 2, 0)
  (5, 0, 0, 0, 0, 0, 3, 0)

Path 990 (6 moves):
  (1, 1, 1, 1, 1, 1, 1, 1)
  (1, 1, 0, 2, 1, 1, 1, 1)
  (1, 1, 0, 2, 1, 1, 2, 0)
  (1, 1, 0, 3, 0, 1, 2, 0)
  (4, 1, 0, 0, 0, 1, 2, 0)
  (4, 1, 0, 0, 0, 0, 3, 0)
  (5, 0, 0, 0, 0, 0, 3, 0)

Path 991 (6 moves):
  (1, 1, 1, 1, 1, 1, 1, 1)
  (1, 1, 0, 2, 1, 1, 1, 1)
  (1, 1, 0, 2, 1, 1, 2, 0)
  (1, 1, 0, 3, 0, 1, 2, 0)
  (1, 1, 0, 3, 0, 0, 3, 0)
  (0, 2, 0, 3, 0, 0, 3, 0)
  (0, 2, 0, 0, 0, 0, 6, 0)

Path 992 (6 moves):
  (1, 1, 1, 1, 1, 1, 1, 1)
  (1, 1, 0, 2, 1, 1, 1, 1)
  (1, 1, 0, 2, 1, 1, 2, 0)
  (1, 1, 0, 3, 0, 1, 2, 0)
  (1, 1, 0, 3, 0, 0, 3, 0)
  (2, 0, 0, 3, 0, 0, 3, 0)
  (5, 0, 0, 0, 0, 0, 3, 0)

Path 993 (6 moves):
  (1, 1, 1, 1, 1, 1, 1, 1)
  (1, 1, 0, 2, 1, 1, 1, 1)
  (1, 1, 0, 2, 1, 1, 2, 0)
  (1, 1, 0, 3, 0, 1, 2, 0)
  (1, 1, 0, 3, 0, 0, 3, 0)
  (2, 0, 0, 3, 0, 0, 3, 0)
  (2, 0, 0, 6, 0, 0, 0, 0)

Path 994 (6 moves):
  (1, 1, 1, 1, 1, 1, 1, 1)
  (1, 1, 0, 2, 1, 1, 1, 1)
  (1, 1, 0, 2, 1, 1, 2, 0)
  (1, 1, 0, 3, 0, 1, 2, 0)
  (1, 1, 0, 3, 0, 0, 3, 0)
  (4, 1, 0, 0, 0, 0, 3, 0)
  (5, 0, 0, 0, 0, 0, 3, 0)

Path 995 (6 moves):
  (1, 1, 1, 1, 1, 1, 1, 1)
  (1, 1, 0, 2, 1, 1, 1, 1)
  (1, 1, 0, 2, 1, 1, 2, 0)
  (1, 1, 0, 3, 0, 1, 2, 0)
  (1, 1, 0, 3, 0, 0, 3, 0)
  (1, 1, 0, 0, 0, 0, 6, 0)
  (0, 2, 0, 0, 0, 0, 6, 0)

Path 996 (6 moves):
  (1, 1, 1, 1, 1, 1, 1, 1)
  (1, 1, 0, 2, 1, 1, 1, 1)
  (1, 1, 0, 2, 1, 1, 2, 0)
  (1, 1, 0, 3, 0, 1, 2, 0)
  (1, 1, 0, 3, 0, 0, 3, 0)
  (1, 1, 0, 6, 0, 0, 0, 0)
  (2, 0, 0, 6, 0, 0, 0, 0)

Path 997 (6 moves):
  (1, 1, 1, 1, 1, 1, 1, 1)
  (1, 1, 0, 2, 1, 1, 1, 1)
  (1, 1, 0, 2, 1, 1, 2, 0)
  (1, 1, 0, 2, 0, 2, 2, 0)
  (0, 2, 0, 2, 0, 2, 2, 0)
  (0, 0, 0, 4, 0, 2, 2, 0)
  (0, 0, 0, 6, 0, 0, 2, 0)

Path 998 (6 moves):
  (1, 1, 1, 1, 1, 1, 1, 1)
  (1, 1, 0, 2, 1, 1, 1, 1)
  (1, 1, 0, 2, 1, 1, 2, 0)
  (1, 1, 0, 2, 0, 2, 2, 0)
  (0, 2, 0, 2, 0, 2, 2, 0)
  (0, 4, 0, 0, 0, 2, 2, 0)
  (0, 0, 0, 0, 0, 6, 2, 0)

Path 999 (6 moves):
  (1, 1, 1, 1, 1, 1, 1, 1)
  (1, 1, 0, 2, 1, 1, 1, 1)
  (1, 1, 0, 2, 1, 1, 2, 0)
  (1, 1, 0, 2, 0, 2, 2, 0)
  (0, 2, 0, 2, 0, 2, 2, 0)
  (0, 2, 0, 0, 0, 4, 2, 0)
  (0, 6, 0, 0, 0, 0, 2, 0)

Path 1000 (6 moves):
  (1, 1, 1, 1, 1, 1, 1, 1)
  (1, 1, 0, 2, 1, 1, 1, 1)
  (1, 1, 0, 2, 1, 1, 2, 0)
  (1, 1, 0, 2, 0, 2, 2, 0)
  (0, 2, 0, 2, 0, 2, 2, 0)
  (0, 2, 0, 4, 0, 0, 2, 0)
  (0, 0, 0, 6, 0, 0, 2, 0)

Path 1001 (6 moves):
  (1, 1, 1, 1, 1, 1, 1, 1)
  (1, 1, 0, 2, 1, 1, 1, 1)
  (1, 1, 0, 2, 1, 1, 2, 0)
  (1, 1, 0, 2, 0, 2, 2, 0)
  (1, 3, 0, 0, 0, 2, 2, 0)
  (0, 4, 0, 0, 0, 2, 2, 0)
  (0, 0, 0, 0, 0, 6, 2, 0)

Path 1002 (6 moves):
  (1, 1, 1, 1, 1, 1, 1, 1)
  (1, 1, 0, 2, 1, 1, 1, 1)
  (1, 1, 0, 2, 1, 1, 2, 0)
  (1, 1, 0, 2, 2, 0, 2, 0)
  (0, 2, 0, 2, 2, 0, 2, 0)
  (0, 0, 0, 4, 2, 0, 2, 0)
  (0, 0, 0, 4, 0, 0, 4, 0)

Path 1003 (6 moves):
  (1, 1, 1, 1, 1, 1, 1, 1)
  (1, 1, 0, 2, 1, 1, 1, 1)
  (1, 1, 0, 2, 1, 1, 2, 0)
  (1, 1, 0, 2, 2, 0, 2, 0)
  (0, 2, 0, 2, 2, 0, 2, 0)
  (0, 0, 0, 4, 2, 0, 2, 0)
  (0, 0, 0, 4, 4, 0, 0, 0)

Path 1004 (6 moves):
  (1, 1, 1, 1, 1, 1, 1, 1)
  (1, 1, 0, 2, 1, 1, 1, 1)
  (1, 1, 0, 2, 1, 1, 2, 0)
  (1, 1, 0, 2, 2, 0, 2, 0)
  (0, 2, 0, 2, 2, 0, 2, 0)
  (0, 4, 0, 0, 2, 0, 2, 0)
  (0, 4, 0, 0, 0, 0, 4, 0)

Path 1005 (6 moves):
  (1, 1, 1, 1, 1, 1, 1, 1)
  (1, 1, 0, 2, 1, 1, 1, 1)
  (1, 1, 0, 2, 1, 1, 2, 0)
  (1, 1, 0, 2, 2, 0, 2, 0)
  (0, 2, 0, 2, 2, 0, 2, 0)
  (0, 4, 0, 0, 2, 0, 2, 0)
  (0, 4, 0, 0, 4, 0, 0, 0)

Path 1006 (6 moves):
  (1, 1, 1, 1, 1, 1, 1, 1)
  (1, 1, 0, 2, 1, 1, 1, 1)
  (1, 1, 0, 2, 1, 1, 2, 0)
  (1, 1, 0, 2, 2, 0, 2, 0)
  (0, 2, 0, 2, 2, 0, 2, 0)
  (0, 2, 0, 2, 0, 0, 4, 0)
  (0, 0, 0, 4, 0, 0, 4, 0)

Path 1007 (6 moves):
  (1, 1, 1, 1, 1, 1, 1, 1)
  (1, 1, 0, 2, 1, 1, 1, 1)
  (1, 1, 0, 2, 1, 1, 2, 0)
  (1, 1, 0, 2, 2, 0, 2, 0)
  (0, 2, 0, 2, 2, 0, 2, 0)
  (0, 2, 0, 2, 0, 0, 4, 0)
  (0, 4, 0, 0, 0, 0, 4, 0)

Path 1008 (6 moves):
  (1, 1, 1, 1, 1, 1, 1, 1)
  (1, 1, 0, 2, 1, 1, 1, 1)
  (1, 1, 0, 2, 1, 1, 2, 0)
  (1, 1, 0, 2, 2, 0, 2, 0)
  (0, 2, 0, 2, 2, 0, 2, 0)
  (0, 2, 0, 2, 4, 0, 0, 0)
  (0, 0, 0, 4, 4, 0, 0, 0)

Path 1009 (6 moves):
  (1, 1, 1, 1, 1, 1, 1, 1)
  (1, 1, 0, 2, 1, 1, 1, 1)
  (1, 1, 0, 2, 1, 1, 2, 0)
  (1, 1, 0, 2, 2, 0, 2, 0)
  (0, 2, 0, 2, 2, 0, 2, 0)
  (0, 2, 0, 2, 4, 0, 0, 0)
  (0, 4, 0, 0, 4, 0, 0, 0)

Path 1010 (6 moves):
  (1, 1, 1, 1, 1, 1, 1, 1)
  (1, 1, 0, 2, 1, 1, 1, 1)
  (1, 1, 0, 2, 1, 1, 2, 0)
  (1, 1, 0, 2, 2, 0, 2, 0)
  (1, 3, 0, 0, 2, 0, 2, 0)
  (0, 4, 0, 0, 2, 0, 2, 0)
  (0, 4, 0, 0, 0, 0, 4, 0)

Path 1011 (6 moves):
  (1, 1, 1, 1, 1, 1, 1, 1)
  (1, 1, 0, 2, 1, 1, 1, 1)
  (1, 1, 0, 2, 1, 1, 2, 0)
  (1, 1, 0, 2, 2, 0, 2, 0)
  (1, 3, 0, 0, 2, 0, 2, 0)
  (0, 4, 0, 0, 2, 0, 2, 0)
  (0, 4, 0, 0, 4, 0, 0, 0)

Path 1012 (6 moves):
  (1, 1, 1, 1, 1, 1, 1, 1)
  (1, 1, 0, 2, 1, 1, 1, 1)
  (1, 1, 0, 2, 1, 1, 2, 0)
  (1, 1, 0, 2, 2, 0, 2, 0)
  (1, 3, 0, 0, 2, 0, 2, 0)
  (1, 0, 0, 0, 5, 0, 2, 0)
  (1, 0, 0, 0, 7, 0, 0, 0)

Path 1013 (6 moves):
  (1, 1, 1, 1, 1, 1, 1, 1)
  (1, 1, 0, 2, 1, 1, 1, 1)
  (1, 1, 0, 2, 1, 1, 2, 0)
  (1, 1, 0, 2, 2, 0, 2, 0)
  (1, 3, 0, 0, 2, 0, 2, 0)
  (1, 3, 0, 0, 0, 0, 4, 0)
  (0, 4, 0, 0, 0, 0, 4, 0)

Path 1014 (6 moves):
  (1, 1, 1, 1, 1, 1, 1, 1)
  (1, 1, 0, 2, 1, 1, 1, 1)
  (1, 1, 0, 2, 1, 1, 2, 0)
  (1, 1, 0, 2, 2, 0, 2, 0)
  (1, 3, 0, 0, 2, 0, 2, 0)
  (1, 3, 0, 0, 4, 0, 0, 0)
  (0, 4, 0, 0, 4, 0, 0, 0)

Path 1015 (6 moves):
  (1, 1, 1, 1, 1, 1, 1, 1)
  (1, 1, 0, 2, 1, 1, 1, 1)
  (1, 1, 0, 2, 1, 1, 2, 0)
  (1, 1, 0, 2, 2, 0, 2, 0)
  (1, 3, 0, 0, 2, 0, 2, 0)
  (1, 3, 0, 0, 4, 0, 0, 0)
  (1, 0, 0, 0, 7, 0, 0, 0)

Path 1016 (6 moves):
  (1, 1, 1, 1, 1, 1, 1, 1)
  (1, 1, 0, 2, 1, 1, 1, 1)
  (1, 1, 0, 2, 1, 1, 2, 0)
  (1, 1, 0, 2, 2, 0, 2, 0)
  (1, 3, 0, 0, 2, 0, 2, 0)
  (1, 3, 0, 0, 4, 0, 0, 0)
  (5, 3, 0, 0, 0, 0, 0, 0)

Path 1017 (6 moves):
  (1, 1, 1, 1, 1, 1, 1, 1)
  (1, 1, 0, 2, 1, 1, 1, 1)
  (1, 1, 0, 2, 1, 1, 2, 0)
  (1, 1, 0, 2, 2, 0, 2, 0)
  (1, 1, 0, 2, 4, 0, 0, 0)
  (0, 2, 0, 2, 4, 0, 0, 0)
  (0, 0, 0, 4, 4, 0, 0, 0)

Path 1018 (6 moves):
  (1, 1, 1, 1, 1, 1, 1, 1)
  (1, 1, 0, 2, 1, 1, 1, 1)
  (1, 1, 0, 2, 1, 1, 2, 0)
  (1, 1, 0, 2, 2, 0, 2, 0)
  (1, 1, 0, 2, 4, 0, 0, 0)
  (0, 2, 0, 2, 4, 0, 0, 0)
  (0, 4, 0, 0, 4, 0, 0, 0)

Path 1019 (6 moves):
  (1, 1, 1, 1, 1, 1, 1, 1)
  (1, 1, 0, 2, 1, 1, 1, 1)
  (1, 1, 0, 2, 1, 1, 2, 0)
  (1, 1, 0, 2, 2, 0, 2, 0)
  (1, 1, 0, 2, 4, 0, 0, 0)
  (2, 0, 0, 2, 4, 0, 0, 0)
  (6, 0, 0, 2, 0, 0, 0, 0)

Path 1020 (6 moves):
  (1, 1, 1, 1, 1, 1, 1, 1)
  (1, 1, 0, 2, 1, 1, 1, 1)
  (1, 1, 0, 2, 1, 1, 2, 0)
  (1, 1, 0, 2, 2, 0, 2, 0)
  (1, 1, 0, 2, 4, 0, 0, 0)
  (1, 3, 0, 0, 4, 0, 0, 0)
  (0, 4, 0, 0, 4, 0, 0, 0)

Path 1021 (6 moves):
  (1, 1, 1, 1, 1, 1, 1, 1)
  (1, 1, 0, 2, 1, 1, 1, 1)
  (1, 1, 0, 2, 1, 1, 2, 0)
  (1, 1, 0, 2, 2, 0, 2, 0)
  (1, 1, 0, 2, 4, 0, 0, 0)
  (1, 3, 0, 0, 4, 0, 0, 0)
  (1, 0, 0, 0, 7, 0, 0, 0)

Path 1022 (6 moves):
  (1, 1, 1, 1, 1, 1, 1, 1)
  (1, 1, 0, 2, 1, 1, 1, 1)
  (1, 1, 0, 2, 1, 1, 2, 0)
  (1, 1, 0, 2, 2, 0, 2, 0)
  (1, 1, 0, 2, 4, 0, 0, 0)
  (1, 3, 0, 0, 4, 0, 0, 0)
  (5, 3, 0, 0, 0, 0, 0, 0)

Path 1023 (6 moves):
  (1, 1, 1, 1, 1, 1, 1, 1)
  (1, 1, 0, 2, 1, 1, 1, 1)
  (1, 1, 0, 2, 1, 1, 2, 0)
  (1, 1, 0, 2, 2, 0, 2, 0)
  (1, 1, 0, 2, 4, 0, 0, 0)
  (5, 1, 0, 2, 0, 0, 0, 0)
  (6, 0, 0, 2, 0, 0, 0, 0)

Path 1024 (6 moves):
  (1, 1, 1, 1, 1, 1, 1, 1)
  (1, 1, 0, 2, 1, 1, 1, 1)
  (1, 1, 0, 2, 1, 1, 2, 0)
  (1, 1, 0, 2, 2, 0, 2, 0)
  (1, 1, 0, 2, 4, 0, 0, 0)
  (5, 1, 0, 2, 0, 0, 0, 0)
  (5, 3, 0, 0, 0, 0, 0, 0)

Path 1025 (6 moves):
  (1, 1, 1, 1, 1, 1, 1, 1)
  (1, 1, 0, 2, 1, 1, 1, 1)
  (1, 1, 0, 2, 1, 1, 2, 0)
  (1, 1, 0, 2, 1, 0, 3, 0)
  (2, 0, 0, 2, 1, 0, 3, 0)
  (2, 0, 0, 3, 0, 0, 3, 0)
  (5, 0, 0, 0, 0, 0, 3, 0)

Path 1026 (6 moves):
  (1, 1, 1, 1, 1, 1, 1, 1)
  (1, 1, 0, 2, 1, 1, 1, 1)
  (1, 1, 0, 2, 1, 1, 2, 0)
  (1, 1, 0, 2, 1, 0, 3, 0)
  (2, 0, 0, 2, 1, 0, 3, 0)
  (2, 0, 0, 3, 0, 0, 3, 0)
  (2, 0, 0, 6, 0, 0, 0, 0)

Path 1027 (6 moves):
  (1, 1, 1, 1, 1, 1, 1, 1)
  (1, 1, 0, 2, 1, 1, 1, 1)
  (1, 1, 0, 2, 1, 1, 2, 0)
  (1, 1, 0, 2, 1, 0, 3, 0)
  (2, 0, 0, 2, 1, 0, 3, 0)
  (2, 0, 0, 5, 1, 0, 0, 0)
  (2, 0, 0, 6, 0, 0, 0, 0)

Path 1028 (6 moves):
  (1, 1, 1, 1, 1, 1, 1, 1)
  (1, 1, 0, 2, 1, 1, 1, 1)
  (1, 1, 0, 2, 1, 1, 2, 0)
  (1, 1, 0, 2, 1, 0, 3, 0)
  (1, 1, 0, 3, 0, 0, 3, 0)
  (0, 2, 0, 3, 0, 0, 3, 0)
  (0, 2, 0, 0, 0, 0, 6, 0)

Path 1029 (6 moves):
  (1, 1, 1, 1, 1, 1, 1, 1)
  (1, 1, 0, 2, 1, 1, 1, 1)
  (1, 1, 0, 2, 1, 1, 2, 0)
  (1, 1, 0, 2, 1, 0, 3, 0)
  (1, 1, 0, 3, 0, 0, 3, 0)
  (2, 0, 0, 3, 0, 0, 3, 0)
  (5, 0, 0, 0, 0, 0, 3, 0)

Path 1030 (6 moves):
  (1, 1, 1, 1, 1, 1, 1, 1)
  (1, 1, 0, 2, 1, 1, 1, 1)
  (1, 1, 0, 2, 1, 1, 2, 0)
  (1, 1, 0, 2, 1, 0, 3, 0)
  (1, 1, 0, 3, 0, 0, 3, 0)
  (2, 0, 0, 3, 0, 0, 3, 0)
  (2, 0, 0, 6, 0, 0, 0, 0)

Path 1031 (6 moves):
  (1, 1, 1, 1, 1, 1, 1, 1)
  (1, 1, 0, 2, 1, 1, 1, 1)
  (1, 1, 0, 2, 1, 1, 2, 0)
  (1, 1, 0, 2, 1, 0, 3, 0)
  (1, 1, 0, 3, 0, 0, 3, 0)
  (4, 1, 0, 0, 0, 0, 3, 0)
  (5, 0, 0, 0, 0, 0, 3, 0)

Path 1032 (6 moves):
  (1, 1, 1, 1, 1, 1, 1, 1)
  (1, 1, 0, 2, 1, 1, 1, 1)
  (1, 1, 0, 2, 1, 1, 2, 0)
  (1, 1, 0, 2, 1, 0, 3, 0)
  (1, 1, 0, 3, 0, 0, 3, 0)
  (1, 1, 0, 0, 0, 0, 6, 0)
  (0, 2, 0, 0, 0, 0, 6, 0)

Path 1033 (6 moves):
  (1, 1, 1, 1, 1, 1, 1, 1)
  (1, 1, 0, 2, 1, 1, 1, 1)
  (1, 1, 0, 2, 1, 1, 2, 0)
  (1, 1, 0, 2, 1, 0, 3, 0)
  (1, 1, 0, 3, 0, 0, 3, 0)
  (1, 1, 0, 6, 0, 0, 0, 0)
  (2, 0, 0, 6, 0, 0, 0, 0)

Path 1034 (6 moves):
  (1, 1, 1, 1, 1, 1, 1, 1)
  (1, 1, 0, 2, 1, 1, 1, 1)
  (1, 1, 0, 2, 1, 1, 2, 0)
  (1, 1, 0, 2, 3, 1, 0, 0)
  (0, 2, 0, 2, 3, 1, 0, 0)
  (0, 0, 0, 4, 3, 1, 0, 0)
  (0, 0, 0, 4, 4, 0, 0, 0)

Path 1035 (6 moves):
  (1, 1, 1, 1, 1, 1, 1, 1)
  (1, 1, 0, 2, 1, 1, 1, 1)
  (1, 1, 0, 2, 1, 1, 2, 0)
  (1, 1, 0, 2, 3, 1, 0, 0)
  (0, 2, 0, 2, 3, 1, 0, 0)
  (0, 4, 0, 0, 3, 1, 0, 0)
  (0, 0, 0, 0, 3, 5, 0, 0)

Path 1036 (6 moves):
  (1, 1, 1, 1, 1, 1, 1, 1)
  (1, 1, 0, 2, 1, 1, 1, 1)
  (1, 1, 0, 2, 1, 1, 2, 0)
  (1, 1, 0, 2, 3, 1, 0, 0)
  (0, 2, 0, 2, 3, 1, 0, 0)
  (0, 4, 0, 0, 3, 1, 0, 0)
  (0, 7, 0, 0, 0, 1, 0, 0)

Path 1037 (6 moves):
  (1, 1, 1, 1, 1, 1, 1, 1)
  (1, 1, 0, 2, 1, 1, 1, 1)
  (1, 1, 0, 2, 1, 1, 2, 0)
  (1, 1, 0, 2, 3, 1, 0, 0)
  (0, 2, 0, 2, 3, 1, 0, 0)
  (0, 4, 0, 0, 3, 1, 0, 0)
  (0, 4, 0, 0, 4, 0, 0, 0)

Path 1038 (6 moves):
  (1, 1, 1, 1, 1, 1, 1, 1)
  (1, 1, 0, 2, 1, 1, 1, 1)
  (1, 1, 0, 2, 1, 1, 2, 0)
  (1, 1, 0, 2, 3, 1, 0, 0)
  (0, 2, 0, 2, 3, 1, 0, 0)
  (0, 2, 0, 0, 3, 3, 0, 0)
  (0, 5, 0, 0, 0, 3, 0, 0)

Path 1039 (6 moves):
  (1, 1, 1, 1, 1, 1, 1, 1)
  (1, 1, 0, 2, 1, 1, 1, 1)
  (1, 1, 0, 2, 1, 1, 2, 0)
  (1, 1, 0, 2, 3, 1, 0, 0)
  (0, 2, 0, 2, 3, 1, 0, 0)
  (0, 5, 0, 2, 0, 1, 0, 0)
  (0, 7, 0, 0, 0, 1, 0, 0)

Path 1040 (6 moves):
  (1, 1, 1, 1, 1, 1, 1, 1)
  (1, 1, 0, 2, 1, 1, 1, 1)
  (1, 1, 0, 2, 1, 1, 2, 0)
  (1, 1, 0, 2, 3, 1, 0, 0)
  (0, 2, 0, 2, 3, 1, 0, 0)
  (0, 5, 0, 2, 0, 1, 0, 0)
  (0, 5, 0, 0, 0, 3, 0, 0)

Path 1041 (6 moves):
  (1, 1, 1, 1, 1, 1, 1, 1)
  (1, 1, 0, 2, 1, 1, 1, 1)
  (1, 1, 0, 2, 1, 1, 2, 0)
  (1, 1, 0, 2, 3, 1, 0, 0)
  (0, 2, 0, 2, 3, 1, 0, 0)
  (0, 2, 0, 2, 4, 0, 0, 0)
  (0, 0, 0, 4, 4, 0, 0, 0)

Path 1042 (6 moves):
  (1, 1, 1, 1, 1, 1, 1, 1)
  (1, 1, 0, 2, 1, 1, 1, 1)
  (1, 1, 0, 2, 1, 1, 2, 0)
  (1, 1, 0, 2, 3, 1, 0, 0)
  (0, 2, 0, 2, 3, 1, 0, 0)
  (0, 2, 0, 2, 4, 0, 0, 0)
  (0, 4, 0, 0, 4, 0, 0, 0)

Path 1043 (6 moves):
  (1, 1, 1, 1, 1, 1, 1, 1)
  (1, 1, 0, 2, 1, 1, 1, 1)
  (1, 1, 0, 2, 1, 1, 2, 0)
  (1, 1, 0, 2, 3, 1, 0, 0)
  (1, 3, 0, 0, 3, 1, 0, 0)
  (0, 4, 0, 0, 3, 1, 0, 0)
  (0, 0, 0, 0, 3, 5, 0, 0)

Path 1044 (6 moves):
  (1, 1, 1, 1, 1, 1, 1, 1)
  (1, 1, 0, 2, 1, 1, 1, 1)
  (1, 1, 0, 2, 1, 1, 2, 0)
  (1, 1, 0, 2, 3, 1, 0, 0)
  (1, 3, 0, 0, 3, 1, 0, 0)
  (0, 4, 0, 0, 3, 1, 0, 0)
  (0, 7, 0, 0, 0, 1, 0, 0)

Path 1045 (6 moves):
  (1, 1, 1, 1, 1, 1, 1, 1)
  (1, 1, 0, 2, 1, 1, 1, 1)
  (1, 1, 0, 2, 1, 1, 2, 0)
  (1, 1, 0, 2, 3, 1, 0, 0)
  (1, 3, 0, 0, 3, 1, 0, 0)
  (0, 4, 0, 0, 3, 1, 0, 0)
  (0, 4, 0, 0, 4, 0, 0, 0)

Path 1046 (6 moves):
  (1, 1, 1, 1, 1, 1, 1, 1)
  (1, 1, 0, 2, 1, 1, 1, 1)
  (1, 1, 0, 2, 1, 1, 2, 0)
  (1, 1, 0, 2, 3, 1, 0, 0)
  (1, 3, 0, 0, 3, 1, 0, 0)
  (1, 0, 0, 0, 6, 1, 0, 0)
  (1, 0, 0, 0, 7, 0, 0, 0)

Path 1047 (6 moves):
  (1, 1, 1, 1, 1, 1, 1, 1)
  (1, 1, 0, 2, 1, 1, 1, 1)
  (1, 1, 0, 2, 1, 1, 2, 0)
  (1, 1, 0, 2, 3, 1, 0, 0)
  (1, 3, 0, 0, 3, 1, 0, 0)
  (1, 6, 0, 0, 0, 1, 0, 0)
  (0, 7, 0, 0, 0, 1, 0, 0)

Path 1048 (6 moves):
  (1, 1, 1, 1, 1, 1, 1, 1)
  (1, 1, 0, 2, 1, 1, 1, 1)
  (1, 1, 0, 2, 1, 1, 2, 0)
  (1, 1, 0, 2, 3, 1, 0, 0)
  (1, 3, 0, 0, 3, 1, 0, 0)
  (1, 3, 0, 0, 4, 0, 0, 0)
  (0, 4, 0, 0, 4, 0, 0, 0)

Path 1049 (6 moves):
  (1, 1, 1, 1, 1, 1, 1, 1)
  (1, 1, 0, 2, 1, 1, 1, 1)
  (1, 1, 0, 2, 1, 1, 2, 0)
  (1, 1, 0, 2, 3, 1, 0, 0)
  (1, 3, 0, 0, 3, 1, 0, 0)
  (1, 3, 0, 0, 4, 0, 0, 0)
  (1, 0, 0, 0, 7, 0, 0, 0)

Path 1050 (6 moves):
  (1, 1, 1, 1, 1, 1, 1, 1)
  (1, 1, 0, 2, 1, 1, 1, 1)
  (1, 1, 0, 2, 1, 1, 2, 0)
  (1, 1, 0, 2, 3, 1, 0, 0)
  (1, 3, 0, 0, 3, 1, 0, 0)
  (1, 3, 0, 0, 4, 0, 0, 0)
  (5, 3, 0, 0, 0, 0, 0, 0)

Path 1051 (6 moves):
  (1, 1, 1, 1, 1, 1, 1, 1)
  (1, 1, 0, 2, 1, 1, 1, 1)
  (1, 1, 0, 2, 1, 1, 2, 0)
  (1, 1, 0, 2, 3, 1, 0, 0)
  (1, 4, 0, 2, 0, 1, 0, 0)
  (0, 5, 0, 2, 0, 1, 0, 0)
  (0, 7, 0, 0, 0, 1, 0, 0)

Path 1052 (6 moves):
  (1, 1, 1, 1, 1, 1, 1, 1)
  (1, 1, 0, 2, 1, 1, 1, 1)
  (1, 1, 0, 2, 1, 1, 2, 0)
  (1, 1, 0, 2, 3, 1, 0, 0)
  (1, 4, 0, 2, 0, 1, 0, 0)
  (0, 5, 0, 2, 0, 1, 0, 0)
  (0, 5, 0, 0, 0, 3, 0, 0)

Path 1053 (6 moves):
  (1, 1, 1, 1, 1, 1, 1, 1)
  (1, 1, 0, 2, 1, 1, 1, 1)
  (1, 1, 0, 2, 1, 1, 2, 0)
  (1, 1, 0, 2, 3, 1, 0, 0)
  (1, 4, 0, 2, 0, 1, 0, 0)
  (1, 0, 0, 2, 0, 5, 0, 0)
  (1, 0, 0, 0, 0, 7, 0, 0)

Path 1054 (6 moves):
  (1, 1, 1, 1, 1, 1, 1, 1)
  (1, 1, 0, 2, 1, 1, 1, 1)
  (1, 1, 0, 2, 1, 1, 2, 0)
  (1, 1, 0, 2, 3, 1, 0, 0)
  (1, 4, 0, 2, 0, 1, 0, 0)
  (1, 0, 0, 2, 0, 5, 0, 0)
  (6, 0, 0, 2, 0, 0, 0, 0)

Path 1055 (6 moves):
  (1, 1, 1, 1, 1, 1, 1, 1)
  (1, 1, 0, 2, 1, 1, 1, 1)
  (1, 1, 0, 2, 1, 1, 2, 0)
  (1, 1, 0, 2, 3, 1, 0, 0)
  (1, 4, 0, 2, 0, 1, 0, 0)
  (1, 6, 0, 0, 0, 1, 0, 0)
  (0, 7, 0, 0, 0, 1, 0, 0)

Path 1056 (6 moves):
  (1, 1, 1, 1, 1, 1, 1, 1)
  (1, 1, 0, 2, 1, 1, 1, 1)
  (1, 1, 0, 2, 1, 1, 2, 0)
  (1, 1, 0, 2, 3, 1, 0, 0)
  (1, 4, 0, 2, 0, 1, 0, 0)
  (1, 4, 0, 0, 0, 3, 0, 0)
  (0, 5, 0, 0, 0, 3, 0, 0)

Path 1057 (6 moves):
  (1, 1, 1, 1, 1, 1, 1, 1)
  (1, 1, 0, 2, 1, 1, 1, 1)
  (1, 1, 0, 2, 1, 1, 2, 0)
  (1, 1, 0, 2, 3, 1, 0, 0)
  (1, 4, 0, 2, 0, 1, 0, 0)
  (1, 4, 0, 0, 0, 3, 0, 0)
  (1, 0, 0, 0, 0, 7, 0, 0)

Path 1058 (6 moves):
  (1, 1, 1, 1, 1, 1, 1, 1)
  (1, 1, 0, 2, 1, 1, 1, 1)
  (1, 1, 0, 2, 1, 1, 2, 0)
  (1, 1, 0, 2, 3, 1, 0, 0)
  (1, 1, 0, 2, 4, 0, 0, 0)
  (0, 2, 0, 2, 4, 0, 0, 0)
  (0, 0, 0, 4, 4, 0, 0, 0)

Path 1059 (6 moves):
  (1, 1, 1, 1, 1, 1, 1, 1)
  (1, 1, 0, 2, 1, 1, 1, 1)
  (1, 1, 0, 2, 1, 1, 2, 0)
  (1, 1, 0, 2, 3, 1, 0, 0)
  (1, 1, 0, 2, 4, 0, 0, 0)
  (0, 2, 0, 2, 4, 0, 0, 0)
  (0, 4, 0, 0, 4, 0, 0, 0)

Path 1060 (6 moves):
  (1, 1, 1, 1, 1, 1, 1, 1)
  (1, 1, 0, 2, 1, 1, 1, 1)
  (1, 1, 0, 2, 1, 1, 2, 0)
  (1, 1, 0, 2, 3, 1, 0, 0)
  (1, 1, 0, 2, 4, 0, 0, 0)
  (2, 0, 0, 2, 4, 0, 0, 0)
  (6, 0, 0, 2, 0, 0, 0, 0)

Path 1061 (6 moves):
  (1, 1, 1, 1, 1, 1, 1, 1)
  (1, 1, 0, 2, 1, 1, 1, 1)
  (1, 1, 0, 2, 1, 1, 2, 0)
  (1, 1, 0, 2, 3, 1, 0, 0)
  (1, 1, 0, 2, 4, 0, 0, 0)
  (1, 3, 0, 0, 4, 0, 0, 0)
  (0, 4, 0, 0, 4, 0, 0, 0)

Path 1062 (6 moves):
  (1, 1, 1, 1, 1, 1, 1, 1)
  (1, 1, 0, 2, 1, 1, 1, 1)
  (1, 1, 0, 2, 1, 1, 2, 0)
  (1, 1, 0, 2, 3, 1, 0, 0)
  (1, 1, 0, 2, 4, 0, 0, 0)
  (1, 3, 0, 0, 4, 0, 0, 0)
  (1, 0, 0, 0, 7, 0, 0, 0)

Path 1063 (6 moves):
  (1, 1, 1, 1, 1, 1, 1, 1)
  (1, 1, 0, 2, 1, 1, 1, 1)
  (1, 1, 0, 2, 1, 1, 2, 0)
  (1, 1, 0, 2, 3, 1, 0, 0)
  (1, 1, 0, 2, 4, 0, 0, 0)
  (1, 3, 0, 0, 4, 0, 0, 0)
  (5, 3, 0, 0, 0, 0, 0, 0)

Path 1064 (6 moves):
  (1, 1, 1, 1, 1, 1, 1, 1)
  (1, 1, 0, 2, 1, 1, 1, 1)
  (1, 1, 0, 2, 1, 1, 2, 0)
  (1, 1, 0, 2, 3, 1, 0, 0)
  (1, 1, 0, 2, 4, 0, 0, 0)
  (5, 1, 0, 2, 0, 0, 0, 0)
  (6, 0, 0, 2, 0, 0, 0, 0)

Path 1065 (6 moves):
  (1, 1, 1, 1, 1, 1, 1, 1)
  (1, 1, 0, 2, 1, 1, 1, 1)
  (1, 1, 0, 2, 1, 1, 2, 0)
  (1, 1, 0, 2, 3, 1, 0, 0)
  (1, 1, 0, 2, 4, 0, 0, 0)
  (5, 1, 0, 2, 0, 0, 0, 0)
  (5, 3, 0, 0, 0, 0, 0, 0)

Path 1066 (6 moves):
  (1, 1, 1, 1, 1, 1, 1, 1)
  (1, 1, 2, 0, 1, 1, 1, 1)
  (2, 0, 2, 0, 1, 1, 1, 1)
  (0, 0, 4, 0, 1, 1, 1, 1)
  (0, 0, 4, 0, 0, 2, 1, 1)
  (0, 0, 0, 0, 0, 2, 5, 1)
  (0, 0, 0, 0, 0, 0, 5, 3)

Path 1067 (6 moves):
  (1, 1, 1, 1, 1, 1, 1, 1)
  (1, 1, 2, 0, 1, 1, 1, 1)
  (2, 0, 2, 0, 1, 1, 1, 1)
  (0, 0, 4, 0, 1, 1, 1, 1)
  (0, 0, 4, 0, 0, 2, 1, 1)
  (0, 0, 0, 0, 0, 2, 5, 1)
  (0, 0, 0, 0, 0, 2, 6, 0)

Path 1068 (6 moves):
  (1, 1, 1, 1, 1, 1, 1, 1)
  (1, 1, 2, 0, 1, 1, 1, 1)
  (2, 0, 2, 0, 1, 1, 1, 1)
  (0, 0, 4, 0, 1, 1, 1, 1)
  (0, 0, 4, 0, 0, 2, 1, 1)
  (0, 0, 4, 0, 0, 0, 1, 3)
  (0, 0, 0, 0, 0, 0, 5, 3)

Path 1069 (6 moves):
  (1, 1, 1, 1, 1, 1, 1, 1)
  (1, 1, 2, 0, 1, 1, 1, 1)
  (2, 0, 2, 0, 1, 1, 1, 1)
  (0, 0, 4, 0, 1, 1, 1, 1)
  (0, 0, 4, 0, 0, 2, 1, 1)
  (0, 0, 4, 0, 0, 0, 1, 3)
  (0, 0, 4, 0, 0, 0, 0, 4)

Path 1070 (6 moves):
  (1, 1, 1, 1, 1, 1, 1, 1)
  (1, 1, 2, 0, 1, 1, 1, 1)
  (2, 0, 2, 0, 1, 1, 1, 1)
  (0, 0, 4, 0, 1, 1, 1, 1)
  (0, 0, 4, 0, 0, 2, 1, 1)
  (0, 0, 4, 0, 0, 3, 0, 1)
  (0, 0, 7, 0, 0, 0, 0, 1)

Path 1071 (6 moves):
  (1, 1, 1, 1, 1, 1, 1, 1)
  (1, 1, 2, 0, 1, 1, 1, 1)
  (2, 0, 2, 0, 1, 1, 1, 1)
  (0, 0, 4, 0, 1, 1, 1, 1)
  (0, 0, 4, 0, 0, 2, 1, 1)
  (0, 0, 4, 0, 0, 2, 0, 2)
  (0, 0, 4, 0, 0, 0, 0, 4)

Path 1072 (6 moves):
  (1, 1, 1, 1, 1, 1, 1, 1)
  (1, 1, 2, 0, 1, 1, 1, 1)
  (2, 0, 2, 0, 1, 1, 1, 1)
  (0, 0, 4, 0, 1, 1, 1, 1)
  (0, 0, 4, 0, 0, 2, 1, 1)
  (0, 0, 4, 0, 0, 2, 0, 2)
  (0, 0, 4, 0, 0, 4, 0, 0)

Path 1073 (6 moves):
  (1, 1, 1, 1, 1, 1, 1, 1)
  (1, 1, 2, 0, 1, 1, 1, 1)
  (2, 0, 2, 0, 1, 1, 1, 1)
  (0, 0, 4, 0, 1, 1, 1, 1)
  (0, 0, 4, 0, 0, 2, 1, 1)
  (0, 0, 4, 0, 0, 2, 2, 0)
  (0, 0, 0, 0, 0, 2, 6, 0)

Path 1074 (6 moves):
  (1, 1, 1, 1, 1, 1, 1, 1)
  (1, 1, 2, 0, 1, 1, 1, 1)
  (2, 0, 2, 0, 1, 1, 1, 1)
  (0, 0, 4, 0, 1, 1, 1, 1)
  (0, 0, 4, 0, 1, 0, 2, 1)
  (0, 0, 0, 0, 1, 0, 6, 1)
  (0, 0, 0, 0, 1, 0, 7, 0)

Path 1075 (6 moves):
  (1, 1, 1, 1, 1, 1, 1, 1)
  (1, 1, 2, 0, 1, 1, 1, 1)
  (2, 0, 2, 0, 1, 1, 1, 1)
  (0, 0, 4, 0, 1, 1, 1, 1)
  (0, 0, 4, 0, 1, 0, 2, 1)
  (0, 0, 4, 0, 3, 0, 0, 1)
  (0, 0, 4, 0, 0, 0, 0, 4)

Path 1076 (6 moves):
  (1, 1, 1, 1, 1, 1, 1, 1)
  (1, 1, 2, 0, 1, 1, 1, 1)
  (2, 0, 2, 0, 1, 1, 1, 1)
  (0, 0, 4, 0, 1, 1, 1, 1)
  (0, 0, 4, 0, 1, 0, 2, 1)
  (0, 0, 4, 0, 1, 0, 3, 0)
  (0, 0, 0, 0, 1, 0, 7, 0)

Path 1077 (6 moves):
  (1, 1, 1, 1, 1, 1, 1, 1)
  (1, 1, 2, 0, 1, 1, 1, 1)
  (2, 0, 2, 0, 1, 1, 1, 1)
  (0, 0, 4, 0, 1, 1, 1, 1)
  (0, 0, 4, 0, 1, 2, 0, 1)
  (0, 0, 4, 0, 0, 3, 0, 1)
  (0, 0, 7, 0, 0, 0, 0, 1)

Path 1078 (6 moves):
  (1, 1, 1, 1, 1, 1, 1, 1)
  (1, 1, 2, 0, 1, 1, 1, 1)
  (2, 0, 2, 0, 1, 1, 1, 1)
  (0, 0, 4, 0, 1, 1, 1, 1)
  (0, 0, 4, 0, 1, 2, 0, 1)
  (0, 0, 4, 0, 1, 0, 0, 3)
  (0, 0, 4, 0, 4, 0, 0, 0)

Path 1079 (6 moves):
  (1, 1, 1, 1, 1, 1, 1, 1)
  (1, 1, 2, 0, 1, 1, 1, 1)
  (2, 0, 2, 0, 1, 1, 1, 1)
  (0, 0, 4, 0, 1, 1, 1, 1)
  (0, 0, 4, 0, 1, 1, 0, 2)
  (0, 0, 4, 0, 0, 2, 0, 2)
  (0, 0, 4, 0, 0, 0, 0, 4)

Path 1080 (6 moves):
  (1, 1, 1, 1, 1, 1, 1, 1)
  (1, 1, 2, 0, 1, 1, 1, 1)
  (2, 0, 2, 0, 1, 1, 1, 1)
  (0, 0, 4, 0, 1, 1, 1, 1)
  (0, 0, 4, 0, 1, 1, 0, 2)
  (0, 0, 4, 0, 0, 2, 0, 2)
  (0, 0, 4, 0, 0, 4, 0, 0)

Path 1081 (6 moves):
  (1, 1, 1, 1, 1, 1, 1, 1)
  (1, 1, 2, 0, 1, 1, 1, 1)
  (2, 0, 2, 0, 1, 1, 1, 1)
  (0, 0, 4, 0, 1, 1, 1, 1)
  (0, 0, 4, 0, 1, 1, 0, 2)
  (0, 0, 4, 0, 2, 0, 0, 2)
  (0, 0, 6, 0, 0, 0, 0, 2)

Path 1082 (6 moves):
  (1, 1, 1, 1, 1, 1, 1, 1)
  (1, 1, 2, 0, 1, 1, 1, 1)
  (2, 0, 2, 0, 1, 1, 1, 1)
  (0, 0, 4, 0, 1, 1, 1, 1)
  (0, 0, 4, 0, 1, 1, 0, 2)
  (0, 0, 4, 0, 1, 3, 0, 0)
  (0, 0, 4, 0, 0, 4, 0, 0)

Path 1083 (6 moves):
  (1, 1, 1, 1, 1, 1, 1, 1)
  (1, 1, 2, 0, 1, 1, 1, 1)
  (2, 0, 2, 0, 1, 1, 1, 1)
  (0, 0, 4, 0, 1, 1, 1, 1)
  (0, 0, 4, 0, 1, 1, 0, 2)
  (0, 0, 4, 0, 1, 3, 0, 0)
  (0, 0, 7, 0, 1, 0, 0, 0)

Path 1084 (6 moves):
  (1, 1, 1, 1, 1, 1, 1, 1)
  (1, 1, 2, 0, 1, 1, 1, 1)
  (2, 0, 2, 0, 1, 1, 1, 1)
  (0, 0, 4, 0, 1, 1, 1, 1)
  (0, 0, 4, 0, 1, 1, 2, 0)
  (0, 0, 0, 0, 1, 1, 6, 0)
  (0, 0, 0, 0, 0, 2, 6, 0)

Path 1085 (6 moves):
  (1, 1, 1, 1, 1, 1, 1, 1)
  (1, 1, 2, 0, 1, 1, 1, 1)
  (2, 0, 2, 0, 1, 1, 1, 1)
  (0, 0, 4, 0, 1, 1, 1, 1)
  (0, 0, 4, 0, 1, 1, 2, 0)
  (0, 0, 0, 0, 1, 1, 6, 0)
  (0, 0, 0, 0, 1, 0, 7, 0)

Path 1086 (6 moves):
  (1, 1, 1, 1, 1, 1, 1, 1)
  (1, 1, 2, 0, 1, 1, 1, 1)
  (2, 0, 2, 0, 1, 1, 1, 1)
  (0, 0, 4, 0, 1, 1, 1, 1)
  (0, 0, 4, 0, 1, 1, 2, 0)
  (0, 0, 4, 0, 0, 2, 2, 0)
  (0, 0, 0, 0, 0, 2, 6, 0)

Path 1087 (6 moves):
  (1, 1, 1, 1, 1, 1, 1, 1)
  (1, 1, 2, 0, 1, 1, 1, 1)
  (2, 0, 2, 0, 1, 1, 1, 1)
  (0, 0, 4, 0, 1, 1, 1, 1)
  (0, 0, 4, 0, 1, 1, 2, 0)
  (0, 0, 4, 0, 2, 0, 2, 0)
  (0, 0, 6, 0, 0, 0, 2, 0)

Path 1088 (6 moves):
  (1, 1, 1, 1, 1, 1, 1, 1)
  (1, 1, 2, 0, 1, 1, 1, 1)
  (2, 0, 2, 0, 1, 1, 1, 1)
  (0, 0, 4, 0, 1, 1, 1, 1)
  (0, 0, 4, 0, 1, 1, 2, 0)
  (0, 0, 4, 0, 2, 0, 2, 0)
  (0, 0, 4, 0, 4, 0, 0, 0)

Path 1089 (6 moves):
  (1, 1, 1, 1, 1, 1, 1, 1)
  (1, 1, 2, 0, 1, 1, 1, 1)
  (2, 0, 2, 0, 1, 1, 1, 1)
  (0, 0, 4, 0, 1, 1, 1, 1)
  (0, 0, 4, 0, 1, 1, 2, 0)
  (0, 0, 4, 0, 1, 0, 3, 0)
  (0, 0, 0, 0, 1, 0, 7, 0)

Path 1090 (6 moves):
  (1, 1, 1, 1, 1, 1, 1, 1)
  (1, 1, 2, 0, 1, 1, 1, 1)
  (2, 0, 2, 0, 1, 1, 1, 1)
  (0, 0, 4, 0, 1, 1, 1, 1)
  (0, 0, 4, 0, 1, 1, 2, 0)
  (0, 0, 4, 0, 3, 1, 0, 0)
  (0, 0, 4, 0, 4, 0, 0, 0)

Path 1091 (6 moves):
  (1, 1, 1, 1, 1, 1, 1, 1)
  (1, 1, 2, 0, 1, 1, 1, 1)
  (2, 0, 2, 0, 1, 1, 1, 1)
  (4, 0, 0, 0, 1, 1, 1, 1)
  (4, 0, 0, 0, 2, 0, 1, 1)
  (0, 0, 0, 0, 6, 0, 1, 1)
  (0, 0, 0, 0, 6, 0, 0, 2)

Path 1092 (6 moves):
  (1, 1, 1, 1, 1, 1, 1, 1)
  (1, 1, 2, 0, 1, 1, 1, 1)
  (2, 0, 2, 0, 1, 1, 1, 1)
  (4, 0, 0, 0, 1, 1, 1, 1)
  (4, 0, 0, 0, 2, 0, 1, 1)
  (4, 0, 0, 0, 0, 0, 3, 1)
  (4, 0, 0, 0, 0, 0, 4, 0)

Path 1093 (6 moves):
  (1, 1, 1, 1, 1, 1, 1, 1)
  (1, 1, 2, 0, 1, 1, 1, 1)
  (2, 0, 2, 0, 1, 1, 1, 1)
  (4, 0, 0, 0, 1, 1, 1, 1)
  (4, 0, 0, 0, 2, 0, 1, 1)
  (4, 0, 0, 0, 2, 0, 0, 2)
  (0, 0, 0, 0, 6, 0, 0, 2)

Path 1094 (6 moves):
  (1, 1, 1, 1, 1, 1, 1, 1)
  (1, 1, 2, 0, 1, 1, 1, 1)
  (2, 0, 2, 0, 1, 1, 1, 1)
  (4, 0, 0, 0, 1, 1, 1, 1)
  (4, 0, 0, 0, 2, 0, 1, 1)
  (4, 0, 0, 0, 2, 0, 2, 0)
  (4, 0, 0, 0, 0, 0, 4, 0)

Path 1095 (6 moves):
  (1, 1, 1, 1, 1, 1, 1, 1)
  (1, 1, 2, 0, 1, 1, 1, 1)
  (2, 0, 2, 0, 1, 1, 1, 1)
  (4, 0, 0, 0, 1, 1, 1, 1)
  (4, 0, 0, 0, 1, 0, 2, 1)
  (0, 0, 0, 0, 5, 0, 2, 1)
  (0, 0, 0, 0, 7, 0, 0, 1)

Path 1096 (6 moves):
  (1, 1, 1, 1, 1, 1, 1, 1)
  (1, 1, 2, 0, 1, 1, 1, 1)
  (2, 0, 2, 0, 1, 1, 1, 1)
  (4, 0, 0, 0, 1, 1, 1, 1)
  (4, 0, 0, 0, 1, 0, 2, 1)
  (0, 0, 0, 0, 5, 0, 2, 1)
  (0, 0, 0, 0, 5, 0, 3, 0)

Path 1097 (6 moves):
  (1, 1, 1, 1, 1, 1, 1, 1)
  (1, 1, 2, 0, 1, 1, 1, 1)
  (2, 0, 2, 0, 1, 1, 1, 1)
  (4, 0, 0, 0, 1, 1, 1, 1)
  (4, 0, 0, 0, 1, 0, 2, 1)
  (4, 0, 0, 0, 3, 0, 0, 1)
  (0, 0, 0, 0, 7, 0, 0, 1)

Path 1098 (6 moves):
  (1, 1, 1, 1, 1, 1, 1, 1)
  (1, 1, 2, 0, 1, 1, 1, 1)
  (2, 0, 2, 0, 1, 1, 1, 1)
  (4, 0, 0, 0, 1, 1, 1, 1)
  (4, 0, 0, 0, 1, 0, 2, 1)
  (4, 0, 0, 0, 3, 0, 0, 1)
  (4, 0, 0, 0, 0, 0, 0, 4)

Path 1099 (6 moves):
  (1, 1, 1, 1, 1, 1, 1, 1)
  (1, 1, 2, 0, 1, 1, 1, 1)
  (2, 0, 2, 0, 1, 1, 1, 1)
  (4, 0, 0, 0, 1, 1, 1, 1)
  (4, 0, 0, 0, 1, 0, 2, 1)
  (4, 0, 0, 0, 1, 0, 3, 0)
  (0, 0, 0, 0, 5, 0, 3, 0)

Path 1100 (6 moves):
  (1, 1, 1, 1, 1, 1, 1, 1)
  (1, 1, 2, 0, 1, 1, 1, 1)
  (2, 0, 2, 0, 1, 1, 1, 1)
  (4, 0, 0, 0, 1, 1, 1, 1)
  (4, 0, 0, 0, 1, 1, 0, 2)
  (0, 0, 0, 0, 5, 1, 0, 2)
  (0, 0, 0, 0, 6, 0, 0, 2)

Path 1101 (6 moves):
  (1, 1, 1, 1, 1, 1, 1, 1)
  (1, 1, 2, 0, 1, 1, 1, 1)
  (2, 0, 2, 0, 1, 1, 1, 1)
  (4, 0, 0, 0, 1, 1, 1, 1)
  (4, 0, 0, 0, 1, 1, 0, 2)
  (0, 0, 0, 0, 5, 1, 0, 2)
  (0, 0, 0, 0, 5, 3, 0, 0)

Path 1102 (6 moves):
  (1, 1, 1, 1, 1, 1, 1, 1)
  (1, 1, 2, 0, 1, 1, 1, 1)
  (2, 0, 2, 0, 1, 1, 1, 1)
  (4, 0, 0, 0, 1, 1, 1, 1)
  (4, 0, 0, 0, 1, 1, 0, 2)
  (4, 0, 0, 0, 0, 2, 0, 2)
  (4, 0, 0, 0, 0, 0, 0, 4)

Path 1103 (6 moves):
  (1, 1, 1, 1, 1, 1, 1, 1)
  (1, 1, 2, 0, 1, 1, 1, 1)
  (2, 0, 2, 0, 1, 1, 1, 1)
  (4, 0, 0, 0, 1, 1, 1, 1)
  (4, 0, 0, 0, 1, 1, 0, 2)
  (4, 0, 0, 0, 0, 2, 0, 2)
  (4, 0, 0, 0, 0, 4, 0, 0)

Path 1104 (6 moves):
  (1, 1, 1, 1, 1, 1, 1, 1)
  (1, 1, 2, 0, 1, 1, 1, 1)
  (2, 0, 2, 0, 1, 1, 1, 1)
  (4, 0, 0, 0, 1, 1, 1, 1)
  (4, 0, 0, 0, 1, 1, 0, 2)
  (4, 0, 0, 0, 2, 0, 0, 2)
  (0, 0, 0, 0, 6, 0, 0, 2)

Path 1105 (6 moves):
  (1, 1, 1, 1, 1, 1, 1, 1)
  (1, 1, 2, 0, 1, 1, 1, 1)
  (2, 0, 2, 0, 1, 1, 1, 1)
  (4, 0, 0, 0, 1, 1, 1, 1)
  (4, 0, 0, 0, 1, 1, 0, 2)
  (4, 0, 0, 0, 1, 3, 0, 0)
  (0, 0, 0, 0, 5, 3, 0, 0)

Path 1106 (6 moves):
  (1, 1, 1, 1, 1, 1, 1, 1)
  (1, 1, 2, 0, 1, 1, 1, 1)
  (2, 0, 2, 0, 1, 1, 1, 1)
  (4, 0, 0, 0, 1, 1, 1, 1)
  (4, 0, 0, 0, 1, 1, 0, 2)
  (4, 0, 0, 0, 1, 3, 0, 0)
  (4, 0, 0, 0, 0, 4, 0, 0)

Path 1107 (6 moves):
  (1, 1, 1, 1, 1, 1, 1, 1)
  (1, 1, 2, 0, 1, 1, 1, 1)
  (2, 0, 2, 0, 1, 1, 1, 1)
  (2, 0, 0, 0, 3, 1, 1, 1)
  (2, 0, 0, 0, 4, 0, 1, 1)
  (6, 0, 0, 0, 0, 0, 1, 1)
  (6, 0, 0, 0, 0, 0, 0, 2)

Path 1108 (6 moves):
  (1, 1, 1, 1, 1, 1, 1, 1)
  (1, 1, 2, 0, 1, 1, 1, 1)
  (2, 0, 2, 0, 1, 1, 1, 1)
  (2, 0, 0, 0, 3, 1, 1, 1)
  (2, 0, 0, 0, 4, 0, 1, 1)
  (2, 0, 0, 0, 4, 0, 0, 2)
  (6, 0, 0, 0, 0, 0, 0, 2)

Path 1109 (6 moves):
  (1, 1, 1, 1, 1, 1, 1, 1)
  (1, 1, 2, 0, 1, 1, 1, 1)
  (2, 0, 2, 0, 1, 1, 1, 1)
  (2, 0, 0, 0, 3, 1, 1, 1)
  (2, 0, 0, 0, 4, 0, 1, 1)
  (2, 0, 0, 0, 4, 0, 2, 0)
  (2, 0, 0, 0, 6, 0, 0, 0)

Path 1110 (6 moves):
  (1, 1, 1, 1, 1, 1, 1, 1)
  (1, 1, 2, 0, 1, 1, 1, 1)
  (2, 0, 2, 0, 1, 1, 1, 1)
  (2, 0, 0, 0, 3, 1, 1, 1)
  (2, 0, 0, 0, 3, 2, 0, 1)
  (2, 0, 0, 0, 0, 2, 0, 4)
  (2, 0, 0, 0, 0, 0, 0, 6)

Path 1111 (6 moves):
  (1, 1, 1, 1, 1, 1, 1, 1)
  (1, 1, 2, 0, 1, 1, 1, 1)
  (2, 0, 2, 0, 1, 1, 1, 1)
  (2, 0, 0, 0, 3, 1, 1, 1)
  (2, 0, 0, 0, 3, 2, 0, 1)
  (2, 0, 0, 0, 3, 0, 0, 3)
  (2, 0, 0, 0, 0, 0, 0, 6)

Path 1112 (6 moves):
  (1, 1, 1, 1, 1, 1, 1, 1)
  (1, 1, 2, 0, 1, 1, 1, 1)
  (2, 0, 2, 0, 1, 1, 1, 1)
  (2, 0, 0, 0, 3, 1, 1, 1)
  (2, 0, 0, 0, 3, 2, 0, 1)
  (2, 0, 0, 0, 3, 0, 0, 3)
  (2, 0, 0, 0, 6, 0, 0, 0)

Path 1113 (6 moves):
  (1, 1, 1, 1, 1, 1, 1, 1)
  (1, 1, 2, 0, 1, 1, 1, 1)
  (2, 0, 2, 0, 1, 1, 1, 1)
  (2, 0, 2, 0, 0, 2, 1, 1)
  (0, 0, 4, 0, 0, 2, 1, 1)
  (0, 0, 0, 0, 0, 2, 5, 1)
  (0, 0, 0, 0, 0, 0, 5, 3)

Path 1114 (6 moves):
  (1, 1, 1, 1, 1, 1, 1, 1)
  (1, 1, 2, 0, 1, 1, 1, 1)
  (2, 0, 2, 0, 1, 1, 1, 1)
  (2, 0, 2, 0, 0, 2, 1, 1)
  (0, 0, 4, 0, 0, 2, 1, 1)
  (0, 0, 0, 0, 0, 2, 5, 1)
  (0, 0, 0, 0, 0, 2, 6, 0)

Path 1115 (6 moves):
  (1, 1, 1, 1, 1, 1, 1, 1)
  (1, 1, 2, 0, 1, 1, 1, 1)
  (2, 0, 2, 0, 1, 1, 1, 1)
  (2, 0, 2, 0, 0, 2, 1, 1)
  (0, 0, 4, 0, 0, 2, 1, 1)
  (0, 0, 4, 0, 0, 0, 1, 3)
  (0, 0, 0, 0, 0, 0, 5, 3)

Path 1116 (6 moves):
  (1, 1, 1, 1, 1, 1, 1, 1)
  (1, 1, 2, 0, 1, 1, 1, 1)
  (2, 0, 2, 0, 1, 1, 1, 1)
  (2, 0, 2, 0, 0, 2, 1, 1)
  (0, 0, 4, 0, 0, 2, 1, 1)
  (0, 0, 4, 0, 0, 0, 1, 3)
  (0, 0, 4, 0, 0, 0, 0, 4)

Path 1117 (6 moves):
  (1, 1, 1, 1, 1, 1, 1, 1)
  (1, 1, 2, 0, 1, 1, 1, 1)
  (2, 0, 2, 0, 1, 1, 1, 1)
  (2, 0, 2, 0, 0, 2, 1, 1)
  (0, 0, 4, 0, 0, 2, 1, 1)
  (0, 0, 4, 0, 0, 3, 0, 1)
  (0, 0, 7, 0, 0, 0, 0, 1)

Path 1118 (6 moves):
  (1, 1, 1, 1, 1, 1, 1, 1)
  (1, 1, 2, 0, 1, 1, 1, 1)
  (2, 0, 2, 0, 1, 1, 1, 1)
  (2, 0, 2, 0, 0, 2, 1, 1)
  (0, 0, 4, 0, 0, 2, 1, 1)
  (0, 0, 4, 0, 0, 2, 0, 2)
  (0, 0, 4, 0, 0, 0, 0, 4)

Path 1119 (6 moves):
  (1, 1, 1, 1, 1, 1, 1, 1)
  (1, 1, 2, 0, 1, 1, 1, 1)
  (2, 0, 2, 0, 1, 1, 1, 1)
  (2, 0, 2, 0, 0, 2, 1, 1)
  (0, 0, 4, 0, 0, 2, 1, 1)
  (0, 0, 4, 0, 0, 2, 0, 2)
  (0, 0, 4, 0, 0, 4, 0, 0)

Path 1120 (6 moves):
  (1, 1, 1, 1, 1, 1, 1, 1)
  (1, 1, 2, 0, 1, 1, 1, 1)
  (2, 0, 2, 0, 1, 1, 1, 1)
  (2, 0, 2, 0, 0, 2, 1, 1)
  (0, 0, 4, 0, 0, 2, 1, 1)
  (0, 0, 4, 0, 0, 2, 2, 0)
  (0, 0, 0, 0, 0, 2, 6, 0)

Path 1121 (6 moves):
  (1, 1, 1, 1, 1, 1, 1, 1)
  (1, 1, 2, 0, 1, 1, 1, 1)
  (2, 0, 2, 0, 1, 1, 1, 1)
  (2, 0, 2, 0, 0, 2, 1, 1)
  (2, 0, 2, 0, 0, 0, 1, 3)
  (0, 0, 4, 0, 0, 0, 1, 3)
  (0, 0, 0, 0, 0, 0, 5, 3)

Path 1122 (6 moves):
  (1, 1, 1, 1, 1, 1, 1, 1)
  (1, 1, 2, 0, 1, 1, 1, 1)
  (2, 0, 2, 0, 1, 1, 1, 1)
  (2, 0, 2, 0, 0, 2, 1, 1)
  (2, 0, 2, 0, 0, 0, 1, 3)
  (0, 0, 4, 0, 0, 0, 1, 3)
  (0, 0, 4, 0, 0, 0, 0, 4)

Path 1123 (6 moves):
  (1, 1, 1, 1, 1, 1, 1, 1)
  (1, 1, 2, 0, 1, 1, 1, 1)
  (2, 0, 2, 0, 1, 1, 1, 1)
  (2, 0, 2, 0, 0, 2, 1, 1)
  (2, 0, 2, 0, 0, 0, 1, 3)
  (4, 0, 0, 0, 0, 0, 1, 3)
  (4, 0, 0, 0, 0, 0, 0, 4)

Path 1124 (6 moves):
  (1, 1, 1, 1, 1, 1, 1, 1)
  (1, 1, 2, 0, 1, 1, 1, 1)
  (2, 0, 2, 0, 1, 1, 1, 1)
  (2, 0, 2, 0, 0, 2, 1, 1)
  (2, 0, 2, 0, 0, 0, 1, 3)
  (2, 0, 2, 0, 0, 0, 0, 4)
  (0, 0, 4, 0, 0, 0, 0, 4)

Path 1125 (6 moves):
  (1, 1, 1, 1, 1, 1, 1, 1)
  (1, 1, 2, 0, 1, 1, 1, 1)
  (2, 0, 2, 0, 1, 1, 1, 1)
  (2, 0, 2, 0, 0, 2, 1, 1)
  (2, 0, 2, 0, 0, 0, 1, 3)
  (2, 0, 2, 0, 0, 0, 0, 4)
  (4, 0, 0, 0, 0, 0, 0, 4)

Path 1126 (6 moves):
  (1, 1, 1, 1, 1, 1, 1, 1)
  (1, 1, 2, 0, 1, 1, 1, 1)
  (2, 0, 2, 0, 1, 1, 1, 1)
  (2, 0, 2, 0, 0, 2, 1, 1)
  (2, 0, 2, 0, 0, 2, 0, 2)
  (0, 0, 4, 0, 0, 2, 0, 2)
  (0, 0, 4, 0, 0, 0, 0, 4)

Path 1127 (6 moves):
  (1, 1, 1, 1, 1, 1, 1, 1)
  (1, 1, 2, 0, 1, 1, 1, 1)
  (2, 0, 2, 0, 1, 1, 1, 1)
  (2, 0, 2, 0, 0, 2, 1, 1)
  (2, 0, 2, 0, 0, 2, 0, 2)
  (0, 0, 4, 0, 0, 2, 0, 2)
  (0, 0, 4, 0, 0, 4, 0, 0)

Path 1128 (6 moves):
  (1, 1, 1, 1, 1, 1, 1, 1)
  (1, 1, 2, 0, 1, 1, 1, 1)
  (2, 0, 2, 0, 1, 1, 1, 1)
  (2, 0, 2, 0, 0, 2, 1, 1)
  (2, 0, 2, 0, 0, 2, 0, 2)
  (4, 0, 0, 0, 0, 2, 0, 2)
  (4, 0, 0, 0, 0, 0, 0, 4)

Path 1129 (6 moves):
  (1, 1, 1, 1, 1, 1, 1, 1)
  (1, 1, 2, 0, 1, 1, 1, 1)
  (2, 0, 2, 0, 1, 1, 1, 1)
  (2, 0, 2, 0, 0, 2, 1, 1)
  (2, 0, 2, 0, 0, 2, 0, 2)
  (4, 0, 0, 0, 0, 2, 0, 2)
  (4, 0, 0, 0, 0, 4, 0, 0)

Path 1130 (6 moves):
  (1, 1, 1, 1, 1, 1, 1, 1)
  (1, 1, 2, 0, 1, 1, 1, 1)
  (2, 0, 2, 0, 1, 1, 1, 1)
  (2, 0, 2, 0, 0, 2, 1, 1)
  (2, 0, 2, 0, 0, 2, 0, 2)
  (2, 0, 2, 0, 0, 0, 0, 4)
  (0, 0, 4, 0, 0, 0, 0, 4)

Path 1131 (6 moves):
  (1, 1, 1, 1, 1, 1, 1, 1)
  (1, 1, 2, 0, 1, 1, 1, 1)
  (2, 0, 2, 0, 1, 1, 1, 1)
  (2, 0, 2, 0, 0, 2, 1, 1)
  (2, 0, 2, 0, 0, 2, 0, 2)
  (2, 0, 2, 0, 0, 0, 0, 4)
  (4, 0, 0, 0, 0, 0, 0, 4)

Path 1132 (6 moves):
  (1, 1, 1, 1, 1, 1, 1, 1)
  (1, 1, 2, 0, 1, 1, 1, 1)
  (2, 0, 2, 0, 1, 1, 1, 1)
  (2, 0, 2, 0, 0, 2, 1, 1)
  (2, 0, 2, 0, 0, 2, 0, 2)
  (2, 0, 2, 0, 0, 4, 0, 0)
  (0, 0, 4, 0, 0, 4, 0, 0)

Path 1133 (6 moves):
  (1, 1, 1, 1, 1, 1, 1, 1)
  (1, 1, 2, 0, 1, 1, 1, 1)
  (2, 0, 2, 0, 1, 1, 1, 1)
  (2, 0, 2, 0, 0, 2, 1, 1)
  (2, 0, 2, 0, 0, 2, 0, 2)
  (2, 0, 2, 0, 0, 4, 0, 0)
  (4, 0, 0, 0, 0, 4, 0, 0)

Path 1134 (6 moves):
  (1, 1, 1, 1, 1, 1, 1, 1)
  (1, 1, 2, 0, 1, 1, 1, 1)
  (2, 0, 2, 0, 1, 1, 1, 1)
  (2, 0, 2, 0, 2, 0, 1, 1)
  (4, 0, 0, 0, 2, 0, 1, 1)
  (0, 0, 0, 0, 6, 0, 1, 1)
  (0, 0, 0, 0, 6, 0, 0, 2)

Path 1135 (6 moves):
  (1, 1, 1, 1, 1, 1, 1, 1)
  (1, 1, 2, 0, 1, 1, 1, 1)
  (2, 0, 2, 0, 1, 1, 1, 1)
  (2, 0, 2, 0, 2, 0, 1, 1)
  (4, 0, 0, 0, 2, 0, 1, 1)
  (4, 0, 0, 0, 0, 0, 3, 1)
  (4, 0, 0, 0, 0, 0, 4, 0)

Path 1136 (6 moves):
  (1, 1, 1, 1, 1, 1, 1, 1)
  (1, 1, 2, 0, 1, 1, 1, 1)
  (2, 0, 2, 0, 1, 1, 1, 1)
  (2, 0, 2, 0, 2, 0, 1, 1)
  (4, 0, 0, 0, 2, 0, 1, 1)
  (4, 0, 0, 0, 2, 0, 0, 2)
  (0, 0, 0, 0, 6, 0, 0, 2)

Path 1137 (6 moves):
  (1, 1, 1, 1, 1, 1, 1, 1)
  (1, 1, 2, 0, 1, 1, 1, 1)
  (2, 0, 2, 0, 1, 1, 1, 1)
  (2, 0, 2, 0, 2, 0, 1, 1)
  (4, 0, 0, 0, 2, 0, 1, 1)
  (4, 0, 0, 0, 2, 0, 2, 0)
  (4, 0, 0, 0, 0, 0, 4, 0)

Path 1138 (6 moves):
  (1, 1, 1, 1, 1, 1, 1, 1)
  (1, 1, 2, 0, 1, 1, 1, 1)
  (2, 0, 2, 0, 1, 1, 1, 1)
  (2, 0, 2, 0, 2, 0, 1, 1)
  (2, 0, 0, 0, 4, 0, 1, 1)
  (6, 0, 0, 0, 0, 0, 1, 1)
  (6, 0, 0, 0, 0, 0, 0, 2)

Path 1139 (6 moves):
  (1, 1, 1, 1, 1, 1, 1, 1)
  (1, 1, 2, 0, 1, 1, 1, 1)
  (2, 0, 2, 0, 1, 1, 1, 1)
  (2, 0, 2, 0, 2, 0, 1, 1)
  (2, 0, 0, 0, 4, 0, 1, 1)
  (2, 0, 0, 0, 4, 0, 0, 2)
  (6, 0, 0, 0, 0, 0, 0, 2)

Path 1140 (6 moves):
  (1, 1, 1, 1, 1, 1, 1, 1)
  (1, 1, 2, 0, 1, 1, 1, 1)
  (2, 0, 2, 0, 1, 1, 1, 1)
  (2, 0, 2, 0, 2, 0, 1, 1)
  (2, 0, 0, 0, 4, 0, 1, 1)
  (2, 0, 0, 0, 4, 0, 2, 0)
  (2, 0, 0, 0, 6, 0, 0, 0)

Path 1141 (6 moves):
  (1, 1, 1, 1, 1, 1, 1, 1)
  (1, 1, 2, 0, 1, 1, 1, 1)
  (2, 0, 2, 0, 1, 1, 1, 1)
  (2, 0, 2, 0, 2, 0, 1, 1)
  (2, 0, 2, 0, 2, 0, 0, 2)
  (0, 0, 4, 0, 2, 0, 0, 2)
  (0, 0, 6, 0, 0, 0, 0, 2)

Path 1142 (6 moves):
  (1, 1, 1, 1, 1, 1, 1, 1)
  (1, 1, 2, 0, 1, 1, 1, 1)
  (2, 0, 2, 0, 1, 1, 1, 1)
  (2, 0, 2, 0, 2, 0, 1, 1)
  (2, 0, 2, 0, 2, 0, 0, 2)
  (4, 0, 0, 0, 2, 0, 0, 2)
  (0, 0, 0, 0, 6, 0, 0, 2)

Path 1143 (6 moves):
  (1, 1, 1, 1, 1, 1, 1, 1)
  (1, 1, 2, 0, 1, 1, 1, 1)
  (2, 0, 2, 0, 1, 1, 1, 1)
  (2, 0, 2, 0, 2, 0, 1, 1)
  (2, 0, 2, 0, 2, 0, 0, 2)
  (2, 0, 0, 0, 4, 0, 0, 2)
  (6, 0, 0, 0, 0, 0, 0, 2)

Path 1144 (6 moves):
  (1, 1, 1, 1, 1, 1, 1, 1)
  (1, 1, 2, 0, 1, 1, 1, 1)
  (2, 0, 2, 0, 1, 1, 1, 1)
  (2, 0, 2, 0, 2, 0, 1, 1)
  (2, 0, 2, 0, 2, 0, 0, 2)
  (2, 0, 4, 0, 0, 0, 0, 2)
  (0, 0, 6, 0, 0, 0, 0, 2)

Path 1145 (6 moves):
  (1, 1, 1, 1, 1, 1, 1, 1)
  (1, 1, 2, 0, 1, 1, 1, 1)
  (2, 0, 2, 0, 1, 1, 1, 1)
  (2, 0, 2, 0, 2, 0, 1, 1)
  (2, 0, 2, 0, 2, 0, 2, 0)
  (0, 0, 4, 0, 2, 0, 2, 0)
  (0, 0, 6, 0, 0, 0, 2, 0)

Path 1146 (6 moves):
  (1, 1, 1, 1, 1, 1, 1, 1)
  (1, 1, 2, 0, 1, 1, 1, 1)
  (2, 0, 2, 0, 1, 1, 1, 1)
  (2, 0, 2, 0, 2, 0, 1, 1)
  (2, 0, 2, 0, 2, 0, 2, 0)
  (0, 0, 4, 0, 2, 0, 2, 0)
  (0, 0, 4, 0, 4, 0, 0, 0)

Path 1147 (6 moves):
  (1, 1, 1, 1, 1, 1, 1, 1)
  (1, 1, 2, 0, 1, 1, 1, 1)
  (2, 0, 2, 0, 1, 1, 1, 1)
  (2, 0, 2, 0, 2, 0, 1, 1)
  (2, 0, 2, 0, 2, 0, 2, 0)
  (4, 0, 0, 0, 2, 0, 2, 0)
  (4, 0, 0, 0, 0, 0, 4, 0)

Path 1148 (6 moves):
  (1, 1, 1, 1, 1, 1, 1, 1)
  (1, 1, 2, 0, 1, 1, 1, 1)
  (2, 0, 2, 0, 1, 1, 1, 1)
  (2, 0, 2, 0, 2, 0, 1, 1)
  (2, 0, 2, 0, 2, 0, 2, 0)
  (2, 0, 0, 0, 4, 0, 2, 0)
  (2, 0, 0, 0, 6, 0, 0, 0)

Path 1149 (6 moves):
  (1, 1, 1, 1, 1, 1, 1, 1)
  (1, 1, 2, 0, 1, 1, 1, 1)
  (2, 0, 2, 0, 1, 1, 1, 1)
  (2, 0, 2, 0, 2, 0, 1, 1)
  (2, 0, 2, 0, 2, 0, 2, 0)
  (2, 0, 4, 0, 0, 0, 2, 0)
  (0, 0, 6, 0, 0, 0, 2, 0)

Path 1150 (6 moves):
  (1, 1, 1, 1, 1, 1, 1, 1)
  (1, 1, 2, 0, 1, 1, 1, 1)
  (2, 0, 2, 0, 1, 1, 1, 1)
  (2, 0, 2, 0, 2, 0, 1, 1)
  (2, 0, 2, 0, 2, 0, 2, 0)
  (2, 0, 2, 0, 0, 0, 4, 0)
  (4, 0, 0, 0, 0, 0, 4, 0)

Path 1151 (6 moves):
  (1, 1, 1, 1, 1, 1, 1, 1)
  (1, 1, 2, 0, 1, 1, 1, 1)
  (2, 0, 2, 0, 1, 1, 1, 1)
  (2, 0, 2, 0, 2, 0, 1, 1)
  (2, 0, 2, 0, 2, 0, 2, 0)
  (2, 0, 2, 0, 4, 0, 0, 0)
  (0, 0, 4, 0, 4, 0, 0, 0)

Path 1152 (6 moves):
  (1, 1, 1, 1, 1, 1, 1, 1)
  (1, 1, 2, 0, 1, 1, 1, 1)
  (2, 0, 2, 0, 1, 1, 1, 1)
  (2, 0, 2, 0, 2, 0, 1, 1)
  (2, 0, 2, 0, 2, 0, 2, 0)
  (2, 0, 2, 0, 4, 0, 0, 0)
  (2, 0, 0, 0, 6, 0, 0, 0)

Path 1153 (6 moves):
  (1, 1, 1, 1, 1, 1, 1, 1)
  (1, 1, 2, 0, 1, 1, 1, 1)
  (2, 0, 2, 0, 1, 1, 1, 1)
  (2, 0, 2, 0, 1, 0, 2, 1)
  (0, 0, 4, 0, 1, 0, 2, 1)
  (0, 0, 0, 0, 1, 0, 6, 1)
  (0, 0, 0, 0, 1, 0, 7, 0)

Path 1154 (6 moves):
  (1, 1, 1, 1, 1, 1, 1, 1)
  (1, 1, 2, 0, 1, 1, 1, 1)
  (2, 0, 2, 0, 1, 1, 1, 1)
  (2, 0, 2, 0, 1, 0, 2, 1)
  (0, 0, 4, 0, 1, 0, 2, 1)
  (0, 0, 4, 0, 3, 0, 0, 1)
  (0, 0, 4, 0, 0, 0, 0, 4)

Path 1155 (6 moves):
  (1, 1, 1, 1, 1, 1, 1, 1)
  (1, 1, 2, 0, 1, 1, 1, 1)
  (2, 0, 2, 0, 1, 1, 1, 1)
  (2, 0, 2, 0, 1, 0, 2, 1)
  (0, 0, 4, 0, 1, 0, 2, 1)
  (0, 0, 4, 0, 1, 0, 3, 0)
  (0, 0, 0, 0, 1, 0, 7, 0)

Path 1156 (6 moves):
  (1, 1, 1, 1, 1, 1, 1, 1)
  (1, 1, 2, 0, 1, 1, 1, 1)
  (2, 0, 2, 0, 1, 1, 1, 1)
  (2, 0, 2, 0, 1, 0, 2, 1)
  (4, 0, 0, 0, 1, 0, 2, 1)
  (0, 0, 0, 0, 5, 0, 2, 1)
  (0, 0, 0, 0, 7, 0, 0, 1)

Path 1157 (6 moves):
  (1, 1, 1, 1, 1, 1, 1, 1)
  (1, 1, 2, 0, 1, 1, 1, 1)
  (2, 0, 2, 0, 1, 1, 1, 1)
  (2, 0, 2, 0, 1, 0, 2, 1)
  (4, 0, 0, 0, 1, 0, 2, 1)
  (0, 0, 0, 0, 5, 0, 2, 1)
  (0, 0, 0, 0, 5, 0, 3, 0)

Path 1158 (6 moves):
  (1, 1, 1, 1, 1, 1, 1, 1)
  (1, 1, 2, 0, 1, 1, 1, 1)
  (2, 0, 2, 0, 1, 1, 1, 1)
  (2, 0, 2, 0, 1, 0, 2, 1)
  (4, 0, 0, 0, 1, 0, 2, 1)
  (4, 0, 0, 0, 3, 0, 0, 1)
  (0, 0, 0, 0, 7, 0, 0, 1)

Path 1159 (6 moves):
  (1, 1, 1, 1, 1, 1, 1, 1)
  (1, 1, 2, 0, 1, 1, 1, 1)
  (2, 0, 2, 0, 1, 1, 1, 1)
  (2, 0, 2, 0, 1, 0, 2, 1)
  (4, 0, 0, 0, 1, 0, 2, 1)
  (4, 0, 0, 0, 3, 0, 0, 1)
  (4, 0, 0, 0, 0, 0, 0, 4)

Path 1160 (6 moves):
  (1, 1, 1, 1, 1, 1, 1, 1)
  (1, 1, 2, 0, 1, 1, 1, 1)
  (2, 0, 2, 0, 1, 1, 1, 1)
  (2, 0, 2, 0, 1, 0, 2, 1)
  (4, 0, 0, 0, 1, 0, 2, 1)
  (4, 0, 0, 0, 1, 0, 3, 0)
  (0, 0, 0, 0, 5, 0, 3, 0)

Path 1161 (6 moves):
  (1, 1, 1, 1, 1, 1, 1, 1)
  (1, 1, 2, 0, 1, 1, 1, 1)
  (2, 0, 2, 0, 1, 1, 1, 1)
  (2, 0, 2, 0, 1, 2, 0, 1)
  (0, 0, 4, 0, 1, 2, 0, 1)
  (0, 0, 4, 0, 0, 3, 0, 1)
  (0, 0, 7, 0, 0, 0, 0, 1)

Path 1162 (6 moves):
  (1, 1, 1, 1, 1, 1, 1, 1)
  (1, 1, 2, 0, 1, 1, 1, 1)
  (2, 0, 2, 0, 1, 1, 1, 1)
  (2, 0, 2, 0, 1, 2, 0, 1)
  (0, 0, 4, 0, 1, 2, 0, 1)
  (0, 0, 4, 0, 1, 0, 0, 3)
  (0, 0, 4, 0, 4, 0, 0, 0)

Path 1163 (6 moves):
  (1, 1, 1, 1, 1, 1, 1, 1)
  (1, 1, 2, 0, 1, 1, 1, 1)
  (2, 0, 2, 0, 1, 1, 1, 1)
  (2, 0, 2, 0, 1, 2, 0, 1)
  (2, 0, 0, 0, 3, 2, 0, 1)
  (2, 0, 0, 0, 0, 2, 0, 4)
  (2, 0, 0, 0, 0, 0, 0, 6)

Path 1164 (6 moves):
  (1, 1, 1, 1, 1, 1, 1, 1)
  (1, 1, 2, 0, 1, 1, 1, 1)
  (2, 0, 2, 0, 1, 1, 1, 1)
  (2, 0, 2, 0, 1, 2, 0, 1)
  (2, 0, 0, 0, 3, 2, 0, 1)
  (2, 0, 0, 0, 3, 0, 0, 3)
  (2, 0, 0, 0, 0, 0, 0, 6)

Path 1165 (6 moves):
  (1, 1, 1, 1, 1, 1, 1, 1)
  (1, 1, 2, 0, 1, 1, 1, 1)
  (2, 0, 2, 0, 1, 1, 1, 1)
  (2, 0, 2, 0, 1, 2, 0, 1)
  (2, 0, 0, 0, 3, 2, 0, 1)
  (2, 0, 0, 0, 3, 0, 0, 3)
  (2, 0, 0, 0, 6, 0, 0, 0)

Path 1166 (6 moves):
  (1, 1, 1, 1, 1, 1, 1, 1)
  (1, 1, 2, 0, 1, 1, 1, 1)
  (2, 0, 2, 0, 1, 1, 1, 1)
  (2, 0, 2, 0, 1, 1, 0, 2)
  (0, 0, 4, 0, 1, 1, 0, 2)
  (0, 0, 4, 0, 0, 2, 0, 2)
  (0, 0, 4, 0, 0, 0, 0, 4)

Path 1167 (6 moves):
  (1, 1, 1, 1, 1, 1, 1, 1)
  (1, 1, 2, 0, 1, 1, 1, 1)
  (2, 0, 2, 0, 1, 1, 1, 1)
  (2, 0, 2, 0, 1, 1, 0, 2)
  (0, 0, 4, 0, 1, 1, 0, 2)
  (0, 0, 4, 0, 0, 2, 0, 2)
  (0, 0, 4, 0, 0, 4, 0, 0)

Path 1168 (6 moves):
  (1, 1, 1, 1, 1, 1, 1, 1)
  (1, 1, 2, 0, 1, 1, 1, 1)
  (2, 0, 2, 0, 1, 1, 1, 1)
  (2, 0, 2, 0, 1, 1, 0, 2)
  (0, 0, 4, 0, 1, 1, 0, 2)
  (0, 0, 4, 0, 2, 0, 0, 2)
  (0, 0, 6, 0, 0, 0, 0, 2)

Path 1169 (6 moves):
  (1, 1, 1, 1, 1, 1, 1, 1)
  (1, 1, 2, 0, 1, 1, 1, 1)
  (2, 0, 2, 0, 1, 1, 1, 1)
  (2, 0, 2, 0, 1, 1, 0, 2)
  (0, 0, 4, 0, 1, 1, 0, 2)
  (0, 0, 4, 0, 1, 3, 0, 0)
  (0, 0, 4, 0, 0, 4, 0, 0)

Path 1170 (6 moves):
  (1, 1, 1, 1, 1, 1, 1, 1)
  (1, 1, 2, 0, 1, 1, 1, 1)
  (2, 0, 2, 0, 1, 1, 1, 1)
  (2, 0, 2, 0, 1, 1, 0, 2)
  (0, 0, 4, 0, 1, 1, 0, 2)
  (0, 0, 4, 0, 1, 3, 0, 0)
  (0, 0, 7, 0, 1, 0, 0, 0)

Path 1171 (6 moves):
  (1, 1, 1, 1, 1, 1, 1, 1)
  (1, 1, 2, 0, 1, 1, 1, 1)
  (2, 0, 2, 0, 1, 1, 1, 1)
  (2, 0, 2, 0, 1, 1, 0, 2)
  (4, 0, 0, 0, 1, 1, 0, 2)
  (0, 0, 0, 0, 5, 1, 0, 2)
  (0, 0, 0, 0, 6, 0, 0, 2)

Path 1172 (6 moves):
  (1, 1, 1, 1, 1, 1, 1, 1)
  (1, 1, 2, 0, 1, 1, 1, 1)
  (2, 0, 2, 0, 1, 1, 1, 1)
  (2, 0, 2, 0, 1, 1, 0, 2)
  (4, 0, 0, 0, 1, 1, 0, 2)
  (0, 0, 0, 0, 5, 1, 0, 2)
  (0, 0, 0, 0, 5, 3, 0, 0)

Path 1173 (6 moves):
  (1, 1, 1, 1, 1, 1, 1, 1)
  (1, 1, 2, 0, 1, 1, 1, 1)
  (2, 0, 2, 0, 1, 1, 1, 1)
  (2, 0, 2, 0, 1, 1, 0, 2)
  (4, 0, 0, 0, 1, 1, 0, 2)
  (4, 0, 0, 0, 0, 2, 0, 2)
  (4, 0, 0, 0, 0, 0, 0, 4)

Path 1174 (6 moves):
  (1, 1, 1, 1, 1, 1, 1, 1)
  (1, 1, 2, 0, 1, 1, 1, 1)
  (2, 0, 2, 0, 1, 1, 1, 1)
  (2, 0, 2, 0, 1, 1, 0, 2)
  (4, 0, 0, 0, 1, 1, 0, 2)
  (4, 0, 0, 0, 0, 2, 0, 2)
  (4, 0, 0, 0, 0, 4, 0, 0)

Path 1175 (6 moves):
  (1, 1, 1, 1, 1, 1, 1, 1)
  (1, 1, 2, 0, 1, 1, 1, 1)
  (2, 0, 2, 0, 1, 1, 1, 1)
  (2, 0, 2, 0, 1, 1, 0, 2)
  (4, 0, 0, 0, 1, 1, 0, 2)
  (4, 0, 0, 0, 2, 0, 0, 2)
  (0, 0, 0, 0, 6, 0, 0, 2)

Path 1176 (6 moves):
  (1, 1, 1, 1, 1, 1, 1, 1)
  (1, 1, 2, 0, 1, 1, 1, 1)
  (2, 0, 2, 0, 1, 1, 1, 1)
  (2, 0, 2, 0, 1, 1, 0, 2)
  (4, 0, 0, 0, 1, 1, 0, 2)
  (4, 0, 0, 0, 1, 3, 0, 0)
  (0, 0, 0, 0, 5, 3, 0, 0)

Path 1177 (6 moves):
  (1, 1, 1, 1, 1, 1, 1, 1)
  (1, 1, 2, 0, 1, 1, 1, 1)
  (2, 0, 2, 0, 1, 1, 1, 1)
  (2, 0, 2, 0, 1, 1, 0, 2)
  (4, 0, 0, 0, 1, 1, 0, 2)
  (4, 0, 0, 0, 1, 3, 0, 0)
  (4, 0, 0, 0, 0, 4, 0, 0)

Path 1178 (6 moves):
  (1, 1, 1, 1, 1, 1, 1, 1)
  (1, 1, 2, 0, 1, 1, 1, 1)
  (2, 0, 2, 0, 1, 1, 1, 1)
  (2, 0, 2, 0, 1, 1, 0, 2)
  (2, 0, 2, 0, 0, 2, 0, 2)
  (0, 0, 4, 0, 0, 2, 0, 2)
  (0, 0, 4, 0, 0, 0, 0, 4)

Path 1179 (6 moves):
  (1, 1, 1, 1, 1, 1, 1, 1)
  (1, 1, 2, 0, 1, 1, 1, 1)
  (2, 0, 2, 0, 1, 1, 1, 1)
  (2, 0, 2, 0, 1, 1, 0, 2)
  (2, 0, 2, 0, 0, 2, 0, 2)
  (0, 0, 4, 0, 0, 2, 0, 2)
  (0, 0, 4, 0, 0, 4, 0, 0)

Path 1180 (6 moves):
  (1, 1, 1, 1, 1, 1, 1, 1)
  (1, 1, 2, 0, 1, 1, 1, 1)
  (2, 0, 2, 0, 1, 1, 1, 1)
  (2, 0, 2, 0, 1, 1, 0, 2)
  (2, 0, 2, 0, 0, 2, 0, 2)
  (4, 0, 0, 0, 0, 2, 0, 2)
  (4, 0, 0, 0, 0, 0, 0, 4)

Path 1181 (6 moves):
  (1, 1, 1, 1, 1, 1, 1, 1)
  (1, 1, 2, 0, 1, 1, 1, 1)
  (2, 0, 2, 0, 1, 1, 1, 1)
  (2, 0, 2, 0, 1, 1, 0, 2)
  (2, 0, 2, 0, 0, 2, 0, 2)
  (4, 0, 0, 0, 0, 2, 0, 2)
  (4, 0, 0, 0, 0, 4, 0, 0)

Path 1182 (6 moves):
  (1, 1, 1, 1, 1, 1, 1, 1)
  (1, 1, 2, 0, 1, 1, 1, 1)
  (2, 0, 2, 0, 1, 1, 1, 1)
  (2, 0, 2, 0, 1, 1, 0, 2)
  (2, 0, 2, 0, 0, 2, 0, 2)
  (2, 0, 2, 0, 0, 0, 0, 4)
  (0, 0, 4, 0, 0, 0, 0, 4)

Path 1183 (6 moves):
  (1, 1, 1, 1, 1, 1, 1, 1)
  (1, 1, 2, 0, 1, 1, 1, 1)
  (2, 0, 2, 0, 1, 1, 1, 1)
  (2, 0, 2, 0, 1, 1, 0, 2)
  (2, 0, 2, 0, 0, 2, 0, 2)
  (2, 0, 2, 0, 0, 0, 0, 4)
  (4, 0, 0, 0, 0, 0, 0, 4)

Path 1184 (6 moves):
  (1, 1, 1, 1, 1, 1, 1, 1)
  (1, 1, 2, 0, 1, 1, 1, 1)
  (2, 0, 2, 0, 1, 1, 1, 1)
  (2, 0, 2, 0, 1, 1, 0, 2)
  (2, 0, 2, 0, 0, 2, 0, 2)
  (2, 0, 2, 0, 0, 4, 0, 0)
  (0, 0, 4, 0, 0, 4, 0, 0)

Path 1185 (6 moves):
  (1, 1, 1, 1, 1, 1, 1, 1)
  (1, 1, 2, 0, 1, 1, 1, 1)
  (2, 0, 2, 0, 1, 1, 1, 1)
  (2, 0, 2, 0, 1, 1, 0, 2)
  (2, 0, 2, 0, 0, 2, 0, 2)
  (2, 0, 2, 0, 0, 4, 0, 0)
  (4, 0, 0, 0, 0, 4, 0, 0)

Path 1186 (6 moves):
  (1, 1, 1, 1, 1, 1, 1, 1)
  (1, 1, 2, 0, 1, 1, 1, 1)
  (2, 0, 2, 0, 1, 1, 1, 1)
  (2, 0, 2, 0, 1, 1, 0, 2)
  (2, 0, 2, 0, 2, 0, 0, 2)
  (0, 0, 4, 0, 2, 0, 0, 2)
  (0, 0, 6, 0, 0, 0, 0, 2)

Path 1187 (6 moves):
  (1, 1, 1, 1, 1, 1, 1, 1)
  (1, 1, 2, 0, 1, 1, 1, 1)
  (2, 0, 2, 0, 1, 1, 1, 1)
  (2, 0, 2, 0, 1, 1, 0, 2)
  (2, 0, 2, 0, 2, 0, 0, 2)
  (4, 0, 0, 0, 2, 0, 0, 2)
  (0, 0, 0, 0, 6, 0, 0, 2)

Path 1188 (6 moves):
  (1, 1, 1, 1, 1, 1, 1, 1)
  (1, 1, 2, 0, 1, 1, 1, 1)
  (2, 0, 2, 0, 1, 1, 1, 1)
  (2, 0, 2, 0, 1, 1, 0, 2)
  (2, 0, 2, 0, 2, 0, 0, 2)
  (2, 0, 0, 0, 4, 0, 0, 2)
  (6, 0, 0, 0, 0, 0, 0, 2)

Path 1189 (6 moves):
  (1, 1, 1, 1, 1, 1, 1, 1)
  (1, 1, 2, 0, 1, 1, 1, 1)
  (2, 0, 2, 0, 1, 1, 1, 1)
  (2, 0, 2, 0, 1, 1, 0, 2)
  (2, 0, 2, 0, 2, 0, 0, 2)
  (2, 0, 4, 0, 0, 0, 0, 2)
  (0, 0, 6, 0, 0, 0, 0, 2)

Path 1190 (6 moves):
  (1, 1, 1, 1, 1, 1, 1, 1)
  (1, 1, 2, 0, 1, 1, 1, 1)
  (2, 0, 2, 0, 1, 1, 1, 1)
  (2, 0, 2, 0, 1, 1, 2, 0)
  (0, 0, 4, 0, 1, 1, 2, 0)
  (0, 0, 0, 0, 1, 1, 6, 0)
  (0, 0, 0, 0, 0, 2, 6, 0)

Path 1191 (6 moves):
  (1, 1, 1, 1, 1, 1, 1, 1)
  (1, 1, 2, 0, 1, 1, 1, 1)
  (2, 0, 2, 0, 1, 1, 1, 1)
  (2, 0, 2, 0, 1, 1, 2, 0)
  (0, 0, 4, 0, 1, 1, 2, 0)
  (0, 0, 0, 0, 1, 1, 6, 0)
  (0, 0, 0, 0, 1, 0, 7, 0)

Path 1192 (6 moves):
  (1, 1, 1, 1, 1, 1, 1, 1)
  (1, 1, 2, 0, 1, 1, 1, 1)
  (2, 0, 2, 0, 1, 1, 1, 1)
  (2, 0, 2, 0, 1, 1, 2, 0)
  (0, 0, 4, 0, 1, 1, 2, 0)
  (0, 0, 4, 0, 0, 2, 2, 0)
  (0, 0, 0, 0, 0, 2, 6, 0)

Path 1193 (6 moves):
  (1, 1, 1, 1, 1, 1, 1, 1)
  (1, 1, 2, 0, 1, 1, 1, 1)
  (2, 0, 2, 0, 1, 1, 1, 1)
  (2, 0, 2, 0, 1, 1, 2, 0)
  (0, 0, 4, 0, 1, 1, 2, 0)
  (0, 0, 4, 0, 2, 0, 2, 0)
  (0, 0, 6, 0, 0, 0, 2, 0)

Path 1194 (6 moves):
  (1, 1, 1, 1, 1, 1, 1, 1)
  (1, 1, 2, 0, 1, 1, 1, 1)
  (2, 0, 2, 0, 1, 1, 1, 1)
  (2, 0, 2, 0, 1, 1, 2, 0)
  (0, 0, 4, 0, 1, 1, 2, 0)
  (0, 0, 4, 0, 2, 0, 2, 0)
  (0, 0, 4, 0, 4, 0, 0, 0)

Path 1195 (6 moves):
  (1, 1, 1, 1, 1, 1, 1, 1)
  (1, 1, 2, 0, 1, 1, 1, 1)
  (2, 0, 2, 0, 1, 1, 1, 1)
  (2, 0, 2, 0, 1, 1, 2, 0)
  (0, 0, 4, 0, 1, 1, 2, 0)
  (0, 0, 4, 0, 1, 0, 3, 0)
  (0, 0, 0, 0, 1, 0, 7, 0)

Path 1196 (6 moves):
  (1, 1, 1, 1, 1, 1, 1, 1)
  (1, 1, 2, 0, 1, 1, 1, 1)
  (2, 0, 2, 0, 1, 1, 1, 1)
  (2, 0, 2, 0, 1, 1, 2, 0)
  (0, 0, 4, 0, 1, 1, 2, 0)
  (0, 0, 4, 0, 3, 1, 0, 0)
  (0, 0, 4, 0, 4, 0, 0, 0)

Path 1197 (6 moves):
  (1, 1, 1, 1, 1, 1, 1, 1)
  (1, 1, 2, 0, 1, 1, 1, 1)
  (2, 0, 2, 0, 1, 1, 1, 1)
  (2, 0, 2, 0, 1, 1, 2, 0)
  (2, 0, 2, 0, 2, 0, 2, 0)
  (0, 0, 4, 0, 2, 0, 2, 0)
  (0, 0, 6, 0, 0, 0, 2, 0)

Path 1198 (6 moves):
  (1, 1, 1, 1, 1, 1, 1, 1)
  (1, 1, 2, 0, 1, 1, 1, 1)
  (2, 0, 2, 0, 1, 1, 1, 1)
  (2, 0, 2, 0, 1, 1, 2, 0)
  (2, 0, 2, 0, 2, 0, 2, 0)
  (0, 0, 4, 0, 2, 0, 2, 0)
  (0, 0, 4, 0, 4, 0, 0, 0)

Path 1199 (6 moves):
  (1, 1, 1, 1, 1, 1, 1, 1)
  (1, 1, 2, 0, 1, 1, 1, 1)
  (2, 0, 2, 0, 1, 1, 1, 1)
  (2, 0, 2, 0, 1, 1, 2, 0)
  (2, 0, 2, 0, 2, 0, 2, 0)
  (4, 0, 0, 0, 2, 0, 2, 0)
  (4, 0, 0, 0, 0, 0, 4, 0)

Path 1200 (6 moves):
  (1, 1, 1, 1, 1, 1, 1, 1)
  (1, 1, 2, 0, 1, 1, 1, 1)
  (2, 0, 2, 0, 1, 1, 1, 1)
  (2, 0, 2, 0, 1, 1, 2, 0)
  (2, 0, 2, 0, 2, 0, 2, 0)
  (2, 0, 0, 0, 4, 0, 2, 0)
  (2, 0, 0, 0, 6, 0, 0, 0)

Path 1201 (6 moves):
  (1, 1, 1, 1, 1, 1, 1, 1)
  (1, 1, 2, 0, 1, 1, 1, 1)
  (2, 0, 2, 0, 1, 1, 1, 1)
  (2, 0, 2, 0, 1, 1, 2, 0)
  (2, 0, 2, 0, 2, 0, 2, 0)
  (2, 0, 4, 0, 0, 0, 2, 0)
  (0, 0, 6, 0, 0, 0, 2, 0)

Path 1202 (6 moves):
  (1, 1, 1, 1, 1, 1, 1, 1)
  (1, 1, 2, 0, 1, 1, 1, 1)
  (2, 0, 2, 0, 1, 1, 1, 1)
  (2, 0, 2, 0, 1, 1, 2, 0)
  (2, 0, 2, 0, 2, 0, 2, 0)
  (2, 0, 2, 0, 0, 0, 4, 0)
  (4, 0, 0, 0, 0, 0, 4, 0)

Path 1203 (6 moves):
  (1, 1, 1, 1, 1, 1, 1, 1)
  (1, 1, 2, 0, 1, 1, 1, 1)
  (2, 0, 2, 0, 1, 1, 1, 1)
  (2, 0, 2, 0, 1, 1, 2, 0)
  (2, 0, 2, 0, 2, 0, 2, 0)
  (2, 0, 2, 0, 4, 0, 0, 0)
  (0, 0, 4, 0, 4, 0, 0, 0)

Path 1204 (6 moves):
  (1, 1, 1, 1, 1, 1, 1, 1)
  (1, 1, 2, 0, 1, 1, 1, 1)
  (2, 0, 2, 0, 1, 1, 1, 1)
  (2, 0, 2, 0, 1, 1, 2, 0)
  (2, 0, 2, 0, 2, 0, 2, 0)
  (2, 0, 2, 0, 4, 0, 0, 0)
  (2, 0, 0, 0, 6, 0, 0, 0)

Path 1205 (4 moves):
  (1, 1, 1, 1, 1, 1, 1, 1)
  (1, 1, 2, 0, 1, 1, 1, 1)
  (1, 1, 2, 0, 1, 1, 2, 0)
  (0, 2, 2, 0, 1, 1, 2, 0)
  (0, 2, 2, 0, 0, 2, 2, 0)

Path 1206 (6 moves):
  (1, 1, 1, 1, 1, 1, 1, 1)
  (1, 1, 2, 0, 1, 1, 1, 1)
  (1, 1, 2, 0, 1, 1, 2, 0)
  (0, 2, 2, 0, 1, 1, 2, 0)
  (0, 2, 2, 0, 2, 0, 2, 0)
  (0, 2, 0, 0, 4, 0, 2, 0)
  (0, 2, 0, 0, 6, 0, 0, 0)

Path 1207 (6 moves):
  (1, 1, 1, 1, 1, 1, 1, 1)
  (1, 1, 2, 0, 1, 1, 1, 1)
  (1, 1, 2, 0, 1, 1, 2, 0)
  (0, 2, 2, 0, 1, 1, 2, 0)
  (0, 2, 2, 0, 2, 0, 2, 0)
  (0, 2, 4, 0, 0, 0, 2, 0)
  (0, 2, 0, 0, 0, 0, 6, 0)

Path 1208 (6 moves):
  (1, 1, 1, 1, 1, 1, 1, 1)
  (1, 1, 2, 0, 1, 1, 1, 1)
  (1, 1, 2, 0, 1, 1, 2, 0)
  (0, 2, 2, 0, 1, 1, 2, 0)
  (0, 2, 2, 0, 2, 0, 2, 0)
  (0, 2, 2, 0, 0, 0, 4, 0)
  (0, 2, 6, 0, 0, 0, 0, 0)

Path 1209 (6 moves):
  (1, 1, 1, 1, 1, 1, 1, 1)
  (1, 1, 2, 0, 1, 1, 1, 1)
  (1, 1, 2, 0, 1, 1, 2, 0)
  (0, 2, 2, 0, 1, 1, 2, 0)
  (0, 2, 2, 0, 2, 0, 2, 0)
  (0, 2, 2, 0, 4, 0, 0, 0)
  (0, 2, 0, 0, 6, 0, 0, 0)

Path 1210 (6 moves):
  (1, 1, 1, 1, 1, 1, 1, 1)
  (1, 1, 2, 0, 1, 1, 1, 1)
  (1, 1, 2, 0, 1, 1, 2, 0)
  (2, 0, 2, 0, 1, 1, 2, 0)
  (0, 0, 4, 0, 1, 1, 2, 0)
  (0, 0, 0, 0, 1, 1, 6, 0)
  (0, 0, 0, 0, 0, 2, 6, 0)

Path 1211 (6 moves):
  (1, 1, 1, 1, 1, 1, 1, 1)
  (1, 1, 2, 0, 1, 1, 1, 1)
  (1, 1, 2, 0, 1, 1, 2, 0)
  (2, 0, 2, 0, 1, 1, 2, 0)
  (0, 0, 4, 0, 1, 1, 2, 0)
  (0, 0, 0, 0, 1, 1, 6, 0)
  (0, 0, 0, 0, 1, 0, 7, 0)

Path 1212 (6 moves):
  (1, 1, 1, 1, 1, 1, 1, 1)
  (1, 1, 2, 0, 1, 1, 1, 1)
  (1, 1, 2, 0, 1, 1, 2, 0)
  (2, 0, 2, 0, 1, 1, 2, 0)
  (0, 0, 4, 0, 1, 1, 2, 0)
  (0, 0, 4, 0, 0, 2, 2, 0)
  (0, 0, 0, 0, 0, 2, 6, 0)

Path 1213 (6 moves):
  (1, 1, 1, 1, 1, 1, 1, 1)
  (1, 1, 2, 0, 1, 1, 1, 1)
  (1, 1, 2, 0, 1, 1, 2, 0)
  (2, 0, 2, 0, 1, 1, 2, 0)
  (0, 0, 4, 0, 1, 1, 2, 0)
  (0, 0, 4, 0, 2, 0, 2, 0)
  (0, 0, 6, 0, 0, 0, 2, 0)

Path 1214 (6 moves):
  (1, 1, 1, 1, 1, 1, 1, 1)
  (1, 1, 2, 0, 1, 1, 1, 1)
  (1, 1, 2, 0, 1, 1, 2, 0)
  (2, 0, 2, 0, 1, 1, 2, 0)
  (0, 0, 4, 0, 1, 1, 2, 0)
  (0, 0, 4, 0, 2, 0, 2, 0)
  (0, 0, 4, 0, 4, 0, 0, 0)

Path 1215 (6 moves):
  (1, 1, 1, 1, 1, 1, 1, 1)
  (1, 1, 2, 0, 1, 1, 1, 1)
  (1, 1, 2, 0, 1, 1, 2, 0)
  (2, 0, 2, 0, 1, 1, 2, 0)
  (0, 0, 4, 0, 1, 1, 2, 0)
  (0, 0, 4, 0, 1, 0, 3, 0)
  (0, 0, 0, 0, 1, 0, 7, 0)

Path 1216 (6 moves):
  (1, 1, 1, 1, 1, 1, 1, 1)
  (1, 1, 2, 0, 1, 1, 1, 1)
  (1, 1, 2, 0, 1, 1, 2, 0)
  (2, 0, 2, 0, 1, 1, 2, 0)
  (0, 0, 4, 0, 1, 1, 2, 0)
  (0, 0, 4, 0, 3, 1, 0, 0)
  (0, 0, 4, 0, 4, 0, 0, 0)

Path 1217 (6 moves):
  (1, 1, 1, 1, 1, 1, 1, 1)
  (1, 1, 2, 0, 1, 1, 1, 1)
  (1, 1, 2, 0, 1, 1, 2, 0)
  (2, 0, 2, 0, 1, 1, 2, 0)
  (2, 0, 2, 0, 2, 0, 2, 0)
  (0, 0, 4, 0, 2, 0, 2, 0)
  (0, 0, 6, 0, 0, 0, 2, 0)

Path 1218 (6 moves):
  (1, 1, 1, 1, 1, 1, 1, 1)
  (1, 1, 2, 0, 1, 1, 1, 1)
  (1, 1, 2, 0, 1, 1, 2, 0)
  (2, 0, 2, 0, 1, 1, 2, 0)
  (2, 0, 2, 0, 2, 0, 2, 0)
  (0, 0, 4, 0, 2, 0, 2, 0)
  (0, 0, 4, 0, 4, 0, 0, 0)

Path 1219 (6 moves):
  (1, 1, 1, 1, 1, 1, 1, 1)
  (1, 1, 2, 0, 1, 1, 1, 1)
  (1, 1, 2, 0, 1, 1, 2, 0)
  (2, 0, 2, 0, 1, 1, 2, 0)
  (2, 0, 2, 0, 2, 0, 2, 0)
  (4, 0, 0, 0, 2, 0, 2, 0)
  (4, 0, 0, 0, 0, 0, 4, 0)

Path 1220 (6 moves):
  (1, 1, 1, 1, 1, 1, 1, 1)
  (1, 1, 2, 0, 1, 1, 1, 1)
  (1, 1, 2, 0, 1, 1, 2, 0)
  (2, 0, 2, 0, 1, 1, 2, 0)
  (2, 0, 2, 0, 2, 0, 2, 0)
  (2, 0, 0, 0, 4, 0, 2, 0)
  (2, 0, 0, 0, 6, 0, 0, 0)

Path 1221 (6 moves):
  (1, 1, 1, 1, 1, 1, 1, 1)
  (1, 1, 2, 0, 1, 1, 1, 1)
  (1, 1, 2, 0, 1, 1, 2, 0)
  (2, 0, 2, 0, 1, 1, 2, 0)
  (2, 0, 2, 0, 2, 0, 2, 0)
  (2, 0, 4, 0, 0, 0, 2, 0)
  (0, 0, 6, 0, 0, 0, 2, 0)

Path 1222 (6 moves):
  (1, 1, 1, 1, 1, 1, 1, 1)
  (1, 1, 2, 0, 1, 1, 1, 1)
  (1, 1, 2, 0, 1, 1, 2, 0)
  (2, 0, 2, 0, 1, 1, 2, 0)
  (2, 0, 2, 0, 2, 0, 2, 0)
  (2, 0, 2, 0, 0, 0, 4, 0)
  (4, 0, 0, 0, 0, 0, 4, 0)

Path 1223 (6 moves):
  (1, 1, 1, 1, 1, 1, 1, 1)
  (1, 1, 2, 0, 1, 1, 1, 1)
  (1, 1, 2, 0, 1, 1, 2, 0)
  (2, 0, 2, 0, 1, 1, 2, 0)
  (2, 0, 2, 0, 2, 0, 2, 0)
  (2, 0, 2, 0, 4, 0, 0, 0)
  (0, 0, 4, 0, 4, 0, 0, 0)

Path 1224 (6 moves):
  (1, 1, 1, 1, 1, 1, 1, 1)
  (1, 1, 2, 0, 1, 1, 1, 1)
  (1, 1, 2, 0, 1, 1, 2, 0)
  (2, 0, 2, 0, 1, 1, 2, 0)
  (2, 0, 2, 0, 2, 0, 2, 0)
  (2, 0, 2, 0, 4, 0, 0, 0)
  (2, 0, 0, 0, 6, 0, 0, 0)

Path 1225 (4 moves):
  (1, 1, 1, 1, 1, 1, 1, 1)
  (1, 1, 2, 0, 1, 1, 1, 1)
  (1, 1, 2, 0, 1, 1, 2, 0)
  (1, 0, 3, 0, 1, 1, 2, 0)
  (1, 0, 3, 0, 1, 0, 3, 0)

Path 1226 (6 moves):
  (1, 1, 1, 1, 1, 1, 1, 1)
  (1, 1, 2, 0, 1, 1, 1, 1)
  (1, 1, 2, 0, 1, 1, 2, 0)
  (3, 1, 0, 0, 1, 1, 2, 0)
  (3, 1, 0, 0, 1, 0, 3, 0)
  (4, 0, 0, 0, 1, 0, 3, 0)
  (0, 0, 0, 0, 5, 0, 3, 0)

Path 1227 (6 moves):
  (1, 1, 1, 1, 1, 1, 1, 1)
  (1, 1, 2, 0, 1, 1, 1, 1)
  (1, 1, 2, 0, 1, 1, 2, 0)
  (1, 1, 0, 0, 3, 1, 2, 0)
  (1, 1, 0, 0, 5, 1, 0, 0)
  (0, 2, 0, 0, 5, 1, 0, 0)
  (0, 2, 0, 0, 6, 0, 0, 0)

Path 1228 (6 moves):
  (1, 1, 1, 1, 1, 1, 1, 1)
  (1, 1, 2, 0, 1, 1, 1, 1)
  (1, 1, 2, 0, 1, 1, 2, 0)
  (1, 1, 0, 0, 3, 1, 2, 0)
  (1, 1, 0, 0, 5, 1, 0, 0)
  (2, 0, 0, 0, 5, 1, 0, 0)
  (2, 0, 0, 0, 6, 0, 0, 0)

Path 1229 (6 moves):
  (1, 1, 1, 1, 1, 1, 1, 1)
  (1, 1, 2, 0, 1, 1, 1, 1)
  (1, 1, 2, 0, 1, 1, 2, 0)
  (1, 1, 0, 0, 3, 1, 2, 0)
  (1, 1, 0, 0, 5, 1, 0, 0)
  (1, 1, 0, 0, 6, 0, 0, 0)
  (0, 2, 0, 0, 6, 0, 0, 0)

Path 1230 (6 moves):
  (1, 1, 1, 1, 1, 1, 1, 1)
  (1, 1, 2, 0, 1, 1, 1, 1)
  (1, 1, 2, 0, 1, 1, 2, 0)
  (1, 1, 0, 0, 3, 1, 2, 0)
  (1, 1, 0, 0, 5, 1, 0, 0)
  (1, 1, 0, 0, 6, 0, 0, 0)
  (2, 0, 0, 0, 6, 0, 0, 0)

Path 1231 (4 moves):
  (1, 1, 1, 1, 1, 1, 1, 1)
  (1, 1, 2, 0, 1, 1, 1, 1)
  (1, 1, 2, 0, 1, 1, 2, 0)
  (1, 1, 2, 0, 0, 2, 2, 0)
  (0, 2, 2, 0, 0, 2, 2, 0)

Path 1232 (6 moves):
  (1, 1, 1, 1, 1, 1, 1, 1)
  (1, 1, 2, 0, 1, 1, 1, 1)
  (1, 1, 2, 0, 1, 1, 2, 0)
  (1, 1, 2, 0, 2, 0, 2, 0)
  (0, 2, 2, 0, 2, 0, 2, 0)
  (0, 2, 0, 0, 4, 0, 2, 0)
  (0, 2, 0, 0, 6, 0, 0, 0)

Path 1233 (6 moves):
  (1, 1, 1, 1, 1, 1, 1, 1)
  (1, 1, 2, 0, 1, 1, 1, 1)
  (1, 1, 2, 0, 1, 1, 2, 0)
  (1, 1, 2, 0, 2, 0, 2, 0)
  (0, 2, 2, 0, 2, 0, 2, 0)
  (0, 2, 4, 0, 0, 0, 2, 0)
  (0, 2, 0, 0, 0, 0, 6, 0)

Path 1234 (6 moves):
  (1, 1, 1, 1, 1, 1, 1, 1)
  (1, 1, 2, 0, 1, 1, 1, 1)
  (1, 1, 2, 0, 1, 1, 2, 0)
  (1, 1, 2, 0, 2, 0, 2, 0)
  (0, 2, 2, 0, 2, 0, 2, 0)
  (0, 2, 2, 0, 0, 0, 4, 0)
  (0, 2, 6, 0, 0, 0, 0, 0)

Path 1235 (6 moves):
  (1, 1, 1, 1, 1, 1, 1, 1)
  (1, 1, 2, 0, 1, 1, 1, 1)
  (1, 1, 2, 0, 1, 1, 2, 0)
  (1, 1, 2, 0, 2, 0, 2, 0)
  (0, 2, 2, 0, 2, 0, 2, 0)
  (0, 2, 2, 0, 4, 0, 0, 0)
  (0, 2, 0, 0, 6, 0, 0, 0)

Path 1236 (6 moves):
  (1, 1, 1, 1, 1, 1, 1, 1)
  (1, 1, 2, 0, 1, 1, 1, 1)
  (1, 1, 2, 0, 1, 1, 2, 0)
  (1, 1, 2, 0, 2, 0, 2, 0)
  (2, 0, 2, 0, 2, 0, 2, 0)
  (0, 0, 4, 0, 2, 0, 2, 0)
  (0, 0, 6, 0, 0, 0, 2, 0)

Path 1237 (6 moves):
  (1, 1, 1, 1, 1, 1, 1, 1)
  (1, 1, 2, 0, 1, 1, 1, 1)
  (1, 1, 2, 0, 1, 1, 2, 0)
  (1, 1, 2, 0, 2, 0, 2, 0)
  (2, 0, 2, 0, 2, 0, 2, 0)
  (0, 0, 4, 0, 2, 0, 2, 0)
  (0, 0, 4, 0, 4, 0, 0, 0)

Path 1238 (6 moves):
  (1, 1, 1, 1, 1, 1, 1, 1)
  (1, 1, 2, 0, 1, 1, 1, 1)
  (1, 1, 2, 0, 1, 1, 2, 0)
  (1, 1, 2, 0, 2, 0, 2, 0)
  (2, 0, 2, 0, 2, 0, 2, 0)
  (4, 0, 0, 0, 2, 0, 2, 0)
  (4, 0, 0, 0, 0, 0, 4, 0)

Path 1239 (6 moves):
  (1, 1, 1, 1, 1, 1, 1, 1)
  (1, 1, 2, 0, 1, 1, 1, 1)
  (1, 1, 2, 0, 1, 1, 2, 0)
  (1, 1, 2, 0, 2, 0, 2, 0)
  (2, 0, 2, 0, 2, 0, 2, 0)
  (2, 0, 0, 0, 4, 0, 2, 0)
  (2, 0, 0, 0, 6, 0, 0, 0)

Path 1240 (6 moves):
  (1, 1, 1, 1, 1, 1, 1, 1)
  (1, 1, 2, 0, 1, 1, 1, 1)
  (1, 1, 2, 0, 1, 1, 2, 0)
  (1, 1, 2, 0, 2, 0, 2, 0)
  (2, 0, 2, 0, 2, 0, 2, 0)
  (2, 0, 4, 0, 0, 0, 2, 0)
  (0, 0, 6, 0, 0, 0, 2, 0)

Path 1241 (6 moves):
  (1, 1, 1, 1, 1, 1, 1, 1)
  (1, 1, 2, 0, 1, 1, 1, 1)
  (1, 1, 2, 0, 1, 1, 2, 0)
  (1, 1, 2, 0, 2, 0, 2, 0)
  (2, 0, 2, 0, 2, 0, 2, 0)
  (2, 0, 2, 0, 0, 0, 4, 0)
  (4, 0, 0, 0, 0, 0, 4, 0)

Path 1242 (6 moves):
  (1, 1, 1, 1, 1, 1, 1, 1)
  (1, 1, 2, 0, 1, 1, 1, 1)
  (1, 1, 2, 0, 1, 1, 2, 0)
  (1, 1, 2, 0, 2, 0, 2, 0)
  (2, 0, 2, 0, 2, 0, 2, 0)
  (2, 0, 2, 0, 4, 0, 0, 0)
  (0, 0, 4, 0, 4, 0, 0, 0)

Path 1243 (6 moves):
  (1, 1, 1, 1, 1, 1, 1, 1)
  (1, 1, 2, 0, 1, 1, 1, 1)
  (1, 1, 2, 0, 1, 1, 2, 0)
  (1, 1, 2, 0, 2, 0, 2, 0)
  (2, 0, 2, 0, 2, 0, 2, 0)
  (2, 0, 2, 0, 4, 0, 0, 0)
  (2, 0, 0, 0, 6, 0, 0, 0)

Path 1244 (6 moves):
  (1, 1, 1, 1, 1, 1, 1, 1)
  (1, 1, 2, 0, 1, 1, 1, 1)
  (1, 1, 2, 0, 1, 1, 2, 0)
  (1, 1, 2, 0, 2, 0, 2, 0)
  (1, 1, 2, 0, 0, 0, 4, 0)
  (0, 2, 2, 0, 0, 0, 4, 0)
  (0, 2, 6, 0, 0, 0, 0, 0)

Path 1245 (6 moves):
  (1, 1, 1, 1, 1, 1, 1, 1)
  (1, 1, 2, 0, 1, 1, 1, 1)
  (1, 1, 2, 0, 1, 1, 2, 0)
  (1, 1, 2, 0, 2, 0, 2, 0)
  (1, 1, 2, 0, 0, 0, 4, 0)
  (2, 0, 2, 0, 0, 0, 4, 0)
  (4, 0, 0, 0, 0, 0, 4, 0)

Path 1246 (6 moves):
  (1, 1, 1, 1, 1, 1, 1, 1)
  (1, 1, 2, 0, 1, 1, 1, 1)
  (1, 1, 2, 0, 1, 1, 2, 0)
  (1, 1, 2, 0, 2, 0, 2, 0)
  (1, 1, 2, 0, 0, 0, 4, 0)
  (1, 0, 3, 0, 0, 0, 4, 0)
  (1, 0, 7, 0, 0, 0, 0, 0)

Path 1247 (6 moves):
  (1, 1, 1, 1, 1, 1, 1, 1)
  (1, 1, 2, 0, 1, 1, 1, 1)
  (1, 1, 2, 0, 1, 1, 2, 0)
  (1, 1, 2, 0, 2, 0, 2, 0)
  (1, 1, 2, 0, 0, 0, 4, 0)
  (3, 1, 0, 0, 0, 0, 4, 0)
  (4, 0, 0, 0, 0, 0, 4, 0)

Path 1248 (6 moves):
  (1, 1, 1, 1, 1, 1, 1, 1)
  (1, 1, 2, 0, 1, 1, 1, 1)
  (1, 1, 2, 0, 1, 1, 2, 0)
  (1, 1, 2, 0, 2, 0, 2, 0)
  (1, 1, 2, 0, 0, 0, 4, 0)
  (1, 1, 6, 0, 0, 0, 0, 0)
  (0, 2, 6, 0, 0, 0, 0, 0)

Path 1249 (6 moves):
  (1, 1, 1, 1, 1, 1, 1, 1)
  (1, 1, 2, 0, 1, 1, 1, 1)
  (1, 1, 2, 0, 1, 1, 2, 0)
  (1, 1, 2, 0, 2, 0, 2, 0)
  (1, 1, 2, 0, 0, 0, 4, 0)
  (1, 1, 6, 0, 0, 0, 0, 0)
  (1, 0, 7, 0, 0, 0, 0, 0)

Path 1250 (4 moves):
  (1, 1, 1, 1, 1, 1, 1, 1)
  (1, 1, 2, 0, 1, 1, 1, 1)
  (1, 1, 2, 0, 1, 1, 2, 0)
  (1, 1, 2, 0, 1, 0, 3, 0)
  (1, 0, 3, 0, 1, 0, 3, 0)

Path 1251 (6 moves):
  (1, 1, 1, 1, 1, 1, 1, 1)
  (1, 1, 2, 0, 1, 1, 1, 1)
  (1, 1, 2, 0, 1, 1, 2, 0)
  (1, 1, 2, 0, 1, 0, 3, 0)
  (3, 1, 0, 0, 1, 0, 3, 0)
  (4, 0, 0, 0, 1, 0, 3, 0)
  (0, 0, 0, 0, 5, 0, 3, 0)

Path 1252 (6 moves):
  (1, 1, 1, 1, 1, 1, 1, 1)
  (1, 1, 2, 0, 1, 1, 1, 1)
  (1, 1, 2, 0, 1, 1, 2, 0)
  (1, 1, 2, 0, 3, 1, 0, 0)
  (1, 1, 0, 0, 5, 1, 0, 0)
  (0, 2, 0, 0, 5, 1, 0, 0)
  (0, 2, 0, 0, 6, 0, 0, 0)

Path 1253 (6 moves):
  (1, 1, 1, 1, 1, 1, 1, 1)
  (1, 1, 2, 0, 1, 1, 1, 1)
  (1, 1, 2, 0, 1, 1, 2, 0)
  (1, 1, 2, 0, 3, 1, 0, 0)
  (1, 1, 0, 0, 5, 1, 0, 0)
  (2, 0, 0, 0, 5, 1, 0, 0)
  (2, 0, 0, 0, 6, 0, 0, 0)

Path 1254 (6 moves):
  (1, 1, 1, 1, 1, 1, 1, 1)
  (1, 1, 2, 0, 1, 1, 1, 1)
  (1, 1, 2, 0, 1, 1, 2, 0)
  (1, 1, 2, 0, 3, 1, 0, 0)
  (1, 1, 0, 0, 5, 1, 0, 0)
  (1, 1, 0, 0, 6, 0, 0, 0)
  (0, 2, 0, 0, 6, 0, 0, 0)

Path 1255 (6 moves):
  (1, 1, 1, 1, 1, 1, 1, 1)
  (1, 1, 2, 0, 1, 1, 1, 1)
  (1, 1, 2, 0, 1, 1, 2, 0)
  (1, 1, 2, 0, 3, 1, 0, 0)
  (1, 1, 0, 0, 5, 1, 0, 0)
  (1, 1, 0, 0, 6, 0, 0, 0)
  (2, 0, 0, 0, 6, 0, 0, 0)

Path 1256 (6 moves):
  (1, 1, 1, 1, 1, 1, 1, 1)
  (1, 1, 1, 0, 2, 1, 1, 1)
  (1, 0, 2, 0, 2, 1, 1, 1)
  (3, 0, 0, 0, 2, 1, 1, 1)
  (3, 0, 0, 0, 0, 1, 3, 1)
  (3, 0, 0, 0, 0, 0, 4, 1)
  (3, 0, 0, 0, 0, 0, 5, 0)

Path 1257 (6 moves):
  (1, 1, 1, 1, 1, 1, 1, 1)
  (1, 1, 1, 0, 2, 1, 1, 1)
  (1, 0, 2, 0, 2, 1, 1, 1)
  (3, 0, 0, 0, 2, 1, 1, 1)
  (3, 0, 0, 0, 0, 1, 3, 1)
  (3, 0, 0, 0, 0, 1, 4, 0)
  (3, 0, 0, 0, 0, 0, 5, 0)

Path 1258 (6 moves):
  (1, 1, 1, 1, 1, 1, 1, 1)
  (1, 1, 1, 0, 2, 1, 1, 1)
  (1, 0, 2, 0, 2, 1, 1, 1)
  (3, 0, 0, 0, 2, 1, 1, 1)
  (3, 0, 0, 0, 3, 0, 1, 1)
  (3, 0, 0, 0, 0, 0, 1, 4)
  (3, 0, 0, 0, 0, 0, 0, 5)

Path 1259 (6 moves):
  (1, 1, 1, 1, 1, 1, 1, 1)
  (1, 1, 1, 0, 2, 1, 1, 1)
  (1, 0, 2, 0, 2, 1, 1, 1)
  (3, 0, 0, 0, 2, 1, 1, 1)
  (3, 0, 0, 0, 3, 0, 1, 1)
  (3, 0, 0, 0, 3, 0, 0, 2)
  (3, 0, 0, 0, 0, 0, 0, 5)

Path 1260 (6 moves):
  (1, 1, 1, 1, 1, 1, 1, 1)
  (1, 1, 1, 0, 2, 1, 1, 1)
  (1, 0, 2, 0, 2, 1, 1, 1)
  (3, 0, 0, 0, 2, 1, 1, 1)
  (3, 0, 0, 0, 3, 0, 1, 1)
  (3, 0, 0, 0, 3, 0, 2, 0)
  (3, 0, 0, 0, 5, 0, 0, 0)

Path 1261 (6 moves):
  (1, 1, 1, 1, 1, 1, 1, 1)
  (1, 1, 1, 0, 2, 1, 1, 1)
  (1, 0, 2, 0, 2, 1, 1, 1)
  (3, 0, 0, 0, 2, 1, 1, 1)
  (3, 0, 0, 0, 2, 2, 0, 1)
  (3, 0, 0, 0, 2, 0, 0, 3)
  (3, 0, 0, 0, 5, 0, 0, 0)

Path 1262 (6 moves):
  (1, 1, 1, 1, 1, 1, 1, 1)
  (1, 1, 1, 0, 2, 1, 1, 1)
  (1, 0, 2, 0, 2, 1, 1, 1)
  (3, 0, 0, 0, 2, 1, 1, 1)
  (3, 0, 0, 0, 2, 1, 2, 0)
  (3, 0, 0, 0, 0, 1, 4, 0)
  (3, 0, 0, 0, 0, 0, 5, 0)

Path 1263 (6 moves):
  (1, 1, 1, 1, 1, 1, 1, 1)
  (1, 1, 1, 0, 2, 1, 1, 1)
  (1, 0, 2, 0, 2, 1, 1, 1)
  (3, 0, 0, 0, 2, 1, 1, 1)
  (3, 0, 0, 0, 2, 1, 2, 0)
  (3, 0, 0, 0, 3, 0, 2, 0)
  (3, 0, 0, 0, 5, 0, 0, 0)

Path 1264 (6 moves):
  (1, 1, 1, 1, 1, 1, 1, 1)
  (1, 1, 1, 0, 2, 1, 1, 1)
  (1, 0, 2, 0, 2, 1, 1, 1)
  (3, 0, 0, 0, 2, 1, 1, 1)
  (3, 0, 0, 0, 2, 1, 2, 0)
  (3, 0, 0, 0, 2, 0, 3, 0)
  (3, 0, 0, 0, 0, 0, 5, 0)

Path 1265 (6 moves):
  (1, 1, 1, 1, 1, 1, 1, 1)
  (1, 1, 1, 0, 2, 1, 1, 1)
  (1, 0, 2, 0, 2, 1, 1, 1)
  (3, 0, 0, 0, 2, 1, 1, 1)
  (3, 0, 0, 0, 2, 1, 2, 0)
  (3, 0, 0, 0, 4, 1, 0, 0)
  (7, 0, 0, 0, 0, 1, 0, 0)

Path 1266 (6 moves):
  (1, 1, 1, 1, 1, 1, 1, 1)
  (1, 1, 1, 0, 2, 1, 1, 1)
  (1, 0, 2, 0, 2, 1, 1, 1)
  (3, 0, 0, 0, 2, 1, 1, 1)
  (3, 0, 0, 0, 2, 1, 2, 0)
  (3, 0, 0, 0, 4, 1, 0, 0)
  (3, 0, 0, 0, 5, 0, 0, 0)

Path 1267 (6 moves):
  (1, 1, 1, 1, 1, 1, 1, 1)
  (1, 1, 1, 0, 2, 1, 1, 1)
  (1, 0, 2, 0, 2, 1, 1, 1)
  (1, 0, 0, 0, 4, 1, 1, 1)
  (1, 0, 0, 0, 4, 2, 0, 1)
  (5, 0, 0, 0, 0, 2, 0, 1)
  (0, 0, 0, 0, 0, 7, 0, 1)

Path 1268 (6 moves):
  (1, 1, 1, 1, 1, 1, 1, 1)
  (1, 1, 1, 0, 2, 1, 1, 1)
  (1, 0, 2, 0, 2, 1, 1, 1)
  (1, 0, 0, 0, 4, 1, 1, 1)
  (1, 0, 0, 0, 4, 2, 0, 1)
  (5, 0, 0, 0, 0, 2, 0, 1)
  (5, 0, 0, 0, 0, 0, 0, 3)

Path 1269 (6 moves):
  (1, 1, 1, 1, 1, 1, 1, 1)
  (1, 1, 1, 0, 2, 1, 1, 1)
  (1, 0, 2, 0, 2, 1, 1, 1)
  (1, 0, 0, 0, 4, 1, 1, 1)
  (1, 0, 0, 0, 4, 2, 0, 1)
  (1, 0, 0, 0, 4, 0, 0, 3)
  (5, 0, 0, 0, 0, 0, 0, 3)

Path 1270 (6 moves):
  (1, 1, 1, 1, 1, 1, 1, 1)
  (1, 1, 1, 0, 2, 1, 1, 1)
  (1, 0, 2, 0, 2, 1, 1, 1)
  (1, 0, 0, 0, 4, 1, 1, 1)
  (1, 0, 0, 0, 4, 2, 0, 1)
  (1, 0, 0, 0, 4, 0, 0, 3)
  (1, 0, 0, 0, 7, 0, 0, 0)

Path 1271 (6 moves):
  (1, 1, 1, 1, 1, 1, 1, 1)
  (1, 1, 1, 0, 2, 1, 1, 1)
  (1, 0, 2, 0, 2, 1, 1, 1)
  (1, 0, 0, 0, 4, 1, 1, 1)
  (1, 0, 0, 0, 4, 1, 2, 0)
  (5, 0, 0, 0, 0, 1, 2, 0)
  (0, 0, 0, 0, 0, 6, 2, 0)

Path 1272 (6 moves):
  (1, 1, 1, 1, 1, 1, 1, 1)
  (1, 1, 1, 0, 2, 1, 1, 1)
  (1, 0, 2, 0, 2, 1, 1, 1)
  (1, 0, 0, 0, 4, 1, 1, 1)
  (1, 0, 0, 0, 4, 1, 2, 0)
  (5, 0, 0, 0, 0, 1, 2, 0)
  (5, 0, 0, 0, 0, 0, 3, 0)

Path 1273 (6 moves):
  (1, 1, 1, 1, 1, 1, 1, 1)
  (1, 1, 1, 0, 2, 1, 1, 1)
  (1, 0, 2, 0, 2, 1, 1, 1)
  (1, 0, 0, 0, 4, 1, 1, 1)
  (1, 0, 0, 0, 4, 1, 2, 0)
  (1, 0, 0, 0, 5, 0, 2, 0)
  (1, 0, 0, 0, 7, 0, 0, 0)

Path 1274 (6 moves):
  (1, 1, 1, 1, 1, 1, 1, 1)
  (1, 1, 1, 0, 2, 1, 1, 1)
  (1, 0, 2, 0, 2, 1, 1, 1)
  (1, 0, 0, 0, 4, 1, 1, 1)
  (1, 0, 0, 0, 4, 1, 2, 0)
  (1, 0, 0, 0, 4, 0, 3, 0)
  (5, 0, 0, 0, 0, 0, 3, 0)

Path 1275 (6 moves):
  (1, 1, 1, 1, 1, 1, 1, 1)
  (1, 1, 1, 0, 2, 1, 1, 1)
  (1, 0, 2, 0, 2, 1, 1, 1)
  (1, 0, 0, 0, 4, 1, 1, 1)
  (1, 0, 0, 0, 4, 1, 2, 0)
  (1, 0, 0, 0, 6, 1, 0, 0)
  (1, 0, 0, 0, 7, 0, 0, 0)

Path 1276 (6 moves):
  (1, 1, 1, 1, 1, 1, 1, 1)
  (1, 1, 1, 0, 2, 1, 1, 1)
  (1, 0, 2, 0, 2, 1, 1, 1)
  (1, 0, 4, 0, 0, 1, 1, 1)
  (1, 0, 0, 0, 0, 1, 5, 1)
  (1, 0, 0, 0, 0, 0, 6, 1)
  (1, 0, 0, 0, 0, 0, 7, 0)

Path 1277 (6 moves):
  (1, 1, 1, 1, 1, 1, 1, 1)
  (1, 1, 1, 0, 2, 1, 1, 1)
  (1, 0, 2, 0, 2, 1, 1, 1)
  (1, 0, 4, 0, 0, 1, 1, 1)
  (1, 0, 0, 0, 0, 1, 5, 1)
  (1, 0, 0, 0, 0, 1, 6, 0)
  (1, 0, 0, 0, 0, 0, 7, 0)

Path 1278 (6 moves):
  (1, 1, 1, 1, 1, 1, 1, 1)
  (1, 1, 1, 0, 2, 1, 1, 1)
  (1, 0, 2, 0, 2, 1, 1, 1)
  (1, 0, 4, 0, 0, 1, 1, 1)
  (1, 0, 0, 0, 0, 1, 5, 1)
  (1, 0, 0, 0, 0, 1, 6, 0)
  (7, 0, 0, 0, 0, 1, 0, 0)

Path 1279 (6 moves):
  (1, 1, 1, 1, 1, 1, 1, 1)
  (1, 1, 1, 0, 2, 1, 1, 1)
  (1, 0, 2, 0, 2, 1, 1, 1)
  (1, 0, 4, 0, 0, 1, 1, 1)
  (1, 0, 4, 0, 0, 0, 2, 1)
  (1, 0, 0, 0, 0, 0, 6, 1)
  (1, 0, 0, 0, 0, 0, 7, 0)

Path 1280 (6 moves):
  (1, 1, 1, 1, 1, 1, 1, 1)
  (1, 1, 1, 0, 2, 1, 1, 1)
  (1, 0, 2, 0, 2, 1, 1, 1)
  (1, 0, 4, 0, 0, 1, 1, 1)
  (1, 0, 4, 0, 0, 0, 2, 1)
  (1, 0, 4, 0, 0, 0, 3, 0)
  (1, 0, 0, 0, 0, 0, 7, 0)

Path 1281 (6 moves):
  (1, 1, 1, 1, 1, 1, 1, 1)
  (1, 1, 1, 0, 2, 1, 1, 1)
  (1, 0, 2, 0, 2, 1, 1, 1)
  (1, 0, 4, 0, 0, 1, 1, 1)
  (1, 0, 4, 0, 0, 1, 0, 2)
  (1, 0, 4, 0, 0, 3, 0, 0)
  (1, 0, 7, 0, 0, 0, 0, 0)

Path 1282 (6 moves):
  (1, 1, 1, 1, 1, 1, 1, 1)
  (1, 1, 1, 0, 2, 1, 1, 1)
  (1, 0, 2, 0, 2, 1, 1, 1)
  (1, 0, 4, 0, 0, 1, 1, 1)
  (1, 0, 4, 0, 0, 1, 2, 0)
  (1, 0, 0, 0, 0, 1, 6, 0)
  (1, 0, 0, 0, 0, 0, 7, 0)

Path 1283 (6 moves):
  (1, 1, 1, 1, 1, 1, 1, 1)
  (1, 1, 1, 0, 2, 1, 1, 1)
  (1, 0, 2, 0, 2, 1, 1, 1)
  (1, 0, 4, 0, 0, 1, 1, 1)
  (1, 0, 4, 0, 0, 1, 2, 0)
  (1, 0, 0, 0, 0, 1, 6, 0)
  (7, 0, 0, 0, 0, 1, 0, 0)

Path 1284 (6 moves):
  (1, 1, 1, 1, 1, 1, 1, 1)
  (1, 1, 1, 0, 2, 1, 1, 1)
  (1, 0, 2, 0, 2, 1, 1, 1)
  (1, 0, 4, 0, 0, 1, 1, 1)
  (1, 0, 4, 0, 0, 1, 2, 0)
  (1, 0, 4, 0, 0, 0, 3, 0)
  (1, 0, 0, 0, 0, 0, 7, 0)

Path 1285 (6 moves):
  (1, 1, 1, 1, 1, 1, 1, 1)
  (1, 1, 1, 0, 2, 1, 1, 1)
  (1, 0, 2, 0, 2, 1, 1, 1)
  (1, 0, 2, 0, 0, 1, 3, 1)
  (3, 0, 0, 0, 0, 1, 3, 1)
  (3, 0, 0, 0, 0, 0, 4, 1)
  (3, 0, 0, 0, 0, 0, 5, 0)

Path 1286 (6 moves):
  (1, 1, 1, 1, 1, 1, 1, 1)
  (1, 1, 1, 0, 2, 1, 1, 1)
  (1, 0, 2, 0, 2, 1, 1, 1)
  (1, 0, 2, 0, 0, 1, 3, 1)
  (3, 0, 0, 0, 0, 1, 3, 1)
  (3, 0, 0, 0, 0, 1, 4, 0)
  (3, 0, 0, 0, 0, 0, 5, 0)

Path 1287 (6 moves):
  (1, 1, 1, 1, 1, 1, 1, 1)
  (1, 1, 1, 0, 2, 1, 1, 1)
  (1, 0, 2, 0, 2, 1, 1, 1)
  (1, 0, 2, 0, 3, 0, 1, 1)
  (3, 0, 0, 0, 3, 0, 1, 1)
  (3, 0, 0, 0, 0, 0, 1, 4)
  (3, 0, 0, 0, 0, 0, 0, 5)

Path 1288 (6 moves):
  (1, 1, 1, 1, 1, 1, 1, 1)
  (1, 1, 1, 0, 2, 1, 1, 1)
  (1, 0, 2, 0, 2, 1, 1, 1)
  (1, 0, 2, 0, 3, 0, 1, 1)
  (3, 0, 0, 0, 3, 0, 1, 1)
  (3, 0, 0, 0, 3, 0, 0, 2)
  (3, 0, 0, 0, 0, 0, 0, 5)

Path 1289 (6 moves):
  (1, 1, 1, 1, 1, 1, 1, 1)
  (1, 1, 1, 0, 2, 1, 1, 1)
  (1, 0, 2, 0, 2, 1, 1, 1)
  (1, 0, 2, 0, 3, 0, 1, 1)
  (3, 0, 0, 0, 3, 0, 1, 1)
  (3, 0, 0, 0, 3, 0, 2, 0)
  (3, 0, 0, 0, 5, 0, 0, 0)

Path 1290 (6 moves):
  (1, 1, 1, 1, 1, 1, 1, 1)
  (1, 1, 1, 0, 2, 1, 1, 1)
  (1, 0, 2, 0, 2, 1, 1, 1)
  (1, 0, 2, 0, 3, 0, 1, 1)
  (1, 0, 2, 0, 0, 0, 1, 4)
  (3, 0, 0, 0, 0, 0, 1, 4)
  (3, 0, 0, 0, 0, 0, 0, 5)

Path 1291 (6 moves):
  (1, 1, 1, 1, 1, 1, 1, 1)
  (1, 1, 1, 0, 2, 1, 1, 1)
  (1, 0, 2, 0, 2, 1, 1, 1)
  (1, 0, 2, 0, 3, 0, 1, 1)
  (1, 0, 2, 0, 0, 0, 1, 4)
  (1, 0, 2, 0, 0, 0, 0, 5)
  (3, 0, 0, 0, 0, 0, 0, 5)

Path 1292 (6 moves):
  (1, 1, 1, 1, 1, 1, 1, 1)
  (1, 1, 1, 0, 2, 1, 1, 1)
  (1, 0, 2, 0, 2, 1, 1, 1)
  (1, 0, 2, 0, 3, 0, 1, 1)
  (1, 0, 2, 0, 0, 0, 1, 4)
  (1, 0, 2, 0, 0, 0, 0, 5)
  (1, 0, 7, 0, 0, 0, 0, 0)

Path 1293 (6 moves):
  (1, 1, 1, 1, 1, 1, 1, 1)
  (1, 1, 1, 0, 2, 1, 1, 1)
  (1, 0, 2, 0, 2, 1, 1, 1)
  (1, 0, 2, 0, 3, 0, 1, 1)
  (1, 0, 2, 0, 3, 0, 2, 0)
  (3, 0, 0, 0, 3, 0, 2, 0)
  (3, 0, 0, 0, 5, 0, 0, 0)

Path 1294 (6 moves):
  (1, 1, 1, 1, 1, 1, 1, 1)
  (1, 1, 1, 0, 2, 1, 1, 1)
  (1, 0, 2, 0, 2, 1, 1, 1)
  (1, 0, 2, 0, 3, 0, 1, 1)
  (1, 0, 2, 0, 3, 0, 2, 0)
  (1, 0, 0, 0, 5, 0, 2, 0)
  (1, 0, 0, 0, 7, 0, 0, 0)

Path 1295 (6 moves):
  (1, 1, 1, 1, 1, 1, 1, 1)
  (1, 1, 1, 0, 2, 1, 1, 1)
  (1, 0, 2, 0, 2, 1, 1, 1)
  (1, 0, 2, 0, 3, 0, 1, 1)
  (1, 0, 2, 0, 3, 0, 2, 0)
  (1, 0, 2, 0, 5, 0, 0, 0)
  (3, 0, 0, 0, 5, 0, 0, 0)

Path 1296 (6 moves):
  (1, 1, 1, 1, 1, 1, 1, 1)
  (1, 1, 1, 0, 2, 1, 1, 1)
  (1, 0, 2, 0, 2, 1, 1, 1)
  (1, 0, 2, 0, 3, 0, 1, 1)
  (1, 0, 2, 0, 3, 0, 2, 0)
  (1, 0, 2, 0, 5, 0, 0, 0)
  (1, 0, 0, 0, 7, 0, 0, 0)

Path 1297 (6 moves):
  (1, 1, 1, 1, 1, 1, 1, 1)
  (1, 1, 1, 0, 2, 1, 1, 1)
  (1, 0, 2, 0, 2, 1, 1, 1)
  (1, 0, 2, 0, 2, 0, 2, 1)
  (1, 0, 4, 0, 0, 0, 2, 1)
  (1, 0, 0, 0, 0, 0, 6, 1)
  (1, 0, 0, 0, 0, 0, 7, 0)

Path 1298 (6 moves):
  (1, 1, 1, 1, 1, 1, 1, 1)
  (1, 1, 1, 0, 2, 1, 1, 1)
  (1, 0, 2, 0, 2, 1, 1, 1)
  (1, 0, 2, 0, 2, 0, 2, 1)
  (1, 0, 4, 0, 0, 0, 2, 1)
  (1, 0, 4, 0, 0, 0, 3, 0)
  (1, 0, 0, 0, 0, 0, 7, 0)

Path 1299 (6 moves):
  (1, 1, 1, 1, 1, 1, 1, 1)
  (1, 1, 1, 0, 2, 1, 1, 1)
  (1, 0, 2, 0, 2, 1, 1, 1)
  (1, 0, 2, 0, 2, 0, 2, 1)
  (1, 0, 2, 0, 2, 0, 3, 0)
  (3, 0, 0, 0, 2, 0, 3, 0)
  (3, 0, 0, 0, 0, 0, 5, 0)

Path 1300 (6 moves):
  (1, 1, 1, 1, 1, 1, 1, 1)
  (1, 1, 1, 0, 2, 1, 1, 1)
  (1, 0, 2, 0, 2, 1, 1, 1)
  (1, 0, 2, 0, 2, 0, 2, 1)
  (1, 0, 2, 0, 2, 0, 3, 0)
  (1, 0, 0, 0, 4, 0, 3, 0)
  (5, 0, 0, 0, 0, 0, 3, 0)

Path 1301 (6 moves):
  (1, 1, 1, 1, 1, 1, 1, 1)
  (1, 1, 1, 0, 2, 1, 1, 1)
  (1, 0, 2, 0, 2, 1, 1, 1)
  (1, 0, 2, 0, 2, 0, 2, 1)
  (1, 0, 2, 0, 2, 0, 3, 0)
  (1, 0, 4, 0, 0, 0, 3, 0)
  (1, 0, 0, 0, 0, 0, 7, 0)

Path 1302 (6 moves):
  (1, 1, 1, 1, 1, 1, 1, 1)
  (1, 1, 1, 0, 2, 1, 1, 1)
  (1, 0, 2, 0, 2, 1, 1, 1)
  (1, 0, 2, 0, 2, 0, 2, 1)
  (1, 0, 2, 0, 2, 0, 3, 0)
  (1, 0, 2, 0, 0, 0, 5, 0)
  (3, 0, 0, 0, 0, 0, 5, 0)

Path 1303 (6 moves):
  (1, 1, 1, 1, 1, 1, 1, 1)
  (1, 1, 1, 0, 2, 1, 1, 1)
  (1, 0, 2, 0, 2, 1, 1, 1)
  (1, 0, 2, 0, 2, 2, 0, 1)
  (3, 0, 0, 0, 2, 2, 0, 1)
  (3, 0, 0, 0, 2, 0, 0, 3)
  (3, 0, 0, 0, 5, 0, 0, 0)

Path 1304 (6 moves):
  (1, 1, 1, 1, 1, 1, 1, 1)
  (1, 1, 1, 0, 2, 1, 1, 1)
  (1, 0, 2, 0, 2, 1, 1, 1)
  (1, 0, 2, 0, 2, 2, 0, 1)
  (1, 0, 0, 0, 4, 2, 0, 1)
  (5, 0, 0, 0, 0, 2, 0, 1)
  (0, 0, 0, 0, 0, 7, 0, 1)

Path 1305 (6 moves):
  (1, 1, 1, 1, 1, 1, 1, 1)
  (1, 1, 1, 0, 2, 1, 1, 1)
  (1, 0, 2, 0, 2, 1, 1, 1)
  (1, 0, 2, 0, 2, 2, 0, 1)
  (1, 0, 0, 0, 4, 2, 0, 1)
  (5, 0, 0, 0, 0, 2, 0, 1)
  (5, 0, 0, 0, 0, 0, 0, 3)

Path 1306 (6 moves):
  (1, 1, 1, 1, 1, 1, 1, 1)
  (1, 1, 1, 0, 2, 1, 1, 1)
  (1, 0, 2, 0, 2, 1, 1, 1)
  (1, 0, 2, 0, 2, 2, 0, 1)
  (1, 0, 0, 0, 4, 2, 0, 1)
  (1, 0, 0, 0, 4, 0, 0, 3)
  (5, 0, 0, 0, 0, 0, 0, 3)

Path 1307 (6 moves):
  (1, 1, 1, 1, 1, 1, 1, 1)
  (1, 1, 1, 0, 2, 1, 1, 1)
  (1, 0, 2, 0, 2, 1, 1, 1)
  (1, 0, 2, 0, 2, 2, 0, 1)
  (1, 0, 0, 0, 4, 2, 0, 1)
  (1, 0, 0, 0, 4, 0, 0, 3)
  (1, 0, 0, 0, 7, 0, 0, 0)

Path 1308 (6 moves):
  (1, 1, 1, 1, 1, 1, 1, 1)
  (1, 1, 1, 0, 2, 1, 1, 1)
  (1, 0, 2, 0, 2, 1, 1, 1)
  (1, 0, 2, 0, 2, 1, 0, 2)
  (1, 0, 4, 0, 0, 1, 0, 2)
  (1, 0, 4, 0, 0, 3, 0, 0)
  (1, 0, 7, 0, 0, 0, 0, 0)

Path 1309 (6 moves):
  (1, 1, 1, 1, 1, 1, 1, 1)
  (1, 1, 1, 0, 2, 1, 1, 1)
  (1, 0, 2, 0, 2, 1, 1, 1)
  (1, 0, 2, 0, 2, 1, 2, 0)
  (3, 0, 0, 0, 2, 1, 2, 0)
  (3, 0, 0, 0, 0, 1, 4, 0)
  (3, 0, 0, 0, 0, 0, 5, 0)

Path 1310 (6 moves):
  (1, 1, 1, 1, 1, 1, 1, 1)
  (1, 1, 1, 0, 2, 1, 1, 1)
  (1, 0, 2, 0, 2, 1, 1, 1)
  (1, 0, 2, 0, 2, 1, 2, 0)
  (3, 0, 0, 0, 2, 1, 2, 0)
  (3, 0, 0, 0, 3, 0, 2, 0)
  (3, 0, 0, 0, 5, 0, 0, 0)

Path 1311 (6 moves):
  (1, 1, 1, 1, 1, 1, 1, 1)
  (1, 1, 1, 0, 2, 1, 1, 1)
  (1, 0, 2, 0, 2, 1, 1, 1)
  (1, 0, 2, 0, 2, 1, 2, 0)
  (3, 0, 0, 0, 2, 1, 2, 0)
  (3, 0, 0, 0, 2, 0, 3, 0)
  (3, 0, 0, 0, 0, 0, 5, 0)

Path 1312 (6 moves):
  (1, 1, 1, 1, 1, 1, 1, 1)
  (1, 1, 1, 0, 2, 1, 1, 1)
  (1, 0, 2, 0, 2, 1, 1, 1)
  (1, 0, 2, 0, 2, 1, 2, 0)
  (3, 0, 0, 0, 2, 1, 2, 0)
  (3, 0, 0, 0, 4, 1, 0, 0)
  (7, 0, 0, 0, 0, 1, 0, 0)

Path 1313 (6 moves):
  (1, 1, 1, 1, 1, 1, 1, 1)
  (1, 1, 1, 0, 2, 1, 1, 1)
  (1, 0, 2, 0, 2, 1, 1, 1)
  (1, 0, 2, 0, 2, 1, 2, 0)
  (3, 0, 0, 0, 2, 1, 2, 0)
  (3, 0, 0, 0, 4, 1, 0, 0)
  (3, 0, 0, 0, 5, 0, 0, 0)

Path 1314 (6 moves):
  (1, 1, 1, 1, 1, 1, 1, 1)
  (1, 1, 1, 0, 2, 1, 1, 1)
  (1, 0, 2, 0, 2, 1, 1, 1)
  (1, 0, 2, 0, 2, 1, 2, 0)
  (1, 0, 0, 0, 4, 1, 2, 0)
  (5, 0, 0, 0, 0, 1, 2, 0)
  (0, 0, 0, 0, 0, 6, 2, 0)

Path 1315 (6 moves):
  (1, 1, 1, 1, 1, 1, 1, 1)
  (1, 1, 1, 0, 2, 1, 1, 1)
  (1, 0, 2, 0, 2, 1, 1, 1)
  (1, 0, 2, 0, 2, 1, 2, 0)
  (1, 0, 0, 0, 4, 1, 2, 0)
  (5, 0, 0, 0, 0, 1, 2, 0)
  (5, 0, 0, 0, 0, 0, 3, 0)

Path 1316 (6 moves):
  (1, 1, 1, 1, 1, 1, 1, 1)
  (1, 1, 1, 0, 2, 1, 1, 1)
  (1, 0, 2, 0, 2, 1, 1, 1)
  (1, 0, 2, 0, 2, 1, 2, 0)
  (1, 0, 0, 0, 4, 1, 2, 0)
  (1, 0, 0, 0, 5, 0, 2, 0)
  (1, 0, 0, 0, 7, 0, 0, 0)

Path 1317 (6 moves):
  (1, 1, 1, 1, 1, 1, 1, 1)
  (1, 1, 1, 0, 2, 1, 1, 1)
  (1, 0, 2, 0, 2, 1, 1, 1)
  (1, 0, 2, 0, 2, 1, 2, 0)
  (1, 0, 0, 0, 4, 1, 2, 0)
  (1, 0, 0, 0, 4, 0, 3, 0)
  (5, 0, 0, 0, 0, 0, 3, 0)

Path 1318 (6 moves):
  (1, 1, 1, 1, 1, 1, 1, 1)
  (1, 1, 1, 0, 2, 1, 1, 1)
  (1, 0, 2, 0, 2, 1, 1, 1)
  (1, 0, 2, 0, 2, 1, 2, 0)
  (1, 0, 0, 0, 4, 1, 2, 0)
  (1, 0, 0, 0, 6, 1, 0, 0)
  (1, 0, 0, 0, 7, 0, 0, 0)

Path 1319 (6 moves):
  (1, 1, 1, 1, 1, 1, 1, 1)
  (1, 1, 1, 0, 2, 1, 1, 1)
  (1, 0, 2, 0, 2, 1, 1, 1)
  (1, 0, 2, 0, 2, 1, 2, 0)
  (1, 0, 4, 0, 0, 1, 2, 0)
  (1, 0, 0, 0, 0, 1, 6, 0)
  (1, 0, 0, 0, 0, 0, 7, 0)

Path 1320 (6 moves):
  (1, 1, 1, 1, 1, 1, 1, 1)
  (1, 1, 1, 0, 2, 1, 1, 1)
  (1, 0, 2, 0, 2, 1, 1, 1)
  (1, 0, 2, 0, 2, 1, 2, 0)
  (1, 0, 4, 0, 0, 1, 2, 0)
  (1, 0, 0, 0, 0, 1, 6, 0)
  (7, 0, 0, 0, 0, 1, 0, 0)

Path 1321 (6 moves):
  (1, 1, 1, 1, 1, 1, 1, 1)
  (1, 1, 1, 0, 2, 1, 1, 1)
  (1, 0, 2, 0, 2, 1, 1, 1)
  (1, 0, 2, 0, 2, 1, 2, 0)
  (1, 0, 4, 0, 0, 1, 2, 0)
  (1, 0, 4, 0, 0, 0, 3, 0)
  (1, 0, 0, 0, 0, 0, 7, 0)

Path 1322 (6 moves):
  (1, 1, 1, 1, 1, 1, 1, 1)
  (1, 1, 1, 0, 2, 1, 1, 1)
  (1, 0, 2, 0, 2, 1, 1, 1)
  (1, 0, 2, 0, 2, 1, 2, 0)
  (1, 0, 2, 0, 3, 0, 2, 0)
  (3, 0, 0, 0, 3, 0, 2, 0)
  (3, 0, 0, 0, 5, 0, 0, 0)

Path 1323 (6 moves):
  (1, 1, 1, 1, 1, 1, 1, 1)
  (1, 1, 1, 0, 2, 1, 1, 1)
  (1, 0, 2, 0, 2, 1, 1, 1)
  (1, 0, 2, 0, 2, 1, 2, 0)
  (1, 0, 2, 0, 3, 0, 2, 0)
  (1, 0, 0, 0, 5, 0, 2, 0)
  (1, 0, 0, 0, 7, 0, 0, 0)

Path 1324 (6 moves):
  (1, 1, 1, 1, 1, 1, 1, 1)
  (1, 1, 1, 0, 2, 1, 1, 1)
  (1, 0, 2, 0, 2, 1, 1, 1)
  (1, 0, 2, 0, 2, 1, 2, 0)
  (1, 0, 2, 0, 3, 0, 2, 0)
  (1, 0, 2, 0, 5, 0, 0, 0)
  (3, 0, 0, 0, 5, 0, 0, 0)

Path 1325 (6 moves):
  (1, 1, 1, 1, 1, 1, 1, 1)
  (1, 1, 1, 0, 2, 1, 1, 1)
  (1, 0, 2, 0, 2, 1, 1, 1)
  (1, 0, 2, 0, 2, 1, 2, 0)
  (1, 0, 2, 0, 3, 0, 2, 0)
  (1, 0, 2, 0, 5, 0, 0, 0)
  (1, 0, 0, 0, 7, 0, 0, 0)

Path 1326 (6 moves):
  (1, 1, 1, 1, 1, 1, 1, 1)
  (1, 1, 1, 0, 2, 1, 1, 1)
  (1, 0, 2, 0, 2, 1, 1, 1)
  (1, 0, 2, 0, 2, 1, 2, 0)
  (1, 0, 2, 0, 2, 0, 3, 0)
  (3, 0, 0, 0, 2, 0, 3, 0)
  (3, 0, 0, 0, 0, 0, 5, 0)

Path 1327 (6 moves):
  (1, 1, 1, 1, 1, 1, 1, 1)
  (1, 1, 1, 0, 2, 1, 1, 1)
  (1, 0, 2, 0, 2, 1, 1, 1)
  (1, 0, 2, 0, 2, 1, 2, 0)
  (1, 0, 2, 0, 2, 0, 3, 0)
  (1, 0, 0, 0, 4, 0, 3, 0)
  (5, 0, 0, 0, 0, 0, 3, 0)

Path 1328 (6 moves):
  (1, 1, 1, 1, 1, 1, 1, 1)
  (1, 1, 1, 0, 2, 1, 1, 1)
  (1, 0, 2, 0, 2, 1, 1, 1)
  (1, 0, 2, 0, 2, 1, 2, 0)
  (1, 0, 2, 0, 2, 0, 3, 0)
  (1, 0, 4, 0, 0, 0, 3, 0)
  (1, 0, 0, 0, 0, 0, 7, 0)

Path 1329 (6 moves):
  (1, 1, 1, 1, 1, 1, 1, 1)
  (1, 1, 1, 0, 2, 1, 1, 1)
  (1, 0, 2, 0, 2, 1, 1, 1)
  (1, 0, 2, 0, 2, 1, 2, 0)
  (1, 0, 2, 0, 2, 0, 3, 0)
  (1, 0, 2, 0, 0, 0, 5, 0)
  (3, 0, 0, 0, 0, 0, 5, 0)

Path 1330 (6 moves):
  (1, 1, 1, 1, 1, 1, 1, 1)
  (1, 1, 1, 0, 2, 1, 1, 1)
  (1, 0, 2, 0, 2, 1, 1, 1)
  (1, 0, 2, 0, 2, 1, 2, 0)
  (1, 0, 2, 0, 4, 1, 0, 0)
  (3, 0, 0, 0, 4, 1, 0, 0)
  (7, 0, 0, 0, 0, 1, 0, 0)

Path 1331 (6 moves):
  (1, 1, 1, 1, 1, 1, 1, 1)
  (1, 1, 1, 0, 2, 1, 1, 1)
  (1, 0, 2, 0, 2, 1, 1, 1)
  (1, 0, 2, 0, 2, 1, 2, 0)
  (1, 0, 2, 0, 4, 1, 0, 0)
  (3, 0, 0, 0, 4, 1, 0, 0)
  (3, 0, 0, 0, 5, 0, 0, 0)

Path 1332 (6 moves):
  (1, 1, 1, 1, 1, 1, 1, 1)
  (1, 1, 1, 0, 2, 1, 1, 1)
  (1, 0, 2, 0, 2, 1, 1, 1)
  (1, 0, 2, 0, 2, 1, 2, 0)
  (1, 0, 2, 0, 4, 1, 0, 0)
  (1, 0, 0, 0, 6, 1, 0, 0)
  (1, 0, 0, 0, 7, 0, 0, 0)

Path 1333 (6 moves):
  (1, 1, 1, 1, 1, 1, 1, 1)
  (1, 1, 1, 0, 2, 1, 1, 1)
  (1, 0, 2, 0, 2, 1, 1, 1)
  (1, 0, 2, 0, 2, 1, 2, 0)
  (1, 0, 2, 0, 4, 1, 0, 0)
  (5, 0, 2, 0, 0, 1, 0, 0)
  (0, 0, 2, 0, 0, 6, 0, 0)

Path 1334 (6 moves):
  (1, 1, 1, 1, 1, 1, 1, 1)
  (1, 1, 1, 0, 2, 1, 1, 1)
  (1, 0, 2, 0, 2, 1, 1, 1)
  (1, 0, 2, 0, 2, 1, 2, 0)
  (1, 0, 2, 0, 4, 1, 0, 0)
  (5, 0, 2, 0, 0, 1, 0, 0)
  (7, 0, 0, 0, 0, 1, 0, 0)

Path 1335 (6 moves):
  (1, 1, 1, 1, 1, 1, 1, 1)
  (1, 1, 1, 0, 2, 1, 1, 1)
  (1, 0, 2, 0, 2, 1, 1, 1)
  (1, 0, 2, 0, 2, 1, 2, 0)
  (1, 0, 2, 0, 4, 1, 0, 0)
  (1, 0, 2, 0, 5, 0, 0, 0)
  (3, 0, 0, 0, 5, 0, 0, 0)

Path 1336 (6 moves):
  (1, 1, 1, 1, 1, 1, 1, 1)
  (1, 1, 1, 0, 2, 1, 1, 1)
  (1, 0, 2, 0, 2, 1, 1, 1)
  (1, 0, 2, 0, 2, 1, 2, 0)
  (1, 0, 2, 0, 4, 1, 0, 0)
  (1, 0, 2, 0, 5, 0, 0, 0)
  (1, 0, 0, 0, 7, 0, 0, 0)

Path 1337 (6 moves):
  (1, 1, 1, 1, 1, 1, 1, 1)
  (1, 1, 1, 2, 0, 1, 1, 1)
  (1, 1, 1, 2, 0, 2, 0, 1)
  (0, 2, 1, 2, 0, 2, 0, 1)
  (0, 0, 1, 4, 0, 2, 0, 1)
  (0, 0, 0, 5, 0, 2, 0, 1)
  (0, 0, 0, 7, 0, 0, 0, 1)

Path 1338 (6 moves):
  (1, 1, 1, 1, 1, 1, 1, 1)
  (1, 1, 1, 2, 0, 1, 1, 1)
  (1, 1, 1, 2, 0, 2, 0, 1)
  (0, 2, 1, 2, 0, 2, 0, 1)
  (0, 0, 1, 4, 0, 2, 0, 1)
  (0, 0, 0, 5, 0, 2, 0, 1)
  (0, 0, 0, 5, 0, 0, 0, 3)

Path 1339 (6 moves):
  (1, 1, 1, 1, 1, 1, 1, 1)
  (1, 1, 1, 2, 0, 1, 1, 1)
  (1, 1, 1, 2, 0, 2, 0, 1)
  (0, 2, 1, 2, 0, 2, 0, 1)
  (0, 0, 1, 4, 0, 2, 0, 1)
  (0, 0, 1, 0, 0, 2, 0, 5)
  (0, 0, 1, 0, 0, 0, 0, 7)

Path 1340 (6 moves):
  (1, 1, 1, 1, 1, 1, 1, 1)
  (1, 1, 1, 2, 0, 1, 1, 1)
  (1, 1, 1, 2, 0, 2, 0, 1)
  (0, 2, 1, 2, 0, 2, 0, 1)
  (0, 0, 1, 4, 0, 2, 0, 1)
  (0, 0, 1, 0, 0, 2, 0, 5)
  (0, 0, 6, 0, 0, 2, 0, 0)

Path 1341 (6 moves):
  (1, 1, 1, 1, 1, 1, 1, 1)
  (1, 1, 1, 2, 0, 1, 1, 1)
  (1, 1, 1, 2, 0, 2, 0, 1)
  (0, 2, 1, 2, 0, 2, 0, 1)
  (0, 0, 1, 4, 0, 2, 0, 1)
  (0, 0, 1, 6, 0, 0, 0, 1)
  (0, 0, 0, 7, 0, 0, 0, 1)

Path 1342 (6 moves):
  (1, 1, 1, 1, 1, 1, 1, 1)
  (1, 1, 1, 2, 0, 1, 1, 1)
  (1, 1, 1, 2, 0, 2, 0, 1)
  (0, 2, 1, 2, 0, 2, 0, 1)
  (0, 0, 1, 4, 0, 2, 0, 1)
  (0, 0, 1, 4, 0, 0, 0, 3)
  (0, 0, 0, 5, 0, 0, 0, 3)

Path 1343 (6 moves):
  (1, 1, 1, 1, 1, 1, 1, 1)
  (1, 1, 1, 2, 0, 1, 1, 1)
  (1, 1, 1, 2, 0, 2, 0, 1)
  (0, 2, 1, 2, 0, 2, 0, 1)
  (0, 0, 1, 4, 0, 2, 0, 1)
  (0, 0, 1, 4, 0, 0, 0, 3)
  (0, 0, 1, 0, 0, 0, 0, 7)

Path 1344 (6 moves):
  (1, 1, 1, 1, 1, 1, 1, 1)
  (1, 1, 1, 2, 0, 1, 1, 1)
  (1, 1, 1, 2, 0, 2, 0, 1)
  (0, 2, 1, 2, 0, 2, 0, 1)
  (0, 3, 0, 2, 0, 2, 0, 1)
  (0, 5, 0, 0, 0, 2, 0, 1)
  (0, 5, 0, 0, 0, 0, 0, 3)

Path 1345 (6 moves):
  (1, 1, 1, 1, 1, 1, 1, 1)
  (1, 1, 1, 2, 0, 1, 1, 1)
  (1, 1, 1, 2, 0, 2, 0, 1)
  (0, 2, 1, 2, 0, 2, 0, 1)
  (0, 3, 0, 2, 0, 2, 0, 1)
  (0, 3, 0, 0, 0, 4, 0, 1)
  (0, 7, 0, 0, 0, 0, 0, 1)

Path 1346 (6 moves):
  (1, 1, 1, 1, 1, 1, 1, 1)
  (1, 1, 1, 2, 0, 1, 1, 1)
  (1, 1, 1, 2, 0, 2, 0, 1)
  (0, 2, 1, 2, 0, 2, 0, 1)
  (0, 3, 0, 2, 0, 2, 0, 1)
  (0, 3, 0, 4, 0, 0, 0, 1)
  (0, 3, 0, 0, 0, 0, 0, 5)

Path 1347 (6 moves):
  (1, 1, 1, 1, 1, 1, 1, 1)
  (1, 1, 1, 2, 0, 1, 1, 1)
  (1, 1, 1, 2, 0, 2, 0, 1)
  (0, 2, 1, 2, 0, 2, 0, 1)
  (0, 3, 0, 2, 0, 2, 0, 1)
  (0, 3, 0, 2, 0, 0, 0, 3)
  (0, 5, 0, 0, 0, 0, 0, 3)

Path 1348 (6 moves):
  (1, 1, 1, 1, 1, 1, 1, 1)
  (1, 1, 1, 2, 0, 1, 1, 1)
  (1, 1, 1, 2, 0, 2, 0, 1)
  (0, 2, 1, 2, 0, 2, 0, 1)
  (0, 2, 0, 3, 0, 2, 0, 1)
  (0, 0, 0, 5, 0, 2, 0, 1)
  (0, 0, 0, 7, 0, 0, 0, 1)

Path 1349 (6 moves):
  (1, 1, 1, 1, 1, 1, 1, 1)
  (1, 1, 1, 2, 0, 1, 1, 1)
  (1, 1, 1, 2, 0, 2, 0, 1)
  (0, 2, 1, 2, 0, 2, 0, 1)
  (0, 2, 0, 3, 0, 2, 0, 1)
  (0, 0, 0, 5, 0, 2, 0, 1)
  (0, 0, 0, 5, 0, 0, 0, 3)

Path 1350 (6 moves):
  (1, 1, 1, 1, 1, 1, 1, 1)
  (1, 1, 1, 2, 0, 1, 1, 1)
  (1, 1, 1, 2, 0, 2, 0, 1)
  (0, 2, 1, 2, 0, 2, 0, 1)
  (0, 2, 0, 3, 0, 2, 0, 1)
  (0, 2, 0, 5, 0, 0, 0, 1)
  (0, 0, 0, 7, 0, 0, 0, 1)

Path 1351 (6 moves):
  (1, 1, 1, 1, 1, 1, 1, 1)
  (1, 1, 1, 2, 0, 1, 1, 1)
  (1, 1, 1, 2, 0, 2, 0, 1)
  (0, 2, 1, 2, 0, 2, 0, 1)
  (0, 2, 0, 3, 0, 2, 0, 1)
  (0, 2, 0, 3, 0, 0, 0, 3)
  (0, 0, 0, 5, 0, 0, 0, 3)

Path 1352 (6 moves):
  (1, 1, 1, 1, 1, 1, 1, 1)
  (1, 1, 1, 2, 0, 1, 1, 1)
  (1, 1, 1, 2, 0, 2, 0, 1)
  (0, 2, 1, 2, 0, 2, 0, 1)
  (0, 2, 1, 0, 0, 4, 0, 1)
  (0, 3, 0, 0, 0, 4, 0, 1)
  (0, 7, 0, 0, 0, 0, 0, 1)

Path 1353 (6 moves):
  (1, 1, 1, 1, 1, 1, 1, 1)
  (1, 1, 1, 2, 0, 1, 1, 1)
  (1, 1, 1, 2, 0, 2, 0, 1)
  (0, 2, 1, 2, 0, 2, 0, 1)
  (0, 2, 1, 0, 0, 4, 0, 1)
  (0, 6, 1, 0, 0, 0, 0, 1)
  (0, 0, 1, 0, 0, 0, 0, 7)

Path 1354 (6 moves):
  (1, 1, 1, 1, 1, 1, 1, 1)
  (1, 1, 1, 2, 0, 1, 1, 1)
  (1, 1, 1, 2, 0, 2, 0, 1)
  (0, 2, 1, 2, 0, 2, 0, 1)
  (0, 2, 1, 0, 0, 4, 0, 1)
  (0, 6, 1, 0, 0, 0, 0, 1)
  (0, 7, 0, 0, 0, 0, 0, 1)

Path 1355 (6 moves):
  (1, 1, 1, 1, 1, 1, 1, 1)
  (1, 1, 1, 2, 0, 1, 1, 1)
  (1, 1, 1, 2, 0, 2, 0, 1)
  (0, 2, 1, 2, 0, 2, 0, 1)
  (0, 2, 1, 4, 0, 0, 0, 1)
  (0, 0, 1, 6, 0, 0, 0, 1)
  (0, 0, 0, 7, 0, 0, 0, 1)

Path 1356 (6 moves):
  (1, 1, 1, 1, 1, 1, 1, 1)
  (1, 1, 1, 2, 0, 1, 1, 1)
  (1, 1, 1, 2, 0, 2, 0, 1)
  (0, 2, 1, 2, 0, 2, 0, 1)
  (0, 2, 1, 4, 0, 0, 0, 1)
  (0, 3, 0, 4, 0, 0, 0, 1)
  (0, 3, 0, 0, 0, 0, 0, 5)

Path 1357 (6 moves):
  (1, 1, 1, 1, 1, 1, 1, 1)
  (1, 1, 1, 2, 0, 1, 1, 1)
  (1, 1, 1, 2, 0, 2, 0, 1)
  (0, 2, 1, 2, 0, 2, 0, 1)
  (0, 2, 1, 4, 0, 0, 0, 1)
  (0, 2, 0, 5, 0, 0, 0, 1)
  (0, 0, 0, 7, 0, 0, 0, 1)

Path 1358 (6 moves):
  (1, 1, 1, 1, 1, 1, 1, 1)
  (1, 1, 1, 2, 0, 1, 1, 1)
  (1, 1, 1, 2, 0, 2, 0, 1)
  (0, 2, 1, 2, 0, 2, 0, 1)
  (0, 2, 1, 4, 0, 0, 0, 1)
  (0, 2, 1, 0, 0, 0, 0, 5)
  (0, 3, 0, 0, 0, 0, 0, 5)

Path 1359 (6 moves):
  (1, 1, 1, 1, 1, 1, 1, 1)
  (1, 1, 1, 2, 0, 1, 1, 1)
  (1, 1, 1, 2, 0, 2, 0, 1)
  (0, 2, 1, 2, 0, 2, 0, 1)
  (0, 2, 1, 4, 0, 0, 0, 1)
  (0, 2, 1, 0, 0, 0, 0, 5)
  (0, 2, 6, 0, 0, 0, 0, 0)

Path 1360 (6 moves):
  (1, 1, 1, 1, 1, 1, 1, 1)
  (1, 1, 1, 2, 0, 1, 1, 1)
  (1, 1, 1, 2, 0, 2, 0, 1)
  (0, 2, 1, 2, 0, 2, 0, 1)
  (0, 2, 1, 2, 0, 0, 0, 3)
  (0, 0, 1, 4, 0, 0, 0, 3)
  (0, 0, 0, 5, 0, 0, 0, 3)

Path 1361 (6 moves):
  (1, 1, 1, 1, 1, 1, 1, 1)
  (1, 1, 1, 2, 0, 1, 1, 1)
  (1, 1, 1, 2, 0, 2, 0, 1)
  (0, 2, 1, 2, 0, 2, 0, 1)
  (0, 2, 1, 2, 0, 0, 0, 3)
  (0, 0, 1, 4, 0, 0, 0, 3)
  (0, 0, 1, 0, 0, 0, 0, 7)

Path 1362 (6 moves):
  (1, 1, 1, 1, 1, 1, 1, 1)
  (1, 1, 1, 2, 0, 1, 1, 1)
  (1, 1, 1, 2, 0, 2, 0, 1)
  (0, 2, 1, 2, 0, 2, 0, 1)
  (0, 2, 1, 2, 0, 0, 0, 3)
  (0, 3, 0, 2, 0, 0, 0, 3)
  (0, 5, 0, 0, 0, 0, 0, 3)

Path 1363 (6 moves):
  (1, 1, 1, 1, 1, 1, 1, 1)
  (1, 1, 1, 2, 0, 1, 1, 1)
  (1, 1, 1, 2, 0, 2, 0, 1)
  (0, 2, 1, 2, 0, 2, 0, 1)
  (0, 2, 1, 2, 0, 0, 0, 3)
  (0, 2, 0, 3, 0, 0, 0, 3)
  (0, 0, 0, 5, 0, 0, 0, 3)

Path 1364 (6 moves):
  (1, 1, 1, 1, 1, 1, 1, 1)
  (1, 1, 1, 2, 0, 1, 1, 1)
  (1, 1, 1, 2, 0, 2, 0, 1)
  (0, 2, 1, 2, 0, 2, 0, 1)
  (0, 2, 1, 2, 0, 0, 0, 3)
  (0, 4, 1, 0, 0, 0, 0, 3)
  (0, 5, 0, 0, 0, 0, 0, 3)

Path 1365 (6 moves):
  (1, 1, 1, 1, 1, 1, 1, 1)
  (1, 1, 1, 2, 0, 1, 1, 1)
  (1, 1, 1, 2, 0, 2, 0, 1)
  (2, 0, 1, 2, 0, 2, 0, 1)
  (2, 0, 1, 0, 0, 4, 0, 1)
  (0, 0, 3, 0, 0, 4, 0, 1)
  (0, 0, 0, 0, 0, 7, 0, 1)

Path 1366 (6 moves):
  (1, 1, 1, 1, 1, 1, 1, 1)
  (1, 1, 1, 2, 0, 1, 1, 1)
  (1, 1, 1, 2, 0, 2, 0, 1)
  (1, 0, 2, 2, 0, 2, 0, 1)
  (1, 0, 2, 4, 0, 0, 0, 1)
  (3, 0, 0, 4, 0, 0, 0, 1)
  (0, 0, 0, 7, 0, 0, 0, 1)

Path 1367 (6 moves):
  (1, 1, 1, 1, 1, 1, 1, 1)
  (1, 1, 1, 2, 0, 1, 1, 1)
  (1, 1, 1, 2, 0, 2, 0, 1)
  (1, 0, 2, 2, 0, 2, 0, 1)
  (1, 0, 2, 4, 0, 0, 0, 1)
  (3, 0, 0, 4, 0, 0, 0, 1)
  (3, 0, 0, 0, 0, 0, 0, 5)

Path 1368 (6 moves):
  (1, 1, 1, 1, 1, 1, 1, 1)
  (1, 1, 1, 2, 0, 1, 1, 1)
  (1, 1, 1, 2, 0, 2, 0, 1)
  (1, 0, 2, 2, 0, 2, 0, 1)
  (1, 0, 2, 4, 0, 0, 0, 1)
  (1, 0, 2, 0, 0, 0, 0, 5)
  (3, 0, 0, 0, 0, 0, 0, 5)

Path 1369 (6 moves):
  (1, 1, 1, 1, 1, 1, 1, 1)
  (1, 1, 1, 2, 0, 1, 1, 1)
  (1, 1, 1, 2, 0, 2, 0, 1)
  (1, 0, 2, 2, 0, 2, 0, 1)
  (1, 0, 2, 4, 0, 0, 0, 1)
  (1, 0, 2, 0, 0, 0, 0, 5)
  (1, 0, 7, 0, 0, 0, 0, 0)

Path 1370 (6 moves):
  (1, 1, 1, 1, 1, 1, 1, 1)
  (1, 1, 1, 2, 0, 1, 1, 1)
  (1, 1, 1, 2, 0, 2, 0, 1)
  (1, 0, 2, 2, 0, 2, 0, 1)
  (1, 0, 2, 2, 0, 0, 0, 3)
  (3, 0, 0, 2, 0, 0, 0, 3)
  (0, 0, 0, 5, 0, 0, 0, 3)

Path 1371 (6 moves):
  (1, 1, 1, 1, 1, 1, 1, 1)
  (1, 1, 1, 2, 0, 1, 1, 1)
  (1, 1, 1, 2, 0, 2, 0, 1)
  (1, 2, 0, 2, 0, 2, 0, 1)
  (0, 3, 0, 2, 0, 2, 0, 1)
  (0, 5, 0, 0, 0, 2, 0, 1)
  (0, 5, 0, 0, 0, 0, 0, 3)

Path 1372 (6 moves):
  (1, 1, 1, 1, 1, 1, 1, 1)
  (1, 1, 1, 2, 0, 1, 1, 1)
  (1, 1, 1, 2, 0, 2, 0, 1)
  (1, 2, 0, 2, 0, 2, 0, 1)
  (0, 3, 0, 2, 0, 2, 0, 1)
  (0, 3, 0, 0, 0, 4, 0, 1)
  (0, 7, 0, 0, 0, 0, 0, 1)

Path 1373 (6 moves):
  (1, 1, 1, 1, 1, 1, 1, 1)
  (1, 1, 1, 2, 0, 1, 1, 1)
  (1, 1, 1, 2, 0, 2, 0, 1)
  (1, 2, 0, 2, 0, 2, 0, 1)
  (0, 3, 0, 2, 0, 2, 0, 1)
  (0, 3, 0, 4, 0, 0, 0, 1)
  (0, 3, 0, 0, 0, 0, 0, 5)

Path 1374 (6 moves):
  (1, 1, 1, 1, 1, 1, 1, 1)
  (1, 1, 1, 2, 0, 1, 1, 1)
  (1, 1, 1, 2, 0, 2, 0, 1)
  (1, 2, 0, 2, 0, 2, 0, 1)
  (0, 3, 0, 2, 0, 2, 0, 1)
  (0, 3, 0, 2, 0, 0, 0, 3)
  (0, 5, 0, 0, 0, 0, 0, 3)

Path 1375 (6 moves):
  (1, 1, 1, 1, 1, 1, 1, 1)
  (1, 1, 1, 2, 0, 1, 1, 1)
  (1, 1, 1, 2, 0, 2, 0, 1)
  (1, 2, 0, 2, 0, 2, 0, 1)
  (1, 2, 0, 0, 0, 4, 0, 1)
  (0, 3, 0, 0, 0, 4, 0, 1)
  (0, 7, 0, 0, 0, 0, 0, 1)

Path 1376 (6 moves):
  (1, 1, 1, 1, 1, 1, 1, 1)
  (1, 1, 1, 2, 0, 1, 1, 1)
  (1, 1, 1, 2, 0, 2, 0, 1)
  (1, 2, 0, 2, 0, 2, 0, 1)
  (1, 2, 0, 0, 0, 4, 0, 1)
  (1, 6, 0, 0, 0, 0, 0, 1)
  (0, 7, 0, 0, 0, 0, 0, 1)

Path 1377 (6 moves):
  (1, 1, 1, 1, 1, 1, 1, 1)
  (1, 1, 1, 2, 0, 1, 1, 1)
  (1, 1, 1, 2, 0, 2, 0, 1)
  (1, 1, 0, 3, 0, 2, 0, 1)
  (0, 2, 0, 3, 0, 2, 0, 1)
  (0, 0, 0, 5, 0, 2, 0, 1)
  (0, 0, 0, 7, 0, 0, 0, 1)

Path 1378 (6 moves):
  (1, 1, 1, 1, 1, 1, 1, 1)
  (1, 1, 1, 2, 0, 1, 1, 1)
  (1, 1, 1, 2, 0, 2, 0, 1)
  (1, 1, 0, 3, 0, 2, 0, 1)
  (0, 2, 0, 3, 0, 2, 0, 1)
  (0, 0, 0, 5, 0, 2, 0, 1)
  (0, 0, 0, 5, 0, 0, 0, 3)

Path 1379 (6 moves):
  (1, 1, 1, 1, 1, 1, 1, 1)
  (1, 1, 1, 2, 0, 1, 1, 1)
  (1, 1, 1, 2, 0, 2, 0, 1)
  (1, 1, 0, 3, 0, 2, 0, 1)
  (0, 2, 0, 3, 0, 2, 0, 1)
  (0, 2, 0, 5, 0, 0, 0, 1)
  (0, 0, 0, 7, 0, 0, 0, 1)

Path 1380 (6 moves):
  (1, 1, 1, 1, 1, 1, 1, 1)
  (1, 1, 1, 2, 0, 1, 1, 1)
  (1, 1, 1, 2, 0, 2, 0, 1)
  (1, 1, 0, 3, 0, 2, 0, 1)
  (0, 2, 0, 3, 0, 2, 0, 1)
  (0, 2, 0, 3, 0, 0, 0, 3)
  (0, 0, 0, 5, 0, 0, 0, 3)

Path 1381 (6 moves):
  (1, 1, 1, 1, 1, 1, 1, 1)
  (1, 1, 1, 2, 0, 1, 1, 1)
  (1, 1, 1, 2, 0, 2, 0, 1)
  (1, 1, 0, 3, 0, 2, 0, 1)
  (4, 1, 0, 0, 0, 2, 0, 1)
  (5, 0, 0, 0, 0, 2, 0, 1)
  (0, 0, 0, 0, 0, 7, 0, 1)

Path 1382 (6 moves):
  (1, 1, 1, 1, 1, 1, 1, 1)
  (1, 1, 1, 2, 0, 1, 1, 1)
  (1, 1, 1, 2, 0, 2, 0, 1)
  (1, 1, 0, 3, 0, 2, 0, 1)
  (4, 1, 0, 0, 0, 2, 0, 1)
  (5, 0, 0, 0, 0, 2, 0, 1)
  (5, 0, 0, 0, 0, 0, 0, 3)

Path 1383 (6 moves):
  (1, 1, 1, 1, 1, 1, 1, 1)
  (1, 1, 1, 2, 0, 1, 1, 1)
  (1, 1, 1, 2, 0, 2, 0, 1)
  (1, 1, 0, 3, 0, 2, 0, 1)
  (4, 1, 0, 0, 0, 2, 0, 1)
  (4, 1, 0, 0, 0, 0, 0, 3)
  (5, 0, 0, 0, 0, 0, 0, 3)

Path 1384 (6 moves):
  (1, 1, 1, 1, 1, 1, 1, 1)
  (1, 1, 1, 2, 0, 1, 1, 1)
  (1, 1, 1, 2, 0, 2, 0, 1)
  (1, 1, 0, 3, 0, 2, 0, 1)
  (1, 1, 0, 3, 0, 0, 0, 3)
  (0, 2, 0, 3, 0, 0, 0, 3)
  (0, 0, 0, 5, 0, 0, 0, 3)

Path 1385 (6 moves):
  (1, 1, 1, 1, 1, 1, 1, 1)
  (1, 1, 1, 2, 0, 1, 1, 1)
  (1, 1, 1, 2, 0, 2, 0, 1)
  (1, 1, 0, 3, 0, 2, 0, 1)
  (1, 1, 0, 3, 0, 0, 0, 3)
  (2, 0, 0, 3, 0, 0, 0, 3)
  (5, 0, 0, 0, 0, 0, 0, 3)

Path 1386 (6 moves):
  (1, 1, 1, 1, 1, 1, 1, 1)
  (1, 1, 1, 2, 0, 1, 1, 1)
  (1, 1, 1, 2, 0, 2, 0, 1)
  (1, 1, 0, 3, 0, 2, 0, 1)
  (1, 1, 0, 3, 0, 0, 0, 3)
  (4, 1, 0, 0, 0, 0, 0, 3)
  (5, 0, 0, 0, 0, 0, 0, 3)

Path 1387 (6 moves):
  (1, 1, 1, 1, 1, 1, 1, 1)
  (1, 1, 1, 2, 0, 1, 1, 1)
  (1, 1, 1, 2, 0, 2, 0, 1)
  (1, 3, 1, 0, 0, 2, 0, 1)
  (1, 3, 1, 0, 0, 0, 0, 3)
  (0, 4, 1, 0, 0, 0, 0, 3)
  (0, 5, 0, 0, 0, 0, 0, 3)

Path 1388 (6 moves):
  (1, 1, 1, 1, 1, 1, 1, 1)
  (1, 1, 1, 2, 0, 1, 1, 1)
  (1, 1, 1, 2, 0, 2, 0, 1)
  (1, 3, 1, 0, 0, 2, 0, 1)
  (1, 3, 1, 0, 0, 0, 0, 3)
  (1, 4, 0, 0, 0, 0, 0, 3)
  (0, 5, 0, 0, 0, 0, 0, 3)

Path 1389 (6 moves):
  (1, 1, 1, 1, 1, 1, 1, 1)
  (1, 1, 1, 2, 0, 1, 1, 1)
  (1, 1, 1, 2, 0, 2, 0, 1)
  (1, 1, 1, 0, 0, 4, 0, 1)
  (0, 2, 1, 0, 0, 4, 0, 1)
  (0, 3, 0, 0, 0, 4, 0, 1)
  (0, 7, 0, 0, 0, 0, 0, 1)

Path 1390 (6 moves):
  (1, 1, 1, 1, 1, 1, 1, 1)
  (1, 1, 1, 2, 0, 1, 1, 1)
  (1, 1, 1, 2, 0, 2, 0, 1)
  (1, 1, 1, 0, 0, 4, 0, 1)
  (0, 2, 1, 0, 0, 4, 0, 1)
  (0, 6, 1, 0, 0, 0, 0, 1)
  (0, 0, 1, 0, 0, 0, 0, 7)

Path 1391 (6 moves):
  (1, 1, 1, 1, 1, 1, 1, 1)
  (1, 1, 1, 2, 0, 1, 1, 1)
  (1, 1, 1, 2, 0, 2, 0, 1)
  (1, 1, 1, 0, 0, 4, 0, 1)
  (0, 2, 1, 0, 0, 4, 0, 1)
  (0, 6, 1, 0, 0, 0, 0, 1)
  (0, 7, 0, 0, 0, 0, 0, 1)

Path 1392 (6 moves):
  (1, 1, 1, 1, 1, 1, 1, 1)
  (1, 1, 1, 2, 0, 1, 1, 1)
  (1, 1, 1, 2, 0, 2, 0, 1)
  (1, 1, 1, 0, 0, 4, 0, 1)
  (2, 0, 1, 0, 0, 4, 0, 1)
  (0, 0, 3, 0, 0, 4, 0, 1)
  (0, 0, 0, 0, 0, 7, 0, 1)

Path 1393 (6 moves):
  (1, 1, 1, 1, 1, 1, 1, 1)
  (1, 1, 1, 2, 0, 1, 1, 1)
  (1, 1, 1, 2, 0, 2, 0, 1)
  (1, 1, 1, 0, 0, 4, 0, 1)
  (1, 2, 0, 0, 0, 4, 0, 1)
  (0, 3, 0, 0, 0, 4, 0, 1)
  (0, 7, 0, 0, 0, 0, 0, 1)

Path 1394 (6 moves):
  (1, 1, 1, 1, 1, 1, 1, 1)
  (1, 1, 1, 2, 0, 1, 1, 1)
  (1, 1, 1, 2, 0, 2, 0, 1)
  (1, 1, 1, 0, 0, 4, 0, 1)
  (1, 2, 0, 0, 0, 4, 0, 1)
  (1, 6, 0, 0, 0, 0, 0, 1)
  (0, 7, 0, 0, 0, 0, 0, 1)

Path 1395 (6 moves):
  (1, 1, 1, 1, 1, 1, 1, 1)
  (1, 1, 1, 2, 0, 1, 1, 1)
  (1, 1, 1, 2, 0, 2, 0, 1)
  (1, 1, 1, 0, 0, 4, 0, 1)
  (1, 5, 1, 0, 0, 0, 0, 1)
  (0, 6, 1, 0, 0, 0, 0, 1)
  (0, 0, 1, 0, 0, 0, 0, 7)

Path 1396 (6 moves):
  (1, 1, 1, 1, 1, 1, 1, 1)
  (1, 1, 1, 2, 0, 1, 1, 1)
  (1, 1, 1, 2, 0, 2, 0, 1)
  (1, 1, 1, 0, 0, 4, 0, 1)
  (1, 5, 1, 0, 0, 0, 0, 1)
  (0, 6, 1, 0, 0, 0, 0, 1)
  (0, 7, 0, 0, 0, 0, 0, 1)

Path 1397 (6 moves):
  (1, 1, 1, 1, 1, 1, 1, 1)
  (1, 1, 1, 2, 0, 1, 1, 1)
  (1, 1, 1, 2, 0, 2, 0, 1)
  (1, 1, 1, 0, 0, 4, 0, 1)
  (1, 5, 1, 0, 0, 0, 0, 1)
  (1, 6, 0, 0, 0, 0, 0, 1)
  (0, 7, 0, 0, 0, 0, 0, 1)

Path 1398 (6 moves):
  (1, 1, 1, 1, 1, 1, 1, 1)
  (1, 1, 1, 2, 0, 1, 1, 1)
  (1, 1, 1, 2, 0, 2, 0, 1)
  (1, 1, 1, 4, 0, 0, 0, 1)
  (0, 2, 1, 4, 0, 0, 0, 1)
  (0, 0, 1, 6, 0, 0, 0, 1)
  (0, 0, 0, 7, 0, 0, 0, 1)

Path 1399 (6 moves):
  (1, 1, 1, 1, 1, 1, 1, 1)
  (1, 1, 1, 2, 0, 1, 1, 1)
  (1, 1, 1, 2, 0, 2, 0, 1)
  (1, 1, 1, 4, 0, 0, 0, 1)
  (0, 2, 1, 4, 0, 0, 0, 1)
  (0, 3, 0, 4, 0, 0, 0, 1)
  (0, 3, 0, 0, 0, 0, 0, 5)

Path 1400 (6 moves):
  (1, 1, 1, 1, 1, 1, 1, 1)
  (1, 1, 1, 2, 0, 1, 1, 1)
  (1, 1, 1, 2, 0, 2, 0, 1)
  (1, 1, 1, 4, 0, 0, 0, 1)
  (0, 2, 1, 4, 0, 0, 0, 1)
  (0, 2, 0, 5, 0, 0, 0, 1)
  (0, 0, 0, 7, 0, 0, 0, 1)

Path 1401 (6 moves):
  (1, 1, 1, 1, 1, 1, 1, 1)
  (1, 1, 1, 2, 0, 1, 1, 1)
  (1, 1, 1, 2, 0, 2, 0, 1)
  (1, 1, 1, 4, 0, 0, 0, 1)
  (0, 2, 1, 4, 0, 0, 0, 1)
  (0, 2, 1, 0, 0, 0, 0, 5)
  (0, 3, 0, 0, 0, 0, 0, 5)

Path 1402 (6 moves):
  (1, 1, 1, 1, 1, 1, 1, 1)
  (1, 1, 1, 2, 0, 1, 1, 1)
  (1, 1, 1, 2, 0, 2, 0, 1)
  (1, 1, 1, 4, 0, 0, 0, 1)
  (0, 2, 1, 4, 0, 0, 0, 1)
  (0, 2, 1, 0, 0, 0, 0, 5)
  (0, 2, 6, 0, 0, 0, 0, 0)

Path 1403 (6 moves):
  (1, 1, 1, 1, 1, 1, 1, 1)
  (1, 1, 1, 2, 0, 1, 1, 1)
  (1, 1, 1, 2, 0, 2, 0, 1)
  (1, 1, 1, 4, 0, 0, 0, 1)
  (1, 0, 2, 4, 0, 0, 0, 1)
  (3, 0, 0, 4, 0, 0, 0, 1)
  (0, 0, 0, 7, 0, 0, 0, 1)

Path 1404 (6 moves):
  (1, 1, 1, 1, 1, 1, 1, 1)
  (1, 1, 1, 2, 0, 1, 1, 1)
  (1, 1, 1, 2, 0, 2, 0, 1)
  (1, 1, 1, 4, 0, 0, 0, 1)
  (1, 0, 2, 4, 0, 0, 0, 1)
  (3, 0, 0, 4, 0, 0, 0, 1)
  (3, 0, 0, 0, 0, 0, 0, 5)

Path 1405 (6 moves):
  (1, 1, 1, 1, 1, 1, 1, 1)
  (1, 1, 1, 2, 0, 1, 1, 1)
  (1, 1, 1, 2, 0, 2, 0, 1)
  (1, 1, 1, 4, 0, 0, 0, 1)
  (1, 0, 2, 4, 0, 0, 0, 1)
  (1, 0, 2, 0, 0, 0, 0, 5)
  (3, 0, 0, 0, 0, 0, 0, 5)

Path 1406 (6 moves):
  (1, 1, 1, 1, 1, 1, 1, 1)
  (1, 1, 1, 2, 0, 1, 1, 1)
  (1, 1, 1, 2, 0, 2, 0, 1)
  (1, 1, 1, 4, 0, 0, 0, 1)
  (1, 0, 2, 4, 0, 0, 0, 1)
  (1, 0, 2, 0, 0, 0, 0, 5)
  (1, 0, 7, 0, 0, 0, 0, 0)

Path 1407 (6 moves):
  (1, 1, 1, 1, 1, 1, 1, 1)
  (1, 1, 1, 2, 0, 1, 1, 1)
  (1, 1, 1, 2, 0, 2, 0, 1)
  (1, 1, 1, 2, 0, 0, 0, 3)
  (0, 2, 1, 2, 0, 0, 0, 3)
  (0, 0, 1, 4, 0, 0, 0, 3)
  (0, 0, 0, 5, 0, 0, 0, 3)

Path 1408 (6 moves):
  (1, 1, 1, 1, 1, 1, 1, 1)
  (1, 1, 1, 2, 0, 1, 1, 1)
  (1, 1, 1, 2, 0, 2, 0, 1)
  (1, 1, 1, 2, 0, 0, 0, 3)
  (0, 2, 1, 2, 0, 0, 0, 3)
  (0, 0, 1, 4, 0, 0, 0, 3)
  (0, 0, 1, 0, 0, 0, 0, 7)

Path 1409 (6 moves):
  (1, 1, 1, 1, 1, 1, 1, 1)
  (1, 1, 1, 2, 0, 1, 1, 1)
  (1, 1, 1, 2, 0, 2, 0, 1)
  (1, 1, 1, 2, 0, 0, 0, 3)
  (0, 2, 1, 2, 0, 0, 0, 3)
  (0, 3, 0, 2, 0, 0, 0, 3)
  (0, 5, 0, 0, 0, 0, 0, 3)

Path 1410 (6 moves):
  (1, 1, 1, 1, 1, 1, 1, 1)
  (1, 1, 1, 2, 0, 1, 1, 1)
  (1, 1, 1, 2, 0, 2, 0, 1)
  (1, 1, 1, 2, 0, 0, 0, 3)
  (0, 2, 1, 2, 0, 0, 0, 3)
  (0, 2, 0, 3, 0, 0, 0, 3)
  (0, 0, 0, 5, 0, 0, 0, 3)

Path 1411 (6 moves):
  (1, 1, 1, 1, 1, 1, 1, 1)
  (1, 1, 1, 2, 0, 1, 1, 1)
  (1, 1, 1, 2, 0, 2, 0, 1)
  (1, 1, 1, 2, 0, 0, 0, 3)
  (0, 2, 1, 2, 0, 0, 0, 3)
  (0, 4, 1, 0, 0, 0, 0, 3)
  (0, 5, 0, 0, 0, 0, 0, 3)

Path 1412 (6 moves):
  (1, 1, 1, 1, 1, 1, 1, 1)
  (1, 1, 1, 2, 0, 1, 1, 1)
  (1, 1, 1, 2, 0, 2, 0, 1)
  (1, 1, 1, 2, 0, 0, 0, 3)
  (1, 0, 2, 2, 0, 0, 0, 3)
  (3, 0, 0, 2, 0, 0, 0, 3)
  (0, 0, 0, 5, 0, 0, 0, 3)

Path 1413 (6 moves):
  (1, 1, 1, 1, 1, 1, 1, 1)
  (1, 1, 1, 2, 0, 1, 1, 1)
  (1, 1, 1, 2, 0, 2, 0, 1)
  (1, 1, 1, 2, 0, 0, 0, 3)
  (1, 1, 0, 3, 0, 0, 0, 3)
  (0, 2, 0, 3, 0, 0, 0, 3)
  (0, 0, 0, 5, 0, 0, 0, 3)

Path 1414 (6 moves):
  (1, 1, 1, 1, 1, 1, 1, 1)
  (1, 1, 1, 2, 0, 1, 1, 1)
  (1, 1, 1, 2, 0, 2, 0, 1)
  (1, 1, 1, 2, 0, 0, 0, 3)
  (1, 1, 0, 3, 0, 0, 0, 3)
  (2, 0, 0, 3, 0, 0, 0, 3)
  (5, 0, 0, 0, 0, 0, 0, 3)

Path 1415 (6 moves):
  (1, 1, 1, 1, 1, 1, 1, 1)
  (1, 1, 1, 2, 0, 1, 1, 1)
  (1, 1, 1, 2, 0, 2, 0, 1)
  (1, 1, 1, 2, 0, 0, 0, 3)
  (1, 1, 0, 3, 0, 0, 0, 3)
  (4, 1, 0, 0, 0, 0, 0, 3)
  (5, 0, 0, 0, 0, 0, 0, 3)

Path 1416 (6 moves):
  (1, 1, 1, 1, 1, 1, 1, 1)
  (1, 1, 1, 2, 0, 1, 1, 1)
  (1, 1, 1, 2, 0, 2, 0, 1)
  (1, 1, 1, 2, 0, 0, 0, 3)
  (1, 3, 1, 0, 0, 0, 0, 3)
  (0, 4, 1, 0, 0, 0, 0, 3)
  (0, 5, 0, 0, 0, 0, 0, 3)

Path 1417 (6 moves):
  (1, 1, 1, 1, 1, 1, 1, 1)
  (1, 1, 1, 2, 0, 1, 1, 1)
  (1, 1, 1, 2, 0, 2, 0, 1)
  (1, 1, 1, 2, 0, 0, 0, 3)
  (1, 3, 1, 0, 0, 0, 0, 3)
  (1, 4, 0, 0, 0, 0, 0, 3)
  (0, 5, 0, 0, 0, 0, 0, 3)

Path 1418 (6 moves):
  (1, 1, 1, 1, 1, 1, 1, 1)
  (1, 1, 1, 1, 0, 2, 1, 1)
  (0, 2, 1, 1, 0, 2, 1, 1)
  (0, 0, 1, 3, 0, 2, 1, 1)
  (0, 0, 1, 5, 0, 0, 1, 1)
  (0, 0, 0, 6, 0, 0, 1, 1)
  (0, 0, 0, 6, 0, 0, 0, 2)

Path 1419 (6 moves):
  (1, 1, 1, 1, 1, 1, 1, 1)
  (1, 1, 1, 1, 0, 2, 1, 1)
  (0, 2, 1, 1, 0, 2, 1, 1)
  (0, 0, 1, 3, 0, 2, 1, 1)
  (0, 0, 1, 5, 0, 0, 1, 1)
  (0, 0, 0, 6, 0, 0, 1, 1)
  (0, 0, 0, 6, 0, 0, 2, 0)

Path 1420 (6 moves):
  (1, 1, 1, 1, 1, 1, 1, 1)
  (1, 1, 1, 1, 0, 2, 1, 1)
  (0, 2, 1, 1, 0, 2, 1, 1)
  (0, 0, 1, 3, 0, 2, 1, 1)
  (0, 0, 1, 5, 0, 0, 1, 1)
  (0, 0, 1, 5, 0, 0, 0, 2)
  (0, 0, 0, 6, 0, 0, 0, 2)

Path 1421 (6 moves):
  (1, 1, 1, 1, 1, 1, 1, 1)
  (1, 1, 1, 1, 0, 2, 1, 1)
  (0, 2, 1, 1, 0, 2, 1, 1)
  (0, 0, 1, 3, 0, 2, 1, 1)
  (0, 0, 1, 5, 0, 0, 1, 1)
  (0, 0, 1, 5, 0, 0, 2, 0)
  (0, 0, 0, 6, 0, 0, 2, 0)

Path 1422 (6 moves):
  (1, 1, 1, 1, 1, 1, 1, 1)
  (1, 1, 1, 1, 0, 2, 1, 1)
  (0, 2, 1, 1, 0, 2, 1, 1)
  (0, 3, 0, 1, 0, 2, 1, 1)
  (0, 3, 0, 1, 0, 0, 1, 3)
  (0, 3, 0, 1, 0, 0, 0, 4)
  (0, 3, 0, 5, 0, 0, 0, 0)

Path 1423 (4 moves):
  (1, 1, 1, 1, 1, 1, 1, 1)
  (1, 1, 1, 1, 0, 2, 1, 1)
  (0, 2, 1, 1, 0, 2, 1, 1)
  (0, 3, 0, 1, 0, 2, 1, 1)
  (0, 3, 0, 1, 0, 3, 0, 1)

Path 1424 (6 moves):
  (1, 1, 1, 1, 1, 1, 1, 1)
  (1, 1, 1, 1, 0, 2, 1, 1)
  (0, 2, 1, 1, 0, 2, 1, 1)
  (0, 2, 0, 2, 0, 2, 1, 1)
  (0, 4, 0, 0, 0, 2, 1, 1)
  (0, 0, 0, 0, 0, 6, 1, 1)
  (0, 0, 0, 0, 0, 7, 0, 1)

Path 1425 (6 moves):
  (1, 1, 1, 1, 1, 1, 1, 1)
  (1, 1, 1, 1, 0, 2, 1, 1)
  (0, 2, 1, 1, 0, 2, 1, 1)
  (0, 2, 0, 2, 0, 2, 1, 1)
  (0, 4, 0, 0, 0, 2, 1, 1)
  (0, 0, 0, 0, 0, 6, 1, 1)
  (0, 0, 0, 0, 0, 6, 2, 0)

Path 1426 (6 moves):
  (1, 1, 1, 1, 1, 1, 1, 1)
  (1, 1, 1, 1, 0, 2, 1, 1)
  (0, 2, 1, 1, 0, 2, 1, 1)
  (0, 2, 0, 2, 0, 2, 1, 1)
  (0, 4, 0, 0, 0, 2, 1, 1)
  (0, 4, 0, 0, 0, 0, 1, 3)
  (0, 4, 0, 0, 0, 0, 0, 4)

Path 1427 (6 moves):
  (1, 1, 1, 1, 1, 1, 1, 1)
  (1, 1, 1, 1, 0, 2, 1, 1)
  (0, 2, 1, 1, 0, 2, 1, 1)
  (0, 2, 0, 2, 0, 2, 1, 1)
  (0, 4, 0, 0, 0, 2, 1, 1)
  (0, 4, 0, 0, 0, 3, 0, 1)
  (0, 0, 0, 0, 0, 7, 0, 1)

Path 1428 (6 moves):
  (1, 1, 1, 1, 1, 1, 1, 1)
  (1, 1, 1, 1, 0, 2, 1, 1)
  (0, 2, 1, 1, 0, 2, 1, 1)
  (0, 2, 0, 2, 0, 2, 1, 1)
  (0, 4, 0, 0, 0, 2, 1, 1)
  (0, 4, 0, 0, 0, 2, 0, 2)
  (0, 4, 0, 0, 0, 0, 0, 4)

Path 1429 (6 moves):
  (1, 1, 1, 1, 1, 1, 1, 1)
  (1, 1, 1, 1, 0, 2, 1, 1)
  (0, 2, 1, 1, 0, 2, 1, 1)
  (0, 2, 0, 2, 0, 2, 1, 1)
  (0, 4, 0, 0, 0, 2, 1, 1)
  (0, 4, 0, 0, 0, 2, 2, 0)
  (0, 0, 0, 0, 0, 6, 2, 0)

Path 1430 (6 moves):
  (1, 1, 1, 1, 1, 1, 1, 1)
  (1, 1, 1, 1, 0, 2, 1, 1)
  (0, 2, 1, 1, 0, 2, 1, 1)
  (0, 2, 0, 2, 0, 2, 1, 1)
  (0, 2, 0, 2, 0, 2, 0, 2)
  (0, 0, 0, 4, 0, 2, 0, 2)
  (0, 0, 0, 6, 0, 0, 0, 2)

Path 1431 (6 moves):
  (1, 1, 1, 1, 1, 1, 1, 1)
  (1, 1, 1, 1, 0, 2, 1, 1)
  (0, 2, 1, 1, 0, 2, 1, 1)
  (0, 2, 0, 2, 0, 2, 1, 1)
  (0, 2, 0, 2, 0, 2, 0, 2)
  (0, 0, 0, 4, 0, 2, 0, 2)
  (0, 0, 0, 4, 0, 4, 0, 0)

Path 1432 (6 moves):
  (1, 1, 1, 1, 1, 1, 1, 1)
  (1, 1, 1, 1, 0, 2, 1, 1)
  (0, 2, 1, 1, 0, 2, 1, 1)
  (0, 2, 0, 2, 0, 2, 1, 1)
  (0, 2, 0, 2, 0, 2, 0, 2)
  (0, 4, 0, 0, 0, 2, 0, 2)
  (0, 4, 0, 0, 0, 0, 0, 4)

Path 1433 (6 moves):
  (1, 1, 1, 1, 1, 1, 1, 1)
  (1, 1, 1, 1, 0, 2, 1, 1)
  (0, 2, 1, 1, 0, 2, 1, 1)
  (0, 2, 0, 2, 0, 2, 1, 1)
  (0, 2, 0, 2, 0, 2, 0, 2)
  (0, 2, 0, 0, 0, 4, 0, 2)
  (0, 2, 0, 0, 0, 6, 0, 0)

Path 1434 (6 moves):
  (1, 1, 1, 1, 1, 1, 1, 1)
  (1, 1, 1, 1, 0, 2, 1, 1)
  (0, 2, 1, 1, 0, 2, 1, 1)
  (0, 2, 0, 2, 0, 2, 1, 1)
  (0, 2, 0, 2, 0, 2, 0, 2)
  (0, 2, 0, 4, 0, 0, 0, 2)
  (0, 0, 0, 6, 0, 0, 0, 2)

Path 1435 (6 moves):
  (1, 1, 1, 1, 1, 1, 1, 1)
  (1, 1, 1, 1, 0, 2, 1, 1)
  (0, 2, 1, 1, 0, 2, 1, 1)
  (0, 2, 0, 2, 0, 2, 1, 1)
  (0, 2, 0, 2, 0, 2, 0, 2)
  (0, 2, 0, 2, 0, 0, 0, 4)
  (0, 4, 0, 0, 0, 0, 0, 4)

Path 1436 (6 moves):
  (1, 1, 1, 1, 1, 1, 1, 1)
  (1, 1, 1, 1, 0, 2, 1, 1)
  (0, 2, 1, 1, 0, 2, 1, 1)
  (0, 2, 0, 2, 0, 2, 1, 1)
  (0, 2, 0, 2, 0, 2, 0, 2)
  (0, 2, 0, 2, 0, 4, 0, 0)
  (0, 0, 0, 4, 0, 4, 0, 0)

Path 1437 (6 moves):
  (1, 1, 1, 1, 1, 1, 1, 1)
  (1, 1, 1, 1, 0, 2, 1, 1)
  (0, 2, 1, 1, 0, 2, 1, 1)
  (0, 2, 0, 2, 0, 2, 1, 1)
  (0, 2, 0, 2, 0, 2, 0, 2)
  (0, 2, 0, 2, 0, 4, 0, 0)
  (0, 2, 0, 0, 0, 6, 0, 0)

Path 1438 (6 moves):
  (1, 1, 1, 1, 1, 1, 1, 1)
  (1, 1, 1, 1, 0, 2, 1, 1)
  (0, 2, 1, 1, 0, 2, 1, 1)
  (0, 2, 0, 2, 0, 2, 1, 1)
  (0, 2, 0, 2, 0, 2, 2, 0)
  (0, 0, 0, 4, 0, 2, 2, 0)
  (0, 0, 0, 6, 0, 0, 2, 0)

Path 1439 (6 moves):
  (1, 1, 1, 1, 1, 1, 1, 1)
  (1, 1, 1, 1, 0, 2, 1, 1)
  (0, 2, 1, 1, 0, 2, 1, 1)
  (0, 2, 0, 2, 0, 2, 1, 1)
  (0, 2, 0, 2, 0, 2, 2, 0)
  (0, 4, 0, 0, 0, 2, 2, 0)
  (0, 0, 0, 0, 0, 6, 2, 0)

Path 1440 (6 moves):
  (1, 1, 1, 1, 1, 1, 1, 1)
  (1, 1, 1, 1, 0, 2, 1, 1)
  (0, 2, 1, 1, 0, 2, 1, 1)
  (0, 2, 0, 2, 0, 2, 1, 1)
  (0, 2, 0, 2, 0, 2, 2, 0)
  (0, 2, 0, 0, 0, 4, 2, 0)
  (0, 6, 0, 0, 0, 0, 2, 0)

Path 1441 (6 moves):
  (1, 1, 1, 1, 1, 1, 1, 1)
  (1, 1, 1, 1, 0, 2, 1, 1)
  (0, 2, 1, 1, 0, 2, 1, 1)
  (0, 2, 0, 2, 0, 2, 1, 1)
  (0, 2, 0, 2, 0, 2, 2, 0)
  (0, 2, 0, 4, 0, 0, 2, 0)
  (0, 0, 0, 6, 0, 0, 2, 0)

Path 1442 (4 moves):
  (1, 1, 1, 1, 1, 1, 1, 1)
  (1, 1, 1, 1, 0, 2, 1, 1)
  (0, 2, 1, 1, 0, 2, 1, 1)
  (0, 2, 2, 0, 0, 2, 1, 1)
  (0, 2, 2, 0, 0, 2, 2, 0)

Path 1443 (6 moves):
  (1, 1, 1, 1, 1, 1, 1, 1)
  (1, 1, 1, 1, 0, 2, 1, 1)
  (0, 2, 1, 1, 0, 2, 1, 1)
  (0, 2, 1, 3, 0, 0, 1, 1)
  (0, 0, 1, 5, 0, 0, 1, 1)
  (0, 0, 0, 6, 0, 0, 1, 1)
  (0, 0, 0, 6, 0, 0, 0, 2)

Path 1444 (6 moves):
  (1, 1, 1, 1, 1, 1, 1, 1)
  (1, 1, 1, 1, 0, 2, 1, 1)
  (0, 2, 1, 1, 0, 2, 1, 1)
  (0, 2, 1, 3, 0, 0, 1, 1)
  (0, 0, 1, 5, 0, 0, 1, 1)
  (0, 0, 0, 6, 0, 0, 1, 1)
  (0, 0, 0, 6, 0, 0, 2, 0)

Path 1445 (6 moves):
  (1, 1, 1, 1, 1, 1, 1, 1)
  (1, 1, 1, 1, 0, 2, 1, 1)
  (0, 2, 1, 1, 0, 2, 1, 1)
  (0, 2, 1, 3, 0, 0, 1, 1)
  (0, 0, 1, 5, 0, 0, 1, 1)
  (0, 0, 1, 5, 0, 0, 0, 2)
  (0, 0, 0, 6, 0, 0, 0, 2)

Path 1446 (6 moves):
  (1, 1, 1, 1, 1, 1, 1, 1)
  (1, 1, 1, 1, 0, 2, 1, 1)
  (0, 2, 1, 1, 0, 2, 1, 1)
  (0, 2, 1, 3, 0, 0, 1, 1)
  (0, 0, 1, 5, 0, 0, 1, 1)
  (0, 0, 1, 5, 0, 0, 2, 0)
  (0, 0, 0, 6, 0, 0, 2, 0)

Path 1447 (6 moves):
  (1, 1, 1, 1, 1, 1, 1, 1)
  (1, 1, 1, 1, 0, 2, 1, 1)
  (0, 2, 1, 1, 0, 2, 1, 1)
  (0, 2, 1, 1, 0, 0, 1, 3)
  (0, 3, 0, 1, 0, 0, 1, 3)
  (0, 3, 0, 1, 0, 0, 0, 4)
  (0, 3, 0, 5, 0, 0, 0, 0)

Path 1448 (4 moves):
  (1, 1, 1, 1, 1, 1, 1, 1)
  (1, 1, 1, 1, 0, 2, 1, 1)
  (0, 2, 1, 1, 0, 2, 1, 1)
  (0, 2, 1, 1, 0, 3, 0, 1)
  (0, 3, 0, 1, 0, 3, 0, 1)

Path 1449 (6 moves):
  (1, 1, 1, 1, 1, 1, 1, 1)
  (1, 1, 1, 1, 0, 2, 1, 1)
  (0, 2, 1, 1, 0, 2, 1, 1)
  (0, 2, 1, 1, 0, 2, 0, 2)
  (0, 2, 0, 2, 0, 2, 0, 2)
  (0, 0, 0, 4, 0, 2, 0, 2)
  (0, 0, 0, 6, 0, 0, 0, 2)

Path 1450 (6 moves):
  (1, 1, 1, 1, 1, 1, 1, 1)
  (1, 1, 1, 1, 0, 2, 1, 1)
  (0, 2, 1, 1, 0, 2, 1, 1)
  (0, 2, 1, 1, 0, 2, 0, 2)
  (0, 2, 0, 2, 0, 2, 0, 2)
  (0, 0, 0, 4, 0, 2, 0, 2)
  (0, 0, 0, 4, 0, 4, 0, 0)

Path 1451 (6 moves):
  (1, 1, 1, 1, 1, 1, 1, 1)
  (1, 1, 1, 1, 0, 2, 1, 1)
  (0, 2, 1, 1, 0, 2, 1, 1)
  (0, 2, 1, 1, 0, 2, 0, 2)
  (0, 2, 0, 2, 0, 2, 0, 2)
  (0, 4, 0, 0, 0, 2, 0, 2)
  (0, 4, 0, 0, 0, 0, 0, 4)

Path 1452 (6 moves):
  (1, 1, 1, 1, 1, 1, 1, 1)
  (1, 1, 1, 1, 0, 2, 1, 1)
  (0, 2, 1, 1, 0, 2, 1, 1)
  (0, 2, 1, 1, 0, 2, 0, 2)
  (0, 2, 0, 2, 0, 2, 0, 2)
  (0, 2, 0, 0, 0, 4, 0, 2)
  (0, 2, 0, 0, 0, 6, 0, 0)

Path 1453 (6 moves):
  (1, 1, 1, 1, 1, 1, 1, 1)
  (1, 1, 1, 1, 0, 2, 1, 1)
  (0, 2, 1, 1, 0, 2, 1, 1)
  (0, 2, 1, 1, 0, 2, 0, 2)
  (0, 2, 0, 2, 0, 2, 0, 2)
  (0, 2, 0, 4, 0, 0, 0, 2)
  (0, 0, 0, 6, 0, 0, 0, 2)

Path 1454 (6 moves):
  (1, 1, 1, 1, 1, 1, 1, 1)
  (1, 1, 1, 1, 0, 2, 1, 1)
  (0, 2, 1, 1, 0, 2, 1, 1)
  (0, 2, 1, 1, 0, 2, 0, 2)
  (0, 2, 0, 2, 0, 2, 0, 2)
  (0, 2, 0, 2, 0, 0, 0, 4)
  (0, 4, 0, 0, 0, 0, 0, 4)

Path 1455 (6 moves):
  (1, 1, 1, 1, 1, 1, 1, 1)
  (1, 1, 1, 1, 0, 2, 1, 1)
  (0, 2, 1, 1, 0, 2, 1, 1)
  (0, 2, 1, 1, 0, 2, 0, 2)
  (0, 2, 0, 2, 0, 2, 0, 2)
  (0, 2, 0, 2, 0, 4, 0, 0)
  (0, 0, 0, 4, 0, 4, 0, 0)

Path 1456 (6 moves):
  (1, 1, 1, 1, 1, 1, 1, 1)
  (1, 1, 1, 1, 0, 2, 1, 1)
  (0, 2, 1, 1, 0, 2, 1, 1)
  (0, 2, 1, 1, 0, 2, 0, 2)
  (0, 2, 0, 2, 0, 2, 0, 2)
  (0, 2, 0, 2, 0, 4, 0, 0)
  (0, 2, 0, 0, 0, 6, 0, 0)

Path 1457 (6 moves):
  (1, 1, 1, 1, 1, 1, 1, 1)
  (1, 1, 1, 1, 0, 2, 1, 1)
  (0, 2, 1, 1, 0, 2, 1, 1)
  (0, 2, 1, 1, 0, 2, 0, 2)
  (0, 2, 1, 1, 0, 4, 0, 0)
  (0, 0, 1, 3, 0, 4, 0, 0)
  (0, 0, 0, 4, 0, 4, 0, 0)

Path 1458 (6 moves):
  (1, 1, 1, 1, 1, 1, 1, 1)
  (1, 1, 1, 1, 0, 2, 1, 1)
  (0, 2, 1, 1, 0, 2, 1, 1)
  (0, 2, 1, 1, 0, 2, 0, 2)
  (0, 2, 1, 1, 0, 4, 0, 0)
  (0, 3, 0, 1, 0, 4, 0, 0)
  (0, 7, 0, 1, 0, 0, 0, 0)

Path 1459 (6 moves):
  (1, 1, 1, 1, 1, 1, 1, 1)
  (1, 1, 1, 1, 0, 2, 1, 1)
  (0, 2, 1, 1, 0, 2, 1, 1)
  (0, 2, 1, 1, 0, 2, 0, 2)
  (0, 2, 1, 1, 0, 4, 0, 0)
  (0, 2, 0, 2, 0, 4, 0, 0)
  (0, 0, 0, 4, 0, 4, 0, 0)

Path 1460 (6 moves):
  (1, 1, 1, 1, 1, 1, 1, 1)
  (1, 1, 1, 1, 0, 2, 1, 1)
  (0, 2, 1, 1, 0, 2, 1, 1)
  (0, 2, 1, 1, 0, 2, 0, 2)
  (0, 2, 1, 1, 0, 4, 0, 0)
  (0, 2, 0, 2, 0, 4, 0, 0)
  (0, 2, 0, 0, 0, 6, 0, 0)

Path 1461 (6 moves):
  (1, 1, 1, 1, 1, 1, 1, 1)
  (1, 1, 1, 1, 0, 2, 1, 1)
  (0, 2, 1, 1, 0, 2, 1, 1)
  (0, 2, 1, 1, 0, 2, 0, 2)
  (0, 2, 1, 1, 0, 4, 0, 0)
  (0, 2, 2, 0, 0, 4, 0, 0)
  (0, 6, 2, 0, 0, 0, 0, 0)

Path 1462 (6 moves):
  (1, 1, 1, 1, 1, 1, 1, 1)
  (1, 1, 1, 1, 0, 2, 1, 1)
  (0, 2, 1, 1, 0, 2, 1, 1)
  (0, 2, 1, 1, 0, 2, 0, 2)
  (0, 2, 1, 1, 0, 4, 0, 0)
  (0, 6, 1, 1, 0, 0, 0, 0)
  (0, 7, 0, 1, 0, 0, 0, 0)

Path 1463 (6 moves):
  (1, 1, 1, 1, 1, 1, 1, 1)
  (1, 1, 1, 1, 0, 2, 1, 1)
  (0, 2, 1, 1, 0, 2, 1, 1)
  (0, 2, 1, 1, 0, 2, 0, 2)
  (0, 2, 1, 1, 0, 4, 0, 0)
  (0, 6, 1, 1, 0, 0, 0, 0)
  (0, 6, 2, 0, 0, 0, 0, 0)

Path 1464 (6 moves):
  (1, 1, 1, 1, 1, 1, 1, 1)
  (1, 1, 1, 1, 0, 2, 1, 1)
  (0, 2, 1, 1, 0, 2, 1, 1)
  (0, 2, 1, 1, 0, 2, 2, 0)
  (0, 2, 0, 2, 0, 2, 2, 0)
  (0, 0, 0, 4, 0, 2, 2, 0)
  (0, 0, 0, 6, 0, 0, 2, 0)

Path 1465 (6 moves):
  (1, 1, 1, 1, 1, 1, 1, 1)
  (1, 1, 1, 1, 0, 2, 1, 1)
  (0, 2, 1, 1, 0, 2, 1, 1)
  (0, 2, 1, 1, 0, 2, 2, 0)
  (0, 2, 0, 2, 0, 2, 2, 0)
  (0, 4, 0, 0, 0, 2, 2, 0)
  (0, 0, 0, 0, 0, 6, 2, 0)

Path 1466 (6 moves):
  (1, 1, 1, 1, 1, 1, 1, 1)
  (1, 1, 1, 1, 0, 2, 1, 1)
  (0, 2, 1, 1, 0, 2, 1, 1)
  (0, 2, 1, 1, 0, 2, 2, 0)
  (0, 2, 0, 2, 0, 2, 2, 0)
  (0, 2, 0, 0, 0, 4, 2, 0)
  (0, 6, 0, 0, 0, 0, 2, 0)

Path 1467 (6 moves):
  (1, 1, 1, 1, 1, 1, 1, 1)
  (1, 1, 1, 1, 0, 2, 1, 1)
  (0, 2, 1, 1, 0, 2, 1, 1)
  (0, 2, 1, 1, 0, 2, 2, 0)
  (0, 2, 0, 2, 0, 2, 2, 0)
  (0, 2, 0, 4, 0, 0, 2, 0)
  (0, 0, 0, 6, 0, 0, 2, 0)

Path 1468 (4 moves):
  (1, 1, 1, 1, 1, 1, 1, 1)
  (1, 1, 1, 1, 0, 2, 1, 1)
  (0, 2, 1, 1, 0, 2, 1, 1)
  (0, 2, 1, 1, 0, 2, 2, 0)
  (0, 2, 2, 0, 0, 2, 2, 0)

Path 1469 (6 moves):
  (1, 1, 1, 1, 1, 1, 1, 1)
  (1, 1, 1, 1, 0, 2, 1, 1)
  (1, 1, 1, 1, 0, 2, 0, 2)
  (0, 2, 1, 1, 0, 2, 0, 2)
  (0, 2, 0, 2, 0, 2, 0, 2)
  (0, 0, 0, 4, 0, 2, 0, 2)
  (0, 0, 0, 6, 0, 0, 0, 2)

Path 1470 (6 moves):
  (1, 1, 1, 1, 1, 1, 1, 1)
  (1, 1, 1, 1, 0, 2, 1, 1)
  (1, 1, 1, 1, 0, 2, 0, 2)
  (0, 2, 1, 1, 0, 2, 0, 2)
  (0, 2, 0, 2, 0, 2, 0, 2)
  (0, 0, 0, 4, 0, 2, 0, 2)
  (0, 0, 0, 4, 0, 4, 0, 0)

Path 1471 (6 moves):
  (1, 1, 1, 1, 1, 1, 1, 1)
  (1, 1, 1, 1, 0, 2, 1, 1)
  (1, 1, 1, 1, 0, 2, 0, 2)
  (0, 2, 1, 1, 0, 2, 0, 2)
  (0, 2, 0, 2, 0, 2, 0, 2)
  (0, 4, 0, 0, 0, 2, 0, 2)
  (0, 4, 0, 0, 0, 0, 0, 4)

Path 1472 (6 moves):
  (1, 1, 1, 1, 1, 1, 1, 1)
  (1, 1, 1, 1, 0, 2, 1, 1)
  (1, 1, 1, 1, 0, 2, 0, 2)
  (0, 2, 1, 1, 0, 2, 0, 2)
  (0, 2, 0, 2, 0, 2, 0, 2)
  (0, 2, 0, 0, 0, 4, 0, 2)
  (0, 2, 0, 0, 0, 6, 0, 0)

Path 1473 (6 moves):
  (1, 1, 1, 1, 1, 1, 1, 1)
  (1, 1, 1, 1, 0, 2, 1, 1)
  (1, 1, 1, 1, 0, 2, 0, 2)
  (0, 2, 1, 1, 0, 2, 0, 2)
  (0, 2, 0, 2, 0, 2, 0, 2)
  (0, 2, 0, 4, 0, 0, 0, 2)
  (0, 0, 0, 6, 0, 0, 0, 2)

Path 1474 (6 moves):
  (1, 1, 1, 1, 1, 1, 1, 1)
  (1, 1, 1, 1, 0, 2, 1, 1)
  (1, 1, 1, 1, 0, 2, 0, 2)
  (0, 2, 1, 1, 0, 2, 0, 2)
  (0, 2, 0, 2, 0, 2, 0, 2)
  (0, 2, 0, 2, 0, 0, 0, 4)
  (0, 4, 0, 0, 0, 0, 0, 4)

Path 1475 (6 moves):
  (1, 1, 1, 1, 1, 1, 1, 1)
  (1, 1, 1, 1, 0, 2, 1, 1)
  (1, 1, 1, 1, 0, 2, 0, 2)
  (0, 2, 1, 1, 0, 2, 0, 2)
  (0, 2, 0, 2, 0, 2, 0, 2)
  (0, 2, 0, 2, 0, 4, 0, 0)
  (0, 0, 0, 4, 0, 4, 0, 0)

Path 1476 (6 moves):
  (1, 1, 1, 1, 1, 1, 1, 1)
  (1, 1, 1, 1, 0, 2, 1, 1)
  (1, 1, 1, 1, 0, 2, 0, 2)
  (0, 2, 1, 1, 0, 2, 0, 2)
  (0, 2, 0, 2, 0, 2, 0, 2)
  (0, 2, 0, 2, 0, 4, 0, 0)
  (0, 2, 0, 0, 0, 6, 0, 0)

Path 1477 (6 moves):
  (1, 1, 1, 1, 1, 1, 1, 1)
  (1, 1, 1, 1, 0, 2, 1, 1)
  (1, 1, 1, 1, 0, 2, 0, 2)
  (0, 2, 1, 1, 0, 2, 0, 2)
  (0, 2, 1, 1, 0, 4, 0, 0)
  (0, 0, 1, 3, 0, 4, 0, 0)
  (0, 0, 0, 4, 0, 4, 0, 0)

Path 1478 (6 moves):
  (1, 1, 1, 1, 1, 1, 1, 1)
  (1, 1, 1, 1, 0, 2, 1, 1)
  (1, 1, 1, 1, 0, 2, 0, 2)
  (0, 2, 1, 1, 0, 2, 0, 2)
  (0, 2, 1, 1, 0, 4, 0, 0)
  (0, 3, 0, 1, 0, 4, 0, 0)
  (0, 7, 0, 1, 0, 0, 0, 0)

Path 1479 (6 moves):
  (1, 1, 1, 1, 1, 1, 1, 1)
  (1, 1, 1, 1, 0, 2, 1, 1)
  (1, 1, 1, 1, 0, 2, 0, 2)
  (0, 2, 1, 1, 0, 2, 0, 2)
  (0, 2, 1, 1, 0, 4, 0, 0)
  (0, 2, 0, 2, 0, 4, 0, 0)
  (0, 0, 0, 4, 0, 4, 0, 0)

Path 1480 (6 moves):
  (1, 1, 1, 1, 1, 1, 1, 1)
  (1, 1, 1, 1, 0, 2, 1, 1)
  (1, 1, 1, 1, 0, 2, 0, 2)
  (0, 2, 1, 1, 0, 2, 0, 2)
  (0, 2, 1, 1, 0, 4, 0, 0)
  (0, 2, 0, 2, 0, 4, 0, 0)
  (0, 2, 0, 0, 0, 6, 0, 0)

Path 1481 (6 moves):
  (1, 1, 1, 1, 1, 1, 1, 1)
  (1, 1, 1, 1, 0, 2, 1, 1)
  (1, 1, 1, 1, 0, 2, 0, 2)
  (0, 2, 1, 1, 0, 2, 0, 2)
  (0, 2, 1, 1, 0, 4, 0, 0)
  (0, 2, 2, 0, 0, 4, 0, 0)
  (0, 6, 2, 0, 0, 0, 0, 0)

Path 1482 (6 moves):
  (1, 1, 1, 1, 1, 1, 1, 1)
  (1, 1, 1, 1, 0, 2, 1, 1)
  (1, 1, 1, 1, 0, 2, 0, 2)
  (0, 2, 1, 1, 0, 2, 0, 2)
  (0, 2, 1, 1, 0, 4, 0, 0)
  (0, 6, 1, 1, 0, 0, 0, 0)
  (0, 7, 0, 1, 0, 0, 0, 0)

Path 1483 (6 moves):
  (1, 1, 1, 1, 1, 1, 1, 1)
  (1, 1, 1, 1, 0, 2, 1, 1)
  (1, 1, 1, 1, 0, 2, 0, 2)
  (0, 2, 1, 1, 0, 2, 0, 2)
  (0, 2, 1, 1, 0, 4, 0, 0)
  (0, 6, 1, 1, 0, 0, 0, 0)
  (0, 6, 2, 0, 0, 0, 0, 0)

Path 1484 (6 moves):
  (1, 1, 1, 1, 1, 1, 1, 1)
  (1, 1, 1, 1, 0, 2, 1, 1)
  (1, 1, 1, 1, 0, 2, 0, 2)
  (2, 0, 1, 1, 0, 2, 0, 2)
  (2, 0, 0, 2, 0, 2, 0, 2)
  (2, 0, 0, 0, 0, 4, 0, 2)
  (2, 0, 0, 0, 0, 6, 0, 0)

Path 1485 (6 moves):
  (1, 1, 1, 1, 1, 1, 1, 1)
  (1, 1, 1, 1, 0, 2, 1, 1)
  (1, 1, 1, 1, 0, 2, 0, 2)
  (2, 0, 1, 1, 0, 2, 0, 2)
  (2, 0, 0, 2, 0, 2, 0, 2)
  (2, 0, 0, 4, 0, 0, 0, 2)
  (2, 0, 0, 0, 0, 0, 0, 6)

Path 1486 (6 moves):
  (1, 1, 1, 1, 1, 1, 1, 1)
  (1, 1, 1, 1, 0, 2, 1, 1)
  (1, 1, 1, 1, 0, 2, 0, 2)
  (2, 0, 1, 1, 0, 2, 0, 2)
  (2, 0, 0, 2, 0, 2, 0, 2)
  (2, 0, 0, 2, 0, 0, 0, 4)
  (2, 0, 0, 6, 0, 0, 0, 0)

Path 1487 (6 moves):
  (1, 1, 1, 1, 1, 1, 1, 1)
  (1, 1, 1, 1, 0, 2, 1, 1)
  (1, 1, 1, 1, 0, 2, 0, 2)
  (2, 0, 1, 1, 0, 2, 0, 2)
  (2, 0, 0, 2, 0, 2, 0, 2)
  (2, 0, 0, 2, 0, 4, 0, 0)
  (2, 0, 0, 0, 0, 6, 0, 0)

Path 1488 (6 moves):
  (1, 1, 1, 1, 1, 1, 1, 1)
  (1, 1, 1, 1, 0, 2, 1, 1)
  (1, 1, 1, 1, 0, 2, 0, 2)
  (2, 0, 1, 1, 0, 2, 0, 2)
  (2, 0, 2, 0, 0, 2, 0, 2)
  (0, 0, 4, 0, 0, 2, 0, 2)
  (0, 0, 4, 0, 0, 0, 0, 4)

Path 1489 (6 moves):
  (1, 1, 1, 1, 1, 1, 1, 1)
  (1, 1, 1, 1, 0, 2, 1, 1)
  (1, 1, 1, 1, 0, 2, 0, 2)
  (2, 0, 1, 1, 0, 2, 0, 2)
  (2, 0, 2, 0, 0, 2, 0, 2)
  (0, 0, 4, 0, 0, 2, 0, 2)
  (0, 0, 4, 0, 0, 4, 0, 0)

Path 1490 (6 moves):
  (1, 1, 1, 1, 1, 1, 1, 1)
  (1, 1, 1, 1, 0, 2, 1, 1)
  (1, 1, 1, 1, 0, 2, 0, 2)
  (2, 0, 1, 1, 0, 2, 0, 2)
  (2, 0, 2, 0, 0, 2, 0, 2)
  (4, 0, 0, 0, 0, 2, 0, 2)
  (4, 0, 0, 0, 0, 0, 0, 4)

Path 1491 (6 moves):
  (1, 1, 1, 1, 1, 1, 1, 1)
  (1, 1, 1, 1, 0, 2, 1, 1)
  (1, 1, 1, 1, 0, 2, 0, 2)
  (2, 0, 1, 1, 0, 2, 0, 2)
  (2, 0, 2, 0, 0, 2, 0, 2)
  (4, 0, 0, 0, 0, 2, 0, 2)
  (4, 0, 0, 0, 0, 4, 0, 0)

Path 1492 (6 moves):
  (1, 1, 1, 1, 1, 1, 1, 1)
  (1, 1, 1, 1, 0, 2, 1, 1)
  (1, 1, 1, 1, 0, 2, 0, 2)
  (2, 0, 1, 1, 0, 2, 0, 2)
  (2, 0, 2, 0, 0, 2, 0, 2)
  (2, 0, 2, 0, 0, 0, 0, 4)
  (0, 0, 4, 0, 0, 0, 0, 4)

Path 1493 (6 moves):
  (1, 1, 1, 1, 1, 1, 1, 1)
  (1, 1, 1, 1, 0, 2, 1, 1)
  (1, 1, 1, 1, 0, 2, 0, 2)
  (2, 0, 1, 1, 0, 2, 0, 2)
  (2, 0, 2, 0, 0, 2, 0, 2)
  (2, 0, 2, 0, 0, 0, 0, 4)
  (4, 0, 0, 0, 0, 0, 0, 4)

Path 1494 (6 moves):
  (1, 1, 1, 1, 1, 1, 1, 1)
  (1, 1, 1, 1, 0, 2, 1, 1)
  (1, 1, 1, 1, 0, 2, 0, 2)
  (2, 0, 1, 1, 0, 2, 0, 2)
  (2, 0, 2, 0, 0, 2, 0, 2)
  (2, 0, 2, 0, 0, 4, 0, 0)
  (0, 0, 4, 0, 0, 4, 0, 0)

Path 1495 (6 moves):
  (1, 1, 1, 1, 1, 1, 1, 1)
  (1, 1, 1, 1, 0, 2, 1, 1)
  (1, 1, 1, 1, 0, 2, 0, 2)
  (2, 0, 1, 1, 0, 2, 0, 2)
  (2, 0, 2, 0, 0, 2, 0, 2)
  (2, 0, 2, 0, 0, 4, 0, 0)
  (4, 0, 0, 0, 0, 4, 0, 0)

Path 1496 (6 moves):
  (1, 1, 1, 1, 1, 1, 1, 1)
  (1, 1, 1, 1, 0, 2, 1, 1)
  (1, 1, 1, 1, 0, 2, 0, 2)
  (2, 0, 1, 1, 0, 2, 0, 2)
  (2, 0, 1, 1, 0, 0, 0, 4)
  (0, 0, 3, 1, 0, 0, 0, 4)
  (0, 0, 4, 0, 0, 0, 0, 4)

Path 1497 (6 moves):
  (1, 1, 1, 1, 1, 1, 1, 1)
  (1, 1, 1, 1, 0, 2, 1, 1)
  (1, 1, 1, 1, 0, 2, 0, 2)
  (2, 0, 1, 1, 0, 2, 0, 2)
  (2, 0, 1, 1, 0, 0, 0, 4)
  (0, 0, 3, 1, 0, 0, 0, 4)
  (0, 0, 3, 5, 0, 0, 0, 0)

Path 1498 (6 moves):
  (1, 1, 1, 1, 1, 1, 1, 1)
  (1, 1, 1, 1, 0, 2, 1, 1)
  (1, 1, 1, 1, 0, 2, 0, 2)
  (2, 0, 1, 1, 0, 2, 0, 2)
  (2, 0, 1, 1, 0, 0, 0, 4)
  (2, 0, 0, 2, 0, 0, 0, 4)
  (2, 0, 0, 6, 0, 0, 0, 0)

Path 1499 (6 moves):
  (1, 1, 1, 1, 1, 1, 1, 1)
  (1, 1, 1, 1, 0, 2, 1, 1)
  (1, 1, 1, 1, 0, 2, 0, 2)
  (2, 0, 1, 1, 0, 2, 0, 2)
  (2, 0, 1, 1, 0, 0, 0, 4)
  (2, 0, 2, 0, 0, 0, 0, 4)
  (0, 0, 4, 0, 0, 0, 0, 4)

Path 1500 (6 moves):
  (1, 1, 1, 1, 1, 1, 1, 1)
  (1, 1, 1, 1, 0, 2, 1, 1)
  (1, 1, 1, 1, 0, 2, 0, 2)
  (2, 0, 1, 1, 0, 2, 0, 2)
  (2, 0, 1, 1, 0, 0, 0, 4)
  (2, 0, 2, 0, 0, 0, 0, 4)
  (4, 0, 0, 0, 0, 0, 0, 4)

Path 1501 (6 moves):
  (1, 1, 1, 1, 1, 1, 1, 1)
  (1, 1, 1, 1, 0, 2, 1, 1)
  (1, 1, 1, 1, 0, 2, 0, 2)
  (2, 0, 1, 1, 0, 2, 0, 2)
  (2, 0, 1, 1, 0, 0, 0, 4)
  (2, 0, 1, 5, 0, 0, 0, 0)
  (0, 0, 3, 5, 0, 0, 0, 0)

Path 1502 (6 moves):
  (1, 1, 1, 1, 1, 1, 1, 1)
  (1, 1, 1, 1, 0, 2, 1, 1)
  (1, 1, 1, 1, 0, 2, 0, 2)
  (2, 0, 1, 1, 0, 2, 0, 2)
  (2, 0, 1, 1, 0, 0, 0, 4)
  (2, 0, 1, 5, 0, 0, 0, 0)
  (2, 0, 0, 6, 0, 0, 0, 0)

Path 1503 (6 moves):
  (1, 1, 1, 1, 1, 1, 1, 1)
  (1, 1, 1, 1, 0, 2, 1, 1)
  (1, 1, 1, 1, 0, 2, 0, 2)
  (2, 0, 1, 1, 0, 2, 0, 2)
  (2, 0, 1, 1, 0, 4, 0, 0)
  (0, 0, 3, 1, 0, 4, 0, 0)
  (0, 0, 0, 1, 0, 7, 0, 0)

Path 1504 (6 moves):
  (1, 1, 1, 1, 1, 1, 1, 1)
  (1, 1, 1, 1, 0, 2, 1, 1)
  (1, 1, 1, 1, 0, 2, 0, 2)
  (2, 0, 1, 1, 0, 2, 0, 2)
  (2, 0, 1, 1, 0, 4, 0, 0)
  (0, 0, 3, 1, 0, 4, 0, 0)
  (0, 0, 4, 0, 0, 4, 0, 0)

Path 1505 (6 moves):
  (1, 1, 1, 1, 1, 1, 1, 1)
  (1, 1, 1, 1, 0, 2, 1, 1)
  (1, 1, 1, 1, 0, 2, 0, 2)
  (2, 0, 1, 1, 0, 2, 0, 2)
  (2, 0, 1, 1, 0, 4, 0, 0)
  (2, 0, 0, 2, 0, 4, 0, 0)
  (2, 0, 0, 0, 0, 6, 0, 0)

Path 1506 (6 moves):
  (1, 1, 1, 1, 1, 1, 1, 1)
  (1, 1, 1, 1, 0, 2, 1, 1)
  (1, 1, 1, 1, 0, 2, 0, 2)
  (2, 0, 1, 1, 0, 2, 0, 2)
  (2, 0, 1, 1, 0, 4, 0, 0)
  (2, 0, 2, 0, 0, 4, 0, 0)
  (0, 0, 4, 0, 0, 4, 0, 0)

Path 1507 (6 moves):
  (1, 1, 1, 1, 1, 1, 1, 1)
  (1, 1, 1, 1, 0, 2, 1, 1)
  (1, 1, 1, 1, 0, 2, 0, 2)
  (2, 0, 1, 1, 0, 2, 0, 2)
  (2, 0, 1, 1, 0, 4, 0, 0)
  (2, 0, 2, 0, 0, 4, 0, 0)
  (4, 0, 0, 0, 0, 4, 0, 0)

Path 1508 (6 moves):
  (1, 1, 1, 1, 1, 1, 1, 1)
  (1, 1, 1, 1, 0, 2, 1, 1)
  (1, 1, 1, 1, 0, 2, 0, 2)
  (1, 0, 2, 1, 0, 2, 0, 2)
  (1, 0, 2, 3, 0, 0, 0, 2)
  (3, 0, 0, 3, 0, 0, 0, 2)
  (0, 0, 0, 6, 0, 0, 0, 2)

Path 1509 (6 moves):
  (1, 1, 1, 1, 1, 1, 1, 1)
  (1, 1, 1, 1, 0, 2, 1, 1)
  (1, 1, 1, 1, 0, 2, 0, 2)
  (1, 0, 2, 1, 0, 2, 0, 2)
  (1, 0, 2, 3, 0, 0, 0, 2)
  (3, 0, 0, 3, 0, 0, 0, 2)
  (6, 0, 0, 0, 0, 0, 0, 2)

Path 1510 (6 moves):
  (1, 1, 1, 1, 1, 1, 1, 1)
  (1, 1, 1, 1, 0, 2, 1, 1)
  (1, 1, 1, 1, 0, 2, 0, 2)
  (1, 0, 2, 1, 0, 2, 0, 2)
  (1, 0, 2, 3, 0, 0, 0, 2)
  (4, 0, 2, 0, 0, 0, 0, 2)
  (6, 0, 0, 0, 0, 0, 0, 2)

Path 1511 (6 moves):
  (1, 1, 1, 1, 1, 1, 1, 1)
  (1, 1, 1, 1, 0, 2, 1, 1)
  (1, 1, 1, 1, 0, 2, 0, 2)
  (1, 0, 2, 1, 0, 2, 0, 2)
  (1, 0, 2, 1, 0, 4, 0, 0)
  (3, 0, 0, 1, 0, 4, 0, 0)
  (0, 0, 0, 4, 0, 4, 0, 0)

Path 1512 (6 moves):
  (1, 1, 1, 1, 1, 1, 1, 1)
  (1, 1, 1, 1, 0, 2, 1, 1)
  (1, 1, 1, 1, 0, 2, 0, 2)
  (1, 0, 2, 1, 0, 2, 0, 2)
  (1, 0, 2, 1, 0, 4, 0, 0)
  (1, 0, 3, 0, 0, 4, 0, 0)
  (1, 0, 0, 0, 0, 7, 0, 0)

Path 1513 (6 moves):
  (1, 1, 1, 1, 1, 1, 1, 1)
  (1, 1, 1, 1, 0, 2, 1, 1)
  (1, 1, 1, 1, 0, 2, 0, 2)
  (1, 2, 0, 1, 0, 2, 0, 2)
  (1, 2, 0, 1, 0, 0, 0, 4)
  (0, 3, 0, 1, 0, 0, 0, 4)
  (0, 3, 0, 5, 0, 0, 0, 0)

Path 1514 (6 moves):
  (1, 1, 1, 1, 1, 1, 1, 1)
  (1, 1, 1, 1, 0, 2, 1, 1)
  (1, 1, 1, 1, 0, 2, 0, 2)
  (1, 2, 0, 1, 0, 2, 0, 2)
  (1, 2, 0, 1, 0, 0, 0, 4)
  (1, 0, 0, 3, 0, 0, 0, 4)
  (4, 0, 0, 0, 0, 0, 0, 4)

Path 1515 (6 moves):
  (1, 1, 1, 1, 1, 1, 1, 1)
  (1, 1, 1, 1, 0, 2, 1, 1)
  (1, 1, 1, 1, 0, 2, 0, 2)
  (1, 2, 0, 1, 0, 2, 0, 2)
  (1, 2, 0, 1, 0, 0, 0, 4)
  (1, 0, 0, 3, 0, 0, 0, 4)
  (1, 0, 0, 7, 0, 0, 0, 0)

Path 1516 (6 moves):
  (1, 1, 1, 1, 1, 1, 1, 1)
  (1, 1, 1, 1, 0, 2, 1, 1)
  (1, 1, 1, 1, 0, 2, 0, 2)
  (1, 2, 0, 1, 0, 2, 0, 2)
  (1, 2, 0, 1, 0, 0, 0, 4)
  (1, 2, 0, 5, 0, 0, 0, 0)
  (0, 3, 0, 5, 0, 0, 0, 0)

Path 1517 (6 moves):
  (1, 1, 1, 1, 1, 1, 1, 1)
  (1, 1, 1, 1, 0, 2, 1, 1)
  (1, 1, 1, 1, 0, 2, 0, 2)
  (1, 2, 0, 1, 0, 2, 0, 2)
  (1, 2, 0, 1, 0, 0, 0, 4)
  (1, 2, 0, 5, 0, 0, 0, 0)
  (1, 0, 0, 7, 0, 0, 0, 0)

Path 1518 (6 moves):
  (1, 1, 1, 1, 1, 1, 1, 1)
  (1, 1, 1, 1, 0, 2, 1, 1)
  (1, 1, 1, 1, 0, 2, 0, 2)
  (1, 2, 0, 1, 0, 2, 0, 2)
  (1, 2, 0, 1, 0, 4, 0, 0)
  (0, 3, 0, 1, 0, 4, 0, 0)
  (0, 7, 0, 1, 0, 0, 0, 0)

Path 1519 (6 moves):
  (1, 1, 1, 1, 1, 1, 1, 1)
  (1, 1, 1, 1, 0, 2, 1, 1)
  (1, 1, 1, 1, 0, 2, 0, 2)
  (1, 2, 0, 1, 0, 2, 0, 2)
  (1, 2, 0, 1, 0, 4, 0, 0)
  (1, 0, 0, 3, 0, 4, 0, 0)
  (4, 0, 0, 0, 0, 4, 0, 0)

Path 1520 (6 moves):
  (1, 1, 1, 1, 1, 1, 1, 1)
  (1, 1, 1, 1, 0, 2, 1, 1)
  (1, 1, 1, 1, 0, 2, 0, 2)
  (1, 2, 0, 1, 0, 2, 0, 2)
  (1, 2, 0, 1, 0, 4, 0, 0)
  (1, 6, 0, 1, 0, 0, 0, 0)
  (0, 7, 0, 1, 0, 0, 0, 0)

Path 1521 (6 moves):
  (1, 1, 1, 1, 1, 1, 1, 1)
  (1, 1, 1, 1, 0, 2, 1, 1)
  (1, 1, 1, 1, 0, 2, 0, 2)
  (1, 1, 0, 2, 0, 2, 0, 2)
  (0, 2, 0, 2, 0, 2, 0, 2)
  (0, 0, 0, 4, 0, 2, 0, 2)
  (0, 0, 0, 6, 0, 0, 0, 2)

Path 1522 (6 moves):
  (1, 1, 1, 1, 1, 1, 1, 1)
  (1, 1, 1, 1, 0, 2, 1, 1)
  (1, 1, 1, 1, 0, 2, 0, 2)
  (1, 1, 0, 2, 0, 2, 0, 2)
  (0, 2, 0, 2, 0, 2, 0, 2)
  (0, 0, 0, 4, 0, 2, 0, 2)
  (0, 0, 0, 4, 0, 4, 0, 0)

Path 1523 (6 moves):
  (1, 1, 1, 1, 1, 1, 1, 1)
  (1, 1, 1, 1, 0, 2, 1, 1)
  (1, 1, 1, 1, 0, 2, 0, 2)
  (1, 1, 0, 2, 0, 2, 0, 2)
  (0, 2, 0, 2, 0, 2, 0, 2)
  (0, 4, 0, 0, 0, 2, 0, 2)
  (0, 4, 0, 0, 0, 0, 0, 4)

Path 1524 (6 moves):
  (1, 1, 1, 1, 1, 1, 1, 1)
  (1, 1, 1, 1, 0, 2, 1, 1)
  (1, 1, 1, 1, 0, 2, 0, 2)
  (1, 1, 0, 2, 0, 2, 0, 2)
  (0, 2, 0, 2, 0, 2, 0, 2)
  (0, 2, 0, 0, 0, 4, 0, 2)
  (0, 2, 0, 0, 0, 6, 0, 0)

Path 1525 (6 moves):
  (1, 1, 1, 1, 1, 1, 1, 1)
  (1, 1, 1, 1, 0, 2, 1, 1)
  (1, 1, 1, 1, 0, 2, 0, 2)
  (1, 1, 0, 2, 0, 2, 0, 2)
  (0, 2, 0, 2, 0, 2, 0, 2)
  (0, 2, 0, 4, 0, 0, 0, 2)
  (0, 0, 0, 6, 0, 0, 0, 2)

Path 1526 (6 moves):
  (1, 1, 1, 1, 1, 1, 1, 1)
  (1, 1, 1, 1, 0, 2, 1, 1)
  (1, 1, 1, 1, 0, 2, 0, 2)
  (1, 1, 0, 2, 0, 2, 0, 2)
  (0, 2, 0, 2, 0, 2, 0, 2)
  (0, 2, 0, 2, 0, 0, 0, 4)
  (0, 4, 0, 0, 0, 0, 0, 4)

Path 1527 (6 moves):
  (1, 1, 1, 1, 1, 1, 1, 1)
  (1, 1, 1, 1, 0, 2, 1, 1)
  (1, 1, 1, 1, 0, 2, 0, 2)
  (1, 1, 0, 2, 0, 2, 0, 2)
  (0, 2, 0, 2, 0, 2, 0, 2)
  (0, 2, 0, 2, 0, 4, 0, 0)
  (0, 0, 0, 4, 0, 4, 0, 0)

Path 1528 (6 moves):
  (1, 1, 1, 1, 1, 1, 1, 1)
  (1, 1, 1, 1, 0, 2, 1, 1)
  (1, 1, 1, 1, 0, 2, 0, 2)
  (1, 1, 0, 2, 0, 2, 0, 2)
  (0, 2, 0, 2, 0, 2, 0, 2)
  (0, 2, 0, 2, 0, 4, 0, 0)
  (0, 2, 0, 0, 0, 6, 0, 0)

Path 1529 (6 moves):
  (1, 1, 1, 1, 1, 1, 1, 1)
  (1, 1, 1, 1, 0, 2, 1, 1)
  (1, 1, 1, 1, 0, 2, 0, 2)
  (1, 1, 0, 2, 0, 2, 0, 2)
  (2, 0, 0, 2, 0, 2, 0, 2)
  (2, 0, 0, 0, 0, 4, 0, 2)
  (2, 0, 0, 0, 0, 6, 0, 0)

Path 1530 (6 moves):
  (1, 1, 1, 1, 1, 1, 1, 1)
  (1, 1, 1, 1, 0, 2, 1, 1)
  (1, 1, 1, 1, 0, 2, 0, 2)
  (1, 1, 0, 2, 0, 2, 0, 2)
  (2, 0, 0, 2, 0, 2, 0, 2)
  (2, 0, 0, 4, 0, 0, 0, 2)
  (2, 0, 0, 0, 0, 0, 0, 6)

Path 1531 (6 moves):
  (1, 1, 1, 1, 1, 1, 1, 1)
  (1, 1, 1, 1, 0, 2, 1, 1)
  (1, 1, 1, 1, 0, 2, 0, 2)
  (1, 1, 0, 2, 0, 2, 0, 2)
  (2, 0, 0, 2, 0, 2, 0, 2)
  (2, 0, 0, 2, 0, 0, 0, 4)
  (2, 0, 0, 6, 0, 0, 0, 0)

Path 1532 (6 moves):
  (1, 1, 1, 1, 1, 1, 1, 1)
  (1, 1, 1, 1, 0, 2, 1, 1)
  (1, 1, 1, 1, 0, 2, 0, 2)
  (1, 1, 0, 2, 0, 2, 0, 2)
  (2, 0, 0, 2, 0, 2, 0, 2)
  (2, 0, 0, 2, 0, 4, 0, 0)
  (2, 0, 0, 0, 0, 6, 0, 0)

Path 1533 (6 moves):
  (1, 1, 1, 1, 1, 1, 1, 1)
  (1, 1, 1, 1, 0, 2, 1, 1)
  (1, 1, 1, 1, 0, 2, 0, 2)
  (1, 1, 0, 2, 0, 2, 0, 2)
  (1, 1, 0, 4, 0, 0, 0, 2)
  (0, 2, 0, 4, 0, 0, 0, 2)
  (0, 0, 0, 6, 0, 0, 0, 2)

Path 1534 (6 moves):
  (1, 1, 1, 1, 1, 1, 1, 1)
  (1, 1, 1, 1, 0, 2, 1, 1)
  (1, 1, 1, 1, 0, 2, 0, 2)
  (1, 1, 0, 2, 0, 2, 0, 2)
  (1, 1, 0, 4, 0, 0, 0, 2)
  (2, 0, 0, 4, 0, 0, 0, 2)
  (2, 0, 0, 0, 0, 0, 0, 6)

Path 1535 (6 moves):
  (1, 1, 1, 1, 1, 1, 1, 1)
  (1, 1, 1, 1, 0, 2, 1, 1)
  (1, 1, 1, 1, 0, 2, 0, 2)
  (1, 1, 0, 2, 0, 2, 0, 2)
  (1, 1, 0, 4, 0, 0, 0, 2)
  (1, 1, 0, 0, 0, 0, 0, 6)
  (2, 0, 0, 0, 0, 0, 0, 6)

Path 1536 (6 moves):
  (1, 1, 1, 1, 1, 1, 1, 1)
  (1, 1, 1, 1, 0, 2, 1, 1)
  (1, 1, 1, 1, 0, 2, 0, 2)
  (1, 1, 0, 2, 0, 2, 0, 2)
  (1, 1, 0, 2, 0, 0, 0, 4)
  (0, 2, 0, 2, 0, 0, 0, 4)
  (0, 4, 0, 0, 0, 0, 0, 4)

Path 1537 (6 moves):
  (1, 1, 1, 1, 1, 1, 1, 1)
  (1, 1, 1, 1, 0, 2, 1, 1)
  (1, 1, 1, 1, 0, 2, 0, 2)
  (1, 1, 0, 2, 0, 2, 0, 2)
  (1, 1, 0, 2, 0, 0, 0, 4)
  (2, 0, 0, 2, 0, 0, 0, 4)
  (2, 0, 0, 6, 0, 0, 0, 0)

Path 1538 (6 moves):
  (1, 1, 1, 1, 1, 1, 1, 1)
  (1, 1, 1, 1, 0, 2, 1, 1)
  (1, 1, 1, 1, 0, 2, 0, 2)
  (1, 1, 0, 2, 0, 2, 0, 2)
  (1, 1, 0, 2, 0, 0, 0, 4)
  (1, 3, 0, 0, 0, 0, 0, 4)
  (0, 4, 0, 0, 0, 0, 0, 4)

Path 1539 (6 moves):
  (1, 1, 1, 1, 1, 1, 1, 1)
  (1, 1, 1, 1, 0, 2, 1, 1)
  (1, 1, 1, 1, 0, 2, 0, 2)
  (1, 1, 0, 2, 0, 2, 0, 2)
  (1, 1, 0, 2, 0, 0, 0, 4)
  (1, 1, 0, 6, 0, 0, 0, 0)
  (2, 0, 0, 6, 0, 0, 0, 0)

Path 1540 (6 moves):
  (1, 1, 1, 1, 1, 1, 1, 1)
  (1, 1, 1, 1, 0, 2, 1, 1)
  (1, 1, 1, 1, 0, 2, 0, 2)
  (1, 1, 2, 0, 0, 2, 0, 2)
  (2, 0, 2, 0, 0, 2, 0, 2)
  (0, 0, 4, 0, 0, 2, 0, 2)
  (0, 0, 4, 0, 0, 0, 0, 4)

Path 1541 (6 moves):
  (1, 1, 1, 1, 1, 1, 1, 1)
  (1, 1, 1, 1, 0, 2, 1, 1)
  (1, 1, 1, 1, 0, 2, 0, 2)
  (1, 1, 2, 0, 0, 2, 0, 2)
  (2, 0, 2, 0, 0, 2, 0, 2)
  (0, 0, 4, 0, 0, 2, 0, 2)
  (0, 0, 4, 0, 0, 4, 0, 0)

Path 1542 (6 moves):
  (1, 1, 1, 1, 1, 1, 1, 1)
  (1, 1, 1, 1, 0, 2, 1, 1)
  (1, 1, 1, 1, 0, 2, 0, 2)
  (1, 1, 2, 0, 0, 2, 0, 2)
  (2, 0, 2, 0, 0, 2, 0, 2)
  (4, 0, 0, 0, 0, 2, 0, 2)
  (4, 0, 0, 0, 0, 0, 0, 4)

Path 1543 (6 moves):
  (1, 1, 1, 1, 1, 1, 1, 1)
  (1, 1, 1, 1, 0, 2, 1, 1)
  (1, 1, 1, 1, 0, 2, 0, 2)
  (1, 1, 2, 0, 0, 2, 0, 2)
  (2, 0, 2, 0, 0, 2, 0, 2)
  (4, 0, 0, 0, 0, 2, 0, 2)
  (4, 0, 0, 0, 0, 4, 0, 0)

Path 1544 (6 moves):
  (1, 1, 1, 1, 1, 1, 1, 1)
  (1, 1, 1, 1, 0, 2, 1, 1)
  (1, 1, 1, 1, 0, 2, 0, 2)
  (1, 1, 2, 0, 0, 2, 0, 2)
  (2, 0, 2, 0, 0, 2, 0, 2)
  (2, 0, 2, 0, 0, 0, 0, 4)
  (0, 0, 4, 0, 0, 0, 0, 4)

Path 1545 (6 moves):
  (1, 1, 1, 1, 1, 1, 1, 1)
  (1, 1, 1, 1, 0, 2, 1, 1)
  (1, 1, 1, 1, 0, 2, 0, 2)
  (1, 1, 2, 0, 0, 2, 0, 2)
  (2, 0, 2, 0, 0, 2, 0, 2)
  (2, 0, 2, 0, 0, 0, 0, 4)
  (4, 0, 0, 0, 0, 0, 0, 4)

Path 1546 (6 moves):
  (1, 1, 1, 1, 1, 1, 1, 1)
  (1, 1, 1, 1, 0, 2, 1, 1)
  (1, 1, 1, 1, 0, 2, 0, 2)
  (1, 1, 2, 0, 0, 2, 0, 2)
  (2, 0, 2, 0, 0, 2, 0, 2)
  (2, 0, 2, 0, 0, 4, 0, 0)
  (0, 0, 4, 0, 0, 4, 0, 0)

Path 1547 (6 moves):
  (1, 1, 1, 1, 1, 1, 1, 1)
  (1, 1, 1, 1, 0, 2, 1, 1)
  (1, 1, 1, 1, 0, 2, 0, 2)
  (1, 1, 2, 0, 0, 2, 0, 2)
  (2, 0, 2, 0, 0, 2, 0, 2)
  (2, 0, 2, 0, 0, 4, 0, 0)
  (4, 0, 0, 0, 0, 4, 0, 0)

Path 1548 (6 moves):
  (1, 1, 1, 1, 1, 1, 1, 1)
  (1, 1, 1, 1, 0, 2, 1, 1)
  (1, 1, 1, 1, 0, 2, 0, 2)
  (1, 1, 2, 0, 0, 2, 0, 2)
  (3, 1, 0, 0, 0, 2, 0, 2)
  (4, 0, 0, 0, 0, 2, 0, 2)
  (4, 0, 0, 0, 0, 0, 0, 4)

Path 1549 (6 moves):
  (1, 1, 1, 1, 1, 1, 1, 1)
  (1, 1, 1, 1, 0, 2, 1, 1)
  (1, 1, 1, 1, 0, 2, 0, 2)
  (1, 1, 2, 0, 0, 2, 0, 2)
  (3, 1, 0, 0, 0, 2, 0, 2)
  (4, 0, 0, 0, 0, 2, 0, 2)
  (4, 0, 0, 0, 0, 4, 0, 0)

Path 1550 (6 moves):
  (1, 1, 1, 1, 1, 1, 1, 1)
  (1, 1, 1, 1, 0, 2, 1, 1)
  (1, 1, 1, 1, 0, 2, 0, 2)
  (1, 1, 2, 0, 0, 2, 0, 2)
  (3, 1, 0, 0, 0, 2, 0, 2)
  (3, 1, 0, 0, 0, 0, 0, 4)
  (4, 0, 0, 0, 0, 0, 0, 4)

Path 1551 (6 moves):
  (1, 1, 1, 1, 1, 1, 1, 1)
  (1, 1, 1, 1, 0, 2, 1, 1)
  (1, 1, 1, 1, 0, 2, 0, 2)
  (1, 1, 2, 0, 0, 2, 0, 2)
  (3, 1, 0, 0, 0, 2, 0, 2)
  (3, 1, 0, 0, 0, 4, 0, 0)
  (4, 0, 0, 0, 0, 4, 0, 0)

Path 1552 (6 moves):
  (1, 1, 1, 1, 1, 1, 1, 1)
  (1, 1, 1, 1, 0, 2, 1, 1)
  (1, 1, 1, 1, 0, 2, 0, 2)
  (1, 1, 2, 0, 0, 2, 0, 2)
  (3, 1, 0, 0, 0, 2, 0, 2)
  (3, 1, 0, 0, 0, 4, 0, 0)
  (3, 5, 0, 0, 0, 0, 0, 0)

Path 1553 (6 moves):
  (1, 1, 1, 1, 1, 1, 1, 1)
  (1, 1, 1, 1, 0, 2, 1, 1)
  (1, 1, 1, 1, 0, 2, 0, 2)
  (1, 1, 2, 0, 0, 2, 0, 2)
  (1, 1, 2, 0, 0, 4, 0, 0)
  (0, 2, 2, 0, 0, 4, 0, 0)
  (0, 6, 2, 0, 0, 0, 0, 0)

Path 1554 (6 moves):
  (1, 1, 1, 1, 1, 1, 1, 1)
  (1, 1, 1, 1, 0, 2, 1, 1)
  (1, 1, 1, 1, 0, 2, 0, 2)
  (1, 1, 2, 0, 0, 2, 0, 2)
  (1, 1, 2, 0, 0, 4, 0, 0)
  (2, 0, 2, 0, 0, 4, 0, 0)
  (0, 0, 4, 0, 0, 4, 0, 0)

Path 1555 (6 moves):
  (1, 1, 1, 1, 1, 1, 1, 1)
  (1, 1, 1, 1, 0, 2, 1, 1)
  (1, 1, 1, 1, 0, 2, 0, 2)
  (1, 1, 2, 0, 0, 2, 0, 2)
  (1, 1, 2, 0, 0, 4, 0, 0)
  (2, 0, 2, 0, 0, 4, 0, 0)
  (4, 0, 0, 0, 0, 4, 0, 0)

Path 1556 (6 moves):
  (1, 1, 1, 1, 1, 1, 1, 1)
  (1, 1, 1, 1, 0, 2, 1, 1)
  (1, 1, 1, 1, 0, 2, 0, 2)
  (1, 1, 2, 0, 0, 2, 0, 2)
  (1, 1, 2, 0, 0, 4, 0, 0)
  (1, 0, 3, 0, 0, 4, 0, 0)
  (1, 0, 0, 0, 0, 7, 0, 0)

Path 1557 (6 moves):
  (1, 1, 1, 1, 1, 1, 1, 1)
  (1, 1, 1, 1, 0, 2, 1, 1)
  (1, 1, 1, 1, 0, 2, 0, 2)
  (1, 1, 2, 0, 0, 2, 0, 2)
  (1, 1, 2, 0, 0, 4, 0, 0)
  (3, 1, 0, 0, 0, 4, 0, 0)
  (4, 0, 0, 0, 0, 4, 0, 0)

Path 1558 (6 moves):
  (1, 1, 1, 1, 1, 1, 1, 1)
  (1, 1, 1, 1, 0, 2, 1, 1)
  (1, 1, 1, 1, 0, 2, 0, 2)
  (1, 1, 2, 0, 0, 2, 0, 2)
  (1, 1, 2, 0, 0, 4, 0, 0)
  (3, 1, 0, 0, 0, 4, 0, 0)
  (3, 5, 0, 0, 0, 0, 0, 0)

Path 1559 (6 moves):
  (1, 1, 1, 1, 1, 1, 1, 1)
  (1, 1, 1, 1, 0, 2, 1, 1)
  (1, 1, 1, 1, 0, 2, 0, 2)
  (1, 1, 2, 0, 0, 2, 0, 2)
  (1, 1, 2, 0, 0, 4, 0, 0)
  (1, 5, 2, 0, 0, 0, 0, 0)
  (0, 6, 2, 0, 0, 0, 0, 0)

Path 1560 (6 moves):
  (1, 1, 1, 1, 1, 1, 1, 1)
  (1, 1, 1, 1, 0, 2, 1, 1)
  (1, 1, 1, 1, 0, 2, 0, 2)
  (1, 1, 2, 0, 0, 2, 0, 2)
  (1, 1, 2, 0, 0, 4, 0, 0)
  (1, 5, 2, 0, 0, 0, 0, 0)
  (3, 5, 0, 0, 0, 0, 0, 0)

Path 1561 (6 moves):
  (1, 1, 1, 1, 1, 1, 1, 1)
  (1, 1, 1, 1, 0, 2, 1, 1)
  (1, 1, 1, 1, 0, 2, 0, 2)
  (1, 1, 1, 3, 0, 0, 0, 2)
  (1, 0, 2, 3, 0, 0, 0, 2)
  (3, 0, 0, 3, 0, 0, 0, 2)
  (0, 0, 0, 6, 0, 0, 0, 2)

Path 1562 (6 moves):
  (1, 1, 1, 1, 1, 1, 1, 1)
  (1, 1, 1, 1, 0, 2, 1, 1)
  (1, 1, 1, 1, 0, 2, 0, 2)
  (1, 1, 1, 3, 0, 0, 0, 2)
  (1, 0, 2, 3, 0, 0, 0, 2)
  (3, 0, 0, 3, 0, 0, 0, 2)
  (6, 0, 0, 0, 0, 0, 0, 2)

Path 1563 (6 moves):
  (1, 1, 1, 1, 1, 1, 1, 1)
  (1, 1, 1, 1, 0, 2, 1, 1)
  (1, 1, 1, 1, 0, 2, 0, 2)
  (1, 1, 1, 3, 0, 0, 0, 2)
  (1, 0, 2, 3, 0, 0, 0, 2)
  (4, 0, 2, 0, 0, 0, 0, 2)
  (6, 0, 0, 0, 0, 0, 0, 2)

Path 1564 (6 moves):
  (1, 1, 1, 1, 1, 1, 1, 1)
  (1, 1, 1, 1, 0, 2, 1, 1)
  (1, 1, 1, 1, 0, 2, 0, 2)
  (1, 1, 1, 3, 0, 0, 0, 2)
  (1, 1, 0, 4, 0, 0, 0, 2)
  (0, 2, 0, 4, 0, 0, 0, 2)
  (0, 0, 0, 6, 0, 0, 0, 2)

Path 1565 (6 moves):
  (1, 1, 1, 1, 1, 1, 1, 1)
  (1, 1, 1, 1, 0, 2, 1, 1)
  (1, 1, 1, 1, 0, 2, 0, 2)
  (1, 1, 1, 3, 0, 0, 0, 2)
  (1, 1, 0, 4, 0, 0, 0, 2)
  (2, 0, 0, 4, 0, 0, 0, 2)
  (2, 0, 0, 0, 0, 0, 0, 6)

Path 1566 (6 moves):
  (1, 1, 1, 1, 1, 1, 1, 1)
  (1, 1, 1, 1, 0, 2, 1, 1)
  (1, 1, 1, 1, 0, 2, 0, 2)
  (1, 1, 1, 3, 0, 0, 0, 2)
  (1, 1, 0, 4, 0, 0, 0, 2)
  (1, 1, 0, 0, 0, 0, 0, 6)
  (2, 0, 0, 0, 0, 0, 0, 6)

Path 1567 (6 moves):
  (1, 1, 1, 1, 1, 1, 1, 1)
  (1, 1, 1, 1, 0, 2, 1, 1)
  (1, 1, 1, 1, 0, 2, 0, 2)
  (1, 1, 1, 1, 0, 0, 0, 4)
  (2, 0, 1, 1, 0, 0, 0, 4)
  (0, 0, 3, 1, 0, 0, 0, 4)
  (0, 0, 4, 0, 0, 0, 0, 4)

Path 1568 (6 moves):
  (1, 1, 1, 1, 1, 1, 1, 1)
  (1, 1, 1, 1, 0, 2, 1, 1)
  (1, 1, 1, 1, 0, 2, 0, 2)
  (1, 1, 1, 1, 0, 0, 0, 4)
  (2, 0, 1, 1, 0, 0, 0, 4)
  (0, 0, 3, 1, 0, 0, 0, 4)
  (0, 0, 3, 5, 0, 0, 0, 0)

Path 1569 (6 moves):
  (1, 1, 1, 1, 1, 1, 1, 1)
  (1, 1, 1, 1, 0, 2, 1, 1)
  (1, 1, 1, 1, 0, 2, 0, 2)
  (1, 1, 1, 1, 0, 0, 0, 4)
  (2, 0, 1, 1, 0, 0, 0, 4)
  (2, 0, 0, 2, 0, 0, 0, 4)
  (2, 0, 0, 6, 0, 0, 0, 0)

Path 1570 (6 moves):
  (1, 1, 1, 1, 1, 1, 1, 1)
  (1, 1, 1, 1, 0, 2, 1, 1)
  (1, 1, 1, 1, 0, 2, 0, 2)
  (1, 1, 1, 1, 0, 0, 0, 4)
  (2, 0, 1, 1, 0, 0, 0, 4)
  (2, 0, 2, 0, 0, 0, 0, 4)
  (0, 0, 4, 0, 0, 0, 0, 4)

Path 1571 (6 moves):
  (1, 1, 1, 1, 1, 1, 1, 1)
  (1, 1, 1, 1, 0, 2, 1, 1)
  (1, 1, 1, 1, 0, 2, 0, 2)
  (1, 1, 1, 1, 0, 0, 0, 4)
  (2, 0, 1, 1, 0, 0, 0, 4)
  (2, 0, 2, 0, 0, 0, 0, 4)
  (4, 0, 0, 0, 0, 0, 0, 4)

Path 1572 (6 moves):
  (1, 1, 1, 1, 1, 1, 1, 1)
  (1, 1, 1, 1, 0, 2, 1, 1)
  (1, 1, 1, 1, 0, 2, 0, 2)
  (1, 1, 1, 1, 0, 0, 0, 4)
  (2, 0, 1, 1, 0, 0, 0, 4)
  (2, 0, 1, 5, 0, 0, 0, 0)
  (0, 0, 3, 5, 0, 0, 0, 0)

Path 1573 (6 moves):
  (1, 1, 1, 1, 1, 1, 1, 1)
  (1, 1, 1, 1, 0, 2, 1, 1)
  (1, 1, 1, 1, 0, 2, 0, 2)
  (1, 1, 1, 1, 0, 0, 0, 4)
  (2, 0, 1, 1, 0, 0, 0, 4)
  (2, 0, 1, 5, 0, 0, 0, 0)
  (2, 0, 0, 6, 0, 0, 0, 0)

Path 1574 (6 moves):
  (1, 1, 1, 1, 1, 1, 1, 1)
  (1, 1, 1, 1, 0, 2, 1, 1)
  (1, 1, 1, 1, 0, 2, 0, 2)
  (1, 1, 1, 1, 0, 0, 0, 4)
  (1, 2, 0, 1, 0, 0, 0, 4)
  (0, 3, 0, 1, 0, 0, 0, 4)
  (0, 3, 0, 5, 0, 0, 0, 0)

Path 1575 (6 moves):
  (1, 1, 1, 1, 1, 1, 1, 1)
  (1, 1, 1, 1, 0, 2, 1, 1)
  (1, 1, 1, 1, 0, 2, 0, 2)
  (1, 1, 1, 1, 0, 0, 0, 4)
  (1, 2, 0, 1, 0, 0, 0, 4)
  (1, 0, 0, 3, 0, 0, 0, 4)
  (4, 0, 0, 0, 0, 0, 0, 4)

Path 1576 (6 moves):
  (1, 1, 1, 1, 1, 1, 1, 1)
  (1, 1, 1, 1, 0, 2, 1, 1)
  (1, 1, 1, 1, 0, 2, 0, 2)
  (1, 1, 1, 1, 0, 0, 0, 4)
  (1, 2, 0, 1, 0, 0, 0, 4)
  (1, 0, 0, 3, 0, 0, 0, 4)
  (1, 0, 0, 7, 0, 0, 0, 0)

Path 1577 (6 moves):
  (1, 1, 1, 1, 1, 1, 1, 1)
  (1, 1, 1, 1, 0, 2, 1, 1)
  (1, 1, 1, 1, 0, 2, 0, 2)
  (1, 1, 1, 1, 0, 0, 0, 4)
  (1, 2, 0, 1, 0, 0, 0, 4)
  (1, 2, 0, 5, 0, 0, 0, 0)
  (0, 3, 0, 5, 0, 0, 0, 0)

Path 1578 (6 moves):
  (1, 1, 1, 1, 1, 1, 1, 1)
  (1, 1, 1, 1, 0, 2, 1, 1)
  (1, 1, 1, 1, 0, 2, 0, 2)
  (1, 1, 1, 1, 0, 0, 0, 4)
  (1, 2, 0, 1, 0, 0, 0, 4)
  (1, 2, 0, 5, 0, 0, 0, 0)
  (1, 0, 0, 7, 0, 0, 0, 0)

Path 1579 (6 moves):
  (1, 1, 1, 1, 1, 1, 1, 1)
  (1, 1, 1, 1, 0, 2, 1, 1)
  (1, 1, 1, 1, 0, 2, 0, 2)
  (1, 1, 1, 1, 0, 0, 0, 4)
  (1, 1, 0, 2, 0, 0, 0, 4)
  (0, 2, 0, 2, 0, 0, 0, 4)
  (0, 4, 0, 0, 0, 0, 0, 4)

Path 1580 (6 moves):
  (1, 1, 1, 1, 1, 1, 1, 1)
  (1, 1, 1, 1, 0, 2, 1, 1)
  (1, 1, 1, 1, 0, 2, 0, 2)
  (1, 1, 1, 1, 0, 0, 0, 4)
  (1, 1, 0, 2, 0, 0, 0, 4)
  (2, 0, 0, 2, 0, 0, 0, 4)
  (2, 0, 0, 6, 0, 0, 0, 0)

Path 1581 (6 moves):
  (1, 1, 1, 1, 1, 1, 1, 1)
  (1, 1, 1, 1, 0, 2, 1, 1)
  (1, 1, 1, 1, 0, 2, 0, 2)
  (1, 1, 1, 1, 0, 0, 0, 4)
  (1, 1, 0, 2, 0, 0, 0, 4)
  (1, 3, 0, 0, 0, 0, 0, 4)
  (0, 4, 0, 0, 0, 0, 0, 4)

Path 1582 (6 moves):
  (1, 1, 1, 1, 1, 1, 1, 1)
  (1, 1, 1, 1, 0, 2, 1, 1)
  (1, 1, 1, 1, 0, 2, 0, 2)
  (1, 1, 1, 1, 0, 0, 0, 4)
  (1, 1, 0, 2, 0, 0, 0, 4)
  (1, 1, 0, 6, 0, 0, 0, 0)
  (2, 0, 0, 6, 0, 0, 0, 0)

Path 1583 (6 moves):
  (1, 1, 1, 1, 1, 1, 1, 1)
  (1, 1, 1, 1, 0, 2, 1, 1)
  (1, 1, 1, 1, 0, 2, 0, 2)
  (1, 1, 1, 1, 0, 4, 0, 0)
  (0, 2, 1, 1, 0, 4, 0, 0)
  (0, 0, 1, 3, 0, 4, 0, 0)
  (0, 0, 0, 4, 0, 4, 0, 0)

Path 1584 (6 moves):
  (1, 1, 1, 1, 1, 1, 1, 1)
  (1, 1, 1, 1, 0, 2, 1, 1)
  (1, 1, 1, 1, 0, 2, 0, 2)
  (1, 1, 1, 1, 0, 4, 0, 0)
  (0, 2, 1, 1, 0, 4, 0, 0)
  (0, 3, 0, 1, 0, 4, 0, 0)
  (0, 7, 0, 1, 0, 0, 0, 0)

Path 1585 (6 moves):
  (1, 1, 1, 1, 1, 1, 1, 1)
  (1, 1, 1, 1, 0, 2, 1, 1)
  (1, 1, 1, 1, 0, 2, 0, 2)
  (1, 1, 1, 1, 0, 4, 0, 0)
  (0, 2, 1, 1, 0, 4, 0, 0)
  (0, 2, 0, 2, 0, 4, 0, 0)
  (0, 0, 0, 4, 0, 4, 0, 0)

Path 1586 (6 moves):
  (1, 1, 1, 1, 1, 1, 1, 1)
  (1, 1, 1, 1, 0, 2, 1, 1)
  (1, 1, 1, 1, 0, 2, 0, 2)
  (1, 1, 1, 1, 0, 4, 0, 0)
  (0, 2, 1, 1, 0, 4, 0, 0)
  (0, 2, 0, 2, 0, 4, 0, 0)
  (0, 2, 0, 0, 0, 6, 0, 0)

Path 1587 (6 moves):
  (1, 1, 1, 1, 1, 1, 1, 1)
  (1, 1, 1, 1, 0, 2, 1, 1)
  (1, 1, 1, 1, 0, 2, 0, 2)
  (1, 1, 1, 1, 0, 4, 0, 0)
  (0, 2, 1, 1, 0, 4, 0, 0)
  (0, 2, 2, 0, 0, 4, 0, 0)
  (0, 6, 2, 0, 0, 0, 0, 0)

Path 1588 (6 moves):
  (1, 1, 1, 1, 1, 1, 1, 1)
  (1, 1, 1, 1, 0, 2, 1, 1)
  (1, 1, 1, 1, 0, 2, 0, 2)
  (1, 1, 1, 1, 0, 4, 0, 0)
  (0, 2, 1, 1, 0, 4, 0, 0)
  (0, 6, 1, 1, 0, 0, 0, 0)
  (0, 7, 0, 1, 0, 0, 0, 0)

Path 1589 (6 moves):
  (1, 1, 1, 1, 1, 1, 1, 1)
  (1, 1, 1, 1, 0, 2, 1, 1)
  (1, 1, 1, 1, 0, 2, 0, 2)
  (1, 1, 1, 1, 0, 4, 0, 0)
  (0, 2, 1, 1, 0, 4, 0, 0)
  (0, 6, 1, 1, 0, 0, 0, 0)
  (0, 6, 2, 0, 0, 0, 0, 0)

Path 1590 (6 moves):
  (1, 1, 1, 1, 1, 1, 1, 1)
  (1, 1, 1, 1, 0, 2, 1, 1)
  (1, 1, 1, 1, 0, 2, 0, 2)
  (1, 1, 1, 1, 0, 4, 0, 0)
  (2, 0, 1, 1, 0, 4, 0, 0)
  (0, 0, 3, 1, 0, 4, 0, 0)
  (0, 0, 0, 1, 0, 7, 0, 0)

Path 1591 (6 moves):
  (1, 1, 1, 1, 1, 1, 1, 1)
  (1, 1, 1, 1, 0, 2, 1, 1)
  (1, 1, 1, 1, 0, 2, 0, 2)
  (1, 1, 1, 1, 0, 4, 0, 0)
  (2, 0, 1, 1, 0, 4, 0, 0)
  (0, 0, 3, 1, 0, 4, 0, 0)
  (0, 0, 4, 0, 0, 4, 0, 0)

Path 1592 (6 moves):
  (1, 1, 1, 1, 1, 1, 1, 1)
  (1, 1, 1, 1, 0, 2, 1, 1)
  (1, 1, 1, 1, 0, 2, 0, 2)
  (1, 1, 1, 1, 0, 4, 0, 0)
  (2, 0, 1, 1, 0, 4, 0, 0)
  (2, 0, 0, 2, 0, 4, 0, 0)
  (2, 0, 0, 0, 0, 6, 0, 0)

Path 1593 (6 moves):
  (1, 1, 1, 1, 1, 1, 1, 1)
  (1, 1, 1, 1, 0, 2, 1, 1)
  (1, 1, 1, 1, 0, 2, 0, 2)
  (1, 1, 1, 1, 0, 4, 0, 0)
  (2, 0, 1, 1, 0, 4, 0, 0)
  (2, 0, 2, 0, 0, 4, 0, 0)
  (0, 0, 4, 0, 0, 4, 0, 0)

Path 1594 (6 moves):
  (1, 1, 1, 1, 1, 1, 1, 1)
  (1, 1, 1, 1, 0, 2, 1, 1)
  (1, 1, 1, 1, 0, 2, 0, 2)
  (1, 1, 1, 1, 0, 4, 0, 0)
  (2, 0, 1, 1, 0, 4, 0, 0)
  (2, 0, 2, 0, 0, 4, 0, 0)
  (4, 0, 0, 0, 0, 4, 0, 0)

Path 1595 (6 moves):
  (1, 1, 1, 1, 1, 1, 1, 1)
  (1, 1, 1, 1, 0, 2, 1, 1)
  (1, 1, 1, 1, 0, 2, 0, 2)
  (1, 1, 1, 1, 0, 4, 0, 0)
  (1, 0, 2, 1, 0, 4, 0, 0)
  (3, 0, 0, 1, 0, 4, 0, 0)
  (0, 0, 0, 4, 0, 4, 0, 0)

Path 1596 (6 moves):
  (1, 1, 1, 1, 1, 1, 1, 1)
  (1, 1, 1, 1, 0, 2, 1, 1)
  (1, 1, 1, 1, 0, 2, 0, 2)
  (1, 1, 1, 1, 0, 4, 0, 0)
  (1, 0, 2, 1, 0, 4, 0, 0)
  (1, 0, 3, 0, 0, 4, 0, 0)
  (1, 0, 0, 0, 0, 7, 0, 0)

Path 1597 (6 moves):
  (1, 1, 1, 1, 1, 1, 1, 1)
  (1, 1, 1, 1, 0, 2, 1, 1)
  (1, 1, 1, 1, 0, 2, 0, 2)
  (1, 1, 1, 1, 0, 4, 0, 0)
  (1, 2, 0, 1, 0, 4, 0, 0)
  (0, 3, 0, 1, 0, 4, 0, 0)
  (0, 7, 0, 1, 0, 0, 0, 0)

Path 1598 (6 moves):
  (1, 1, 1, 1, 1, 1, 1, 1)
  (1, 1, 1, 1, 0, 2, 1, 1)
  (1, 1, 1, 1, 0, 2, 0, 2)
  (1, 1, 1, 1, 0, 4, 0, 0)
  (1, 2, 0, 1, 0, 4, 0, 0)
  (1, 0, 0, 3, 0, 4, 0, 0)
  (4, 0, 0, 0, 0, 4, 0, 0)

Path 1599 (6 moves):
  (1, 1, 1, 1, 1, 1, 1, 1)
  (1, 1, 1, 1, 0, 2, 1, 1)
  (1, 1, 1, 1, 0, 2, 0, 2)
  (1, 1, 1, 1, 0, 4, 0, 0)
  (1, 2, 0, 1, 0, 4, 0, 0)
  (1, 6, 0, 1, 0, 0, 0, 0)
  (0, 7, 0, 1, 0, 0, 0, 0)

Path 1600 (6 moves):
  (1, 1, 1, 1, 1, 1, 1, 1)
  (1, 1, 1, 1, 0, 2, 1, 1)
  (1, 1, 1, 1, 0, 2, 0, 2)
  (1, 1, 1, 1, 0, 4, 0, 0)
  (1, 1, 2, 0, 0, 4, 0, 0)
  (0, 2, 2, 0, 0, 4, 0, 0)
  (0, 6, 2, 0, 0, 0, 0, 0)

Path 1601 (6 moves):
  (1, 1, 1, 1, 1, 1, 1, 1)
  (1, 1, 1, 1, 0, 2, 1, 1)
  (1, 1, 1, 1, 0, 2, 0, 2)
  (1, 1, 1, 1, 0, 4, 0, 0)
  (1, 1, 2, 0, 0, 4, 0, 0)
  (2, 0, 2, 0, 0, 4, 0, 0)
  (0, 0, 4, 0, 0, 4, 0, 0)

Path 1602 (6 moves):
  (1, 1, 1, 1, 1, 1, 1, 1)
  (1, 1, 1, 1, 0, 2, 1, 1)
  (1, 1, 1, 1, 0, 2, 0, 2)
  (1, 1, 1, 1, 0, 4, 0, 0)
  (1, 1, 2, 0, 0, 4, 0, 0)
  (2, 0, 2, 0, 0, 4, 0, 0)
  (4, 0, 0, 0, 0, 4, 0, 0)

Path 1603 (6 moves):
  (1, 1, 1, 1, 1, 1, 1, 1)
  (1, 1, 1, 1, 0, 2, 1, 1)
  (1, 1, 1, 1, 0, 2, 0, 2)
  (1, 1, 1, 1, 0, 4, 0, 0)
  (1, 1, 2, 0, 0, 4, 0, 0)
  (1, 0, 3, 0, 0, 4, 0, 0)
  (1, 0, 0, 0, 0, 7, 0, 0)

Path 1604 (6 moves):
  (1, 1, 1, 1, 1, 1, 1, 1)
  (1, 1, 1, 1, 0, 2, 1, 1)
  (1, 1, 1, 1, 0, 2, 0, 2)
  (1, 1, 1, 1, 0, 4, 0, 0)
  (1, 1, 2, 0, 0, 4, 0, 0)
  (3, 1, 0, 0, 0, 4, 0, 0)
  (4, 0, 0, 0, 0, 4, 0, 0)

Path 1605 (6 moves):
  (1, 1, 1, 1, 1, 1, 1, 1)
  (1, 1, 1, 1, 0, 2, 1, 1)
  (1, 1, 1, 1, 0, 2, 0, 2)
  (1, 1, 1, 1, 0, 4, 0, 0)
  (1, 1, 2, 0, 0, 4, 0, 0)
  (3, 1, 0, 0, 0, 4, 0, 0)
  (3, 5, 0, 0, 0, 0, 0, 0)

Path 1606 (6 moves):
  (1, 1, 1, 1, 1, 1, 1, 1)
  (1, 1, 1, 1, 0, 2, 1, 1)
  (1, 1, 1, 1, 0, 2, 0, 2)
  (1, 1, 1, 1, 0, 4, 0, 0)
  (1, 1, 2, 0, 0, 4, 0, 0)
  (1, 5, 2, 0, 0, 0, 0, 0)
  (0, 6, 2, 0, 0, 0, 0, 0)

Path 1607 (6 moves):
  (1, 1, 1, 1, 1, 1, 1, 1)
  (1, 1, 1, 1, 0, 2, 1, 1)
  (1, 1, 1, 1, 0, 2, 0, 2)
  (1, 1, 1, 1, 0, 4, 0, 0)
  (1, 1, 2, 0, 0, 4, 0, 0)
  (1, 5, 2, 0, 0, 0, 0, 0)
  (3, 5, 0, 0, 0, 0, 0, 0)

Path 1608 (6 moves):
  (1, 1, 1, 1, 1, 1, 1, 1)
  (1, 1, 1, 1, 2, 0, 1, 1)
  (0, 2, 1, 1, 2, 0, 1, 1)
  (0, 0, 1, 3, 2, 0, 1, 1)
  (0, 0, 0, 4, 2, 0, 1, 1)
  (0, 0, 0, 0, 2, 0, 1, 5)
  (0, 0, 0, 0, 0, 0, 3, 5)

Path 1609 (6 moves):
  (1, 1, 1, 1, 1, 1, 1, 1)
  (1, 1, 1, 1, 2, 0, 1, 1)
  (0, 2, 1, 1, 2, 0, 1, 1)
  (0, 0, 1, 3, 2, 0, 1, 1)
  (0, 0, 0, 4, 2, 0, 1, 1)
  (0, 0, 0, 0, 2, 0, 1, 5)
  (0, 0, 0, 0, 2, 0, 0, 6)

Path 1610 (6 moves):
  (1, 1, 1, 1, 1, 1, 1, 1)
  (1, 1, 1, 1, 2, 0, 1, 1)
  (0, 2, 1, 1, 2, 0, 1, 1)
  (0, 0, 1, 3, 2, 0, 1, 1)
  (0, 0, 0, 4, 2, 0, 1, 1)
  (0, 0, 0, 4, 0, 0, 3, 1)
  (0, 0, 0, 0, 0, 0, 3, 5)

Path 1611 (6 moves):
  (1, 1, 1, 1, 1, 1, 1, 1)
  (1, 1, 1, 1, 2, 0, 1, 1)
  (0, 2, 1, 1, 2, 0, 1, 1)
  (0, 0, 1, 3, 2, 0, 1, 1)
  (0, 0, 0, 4, 2, 0, 1, 1)
  (0, 0, 0, 4, 0, 0, 3, 1)
  (0, 0, 0, 7, 0, 0, 0, 1)

Path 1612 (6 moves):
  (1, 1, 1, 1, 1, 1, 1, 1)
  (1, 1, 1, 1, 2, 0, 1, 1)
  (0, 2, 1, 1, 2, 0, 1, 1)
  (0, 0, 1, 3, 2, 0, 1, 1)
  (0, 0, 0, 4, 2, 0, 1, 1)
  (0, 0, 0, 4, 0, 0, 3, 1)
  (0, 0, 0, 4, 0, 0, 4, 0)

Path 1613 (6 moves):
  (1, 1, 1, 1, 1, 1, 1, 1)
  (1, 1, 1, 1, 2, 0, 1, 1)
  (0, 2, 1, 1, 2, 0, 1, 1)
  (0, 0, 1, 3, 2, 0, 1, 1)
  (0, 0, 0, 4, 2, 0, 1, 1)
  (0, 0, 0, 4, 2, 0, 0, 2)
  (0, 0, 0, 0, 2, 0, 0, 6)

Path 1614 (6 moves):
  (1, 1, 1, 1, 1, 1, 1, 1)
  (1, 1, 1, 1, 2, 0, 1, 1)
  (0, 2, 1, 1, 2, 0, 1, 1)
  (0, 0, 1, 3, 2, 0, 1, 1)
  (0, 0, 0, 4, 2, 0, 1, 1)
  (0, 0, 0, 4, 2, 0, 2, 0)
  (0, 0, 0, 4, 0, 0, 4, 0)

Path 1615 (6 moves):
  (1, 1, 1, 1, 1, 1, 1, 1)
  (1, 1, 1, 1, 2, 0, 1, 1)
  (0, 2, 1, 1, 2, 0, 1, 1)
  (0, 0, 1, 3, 2, 0, 1, 1)
  (0, 0, 0, 4, 2, 0, 1, 1)
  (0, 0, 0, 4, 2, 0, 2, 0)
  (0, 0, 0, 4, 4, 0, 0, 0)

Path 1616 (6 moves):
  (1, 1, 1, 1, 1, 1, 1, 1)
  (1, 1, 1, 1, 2, 0, 1, 1)
  (0, 2, 1, 1, 2, 0, 1, 1)
  (0, 0, 1, 3, 2, 0, 1, 1)
  (0, 0, 1, 0, 2, 0, 4, 1)
  (0, 0, 3, 0, 0, 0, 4, 1)
  (0, 0, 7, 0, 0, 0, 0, 1)

Path 1617 (6 moves):
  (1, 1, 1, 1, 1, 1, 1, 1)
  (1, 1, 1, 1, 2, 0, 1, 1)
  (0, 2, 1, 1, 2, 0, 1, 1)
  (0, 0, 1, 3, 2, 0, 1, 1)
  (0, 0, 1, 0, 2, 0, 4, 1)
  (0, 0, 3, 0, 0, 0, 4, 1)
  (0, 0, 3, 0, 0, 0, 5, 0)

Path 1618 (6 moves):
  (1, 1, 1, 1, 1, 1, 1, 1)
  (1, 1, 1, 1, 2, 0, 1, 1)
  (0, 2, 1, 1, 2, 0, 1, 1)
  (0, 0, 1, 3, 2, 0, 1, 1)
  (0, 0, 1, 0, 2, 0, 4, 1)
  (0, 0, 1, 0, 0, 0, 6, 1)
  (0, 0, 1, 0, 0, 0, 7, 0)

Path 1619 (6 moves):
  (1, 1, 1, 1, 1, 1, 1, 1)
  (1, 1, 1, 1, 2, 0, 1, 1)
  (0, 2, 1, 1, 2, 0, 1, 1)
  (0, 0, 1, 3, 2, 0, 1, 1)
  (0, 0, 1, 0, 2, 0, 4, 1)
  (0, 0, 5, 0, 2, 0, 0, 1)
  (0, 0, 0, 0, 2, 0, 0, 6)

Path 1620 (6 moves):
  (1, 1, 1, 1, 1, 1, 1, 1)
  (1, 1, 1, 1, 2, 0, 1, 1)
  (0, 2, 1, 1, 2, 0, 1, 1)
  (0, 0, 1, 3, 2, 0, 1, 1)
  (0, 0, 1, 0, 2, 0, 4, 1)
  (0, 0, 5, 0, 2, 0, 0, 1)
  (0, 0, 7, 0, 0, 0, 0, 1)

Path 1621 (6 moves):
  (1, 1, 1, 1, 1, 1, 1, 1)
  (1, 1, 1, 1, 2, 0, 1, 1)
  (0, 2, 1, 1, 2, 0, 1, 1)
  (0, 0, 1, 3, 2, 0, 1, 1)
  (0, 0, 1, 0, 2, 0, 4, 1)
  (0, 0, 1, 0, 2, 0, 5, 0)
  (0, 0, 3, 0, 0, 0, 5, 0)

Path 1622 (6 moves):
  (1, 1, 1, 1, 1, 1, 1, 1)
  (1, 1, 1, 1, 2, 0, 1, 1)
  (0, 2, 1, 1, 2, 0, 1, 1)
  (0, 0, 1, 3, 2, 0, 1, 1)
  (0, 0, 1, 0, 2, 0, 4, 1)
  (0, 0, 1, 0, 2, 0, 5, 0)
  (0, 0, 1, 0, 0, 0, 7, 0)

Path 1623 (6 moves):
  (1, 1, 1, 1, 1, 1, 1, 1)
  (1, 1, 1, 1, 2, 0, 1, 1)
  (0, 2, 1, 1, 2, 0, 1, 1)
  (0, 0, 1, 3, 2, 0, 1, 1)
  (0, 0, 1, 3, 0, 0, 3, 1)
  (0, 0, 0, 4, 0, 0, 3, 1)
  (0, 0, 0, 0, 0, 0, 3, 5)

Path 1624 (6 moves):
  (1, 1, 1, 1, 1, 1, 1, 1)
  (1, 1, 1, 1, 2, 0, 1, 1)
  (0, 2, 1, 1, 2, 0, 1, 1)
  (0, 0, 1, 3, 2, 0, 1, 1)
  (0, 0, 1, 3, 0, 0, 3, 1)
  (0, 0, 0, 4, 0, 0, 3, 1)
  (0, 0, 0, 7, 0, 0, 0, 1)

Path 1625 (6 moves):
  (1, 1, 1, 1, 1, 1, 1, 1)
  (1, 1, 1, 1, 2, 0, 1, 1)
  (0, 2, 1, 1, 2, 0, 1, 1)
  (0, 0, 1, 3, 2, 0, 1, 1)
  (0, 0, 1, 3, 0, 0, 3, 1)
  (0, 0, 0, 4, 0, 0, 3, 1)
  (0, 0, 0, 4, 0, 0, 4, 0)

Path 1626 (6 moves):
  (1, 1, 1, 1, 1, 1, 1, 1)
  (1, 1, 1, 1, 2, 0, 1, 1)
  (0, 2, 1, 1, 2, 0, 1, 1)
  (0, 0, 1, 3, 2, 0, 1, 1)
  (0, 0, 1, 3, 0, 0, 3, 1)
  (0, 0, 1, 0, 0, 0, 6, 1)
  (0, 0, 1, 0, 0, 0, 7, 0)

Path 1627 (6 moves):
  (1, 1, 1, 1, 1, 1, 1, 1)
  (1, 1, 1, 1, 2, 0, 1, 1)
  (0, 2, 1, 1, 2, 0, 1, 1)
  (0, 0, 1, 3, 2, 0, 1, 1)
  (0, 0, 1, 3, 0, 0, 3, 1)
  (0, 0, 1, 6, 0, 0, 0, 1)
  (0, 0, 0, 7, 0, 0, 0, 1)

Path 1628 (6 moves):
  (1, 1, 1, 1, 1, 1, 1, 1)
  (1, 1, 1, 1, 2, 0, 1, 1)
  (0, 2, 1, 1, 2, 0, 1, 1)
  (0, 0, 1, 3, 2, 0, 1, 1)
  (0, 0, 1, 3, 0, 0, 3, 1)
  (0, 0, 1, 3, 0, 0, 4, 0)
  (0, 0, 0, 4, 0, 0, 4, 0)

Path 1629 (6 moves):
  (1, 1, 1, 1, 1, 1, 1, 1)
  (1, 1, 1, 1, 2, 0, 1, 1)
  (0, 2, 1, 1, 2, 0, 1, 1)
  (0, 0, 1, 3, 2, 0, 1, 1)
  (0, 0, 1, 3, 0, 0, 3, 1)
  (0, 0, 1, 3, 0, 0, 4, 0)
  (0, 0, 1, 0, 0, 0, 7, 0)

Path 1630 (6 moves):
  (1, 1, 1, 1, 1, 1, 1, 1)
  (1, 1, 1, 1, 2, 0, 1, 1)
  (0, 2, 1, 1, 2, 0, 1, 1)
  (0, 0, 1, 3, 2, 0, 1, 1)
  (0, 0, 1, 3, 0, 0, 3, 1)
  (0, 0, 1, 3, 0, 0, 4, 0)
  (0, 0, 5, 3, 0, 0, 0, 0)

Path 1631 (6 moves):
  (1, 1, 1, 1, 1, 1, 1, 1)
  (1, 1, 1, 1, 2, 0, 1, 1)
  (0, 2, 1, 1, 2, 0, 1, 1)
  (0, 0, 1, 3, 2, 0, 1, 1)
  (0, 0, 1, 3, 2, 0, 2, 0)
  (0, 0, 0, 4, 2, 0, 2, 0)
  (0, 0, 0, 4, 0, 0, 4, 0)

Path 1632 (6 moves):
  (1, 1, 1, 1, 1, 1, 1, 1)
  (1, 1, 1, 1, 2, 0, 1, 1)
  (0, 2, 1, 1, 2, 0, 1, 1)
  (0, 0, 1, 3, 2, 0, 1, 1)
  (0, 0, 1, 3, 2, 0, 2, 0)
  (0, 0, 0, 4, 2, 0, 2, 0)
  (0, 0, 0, 4, 4, 0, 0, 0)

Path 1633 (6 moves):
  (1, 1, 1, 1, 1, 1, 1, 1)
  (1, 1, 1, 1, 2, 0, 1, 1)
  (0, 2, 1, 1, 2, 0, 1, 1)
  (0, 0, 1, 3, 2, 0, 1, 1)
  (0, 0, 1, 3, 2, 0, 2, 0)
  (0, 0, 1, 0, 2, 0, 5, 0)
  (0, 0, 3, 0, 0, 0, 5, 0)

Path 1634 (6 moves):
  (1, 1, 1, 1, 1, 1, 1, 1)
  (1, 1, 1, 1, 2, 0, 1, 1)
  (0, 2, 1, 1, 2, 0, 1, 1)
  (0, 0, 1, 3, 2, 0, 1, 1)
  (0, 0, 1, 3, 2, 0, 2, 0)
  (0, 0, 1, 0, 2, 0, 5, 0)
  (0, 0, 1, 0, 0, 0, 7, 0)

Path 1635 (6 moves):
  (1, 1, 1, 1, 1, 1, 1, 1)
  (1, 1, 1, 1, 2, 0, 1, 1)
  (0, 2, 1, 1, 2, 0, 1, 1)
  (0, 0, 1, 3, 2, 0, 1, 1)
  (0, 0, 1, 3, 2, 0, 2, 0)
  (0, 0, 3, 3, 0, 0, 2, 0)
  (0, 0, 3, 0, 0, 0, 5, 0)

Path 1636 (6 moves):
  (1, 1, 1, 1, 1, 1, 1, 1)
  (1, 1, 1, 1, 2, 0, 1, 1)
  (0, 2, 1, 1, 2, 0, 1, 1)
  (0, 0, 1, 3, 2, 0, 1, 1)
  (0, 0, 1, 3, 2, 0, 2, 0)
  (0, 0, 1, 3, 0, 0, 4, 0)
  (0, 0, 0, 4, 0, 0, 4, 0)

Path 1637 (6 moves):
  (1, 1, 1, 1, 1, 1, 1, 1)
  (1, 1, 1, 1, 2, 0, 1, 1)
  (0, 2, 1, 1, 2, 0, 1, 1)
  (0, 0, 1, 3, 2, 0, 1, 1)
  (0, 0, 1, 3, 2, 0, 2, 0)
  (0, 0, 1, 3, 0, 0, 4, 0)
  (0, 0, 1, 0, 0, 0, 7, 0)

Path 1638 (6 moves):
  (1, 1, 1, 1, 1, 1, 1, 1)
  (1, 1, 1, 1, 2, 0, 1, 1)
  (0, 2, 1, 1, 2, 0, 1, 1)
  (0, 0, 1, 3, 2, 0, 1, 1)
  (0, 0, 1, 3, 2, 0, 2, 0)
  (0, 0, 1, 3, 0, 0, 4, 0)
  (0, 0, 5, 3, 0, 0, 0, 0)

Path 1639 (6 moves):
  (1, 1, 1, 1, 1, 1, 1, 1)
  (1, 1, 1, 1, 2, 0, 1, 1)
  (0, 2, 1, 1, 2, 0, 1, 1)
  (0, 0, 1, 3, 2, 0, 1, 1)
  (0, 0, 1, 3, 2, 0, 2, 0)
  (0, 0, 1, 3, 4, 0, 0, 0)
  (0, 0, 0, 4, 4, 0, 0, 0)

Path 1640 (6 moves):
  (1, 1, 1, 1, 1, 1, 1, 1)
  (1, 1, 1, 1, 2, 0, 1, 1)
  (0, 2, 1, 1, 2, 0, 1, 1)
  (0, 3, 0, 1, 2, 0, 1, 1)
  (0, 3, 0, 0, 3, 0, 1, 1)
  (0, 0, 0, 0, 6, 0, 1, 1)
  (0, 0, 0, 0, 6, 0, 0, 2)

Path 1641 (6 moves):
  (1, 1, 1, 1, 1, 1, 1, 1)
  (1, 1, 1, 1, 2, 0, 1, 1)
  (0, 2, 1, 1, 2, 0, 1, 1)
  (0, 3, 0, 1, 2, 0, 1, 1)
  (0, 3, 0, 0, 3, 0, 1, 1)
  (0, 6, 0, 0, 0, 0, 1, 1)
  (0, 6, 0, 0, 0, 0, 2, 0)

Path 1642 (6 moves):
  (1, 1, 1, 1, 1, 1, 1, 1)
  (1, 1, 1, 1, 2, 0, 1, 1)
  (0, 2, 1, 1, 2, 0, 1, 1)
  (0, 3, 0, 1, 2, 0, 1, 1)
  (0, 3, 0, 0, 3, 0, 1, 1)
  (0, 3, 0, 0, 0, 0, 1, 4)
  (0, 3, 0, 0, 0, 0, 0, 5)

Path 1643 (6 moves):
  (1, 1, 1, 1, 1, 1, 1, 1)
  (1, 1, 1, 1, 2, 0, 1, 1)
  (0, 2, 1, 1, 2, 0, 1, 1)
  (0, 3, 0, 1, 2, 0, 1, 1)
  (0, 3, 0, 0, 3, 0, 1, 1)
  (0, 3, 0, 0, 3, 0, 0, 2)
  (0, 0, 0, 0, 6, 0, 0, 2)

Path 1644 (6 moves):
  (1, 1, 1, 1, 1, 1, 1, 1)
  (1, 1, 1, 1, 2, 0, 1, 1)
  (0, 2, 1, 1, 2, 0, 1, 1)
  (0, 3, 0, 1, 2, 0, 1, 1)
  (0, 3, 0, 0, 3, 0, 1, 1)
  (0, 3, 0, 0, 3, 0, 0, 2)
  (0, 3, 0, 0, 0, 0, 0, 5)

Path 1645 (6 moves):
  (1, 1, 1, 1, 1, 1, 1, 1)
  (1, 1, 1, 1, 2, 0, 1, 1)
  (0, 2, 1, 1, 2, 0, 1, 1)
  (0, 3, 0, 1, 2, 0, 1, 1)
  (0, 3, 0, 0, 3, 0, 1, 1)
  (0, 3, 0, 0, 3, 0, 2, 0)
  (0, 6, 0, 0, 0, 0, 2, 0)

Path 1646 (6 moves):
  (1, 1, 1, 1, 1, 1, 1, 1)
  (1, 1, 1, 1, 2, 0, 1, 1)
  (0, 2, 1, 1, 2, 0, 1, 1)
  (0, 3, 0, 1, 2, 0, 1, 1)
  (0, 3, 0, 1, 2, 0, 0, 2)
  (0, 0, 0, 1, 5, 0, 0, 2)
  (0, 0, 0, 0, 6, 0, 0, 2)

Path 1647 (6 moves):
  (1, 1, 1, 1, 1, 1, 1, 1)
  (1, 1, 1, 1, 2, 0, 1, 1)
  (0, 2, 1, 1, 2, 0, 1, 1)
  (0, 3, 0, 1, 2, 0, 1, 1)
  (0, 3, 0, 1, 2, 0, 0, 2)
  (0, 3, 0, 0, 3, 0, 0, 2)
  (0, 0, 0, 0, 6, 0, 0, 2)

Path 1648 (6 moves):
  (1, 1, 1, 1, 1, 1, 1, 1)
  (1, 1, 1, 1, 2, 0, 1, 1)
  (0, 2, 1, 1, 2, 0, 1, 1)
  (0, 3, 0, 1, 2, 0, 1, 1)
  (0, 3, 0, 1, 2, 0, 0, 2)
  (0, 3, 0, 0, 3, 0, 0, 2)
  (0, 3, 0, 0, 0, 0, 0, 5)

Path 1649 (6 moves):
  (1, 1, 1, 1, 1, 1, 1, 1)
  (1, 1, 1, 1, 2, 0, 1, 1)
  (0, 2, 1, 1, 2, 0, 1, 1)
  (0, 2, 0, 2, 2, 0, 1, 1)
  (0, 0, 0, 4, 2, 0, 1, 1)
  (0, 0, 0, 0, 2, 0, 1, 5)
  (0, 0, 0, 0, 0, 0, 3, 5)

Path 1650 (6 moves):
  (1, 1, 1, 1, 1, 1, 1, 1)
  (1, 1, 1, 1, 2, 0, 1, 1)
  (0, 2, 1, 1, 2, 0, 1, 1)
  (0, 2, 0, 2, 2, 0, 1, 1)
  (0, 0, 0, 4, 2, 0, 1, 1)
  (0, 0, 0, 0, 2, 0, 1, 5)
  (0, 0, 0, 0, 2, 0, 0, 6)

Path 1651 (6 moves):
  (1, 1, 1, 1, 1, 1, 1, 1)
  (1, 1, 1, 1, 2, 0, 1, 1)
  (0, 2, 1, 1, 2, 0, 1, 1)
  (0, 2, 0, 2, 2, 0, 1, 1)
  (0, 0, 0, 4, 2, 0, 1, 1)
  (0, 0, 0, 4, 0, 0, 3, 1)
  (0, 0, 0, 0, 0, 0, 3, 5)

Path 1652 (6 moves):
  (1, 1, 1, 1, 1, 1, 1, 1)
  (1, 1, 1, 1, 2, 0, 1, 1)
  (0, 2, 1, 1, 2, 0, 1, 1)
  (0, 2, 0, 2, 2, 0, 1, 1)
  (0, 0, 0, 4, 2, 0, 1, 1)
  (0, 0, 0, 4, 0, 0, 3, 1)
  (0, 0, 0, 7, 0, 0, 0, 1)

Path 1653 (6 moves):
  (1, 1, 1, 1, 1, 1, 1, 1)
  (1, 1, 1, 1, 2, 0, 1, 1)
  (0, 2, 1, 1, 2, 0, 1, 1)
  (0, 2, 0, 2, 2, 0, 1, 1)
  (0, 0, 0, 4, 2, 0, 1, 1)
  (0, 0, 0, 4, 0, 0, 3, 1)
  (0, 0, 0, 4, 0, 0, 4, 0)

Path 1654 (6 moves):
  (1, 1, 1, 1, 1, 1, 1, 1)
  (1, 1, 1, 1, 2, 0, 1, 1)
  (0, 2, 1, 1, 2, 0, 1, 1)
  (0, 2, 0, 2, 2, 0, 1, 1)
  (0, 0, 0, 4, 2, 0, 1, 1)
  (0, 0, 0, 4, 2, 0, 0, 2)
  (0, 0, 0, 0, 2, 0, 0, 6)

Path 1655 (6 moves):
  (1, 1, 1, 1, 1, 1, 1, 1)
  (1, 1, 1, 1, 2, 0, 1, 1)
  (0, 2, 1, 1, 2, 0, 1, 1)
  (0, 2, 0, 2, 2, 0, 1, 1)
  (0, 0, 0, 4, 2, 0, 1, 1)
  (0, 0, 0, 4, 2, 0, 2, 0)
  (0, 0, 0, 4, 0, 0, 4, 0)

Path 1656 (6 moves):
  (1, 1, 1, 1, 1, 1, 1, 1)
  (1, 1, 1, 1, 2, 0, 1, 1)
  (0, 2, 1, 1, 2, 0, 1, 1)
  (0, 2, 0, 2, 2, 0, 1, 1)
  (0, 0, 0, 4, 2, 0, 1, 1)
  (0, 0, 0, 4, 2, 0, 2, 0)
  (0, 0, 0, 4, 4, 0, 0, 0)

Path 1657 (6 moves):
  (1, 1, 1, 1, 1, 1, 1, 1)
  (1, 1, 1, 1, 2, 0, 1, 1)
  (0, 2, 1, 1, 2, 0, 1, 1)
  (0, 2, 0, 2, 2, 0, 1, 1)
  (0, 2, 0, 2, 0, 0, 3, 1)
  (0, 0, 0, 4, 0, 0, 3, 1)
  (0, 0, 0, 0, 0, 0, 3, 5)

Path 1658 (6 moves):
  (1, 1, 1, 1, 1, 1, 1, 1)
  (1, 1, 1, 1, 2, 0, 1, 1)
  (0, 2, 1, 1, 2, 0, 1, 1)
  (0, 2, 0, 2, 2, 0, 1, 1)
  (0, 2, 0, 2, 0, 0, 3, 1)
  (0, 0, 0, 4, 0, 0, 3, 1)
  (0, 0, 0, 7, 0, 0, 0, 1)

Path 1659 (6 moves):
  (1, 1, 1, 1, 1, 1, 1, 1)
  (1, 1, 1, 1, 2, 0, 1, 1)
  (0, 2, 1, 1, 2, 0, 1, 1)
  (0, 2, 0, 2, 2, 0, 1, 1)
  (0, 2, 0, 2, 0, 0, 3, 1)
  (0, 0, 0, 4, 0, 0, 3, 1)
  (0, 0, 0, 4, 0, 0, 4, 0)

Path 1660 (6 moves):
  (1, 1, 1, 1, 1, 1, 1, 1)
  (1, 1, 1, 1, 2, 0, 1, 1)
  (0, 2, 1, 1, 2, 0, 1, 1)
  (0, 2, 0, 2, 2, 0, 1, 1)
  (0, 2, 0, 2, 0, 0, 3, 1)
  (0, 4, 0, 0, 0, 0, 3, 1)
  (0, 4, 0, 0, 0, 0, 4, 0)

Path 1661 (6 moves):
  (1, 1, 1, 1, 1, 1, 1, 1)
  (1, 1, 1, 1, 2, 0, 1, 1)
  (0, 2, 1, 1, 2, 0, 1, 1)
  (0, 2, 0, 2, 2, 0, 1, 1)
  (0, 2, 0, 2, 0, 0, 3, 1)
  (0, 2, 0, 5, 0, 0, 0, 1)
  (0, 0, 0, 7, 0, 0, 0, 1)

Path 1662 (6 moves):
  (1, 1, 1, 1, 1, 1, 1, 1)
  (1, 1, 1, 1, 2, 0, 1, 1)
  (0, 2, 1, 1, 2, 0, 1, 1)
  (0, 2, 0, 2, 2, 0, 1, 1)
  (0, 2, 0, 2, 0, 0, 3, 1)
  (0, 2, 0, 2, 0, 0, 4, 0)
  (0, 0, 0, 4, 0, 0, 4, 0)

Path 1663 (6 moves):
  (1, 1, 1, 1, 1, 1, 1, 1)
  (1, 1, 1, 1, 2, 0, 1, 1)
  (0, 2, 1, 1, 2, 0, 1, 1)
  (0, 2, 0, 2, 2, 0, 1, 1)
  (0, 2, 0, 2, 0, 0, 3, 1)
  (0, 2, 0, 2, 0, 0, 4, 0)
  (0, 4, 0, 0, 0, 0, 4, 0)

Path 1664 (6 moves):
  (1, 1, 1, 1, 1, 1, 1, 1)
  (1, 1, 1, 1, 2, 0, 1, 1)
  (0, 2, 1, 1, 2, 0, 1, 1)
  (0, 2, 0, 2, 2, 0, 1, 1)
  (0, 2, 0, 2, 2, 0, 2, 0)
  (0, 0, 0, 4, 2, 0, 2, 0)
  (0, 0, 0, 4, 0, 0, 4, 0)

Path 1665 (6 moves):
  (1, 1, 1, 1, 1, 1, 1, 1)
  (1, 1, 1, 1, 2, 0, 1, 1)
  (0, 2, 1, 1, 2, 0, 1, 1)
  (0, 2, 0, 2, 2, 0, 1, 1)
  (0, 2, 0, 2, 2, 0, 2, 0)
  (0, 0, 0, 4, 2, 0, 2, 0)
  (0, 0, 0, 4, 4, 0, 0, 0)

Path 1666 (6 moves):
  (1, 1, 1, 1, 1, 1, 1, 1)
  (1, 1, 1, 1, 2, 0, 1, 1)
  (0, 2, 1, 1, 2, 0, 1, 1)
  (0, 2, 0, 2, 2, 0, 1, 1)
  (0, 2, 0, 2, 2, 0, 2, 0)
  (0, 4, 0, 0, 2, 0, 2, 0)
  (0, 4, 0, 0, 0, 0, 4, 0)

Path 1667 (6 moves):
  (1, 1, 1, 1, 1, 1, 1, 1)
  (1, 1, 1, 1, 2, 0, 1, 1)
  (0, 2, 1, 1, 2, 0, 1, 1)
  (0, 2, 0, 2, 2, 0, 1, 1)
  (0, 2, 0, 2, 2, 0, 2, 0)
  (0, 4, 0, 0, 2, 0, 2, 0)
  (0, 4, 0, 0, 4, 0, 0, 0)

Path 1668 (6 moves):
  (1, 1, 1, 1, 1, 1, 1, 1)
  (1, 1, 1, 1, 2, 0, 1, 1)
  (0, 2, 1, 1, 2, 0, 1, 1)
  (0, 2, 0, 2, 2, 0, 1, 1)
  (0, 2, 0, 2, 2, 0, 2, 0)
  (0, 2, 0, 2, 0, 0, 4, 0)
  (0, 0, 0, 4, 0, 0, 4, 0)

Path 1669 (6 moves):
  (1, 1, 1, 1, 1, 1, 1, 1)
  (1, 1, 1, 1, 2, 0, 1, 1)
  (0, 2, 1, 1, 2, 0, 1, 1)
  (0, 2, 0, 2, 2, 0, 1, 1)
  (0, 2, 0, 2, 2, 0, 2, 0)
  (0, 2, 0, 2, 0, 0, 4, 0)
  (0, 4, 0, 0, 0, 0, 4, 0)

Path 1670 (6 moves):
  (1, 1, 1, 1, 1, 1, 1, 1)
  (1, 1, 1, 1, 2, 0, 1, 1)
  (0, 2, 1, 1, 2, 0, 1, 1)
  (0, 2, 0, 2, 2, 0, 1, 1)
  (0, 2, 0, 2, 2, 0, 2, 0)
  (0, 2, 0, 2, 4, 0, 0, 0)
  (0, 0, 0, 4, 4, 0, 0, 0)

Path 1671 (6 moves):
  (1, 1, 1, 1, 1, 1, 1, 1)
  (1, 1, 1, 1, 2, 0, 1, 1)
  (0, 2, 1, 1, 2, 0, 1, 1)
  (0, 2, 0, 2, 2, 0, 1, 1)
  (0, 2, 0, 2, 2, 0, 2, 0)
  (0, 2, 0, 2, 4, 0, 0, 0)
  (0, 4, 0, 0, 4, 0, 0, 0)

Path 1672 (6 moves):
  (1, 1, 1, 1, 1, 1, 1, 1)
  (1, 1, 1, 1, 2, 0, 1, 1)
  (0, 2, 1, 1, 2, 0, 1, 1)
  (0, 2, 2, 0, 2, 0, 1, 1)
  (0, 2, 2, 0, 0, 0, 3, 1)
  (0, 2, 2, 0, 0, 0, 4, 0)
  (0, 2, 6, 0, 0, 0, 0, 0)

Path 1673 (6 moves):
  (1, 1, 1, 1, 1, 1, 1, 1)
  (1, 1, 1, 1, 2, 0, 1, 1)
  (0, 2, 1, 1, 2, 0, 1, 1)
  (0, 2, 2, 0, 2, 0, 1, 1)
  (0, 2, 2, 0, 2, 0, 2, 0)
  (0, 2, 0, 0, 4, 0, 2, 0)
  (0, 2, 0, 0, 6, 0, 0, 0)

Path 1674 (6 moves):
  (1, 1, 1, 1, 1, 1, 1, 1)
  (1, 1, 1, 1, 2, 0, 1, 1)
  (0, 2, 1, 1, 2, 0, 1, 1)
  (0, 2, 2, 0, 2, 0, 1, 1)
  (0, 2, 2, 0, 2, 0, 2, 0)
  (0, 2, 4, 0, 0, 0, 2, 0)
  (0, 2, 0, 0, 0, 0, 6, 0)

Path 1675 (6 moves):
  (1, 1, 1, 1, 1, 1, 1, 1)
  (1, 1, 1, 1, 2, 0, 1, 1)
  (0, 2, 1, 1, 2, 0, 1, 1)
  (0, 2, 2, 0, 2, 0, 1, 1)
  (0, 2, 2, 0, 2, 0, 2, 0)
  (0, 2, 2, 0, 0, 0, 4, 0)
  (0, 2, 6, 0, 0, 0, 0, 0)

Path 1676 (6 moves):
  (1, 1, 1, 1, 1, 1, 1, 1)
  (1, 1, 1, 1, 2, 0, 1, 1)
  (0, 2, 1, 1, 2, 0, 1, 1)
  (0, 2, 2, 0, 2, 0, 1, 1)
  (0, 2, 2, 0, 2, 0, 2, 0)
  (0, 2, 2, 0, 4, 0, 0, 0)
  (0, 2, 0, 0, 6, 0, 0, 0)

Path 1677 (6 moves):
  (1, 1, 1, 1, 1, 1, 1, 1)
  (1, 1, 1, 1, 2, 0, 1, 1)
  (0, 2, 1, 1, 2, 0, 1, 1)
  (0, 2, 1, 0, 3, 0, 1, 1)
  (0, 3, 0, 0, 3, 0, 1, 1)
  (0, 0, 0, 0, 6, 0, 1, 1)
  (0, 0, 0, 0, 6, 0, 0, 2)

Path 1678 (6 moves):
  (1, 1, 1, 1, 1, 1, 1, 1)
  (1, 1, 1, 1, 2, 0, 1, 1)
  (0, 2, 1, 1, 2, 0, 1, 1)
  (0, 2, 1, 0, 3, 0, 1, 1)
  (0, 3, 0, 0, 3, 0, 1, 1)
  (0, 6, 0, 0, 0, 0, 1, 1)
  (0, 6, 0, 0, 0, 0, 2, 0)

Path 1679 (6 moves):
  (1, 1, 1, 1, 1, 1, 1, 1)
  (1, 1, 1, 1, 2, 0, 1, 1)
  (0, 2, 1, 1, 2, 0, 1, 1)
  (0, 2, 1, 0, 3, 0, 1, 1)
  (0, 3, 0, 0, 3, 0, 1, 1)
  (0, 3, 0, 0, 0, 0, 1, 4)
  (0, 3, 0, 0, 0, 0, 0, 5)

Path 1680 (6 moves):
  (1, 1, 1, 1, 1, 1, 1, 1)
  (1, 1, 1, 1, 2, 0, 1, 1)
  (0, 2, 1, 1, 2, 0, 1, 1)
  (0, 2, 1, 0, 3, 0, 1, 1)
  (0, 3, 0, 0, 3, 0, 1, 1)
  (0, 3, 0, 0, 3, 0, 0, 2)
  (0, 0, 0, 0, 6, 0, 0, 2)

Path 1681 (6 moves):
  (1, 1, 1, 1, 1, 1, 1, 1)
  (1, 1, 1, 1, 2, 0, 1, 1)
  (0, 2, 1, 1, 2, 0, 1, 1)
  (0, 2, 1, 0, 3, 0, 1, 1)
  (0, 3, 0, 0, 3, 0, 1, 1)
  (0, 3, 0, 0, 3, 0, 0, 2)
  (0, 3, 0, 0, 0, 0, 0, 5)

Path 1682 (6 moves):
  (1, 1, 1, 1, 1, 1, 1, 1)
  (1, 1, 1, 1, 2, 0, 1, 1)
  (0, 2, 1, 1, 2, 0, 1, 1)
  (0, 2, 1, 0, 3, 0, 1, 1)
  (0, 3, 0, 0, 3, 0, 1, 1)
  (0, 3, 0, 0, 3, 0, 2, 0)
  (0, 6, 0, 0, 0, 0, 2, 0)

Path 1683 (6 moves):
  (1, 1, 1, 1, 1, 1, 1, 1)
  (1, 1, 1, 1, 2, 0, 1, 1)
  (0, 2, 1, 1, 2, 0, 1, 1)
  (0, 2, 1, 0, 3, 0, 1, 1)
  (0, 2, 1, 0, 0, 0, 1, 4)
  (0, 3, 0, 0, 0, 0, 1, 4)
  (0, 3, 0, 0, 0, 0, 0, 5)

Path 1684 (6 moves):
  (1, 1, 1, 1, 1, 1, 1, 1)
  (1, 1, 1, 1, 2, 0, 1, 1)
  (0, 2, 1, 1, 2, 0, 1, 1)
  (0, 2, 1, 0, 3, 0, 1, 1)
  (0, 2, 1, 0, 0, 0, 1, 4)
  (0, 2, 1, 0, 0, 0, 0, 5)
  (0, 3, 0, 0, 0, 0, 0, 5)

Path 1685 (6 moves):
  (1, 1, 1, 1, 1, 1, 1, 1)
  (1, 1, 1, 1, 2, 0, 1, 1)
  (0, 2, 1, 1, 2, 0, 1, 1)
  (0, 2, 1, 0, 3, 0, 1, 1)
  (0, 2, 1, 0, 0, 0, 1, 4)
  (0, 2, 1, 0, 0, 0, 0, 5)
  (0, 2, 6, 0, 0, 0, 0, 0)

Path 1686 (6 moves):
  (1, 1, 1, 1, 1, 1, 1, 1)
  (1, 1, 1, 1, 2, 0, 1, 1)
  (0, 2, 1, 1, 2, 0, 1, 1)
  (0, 2, 3, 1, 0, 0, 1, 1)
  (0, 2, 3, 1, 0, 0, 2, 0)
  (0, 0, 3, 3, 0, 0, 2, 0)
  (0, 0, 3, 0, 0, 0, 5, 0)

Path 1687 (6 moves):
  (1, 1, 1, 1, 1, 1, 1, 1)
  (1, 1, 1, 1, 2, 0, 1, 1)
  (0, 2, 1, 1, 2, 0, 1, 1)
  (0, 2, 3, 1, 0, 0, 1, 1)
  (0, 2, 3, 1, 0, 0, 2, 0)
  (0, 2, 4, 0, 0, 0, 2, 0)
  (0, 2, 0, 0, 0, 0, 6, 0)

Path 1688 (6 moves):
  (1, 1, 1, 1, 1, 1, 1, 1)
  (1, 1, 1, 1, 2, 0, 1, 1)
  (0, 2, 1, 1, 2, 0, 1, 1)
  (0, 2, 1, 1, 0, 0, 3, 1)
  (0, 0, 1, 3, 0, 0, 3, 1)
  (0, 0, 0, 4, 0, 0, 3, 1)
  (0, 0, 0, 0, 0, 0, 3, 5)

Path 1689 (6 moves):
  (1, 1, 1, 1, 1, 1, 1, 1)
  (1, 1, 1, 1, 2, 0, 1, 1)
  (0, 2, 1, 1, 2, 0, 1, 1)
  (0, 2, 1, 1, 0, 0, 3, 1)
  (0, 0, 1, 3, 0, 0, 3, 1)
  (0, 0, 0, 4, 0, 0, 3, 1)
  (0, 0, 0, 7, 0, 0, 0, 1)

Path 1690 (6 moves):
  (1, 1, 1, 1, 1, 1, 1, 1)
  (1, 1, 1, 1, 2, 0, 1, 1)
  (0, 2, 1, 1, 2, 0, 1, 1)
  (0, 2, 1, 1, 0, 0, 3, 1)
  (0, 0, 1, 3, 0, 0, 3, 1)
  (0, 0, 0, 4, 0, 0, 3, 1)
  (0, 0, 0, 4, 0, 0, 4, 0)

Path 1691 (6 moves):
  (1, 1, 1, 1, 1, 1, 1, 1)
  (1, 1, 1, 1, 2, 0, 1, 1)
  (0, 2, 1, 1, 2, 0, 1, 1)
  (0, 2, 1, 1, 0, 0, 3, 1)
  (0, 0, 1, 3, 0, 0, 3, 1)
  (0, 0, 1, 0, 0, 0, 6, 1)
  (0, 0, 1, 0, 0, 0, 7, 0)

Path 1692 (6 moves):
  (1, 1, 1, 1, 1, 1, 1, 1)
  (1, 1, 1, 1, 2, 0, 1, 1)
  (0, 2, 1, 1, 2, 0, 1, 1)
  (0, 2, 1, 1, 0, 0, 3, 1)
  (0, 0, 1, 3, 0, 0, 3, 1)
  (0, 0, 1, 6, 0, 0, 0, 1)
  (0, 0, 0, 7, 0, 0, 0, 1)

Path 1693 (6 moves):
  (1, 1, 1, 1, 1, 1, 1, 1)
  (1, 1, 1, 1, 2, 0, 1, 1)
  (0, 2, 1, 1, 2, 0, 1, 1)
  (0, 2, 1, 1, 0, 0, 3, 1)
  (0, 0, 1, 3, 0, 0, 3, 1)
  (0, 0, 1, 3, 0, 0, 4, 0)
  (0, 0, 0, 4, 0, 0, 4, 0)

Path 1694 (6 moves):
  (1, 1, 1, 1, 1, 1, 1, 1)
  (1, 1, 1, 1, 2, 0, 1, 1)
  (0, 2, 1, 1, 2, 0, 1, 1)
  (0, 2, 1, 1, 0, 0, 3, 1)
  (0, 0, 1, 3, 0, 0, 3, 1)
  (0, 0, 1, 3, 0, 0, 4, 0)
  (0, 0, 1, 0, 0, 0, 7, 0)

Path 1695 (6 moves):
  (1, 1, 1, 1, 1, 1, 1, 1)
  (1, 1, 1, 1, 2, 0, 1, 1)
  (0, 2, 1, 1, 2, 0, 1, 1)
  (0, 2, 1, 1, 0, 0, 3, 1)
  (0, 0, 1, 3, 0, 0, 3, 1)
  (0, 0, 1, 3, 0, 0, 4, 0)
  (0, 0, 5, 3, 0, 0, 0, 0)

Path 1696 (6 moves):
  (1, 1, 1, 1, 1, 1, 1, 1)
  (1, 1, 1, 1, 2, 0, 1, 1)
  (0, 2, 1, 1, 2, 0, 1, 1)
  (0, 2, 1, 1, 0, 0, 3, 1)
  (0, 2, 0, 2, 0, 0, 3, 1)
  (0, 0, 0, 4, 0, 0, 3, 1)
  (0, 0, 0, 0, 0, 0, 3, 5)

Path 1697 (6 moves):
  (1, 1, 1, 1, 1, 1, 1, 1)
  (1, 1, 1, 1, 2, 0, 1, 1)
  (0, 2, 1, 1, 2, 0, 1, 1)
  (0, 2, 1, 1, 0, 0, 3, 1)
  (0, 2, 0, 2, 0, 0, 3, 1)
  (0, 0, 0, 4, 0, 0, 3, 1)
  (0, 0, 0, 7, 0, 0, 0, 1)

Path 1698 (6 moves):
  (1, 1, 1, 1, 1, 1, 1, 1)
  (1, 1, 1, 1, 2, 0, 1, 1)
  (0, 2, 1, 1, 2, 0, 1, 1)
  (0, 2, 1, 1, 0, 0, 3, 1)
  (0, 2, 0, 2, 0, 0, 3, 1)
  (0, 0, 0, 4, 0, 0, 3, 1)
  (0, 0, 0, 4, 0, 0, 4, 0)

Path 1699 (6 moves):
  (1, 1, 1, 1, 1, 1, 1, 1)
  (1, 1, 1, 1, 2, 0, 1, 1)
  (0, 2, 1, 1, 2, 0, 1, 1)
  (0, 2, 1, 1, 0, 0, 3, 1)
  (0, 2, 0, 2, 0, 0, 3, 1)
  (0, 4, 0, 0, 0, 0, 3, 1)
  (0, 4, 0, 0, 0, 0, 4, 0)

Path 1700 (6 moves):
  (1, 1, 1, 1, 1, 1, 1, 1)
  (1, 1, 1, 1, 2, 0, 1, 1)
  (0, 2, 1, 1, 2, 0, 1, 1)
  (0, 2, 1, 1, 0, 0, 3, 1)
  (0, 2, 0, 2, 0, 0, 3, 1)
  (0, 2, 0, 5, 0, 0, 0, 1)
  (0, 0, 0, 7, 0, 0, 0, 1)

Path 1701 (6 moves):
  (1, 1, 1, 1, 1, 1, 1, 1)
  (1, 1, 1, 1, 2, 0, 1, 1)
  (0, 2, 1, 1, 2, 0, 1, 1)
  (0, 2, 1, 1, 0, 0, 3, 1)
  (0, 2, 0, 2, 0, 0, 3, 1)
  (0, 2, 0, 2, 0, 0, 4, 0)
  (0, 0, 0, 4, 0, 0, 4, 0)

Path 1702 (6 moves):
  (1, 1, 1, 1, 1, 1, 1, 1)
  (1, 1, 1, 1, 2, 0, 1, 1)
  (0, 2, 1, 1, 2, 0, 1, 1)
  (0, 2, 1, 1, 0, 0, 3, 1)
  (0, 2, 0, 2, 0, 0, 3, 1)
  (0, 2, 0, 2, 0, 0, 4, 0)
  (0, 4, 0, 0, 0, 0, 4, 0)

Path 1703 (6 moves):
  (1, 1, 1, 1, 1, 1, 1, 1)
  (1, 1, 1, 1, 2, 0, 1, 1)
  (0, 2, 1, 1, 2, 0, 1, 1)
  (0, 2, 1, 1, 0, 0, 3, 1)
  (0, 2, 2, 0, 0, 0, 3, 1)
  (0, 2, 2, 0, 0, 0, 4, 0)
  (0, 2, 6, 0, 0, 0, 0, 0)

Path 1704 (6 moves):
  (1, 1, 1, 1, 1, 1, 1, 1)
  (1, 1, 1, 1, 2, 0, 1, 1)
  (0, 2, 1, 1, 2, 0, 1, 1)
  (0, 2, 1, 1, 0, 0, 3, 1)
  (0, 2, 1, 4, 0, 0, 0, 1)
  (0, 0, 1, 6, 0, 0, 0, 1)
  (0, 0, 0, 7, 0, 0, 0, 1)

Path 1705 (6 moves):
  (1, 1, 1, 1, 1, 1, 1, 1)
  (1, 1, 1, 1, 2, 0, 1, 1)
  (0, 2, 1, 1, 2, 0, 1, 1)
  (0, 2, 1, 1, 0, 0, 3, 1)
  (0, 2, 1, 4, 0, 0, 0, 1)
  (0, 3, 0, 4, 0, 0, 0, 1)
  (0, 3, 0, 0, 0, 0, 0, 5)

Path 1706 (6 moves):
  (1, 1, 1, 1, 1, 1, 1, 1)
  (1, 1, 1, 1, 2, 0, 1, 1)
  (0, 2, 1, 1, 2, 0, 1, 1)
  (0, 2, 1, 1, 0, 0, 3, 1)
  (0, 2, 1, 4, 0, 0, 0, 1)
  (0, 2, 0, 5, 0, 0, 0, 1)
  (0, 0, 0, 7, 0, 0, 0, 1)

Path 1707 (6 moves):
  (1, 1, 1, 1, 1, 1, 1, 1)
  (1, 1, 1, 1, 2, 0, 1, 1)
  (0, 2, 1, 1, 2, 0, 1, 1)
  (0, 2, 1, 1, 0, 0, 3, 1)
  (0, 2, 1, 4, 0, 0, 0, 1)
  (0, 2, 1, 0, 0, 0, 0, 5)
  (0, 3, 0, 0, 0, 0, 0, 5)

Path 1708 (6 moves):
  (1, 1, 1, 1, 1, 1, 1, 1)
  (1, 1, 1, 1, 2, 0, 1, 1)
  (0, 2, 1, 1, 2, 0, 1, 1)
  (0, 2, 1, 1, 0, 0, 3, 1)
  (0, 2, 1, 4, 0, 0, 0, 1)
  (0, 2, 1, 0, 0, 0, 0, 5)
  (0, 2, 6, 0, 0, 0, 0, 0)

Path 1709 (6 moves):
  (1, 1, 1, 1, 1, 1, 1, 1)
  (1, 1, 1, 1, 2, 0, 1, 1)
  (0, 2, 1, 1, 2, 0, 1, 1)
  (0, 2, 1, 1, 2, 0, 0, 2)
  (0, 3, 0, 1, 2, 0, 0, 2)
  (0, 0, 0, 1, 5, 0, 0, 2)
  (0, 0, 0, 0, 6, 0, 0, 2)

Path 1710 (6 moves):
  (1, 1, 1, 1, 1, 1, 1, 1)
  (1, 1, 1, 1, 2, 0, 1, 1)
  (0, 2, 1, 1, 2, 0, 1, 1)
  (0, 2, 1, 1, 2, 0, 0, 2)
  (0, 3, 0, 1, 2, 0, 0, 2)
  (0, 3, 0, 0, 3, 0, 0, 2)
  (0, 0, 0, 0, 6, 0, 0, 2)

Path 1711 (6 moves):
  (1, 1, 1, 1, 1, 1, 1, 1)
  (1, 1, 1, 1, 2, 0, 1, 1)
  (0, 2, 1, 1, 2, 0, 1, 1)
  (0, 2, 1, 1, 2, 0, 0, 2)
  (0, 3, 0, 1, 2, 0, 0, 2)
  (0, 3, 0, 0, 3, 0, 0, 2)
  (0, 3, 0, 0, 0, 0, 0, 5)

Path 1712 (6 moves):
  (1, 1, 1, 1, 1, 1, 1, 1)
  (1, 1, 1, 1, 2, 0, 1, 1)
  (0, 2, 1, 1, 2, 0, 1, 1)
  (0, 2, 1, 1, 2, 0, 2, 0)
  (0, 0, 1, 3, 2, 0, 2, 0)
  (0, 0, 0, 4, 2, 0, 2, 0)
  (0, 0, 0, 4, 0, 0, 4, 0)

Path 1713 (6 moves):
  (1, 1, 1, 1, 1, 1, 1, 1)
  (1, 1, 1, 1, 2, 0, 1, 1)
  (0, 2, 1, 1, 2, 0, 1, 1)
  (0, 2, 1, 1, 2, 0, 2, 0)
  (0, 0, 1, 3, 2, 0, 2, 0)
  (0, 0, 0, 4, 2, 0, 2, 0)
  (0, 0, 0, 4, 4, 0, 0, 0)

Path 1714 (6 moves):
  (1, 1, 1, 1, 1, 1, 1, 1)
  (1, 1, 1, 1, 2, 0, 1, 1)
  (0, 2, 1, 1, 2, 0, 1, 1)
  (0, 2, 1, 1, 2, 0, 2, 0)
  (0, 0, 1, 3, 2, 0, 2, 0)
  (0, 0, 1, 0, 2, 0, 5, 0)
  (0, 0, 3, 0, 0, 0, 5, 0)

Path 1715 (6 moves):
  (1, 1, 1, 1, 1, 1, 1, 1)
  (1, 1, 1, 1, 2, 0, 1, 1)
  (0, 2, 1, 1, 2, 0, 1, 1)
  (0, 2, 1, 1, 2, 0, 2, 0)
  (0, 0, 1, 3, 2, 0, 2, 0)
  (0, 0, 1, 0, 2, 0, 5, 0)
  (0, 0, 1, 0, 0, 0, 7, 0)

Path 1716 (6 moves):
  (1, 1, 1, 1, 1, 1, 1, 1)
  (1, 1, 1, 1, 2, 0, 1, 1)
  (0, 2, 1, 1, 2, 0, 1, 1)
  (0, 2, 1, 1, 2, 0, 2, 0)
  (0, 0, 1, 3, 2, 0, 2, 0)
  (0, 0, 3, 3, 0, 0, 2, 0)
  (0, 0, 3, 0, 0, 0, 5, 0)

Path 1717 (6 moves):
  (1, 1, 1, 1, 1, 1, 1, 1)
  (1, 1, 1, 1, 2, 0, 1, 1)
  (0, 2, 1, 1, 2, 0, 1, 1)
  (0, 2, 1, 1, 2, 0, 2, 0)
  (0, 0, 1, 3, 2, 0, 2, 0)
  (0, 0, 1, 3, 0, 0, 4, 0)
  (0, 0, 0, 4, 0, 0, 4, 0)

Path 1718 (6 moves):
  (1, 1, 1, 1, 1, 1, 1, 1)
  (1, 1, 1, 1, 2, 0, 1, 1)
  (0, 2, 1, 1, 2, 0, 1, 1)
  (0, 2, 1, 1, 2, 0, 2, 0)
  (0, 0, 1, 3, 2, 0, 2, 0)
  (0, 0, 1, 3, 0, 0, 4, 0)
  (0, 0, 1, 0, 0, 0, 7, 0)

Path 1719 (6 moves):
  (1, 1, 1, 1, 1, 1, 1, 1)
  (1, 1, 1, 1, 2, 0, 1, 1)
  (0, 2, 1, 1, 2, 0, 1, 1)
  (0, 2, 1, 1, 2, 0, 2, 0)
  (0, 0, 1, 3, 2, 0, 2, 0)
  (0, 0, 1, 3, 0, 0, 4, 0)
  (0, 0, 5, 3, 0, 0, 0, 0)

Path 1720 (6 moves):
  (1, 1, 1, 1, 1, 1, 1, 1)
  (1, 1, 1, 1, 2, 0, 1, 1)
  (0, 2, 1, 1, 2, 0, 1, 1)
  (0, 2, 1, 1, 2, 0, 2, 0)
  (0, 0, 1, 3, 2, 0, 2, 0)
  (0, 0, 1, 3, 4, 0, 0, 0)
  (0, 0, 0, 4, 4, 0, 0, 0)

Path 1721 (6 moves):
  (1, 1, 1, 1, 1, 1, 1, 1)
  (1, 1, 1, 1, 2, 0, 1, 1)
  (0, 2, 1, 1, 2, 0, 1, 1)
  (0, 2, 1, 1, 2, 0, 2, 0)
  (0, 2, 0, 2, 2, 0, 2, 0)
  (0, 0, 0, 4, 2, 0, 2, 0)
  (0, 0, 0, 4, 0, 0, 4, 0)

Path 1722 (6 moves):
  (1, 1, 1, 1, 1, 1, 1, 1)
  (1, 1, 1, 1, 2, 0, 1, 1)
  (0, 2, 1, 1, 2, 0, 1, 1)
  (0, 2, 1, 1, 2, 0, 2, 0)
  (0, 2, 0, 2, 2, 0, 2, 0)
  (0, 0, 0, 4, 2, 0, 2, 0)
  (0, 0, 0, 4, 4, 0, 0, 0)

Path 1723 (6 moves):
  (1, 1, 1, 1, 1, 1, 1, 1)
  (1, 1, 1, 1, 2, 0, 1, 1)
  (0, 2, 1, 1, 2, 0, 1, 1)
  (0, 2, 1, 1, 2, 0, 2, 0)
  (0, 2, 0, 2, 2, 0, 2, 0)
  (0, 4, 0, 0, 2, 0, 2, 0)
  (0, 4, 0, 0, 0, 0, 4, 0)

Path 1724 (6 moves):
  (1, 1, 1, 1, 1, 1, 1, 1)
  (1, 1, 1, 1, 2, 0, 1, 1)
  (0, 2, 1, 1, 2, 0, 1, 1)
  (0, 2, 1, 1, 2, 0, 2, 0)
  (0, 2, 0, 2, 2, 0, 2, 0)
  (0, 4, 0, 0, 2, 0, 2, 0)
  (0, 4, 0, 0, 4, 0, 0, 0)

Path 1725 (6 moves):
  (1, 1, 1, 1, 1, 1, 1, 1)
  (1, 1, 1, 1, 2, 0, 1, 1)
  (0, 2, 1, 1, 2, 0, 1, 1)
  (0, 2, 1, 1, 2, 0, 2, 0)
  (0, 2, 0, 2, 2, 0, 2, 0)
  (0, 2, 0, 2, 0, 0, 4, 0)
  (0, 0, 0, 4, 0, 0, 4, 0)

Path 1726 (6 moves):
  (1, 1, 1, 1, 1, 1, 1, 1)
  (1, 1, 1, 1, 2, 0, 1, 1)
  (0, 2, 1, 1, 2, 0, 1, 1)
  (0, 2, 1, 1, 2, 0, 2, 0)
  (0, 2, 0, 2, 2, 0, 2, 0)
  (0, 2, 0, 2, 0, 0, 4, 0)
  (0, 4, 0, 0, 0, 0, 4, 0)

Path 1727 (6 moves):
  (1, 1, 1, 1, 1, 1, 1, 1)
  (1, 1, 1, 1, 2, 0, 1, 1)
  (0, 2, 1, 1, 2, 0, 1, 1)
  (0, 2, 1, 1, 2, 0, 2, 0)
  (0, 2, 0, 2, 2, 0, 2, 0)
  (0, 2, 0, 2, 4, 0, 0, 0)
  (0, 0, 0, 4, 4, 0, 0, 0)

Path 1728 (6 moves):
  (1, 1, 1, 1, 1, 1, 1, 1)
  (1, 1, 1, 1, 2, 0, 1, 1)
  (0, 2, 1, 1, 2, 0, 1, 1)
  (0, 2, 1, 1, 2, 0, 2, 0)
  (0, 2, 0, 2, 2, 0, 2, 0)
  (0, 2, 0, 2, 4, 0, 0, 0)
  (0, 4, 0, 0, 4, 0, 0, 0)

Path 1729 (6 moves):
  (1, 1, 1, 1, 1, 1, 1, 1)
  (1, 1, 1, 1, 2, 0, 1, 1)
  (0, 2, 1, 1, 2, 0, 1, 1)
  (0, 2, 1, 1, 2, 0, 2, 0)
  (0, 2, 2, 0, 2, 0, 2, 0)
  (0, 2, 0, 0, 4, 0, 2, 0)
  (0, 2, 0, 0, 6, 0, 0, 0)

Path 1730 (6 moves):
  (1, 1, 1, 1, 1, 1, 1, 1)
  (1, 1, 1, 1, 2, 0, 1, 1)
  (0, 2, 1, 1, 2, 0, 1, 1)
  (0, 2, 1, 1, 2, 0, 2, 0)
  (0, 2, 2, 0, 2, 0, 2, 0)
  (0, 2, 4, 0, 0, 0, 2, 0)
  (0, 2, 0, 0, 0, 0, 6, 0)

Path 1731 (6 moves):
  (1, 1, 1, 1, 1, 1, 1, 1)
  (1, 1, 1, 1, 2, 0, 1, 1)
  (0, 2, 1, 1, 2, 0, 1, 1)
  (0, 2, 1, 1, 2, 0, 2, 0)
  (0, 2, 2, 0, 2, 0, 2, 0)
  (0, 2, 2, 0, 0, 0, 4, 0)
  (0, 2, 6, 0, 0, 0, 0, 0)

Path 1732 (6 moves):
  (1, 1, 1, 1, 1, 1, 1, 1)
  (1, 1, 1, 1, 2, 0, 1, 1)
  (0, 2, 1, 1, 2, 0, 1, 1)
  (0, 2, 1, 1, 2, 0, 2, 0)
  (0, 2, 2, 0, 2, 0, 2, 0)
  (0, 2, 2, 0, 4, 0, 0, 0)
  (0, 2, 0, 0, 6, 0, 0, 0)

Path 1733 (6 moves):
  (1, 1, 1, 1, 1, 1, 1, 1)
  (1, 1, 1, 1, 2, 0, 1, 1)
  (0, 2, 1, 1, 2, 0, 1, 1)
  (0, 2, 1, 1, 2, 0, 2, 0)
  (0, 2, 3, 1, 0, 0, 2, 0)
  (0, 0, 3, 3, 0, 0, 2, 0)
  (0, 0, 3, 0, 0, 0, 5, 0)

Path 1734 (6 moves):
  (1, 1, 1, 1, 1, 1, 1, 1)
  (1, 1, 1, 1, 2, 0, 1, 1)
  (0, 2, 1, 1, 2, 0, 1, 1)
  (0, 2, 1, 1, 2, 0, 2, 0)
  (0, 2, 3, 1, 0, 0, 2, 0)
  (0, 2, 4, 0, 0, 0, 2, 0)
  (0, 2, 0, 0, 0, 0, 6, 0)

Path 1735 (6 moves):
  (1, 1, 1, 1, 1, 1, 1, 1)
  (1, 1, 1, 1, 2, 0, 1, 1)
  (1, 1, 0, 2, 2, 0, 1, 1)
  (0, 2, 0, 2, 2, 0, 1, 1)
  (0, 0, 0, 4, 2, 0, 1, 1)
  (0, 0, 0, 0, 2, 0, 1, 5)
  (0, 0, 0, 0, 0, 0, 3, 5)

Path 1736 (6 moves):
  (1, 1, 1, 1, 1, 1, 1, 1)
  (1, 1, 1, 1, 2, 0, 1, 1)
  (1, 1, 0, 2, 2, 0, 1, 1)
  (0, 2, 0, 2, 2, 0, 1, 1)
  (0, 0, 0, 4, 2, 0, 1, 1)
  (0, 0, 0, 0, 2, 0, 1, 5)
  (0, 0, 0, 0, 2, 0, 0, 6)

Path 1737 (6 moves):
  (1, 1, 1, 1, 1, 1, 1, 1)
  (1, 1, 1, 1, 2, 0, 1, 1)
  (1, 1, 0, 2, 2, 0, 1, 1)
  (0, 2, 0, 2, 2, 0, 1, 1)
  (0, 0, 0, 4, 2, 0, 1, 1)
  (0, 0, 0, 4, 0, 0, 3, 1)
  (0, 0, 0, 0, 0, 0, 3, 5)

Path 1738 (6 moves):
  (1, 1, 1, 1, 1, 1, 1, 1)
  (1, 1, 1, 1, 2, 0, 1, 1)
  (1, 1, 0, 2, 2, 0, 1, 1)
  (0, 2, 0, 2, 2, 0, 1, 1)
  (0, 0, 0, 4, 2, 0, 1, 1)
  (0, 0, 0, 4, 0, 0, 3, 1)
  (0, 0, 0, 7, 0, 0, 0, 1)

Path 1739 (6 moves):
  (1, 1, 1, 1, 1, 1, 1, 1)
  (1, 1, 1, 1, 2, 0, 1, 1)
  (1, 1, 0, 2, 2, 0, 1, 1)
  (0, 2, 0, 2, 2, 0, 1, 1)
  (0, 0, 0, 4, 2, 0, 1, 1)
  (0, 0, 0, 4, 0, 0, 3, 1)
  (0, 0, 0, 4, 0, 0, 4, 0)

Path 1740 (6 moves):
  (1, 1, 1, 1, 1, 1, 1, 1)
  (1, 1, 1, 1, 2, 0, 1, 1)
  (1, 1, 0, 2, 2, 0, 1, 1)
  (0, 2, 0, 2, 2, 0, 1, 1)
  (0, 0, 0, 4, 2, 0, 1, 1)
  (0, 0, 0, 4, 2, 0, 0, 2)
  (0, 0, 0, 0, 2, 0, 0, 6)

Path 1741 (6 moves):
  (1, 1, 1, 1, 1, 1, 1, 1)
  (1, 1, 1, 1, 2, 0, 1, 1)
  (1, 1, 0, 2, 2, 0, 1, 1)
  (0, 2, 0, 2, 2, 0, 1, 1)
  (0, 0, 0, 4, 2, 0, 1, 1)
  (0, 0, 0, 4, 2, 0, 2, 0)
  (0, 0, 0, 4, 0, 0, 4, 0)

Path 1742 (6 moves):
  (1, 1, 1, 1, 1, 1, 1, 1)
  (1, 1, 1, 1, 2, 0, 1, 1)
  (1, 1, 0, 2, 2, 0, 1, 1)
  (0, 2, 0, 2, 2, 0, 1, 1)
  (0, 0, 0, 4, 2, 0, 1, 1)
  (0, 0, 0, 4, 2, 0, 2, 0)
  (0, 0, 0, 4, 4, 0, 0, 0)

Path 1743 (6 moves):
  (1, 1, 1, 1, 1, 1, 1, 1)
  (1, 1, 1, 1, 2, 0, 1, 1)
  (1, 1, 0, 2, 2, 0, 1, 1)
  (0, 2, 0, 2, 2, 0, 1, 1)
  (0, 2, 0, 2, 0, 0, 3, 1)
  (0, 0, 0, 4, 0, 0, 3, 1)
  (0, 0, 0, 0, 0, 0, 3, 5)

Path 1744 (6 moves):
  (1, 1, 1, 1, 1, 1, 1, 1)
  (1, 1, 1, 1, 2, 0, 1, 1)
  (1, 1, 0, 2, 2, 0, 1, 1)
  (0, 2, 0, 2, 2, 0, 1, 1)
  (0, 2, 0, 2, 0, 0, 3, 1)
  (0, 0, 0, 4, 0, 0, 3, 1)
  (0, 0, 0, 7, 0, 0, 0, 1)

Path 1745 (6 moves):
  (1, 1, 1, 1, 1, 1, 1, 1)
  (1, 1, 1, 1, 2, 0, 1, 1)
  (1, 1, 0, 2, 2, 0, 1, 1)
  (0, 2, 0, 2, 2, 0, 1, 1)
  (0, 2, 0, 2, 0, 0, 3, 1)
  (0, 0, 0, 4, 0, 0, 3, 1)
  (0, 0, 0, 4, 0, 0, 4, 0)

Path 1746 (6 moves):
  (1, 1, 1, 1, 1, 1, 1, 1)
  (1, 1, 1, 1, 2, 0, 1, 1)
  (1, 1, 0, 2, 2, 0, 1, 1)
  (0, 2, 0, 2, 2, 0, 1, 1)
  (0, 2, 0, 2, 0, 0, 3, 1)
  (0, 4, 0, 0, 0, 0, 3, 1)
  (0, 4, 0, 0, 0, 0, 4, 0)

Path 1747 (6 moves):
  (1, 1, 1, 1, 1, 1, 1, 1)
  (1, 1, 1, 1, 2, 0, 1, 1)
  (1, 1, 0, 2, 2, 0, 1, 1)
  (0, 2, 0, 2, 2, 0, 1, 1)
  (0, 2, 0, 2, 0, 0, 3, 1)
  (0, 2, 0, 5, 0, 0, 0, 1)
  (0, 0, 0, 7, 0, 0, 0, 1)

Path 1748 (6 moves):
  (1, 1, 1, 1, 1, 1, 1, 1)
  (1, 1, 1, 1, 2, 0, 1, 1)
  (1, 1, 0, 2, 2, 0, 1, 1)
  (0, 2, 0, 2, 2, 0, 1, 1)
  (0, 2, 0, 2, 0, 0, 3, 1)
  (0, 2, 0, 2, 0, 0, 4, 0)
  (0, 0, 0, 4, 0, 0, 4, 0)

Path 1749 (6 moves):
  (1, 1, 1, 1, 1, 1, 1, 1)
  (1, 1, 1, 1, 2, 0, 1, 1)
  (1, 1, 0, 2, 2, 0, 1, 1)
  (0, 2, 0, 2, 2, 0, 1, 1)
  (0, 2, 0, 2, 0, 0, 3, 1)
  (0, 2, 0, 2, 0, 0, 4, 0)
  (0, 4, 0, 0, 0, 0, 4, 0)

Path 1750 (6 moves):
  (1, 1, 1, 1, 1, 1, 1, 1)
  (1, 1, 1, 1, 2, 0, 1, 1)
  (1, 1, 0, 2, 2, 0, 1, 1)
  (0, 2, 0, 2, 2, 0, 1, 1)
  (0, 2, 0, 2, 2, 0, 2, 0)
  (0, 0, 0, 4, 2, 0, 2, 0)
  (0, 0, 0, 4, 0, 0, 4, 0)

Path 1751 (6 moves):
  (1, 1, 1, 1, 1, 1, 1, 1)
  (1, 1, 1, 1, 2, 0, 1, 1)
  (1, 1, 0, 2, 2, 0, 1, 1)
  (0, 2, 0, 2, 2, 0, 1, 1)
  (0, 2, 0, 2, 2, 0, 2, 0)
  (0, 0, 0, 4, 2, 0, 2, 0)
  (0, 0, 0, 4, 4, 0, 0, 0)

Path 1752 (6 moves):
  (1, 1, 1, 1, 1, 1, 1, 1)
  (1, 1, 1, 1, 2, 0, 1, 1)
  (1, 1, 0, 2, 2, 0, 1, 1)
  (0, 2, 0, 2, 2, 0, 1, 1)
  (0, 2, 0, 2, 2, 0, 2, 0)
  (0, 4, 0, 0, 2, 0, 2, 0)
  (0, 4, 0, 0, 0, 0, 4, 0)

Path 1753 (6 moves):
  (1, 1, 1, 1, 1, 1, 1, 1)
  (1, 1, 1, 1, 2, 0, 1, 1)
  (1, 1, 0, 2, 2, 0, 1, 1)
  (0, 2, 0, 2, 2, 0, 1, 1)
  (0, 2, 0, 2, 2, 0, 2, 0)
  (0, 4, 0, 0, 2, 0, 2, 0)
  (0, 4, 0, 0, 4, 0, 0, 0)

Path 1754 (6 moves):
  (1, 1, 1, 1, 1, 1, 1, 1)
  (1, 1, 1, 1, 2, 0, 1, 1)
  (1, 1, 0, 2, 2, 0, 1, 1)
  (0, 2, 0, 2, 2, 0, 1, 1)
  (0, 2, 0, 2, 2, 0, 2, 0)
  (0, 2, 0, 2, 0, 0, 4, 0)
  (0, 0, 0, 4, 0, 0, 4, 0)

Path 1755 (6 moves):
  (1, 1, 1, 1, 1, 1, 1, 1)
  (1, 1, 1, 1, 2, 0, 1, 1)
  (1, 1, 0, 2, 2, 0, 1, 1)
  (0, 2, 0, 2, 2, 0, 1, 1)
  (0, 2, 0, 2, 2, 0, 2, 0)
  (0, 2, 0, 2, 0, 0, 4, 0)
  (0, 4, 0, 0, 0, 0, 4, 0)

Path 1756 (6 moves):
  (1, 1, 1, 1, 1, 1, 1, 1)
  (1, 1, 1, 1, 2, 0, 1, 1)
  (1, 1, 0, 2, 2, 0, 1, 1)
  (0, 2, 0, 2, 2, 0, 1, 1)
  (0, 2, 0, 2, 2, 0, 2, 0)
  (0, 2, 0, 2, 4, 0, 0, 0)
  (0, 0, 0, 4, 4, 0, 0, 0)

Path 1757 (6 moves):
  (1, 1, 1, 1, 1, 1, 1, 1)
  (1, 1, 1, 1, 2, 0, 1, 1)
  (1, 1, 0, 2, 2, 0, 1, 1)
  (0, 2, 0, 2, 2, 0, 1, 1)
  (0, 2, 0, 2, 2, 0, 2, 0)
  (0, 2, 0, 2, 4, 0, 0, 0)
  (0, 4, 0, 0, 4, 0, 0, 0)

Path 1758 (4 moves):
  (1, 1, 1, 1, 1, 1, 1, 1)
  (1, 1, 1, 1, 2, 0, 1, 1)
  (1, 1, 0, 2, 2, 0, 1, 1)
  (2, 0, 0, 2, 2, 0, 1, 1)
  (2, 0, 0, 2, 2, 0, 0, 2)

Path 1759 (6 moves):
  (1, 1, 1, 1, 1, 1, 1, 1)
  (1, 1, 1, 1, 2, 0, 1, 1)
  (1, 1, 0, 2, 2, 0, 1, 1)
  (1, 3, 0, 0, 2, 0, 1, 1)
  (1, 3, 0, 0, 0, 0, 3, 1)
  (0, 4, 0, 0, 0, 0, 3, 1)
  (0, 4, 0, 0, 0, 0, 4, 0)

Path 1760 (6 moves):
  (1, 1, 1, 1, 1, 1, 1, 1)
  (1, 1, 1, 1, 2, 0, 1, 1)
  (1, 1, 0, 2, 2, 0, 1, 1)
  (1, 3, 0, 0, 2, 0, 1, 1)
  (1, 3, 0, 0, 0, 0, 3, 1)
  (1, 3, 0, 0, 0, 0, 4, 0)
  (0, 4, 0, 0, 0, 0, 4, 0)

Path 1761 (6 moves):
  (1, 1, 1, 1, 1, 1, 1, 1)
  (1, 1, 1, 1, 2, 0, 1, 1)
  (1, 1, 0, 2, 2, 0, 1, 1)
  (1, 3, 0, 0, 2, 0, 1, 1)
  (1, 3, 0, 0, 2, 0, 2, 0)
  (0, 4, 0, 0, 2, 0, 2, 0)
  (0, 4, 0, 0, 0, 0, 4, 0)

Path 1762 (6 moves):
  (1, 1, 1, 1, 1, 1, 1, 1)
  (1, 1, 1, 1, 2, 0, 1, 1)
  (1, 1, 0, 2, 2, 0, 1, 1)
  (1, 3, 0, 0, 2, 0, 1, 1)
  (1, 3, 0, 0, 2, 0, 2, 0)
  (0, 4, 0, 0, 2, 0, 2, 0)
  (0, 4, 0, 0, 4, 0, 0, 0)

Path 1763 (6 moves):
  (1, 1, 1, 1, 1, 1, 1, 1)
  (1, 1, 1, 1, 2, 0, 1, 1)
  (1, 1, 0, 2, 2, 0, 1, 1)
  (1, 3, 0, 0, 2, 0, 1, 1)
  (1, 3, 0, 0, 2, 0, 2, 0)
  (1, 0, 0, 0, 5, 0, 2, 0)
  (1, 0, 0, 0, 7, 0, 0, 0)

Path 1764 (6 moves):
  (1, 1, 1, 1, 1, 1, 1, 1)
  (1, 1, 1, 1, 2, 0, 1, 1)
  (1, 1, 0, 2, 2, 0, 1, 1)
  (1, 3, 0, 0, 2, 0, 1, 1)
  (1, 3, 0, 0, 2, 0, 2, 0)
  (1, 3, 0, 0, 0, 0, 4, 0)
  (0, 4, 0, 0, 0, 0, 4, 0)

Path 1765 (6 moves):
  (1, 1, 1, 1, 1, 1, 1, 1)
  (1, 1, 1, 1, 2, 0, 1, 1)
  (1, 1, 0, 2, 2, 0, 1, 1)
  (1, 3, 0, 0, 2, 0, 1, 1)
  (1, 3, 0, 0, 2, 0, 2, 0)
  (1, 3, 0, 0, 4, 0, 0, 0)
  (0, 4, 0, 0, 4, 0, 0, 0)

Path 1766 (6 moves):
  (1, 1, 1, 1, 1, 1, 1, 1)
  (1, 1, 1, 1, 2, 0, 1, 1)
  (1, 1, 0, 2, 2, 0, 1, 1)
  (1, 3, 0, 0, 2, 0, 1, 1)
  (1, 3, 0, 0, 2, 0, 2, 0)
  (1, 3, 0, 0, 4, 0, 0, 0)
  (1, 0, 0, 0, 7, 0, 0, 0)

Path 1767 (6 moves):
  (1, 1, 1, 1, 1, 1, 1, 1)
  (1, 1, 1, 1, 2, 0, 1, 1)
  (1, 1, 0, 2, 2, 0, 1, 1)
  (1, 3, 0, 0, 2, 0, 1, 1)
  (1, 3, 0, 0, 2, 0, 2, 0)
  (1, 3, 0, 0, 4, 0, 0, 0)
  (5, 3, 0, 0, 0, 0, 0, 0)

Path 1768 (6 moves):
  (1, 1, 1, 1, 1, 1, 1, 1)
  (1, 1, 1, 1, 2, 0, 1, 1)
  (1, 1, 0, 2, 2, 0, 1, 1)
  (1, 1, 0, 2, 0, 0, 3, 1)
  (0, 2, 0, 2, 0, 0, 3, 1)
  (0, 0, 0, 4, 0, 0, 3, 1)
  (0, 0, 0, 0, 0, 0, 3, 5)

Path 1769 (6 moves):
  (1, 1, 1, 1, 1, 1, 1, 1)
  (1, 1, 1, 1, 2, 0, 1, 1)
  (1, 1, 0, 2, 2, 0, 1, 1)
  (1, 1, 0, 2, 0, 0, 3, 1)
  (0, 2, 0, 2, 0, 0, 3, 1)
  (0, 0, 0, 4, 0, 0, 3, 1)
  (0, 0, 0, 7, 0, 0, 0, 1)

Path 1770 (6 moves):
  (1, 1, 1, 1, 1, 1, 1, 1)
  (1, 1, 1, 1, 2, 0, 1, 1)
  (1, 1, 0, 2, 2, 0, 1, 1)
  (1, 1, 0, 2, 0, 0, 3, 1)
  (0, 2, 0, 2, 0, 0, 3, 1)
  (0, 0, 0, 4, 0, 0, 3, 1)
  (0, 0, 0, 4, 0, 0, 4, 0)

Path 1771 (6 moves):
  (1, 1, 1, 1, 1, 1, 1, 1)
  (1, 1, 1, 1, 2, 0, 1, 1)
  (1, 1, 0, 2, 2, 0, 1, 1)
  (1, 1, 0, 2, 0, 0, 3, 1)
  (0, 2, 0, 2, 0, 0, 3, 1)
  (0, 4, 0, 0, 0, 0, 3, 1)
  (0, 4, 0, 0, 0, 0, 4, 0)

Path 1772 (6 moves):
  (1, 1, 1, 1, 1, 1, 1, 1)
  (1, 1, 1, 1, 2, 0, 1, 1)
  (1, 1, 0, 2, 2, 0, 1, 1)
  (1, 1, 0, 2, 0, 0, 3, 1)
  (0, 2, 0, 2, 0, 0, 3, 1)
  (0, 2, 0, 5, 0, 0, 0, 1)
  (0, 0, 0, 7, 0, 0, 0, 1)

Path 1773 (6 moves):
  (1, 1, 1, 1, 1, 1, 1, 1)
  (1, 1, 1, 1, 2, 0, 1, 1)
  (1, 1, 0, 2, 2, 0, 1, 1)
  (1, 1, 0, 2, 0, 0, 3, 1)
  (0, 2, 0, 2, 0, 0, 3, 1)
  (0, 2, 0, 2, 0, 0, 4, 0)
  (0, 0, 0, 4, 0, 0, 4, 0)

Path 1774 (6 moves):
  (1, 1, 1, 1, 1, 1, 1, 1)
  (1, 1, 1, 1, 2, 0, 1, 1)
  (1, 1, 0, 2, 2, 0, 1, 1)
  (1, 1, 0, 2, 0, 0, 3, 1)
  (0, 2, 0, 2, 0, 0, 3, 1)
  (0, 2, 0, 2, 0, 0, 4, 0)
  (0, 4, 0, 0, 0, 0, 4, 0)

Path 1775 (6 moves):
  (1, 1, 1, 1, 1, 1, 1, 1)
  (1, 1, 1, 1, 2, 0, 1, 1)
  (1, 1, 0, 2, 2, 0, 1, 1)
  (1, 1, 0, 2, 0, 0, 3, 1)
  (1, 3, 0, 0, 0, 0, 3, 1)
  (0, 4, 0, 0, 0, 0, 3, 1)
  (0, 4, 0, 0, 0, 0, 4, 0)

Path 1776 (6 moves):
  (1, 1, 1, 1, 1, 1, 1, 1)
  (1, 1, 1, 1, 2, 0, 1, 1)
  (1, 1, 0, 2, 2, 0, 1, 1)
  (1, 1, 0, 2, 0, 0, 3, 1)
  (1, 3, 0, 0, 0, 0, 3, 1)
  (1, 3, 0, 0, 0, 0, 4, 0)
  (0, 4, 0, 0, 0, 0, 4, 0)

Path 1777 (4 moves):
  (1, 1, 1, 1, 1, 1, 1, 1)
  (1, 1, 1, 1, 2, 0, 1, 1)
  (1, 1, 0, 2, 2, 0, 1, 1)
  (1, 1, 0, 2, 2, 0, 0, 2)
  (2, 0, 0, 2, 2, 0, 0, 2)

Path 1778 (6 moves):
  (1, 1, 1, 1, 1, 1, 1, 1)
  (1, 1, 1, 1, 2, 0, 1, 1)
  (1, 1, 0, 2, 2, 0, 1, 1)
  (1, 1, 0, 2, 2, 0, 2, 0)
  (0, 2, 0, 2, 2, 0, 2, 0)
  (0, 0, 0, 4, 2, 0, 2, 0)
  (0, 0, 0, 4, 0, 0, 4, 0)

Path 1779 (6 moves):
  (1, 1, 1, 1, 1, 1, 1, 1)
  (1, 1, 1, 1, 2, 0, 1, 1)
  (1, 1, 0, 2, 2, 0, 1, 1)
  (1, 1, 0, 2, 2, 0, 2, 0)
  (0, 2, 0, 2, 2, 0, 2, 0)
  (0, 0, 0, 4, 2, 0, 2, 0)
  (0, 0, 0, 4, 4, 0, 0, 0)

Path 1780 (6 moves):
  (1, 1, 1, 1, 1, 1, 1, 1)
  (1, 1, 1, 1, 2, 0, 1, 1)
  (1, 1, 0, 2, 2, 0, 1, 1)
  (1, 1, 0, 2, 2, 0, 2, 0)
  (0, 2, 0, 2, 2, 0, 2, 0)
  (0, 4, 0, 0, 2, 0, 2, 0)
  (0, 4, 0, 0, 0, 0, 4, 0)

Path 1781 (6 moves):
  (1, 1, 1, 1, 1, 1, 1, 1)
  (1, 1, 1, 1, 2, 0, 1, 1)
  (1, 1, 0, 2, 2, 0, 1, 1)
  (1, 1, 0, 2, 2, 0, 2, 0)
  (0, 2, 0, 2, 2, 0, 2, 0)
  (0, 4, 0, 0, 2, 0, 2, 0)
  (0, 4, 0, 0, 4, 0, 0, 0)

Path 1782 (6 moves):
  (1, 1, 1, 1, 1, 1, 1, 1)
  (1, 1, 1, 1, 2, 0, 1, 1)
  (1, 1, 0, 2, 2, 0, 1, 1)
  (1, 1, 0, 2, 2, 0, 2, 0)
  (0, 2, 0, 2, 2, 0, 2, 0)
  (0, 2, 0, 2, 0, 0, 4, 0)
  (0, 0, 0, 4, 0, 0, 4, 0)

Path 1783 (6 moves):
  (1, 1, 1, 1, 1, 1, 1, 1)
  (1, 1, 1, 1, 2, 0, 1, 1)
  (1, 1, 0, 2, 2, 0, 1, 1)
  (1, 1, 0, 2, 2, 0, 2, 0)
  (0, 2, 0, 2, 2, 0, 2, 0)
  (0, 2, 0, 2, 0, 0, 4, 0)
  (0, 4, 0, 0, 0, 0, 4, 0)

Path 1784 (6 moves):
  (1, 1, 1, 1, 1, 1, 1, 1)
  (1, 1, 1, 1, 2, 0, 1, 1)
  (1, 1, 0, 2, 2, 0, 1, 1)
  (1, 1, 0, 2, 2, 0, 2, 0)
  (0, 2, 0, 2, 2, 0, 2, 0)
  (0, 2, 0, 2, 4, 0, 0, 0)
  (0, 0, 0, 4, 4, 0, 0, 0)

Path 1785 (6 moves):
  (1, 1, 1, 1, 1, 1, 1, 1)
  (1, 1, 1, 1, 2, 0, 1, 1)
  (1, 1, 0, 2, 2, 0, 1, 1)
  (1, 1, 0, 2, 2, 0, 2, 0)
  (0, 2, 0, 2, 2, 0, 2, 0)
  (0, 2, 0, 2, 4, 0, 0, 0)
  (0, 4, 0, 0, 4, 0, 0, 0)

Path 1786 (6 moves):
  (1, 1, 1, 1, 1, 1, 1, 1)
  (1, 1, 1, 1, 2, 0, 1, 1)
  (1, 1, 0, 2, 2, 0, 1, 1)
  (1, 1, 0, 2, 2, 0, 2, 0)
  (1, 3, 0, 0, 2, 0, 2, 0)
  (0, 4, 0, 0, 2, 0, 2, 0)
  (0, 4, 0, 0, 0, 0, 4, 0)

Path 1787 (6 moves):
  (1, 1, 1, 1, 1, 1, 1, 1)
  (1, 1, 1, 1, 2, 0, 1, 1)
  (1, 1, 0, 2, 2, 0, 1, 1)
  (1, 1, 0, 2, 2, 0, 2, 0)
  (1, 3, 0, 0, 2, 0, 2, 0)
  (0, 4, 0, 0, 2, 0, 2, 0)
  (0, 4, 0, 0, 4, 0, 0, 0)

Path 1788 (6 moves):
  (1, 1, 1, 1, 1, 1, 1, 1)
  (1, 1, 1, 1, 2, 0, 1, 1)
  (1, 1, 0, 2, 2, 0, 1, 1)
  (1, 1, 0, 2, 2, 0, 2, 0)
  (1, 3, 0, 0, 2, 0, 2, 0)
  (1, 0, 0, 0, 5, 0, 2, 0)
  (1, 0, 0, 0, 7, 0, 0, 0)

Path 1789 (6 moves):
  (1, 1, 1, 1, 1, 1, 1, 1)
  (1, 1, 1, 1, 2, 0, 1, 1)
  (1, 1, 0, 2, 2, 0, 1, 1)
  (1, 1, 0, 2, 2, 0, 2, 0)
  (1, 3, 0, 0, 2, 0, 2, 0)
  (1, 3, 0, 0, 0, 0, 4, 0)
  (0, 4, 0, 0, 0, 0, 4, 0)

Path 1790 (6 moves):
  (1, 1, 1, 1, 1, 1, 1, 1)
  (1, 1, 1, 1, 2, 0, 1, 1)
  (1, 1, 0, 2, 2, 0, 1, 1)
  (1, 1, 0, 2, 2, 0, 2, 0)
  (1, 3, 0, 0, 2, 0, 2, 0)
  (1, 3, 0, 0, 4, 0, 0, 0)
  (0, 4, 0, 0, 4, 0, 0, 0)

Path 1791 (6 moves):
  (1, 1, 1, 1, 1, 1, 1, 1)
  (1, 1, 1, 1, 2, 0, 1, 1)
  (1, 1, 0, 2, 2, 0, 1, 1)
  (1, 1, 0, 2, 2, 0, 2, 0)
  (1, 3, 0, 0, 2, 0, 2, 0)
  (1, 3, 0, 0, 4, 0, 0, 0)
  (1, 0, 0, 0, 7, 0, 0, 0)

Path 1792 (6 moves):
  (1, 1, 1, 1, 1, 1, 1, 1)
  (1, 1, 1, 1, 2, 0, 1, 1)
  (1, 1, 0, 2, 2, 0, 1, 1)
  (1, 1, 0, 2, 2, 0, 2, 0)
  (1, 3, 0, 0, 2, 0, 2, 0)
  (1, 3, 0, 0, 4, 0, 0, 0)
  (5, 3, 0, 0, 0, 0, 0, 0)

Path 1793 (6 moves):
  (1, 1, 1, 1, 1, 1, 1, 1)
  (1, 1, 1, 1, 2, 0, 1, 1)
  (1, 1, 0, 2, 2, 0, 1, 1)
  (1, 1, 0, 2, 2, 0, 2, 0)
  (1, 1, 0, 2, 4, 0, 0, 0)
  (0, 2, 0, 2, 4, 0, 0, 0)
  (0, 0, 0, 4, 4, 0, 0, 0)

Path 1794 (6 moves):
  (1, 1, 1, 1, 1, 1, 1, 1)
  (1, 1, 1, 1, 2, 0, 1, 1)
  (1, 1, 0, 2, 2, 0, 1, 1)
  (1, 1, 0, 2, 2, 0, 2, 0)
  (1, 1, 0, 2, 4, 0, 0, 0)
  (0, 2, 0, 2, 4, 0, 0, 0)
  (0, 4, 0, 0, 4, 0, 0, 0)

Path 1795 (6 moves):
  (1, 1, 1, 1, 1, 1, 1, 1)
  (1, 1, 1, 1, 2, 0, 1, 1)
  (1, 1, 0, 2, 2, 0, 1, 1)
  (1, 1, 0, 2, 2, 0, 2, 0)
  (1, 1, 0, 2, 4, 0, 0, 0)
  (2, 0, 0, 2, 4, 0, 0, 0)
  (6, 0, 0, 2, 0, 0, 0, 0)

Path 1796 (6 moves):
  (1, 1, 1, 1, 1, 1, 1, 1)
  (1, 1, 1, 1, 2, 0, 1, 1)
  (1, 1, 0, 2, 2, 0, 1, 1)
  (1, 1, 0, 2, 2, 0, 2, 0)
  (1, 1, 0, 2, 4, 0, 0, 0)
  (1, 3, 0, 0, 4, 0, 0, 0)
  (0, 4, 0, 0, 4, 0, 0, 0)

Path 1797 (6 moves):
  (1, 1, 1, 1, 1, 1, 1, 1)
  (1, 1, 1, 1, 2, 0, 1, 1)
  (1, 1, 0, 2, 2, 0, 1, 1)
  (1, 1, 0, 2, 2, 0, 2, 0)
  (1, 1, 0, 2, 4, 0, 0, 0)
  (1, 3, 0, 0, 4, 0, 0, 0)
  (1, 0, 0, 0, 7, 0, 0, 0)

Path 1798 (6 moves):
  (1, 1, 1, 1, 1, 1, 1, 1)
  (1, 1, 1, 1, 2, 0, 1, 1)
  (1, 1, 0, 2, 2, 0, 1, 1)
  (1, 1, 0, 2, 2, 0, 2, 0)
  (1, 1, 0, 2, 4, 0, 0, 0)
  (1, 3, 0, 0, 4, 0, 0, 0)
  (5, 3, 0, 0, 0, 0, 0, 0)

Path 1799 (6 moves):
  (1, 1, 1, 1, 1, 1, 1, 1)
  (1, 1, 1, 1, 2, 0, 1, 1)
  (1, 1, 0, 2, 2, 0, 1, 1)
  (1, 1, 0, 2, 2, 0, 2, 0)
  (1, 1, 0, 2, 4, 0, 0, 0)
  (5, 1, 0, 2, 0, 0, 0, 0)
  (6, 0, 0, 2, 0, 0, 0, 0)

Path 1800 (6 moves):
  (1, 1, 1, 1, 1, 1, 1, 1)
  (1, 1, 1, 1, 2, 0, 1, 1)
  (1, 1, 0, 2, 2, 0, 1, 1)
  (1, 1, 0, 2, 2, 0, 2, 0)
  (1, 1, 0, 2, 4, 0, 0, 0)
  (5, 1, 0, 2, 0, 0, 0, 0)
  (5, 3, 0, 0, 0, 0, 0, 0)

Path 1801 (6 moves):
  (1, 1, 1, 1, 1, 1, 1, 1)
  (1, 1, 1, 1, 1, 0, 2, 1)
  (2, 0, 1, 1, 1, 0, 2, 1)
  (0, 0, 3, 1, 1, 0, 2, 1)
  (0, 0, 4, 0, 1, 0, 2, 1)
  (0, 0, 0, 0, 1, 0, 6, 1)
  (0, 0, 0, 0, 1, 0, 7, 0)

Path 1802 (6 moves):
  (1, 1, 1, 1, 1, 1, 1, 1)
  (1, 1, 1, 1, 1, 0, 2, 1)
  (2, 0, 1, 1, 1, 0, 2, 1)
  (0, 0, 3, 1, 1, 0, 2, 1)
  (0, 0, 4, 0, 1, 0, 2, 1)
  (0, 0, 4, 0, 3, 0, 0, 1)
  (0, 0, 4, 0, 0, 0, 0, 4)

Path 1803 (6 moves):
  (1, 1, 1, 1, 1, 1, 1, 1)
  (1, 1, 1, 1, 1, 0, 2, 1)
  (2, 0, 1, 1, 1, 0, 2, 1)
  (0, 0, 3, 1, 1, 0, 2, 1)
  (0, 0, 4, 0, 1, 0, 2, 1)
  (0, 0, 4, 0, 1, 0, 3, 0)
  (0, 0, 0, 0, 1, 0, 7, 0)

Path 1804 (6 moves):
  (1, 1, 1, 1, 1, 1, 1, 1)
  (1, 1, 1, 1, 1, 0, 2, 1)
  (2, 0, 1, 1, 1, 0, 2, 1)
  (0, 0, 3, 1, 1, 0, 2, 1)
  (0, 0, 3, 2, 0, 0, 2, 1)
  (0, 0, 3, 2, 0, 0, 3, 0)
  (0, 0, 3, 5, 0, 0, 0, 0)

Path 1805 (6 moves):
  (1, 1, 1, 1, 1, 1, 1, 1)
  (1, 1, 1, 1, 1, 0, 2, 1)
  (2, 0, 1, 1, 1, 0, 2, 1)
  (0, 0, 3, 1, 1, 0, 2, 1)
  (0, 0, 3, 1, 1, 0, 3, 0)
  (0, 0, 4, 0, 1, 0, 3, 0)
  (0, 0, 0, 0, 1, 0, 7, 0)

Path 1806 (6 moves):
  (1, 1, 1, 1, 1, 1, 1, 1)
  (1, 1, 1, 1, 1, 0, 2, 1)
  (2, 0, 1, 1, 1, 0, 2, 1)
  (0, 0, 3, 1, 1, 0, 2, 1)
  (0, 0, 3, 1, 1, 0, 3, 0)
  (0, 0, 3, 0, 2, 0, 3, 0)
  (0, 0, 5, 0, 0, 0, 3, 0)

Path 1807 (6 moves):
  (1, 1, 1, 1, 1, 1, 1, 1)
  (1, 1, 1, 1, 1, 0, 2, 1)
  (2, 0, 1, 1, 1, 0, 2, 1)
  (0, 0, 3, 1, 1, 0, 2, 1)
  (0, 0, 3, 1, 1, 0, 3, 0)
  (0, 0, 3, 0, 2, 0, 3, 0)
  (0, 0, 3, 0, 0, 0, 5, 0)

Path 1808 (6 moves):
  (1, 1, 1, 1, 1, 1, 1, 1)
  (1, 1, 1, 1, 1, 0, 2, 1)
  (2, 0, 1, 1, 1, 0, 2, 1)
  (0, 0, 3, 1, 1, 0, 2, 1)
  (0, 0, 3, 1, 1, 0, 3, 0)
  (0, 0, 3, 2, 0, 0, 3, 0)
  (0, 0, 3, 5, 0, 0, 0, 0)

Path 1809 (6 moves):
  (1, 1, 1, 1, 1, 1, 1, 1)
  (1, 1, 1, 1, 1, 0, 2, 1)
  (2, 0, 1, 1, 1, 0, 2, 1)
  (0, 0, 3, 1, 1, 0, 2, 1)
  (0, 0, 3, 1, 1, 0, 3, 0)
  (0, 0, 3, 4, 1, 0, 0, 0)
  (0, 0, 3, 5, 0, 0, 0, 0)

Path 1810 (6 moves):
  (1, 1, 1, 1, 1, 1, 1, 1)
  (1, 1, 1, 1, 1, 0, 2, 1)
  (2, 0, 1, 1, 1, 0, 2, 1)
  (2, 0, 0, 2, 1, 0, 2, 1)
  (2, 0, 0, 2, 3, 0, 0, 1)
  (2, 0, 0, 2, 0, 0, 0, 4)
  (2, 0, 0, 6, 0, 0, 0, 0)

Path 1811 (6 moves):
  (1, 1, 1, 1, 1, 1, 1, 1)
  (1, 1, 1, 1, 1, 0, 2, 1)
  (2, 0, 1, 1, 1, 0, 2, 1)
  (2, 0, 0, 2, 1, 0, 2, 1)
  (2, 0, 0, 2, 1, 0, 3, 0)
  (2, 0, 0, 3, 0, 0, 3, 0)
  (5, 0, 0, 0, 0, 0, 3, 0)

Path 1812 (6 moves):
  (1, 1, 1, 1, 1, 1, 1, 1)
  (1, 1, 1, 1, 1, 0, 2, 1)
  (2, 0, 1, 1, 1, 0, 2, 1)
  (2, 0, 0, 2, 1, 0, 2, 1)
  (2, 0, 0, 2, 1, 0, 3, 0)
  (2, 0, 0, 3, 0, 0, 3, 0)
  (2, 0, 0, 6, 0, 0, 0, 0)

Path 1813 (6 moves):
  (1, 1, 1, 1, 1, 1, 1, 1)
  (1, 1, 1, 1, 1, 0, 2, 1)
  (2, 0, 1, 1, 1, 0, 2, 1)
  (2, 0, 0, 2, 1, 0, 2, 1)
  (2, 0, 0, 2, 1, 0, 3, 0)
  (2, 0, 0, 5, 1, 0, 0, 0)
  (2, 0, 0, 6, 0, 0, 0, 0)

Path 1814 (6 moves):
  (1, 1, 1, 1, 1, 1, 1, 1)
  (1, 1, 1, 1, 1, 0, 2, 1)
  (2, 0, 1, 1, 1, 0, 2, 1)
  (2, 0, 2, 0, 1, 0, 2, 1)
  (0, 0, 4, 0, 1, 0, 2, 1)
  (0, 0, 0, 0, 1, 0, 6, 1)
  (0, 0, 0, 0, 1, 0, 7, 0)

Path 1815 (6 moves):
  (1, 1, 1, 1, 1, 1, 1, 1)
  (1, 1, 1, 1, 1, 0, 2, 1)
  (2, 0, 1, 1, 1, 0, 2, 1)
  (2, 0, 2, 0, 1, 0, 2, 1)
  (0, 0, 4, 0, 1, 0, 2, 1)
  (0, 0, 4, 0, 3, 0, 0, 1)
  (0, 0, 4, 0, 0, 0, 0, 4)

Path 1816 (6 moves):
  (1, 1, 1, 1, 1, 1, 1, 1)
  (1, 1, 1, 1, 1, 0, 2, 1)
  (2, 0, 1, 1, 1, 0, 2, 1)
  (2, 0, 2, 0, 1, 0, 2, 1)
  (0, 0, 4, 0, 1, 0, 2, 1)
  (0, 0, 4, 0, 1, 0, 3, 0)
  (0, 0, 0, 0, 1, 0, 7, 0)

Path 1817 (6 moves):
  (1, 1, 1, 1, 1, 1, 1, 1)
  (1, 1, 1, 1, 1, 0, 2, 1)
  (2, 0, 1, 1, 1, 0, 2, 1)
  (2, 0, 2, 0, 1, 0, 2, 1)
  (4, 0, 0, 0, 1, 0, 2, 1)
  (0, 0, 0, 0, 5, 0, 2, 1)
  (0, 0, 0, 0, 7, 0, 0, 1)

Path 1818 (6 moves):
  (1, 1, 1, 1, 1, 1, 1, 1)
  (1, 1, 1, 1, 1, 0, 2, 1)
  (2, 0, 1, 1, 1, 0, 2, 1)
  (2, 0, 2, 0, 1, 0, 2, 1)
  (4, 0, 0, 0, 1, 0, 2, 1)
  (0, 0, 0, 0, 5, 0, 2, 1)
  (0, 0, 0, 0, 5, 0, 3, 0)

Path 1819 (6 moves):
  (1, 1, 1, 1, 1, 1, 1, 1)
  (1, 1, 1, 1, 1, 0, 2, 1)
  (2, 0, 1, 1, 1, 0, 2, 1)
  (2, 0, 2, 0, 1, 0, 2, 1)
  (4, 0, 0, 0, 1, 0, 2, 1)
  (4, 0, 0, 0, 3, 0, 0, 1)
  (0, 0, 0, 0, 7, 0, 0, 1)

Path 1820 (6 moves):
  (1, 1, 1, 1, 1, 1, 1, 1)
  (1, 1, 1, 1, 1, 0, 2, 1)
  (2, 0, 1, 1, 1, 0, 2, 1)
  (2, 0, 2, 0, 1, 0, 2, 1)
  (4, 0, 0, 0, 1, 0, 2, 1)
  (4, 0, 0, 0, 3, 0, 0, 1)
  (4, 0, 0, 0, 0, 0, 0, 4)

Path 1821 (6 moves):
  (1, 1, 1, 1, 1, 1, 1, 1)
  (1, 1, 1, 1, 1, 0, 2, 1)
  (2, 0, 1, 1, 1, 0, 2, 1)
  (2, 0, 2, 0, 1, 0, 2, 1)
  (4, 0, 0, 0, 1, 0, 2, 1)
  (4, 0, 0, 0, 1, 0, 3, 0)
  (0, 0, 0, 0, 5, 0, 3, 0)

Path 1822 (6 moves):
  (1, 1, 1, 1, 1, 1, 1, 1)
  (1, 1, 1, 1, 1, 0, 2, 1)
  (2, 0, 1, 1, 1, 0, 2, 1)
  (2, 0, 1, 0, 2, 0, 2, 1)
  (2, 0, 3, 0, 0, 0, 2, 1)
  (0, 0, 5, 0, 0, 0, 2, 1)
  (0, 0, 0, 0, 0, 0, 2, 6)

Path 1823 (6 moves):
  (1, 1, 1, 1, 1, 1, 1, 1)
  (1, 1, 1, 1, 1, 0, 2, 1)
  (2, 0, 1, 1, 1, 0, 2, 1)
  (2, 0, 1, 0, 2, 0, 2, 1)
  (2, 0, 3, 0, 0, 0, 2, 1)
  (0, 0, 5, 0, 0, 0, 2, 1)
  (0, 0, 5, 0, 0, 0, 3, 0)

Path 1824 (6 moves):
  (1, 1, 1, 1, 1, 1, 1, 1)
  (1, 1, 1, 1, 1, 0, 2, 1)
  (2, 0, 1, 1, 1, 0, 2, 1)
  (2, 0, 1, 0, 2, 0, 2, 1)
  (2, 0, 3, 0, 0, 0, 2, 1)
  (2, 0, 3, 0, 0, 0, 3, 0)
  (0, 0, 5, 0, 0, 0, 3, 0)

Path 1825 (6 moves):
  (1, 1, 1, 1, 1, 1, 1, 1)
  (1, 1, 1, 1, 1, 0, 2, 1)
  (2, 0, 1, 1, 1, 0, 2, 1)
  (2, 0, 1, 0, 2, 0, 2, 1)
  (2, 0, 1, 0, 0, 0, 4, 1)
  (0, 0, 3, 0, 0, 0, 4, 1)
  (0, 0, 7, 0, 0, 0, 0, 1)

Path 1826 (6 moves):
  (1, 1, 1, 1, 1, 1, 1, 1)
  (1, 1, 1, 1, 1, 0, 2, 1)
  (2, 0, 1, 1, 1, 0, 2, 1)
  (2, 0, 1, 0, 2, 0, 2, 1)
  (2, 0, 1, 0, 0, 0, 4, 1)
  (0, 0, 3, 0, 0, 0, 4, 1)
  (0, 0, 3, 0, 0, 0, 5, 0)

Path 1827 (6 moves):
  (1, 1, 1, 1, 1, 1, 1, 1)
  (1, 1, 1, 1, 1, 0, 2, 1)
  (2, 0, 1, 1, 1, 0, 2, 1)
  (2, 0, 1, 0, 2, 0, 2, 1)
  (2, 0, 1, 0, 0, 0, 4, 1)
  (2, 0, 5, 0, 0, 0, 0, 1)
  (0, 0, 7, 0, 0, 0, 0, 1)

Path 1828 (6 moves):
  (1, 1, 1, 1, 1, 1, 1, 1)
  (1, 1, 1, 1, 1, 0, 2, 1)
  (2, 0, 1, 1, 1, 0, 2, 1)
  (2, 0, 1, 0, 2, 0, 2, 1)
  (2, 0, 1, 0, 0, 0, 4, 1)
  (2, 0, 5, 0, 0, 0, 0, 1)
  (2, 0, 0, 0, 0, 0, 0, 6)

Path 1829 (6 moves):
  (1, 1, 1, 1, 1, 1, 1, 1)
  (1, 1, 1, 1, 1, 0, 2, 1)
  (2, 0, 1, 1, 1, 0, 2, 1)
  (2, 0, 1, 0, 2, 0, 2, 1)
  (2, 0, 1, 0, 0, 0, 4, 1)
  (2, 0, 1, 0, 0, 0, 5, 0)
  (0, 0, 3, 0, 0, 0, 5, 0)

Path 1830 (6 moves):
  (1, 1, 1, 1, 1, 1, 1, 1)
  (1, 1, 1, 1, 1, 0, 2, 1)
  (2, 0, 1, 1, 1, 0, 2, 1)
  (2, 0, 1, 0, 2, 0, 2, 1)
  (2, 0, 1, 0, 2, 0, 3, 0)
  (0, 0, 3, 0, 2, 0, 3, 0)
  (0, 0, 5, 0, 0, 0, 3, 0)

Path 1831 (6 moves):
  (1, 1, 1, 1, 1, 1, 1, 1)
  (1, 1, 1, 1, 1, 0, 2, 1)
  (2, 0, 1, 1, 1, 0, 2, 1)
  (2, 0, 1, 0, 2, 0, 2, 1)
  (2, 0, 1, 0, 2, 0, 3, 0)
  (0, 0, 3, 0, 2, 0, 3, 0)
  (0, 0, 3, 0, 0, 0, 5, 0)

Path 1832 (6 moves):
  (1, 1, 1, 1, 1, 1, 1, 1)
  (1, 1, 1, 1, 1, 0, 2, 1)
  (2, 0, 1, 1, 1, 0, 2, 1)
  (2, 0, 1, 0, 2, 0, 2, 1)
  (2, 0, 1, 0, 2, 0, 3, 0)
  (2, 0, 3, 0, 0, 0, 3, 0)
  (0, 0, 5, 0, 0, 0, 3, 0)

Path 1833 (6 moves):
  (1, 1, 1, 1, 1, 1, 1, 1)
  (1, 1, 1, 1, 1, 0, 2, 1)
  (2, 0, 1, 1, 1, 0, 2, 1)
  (2, 0, 1, 0, 2, 0, 2, 1)
  (2, 0, 1, 0, 2, 0, 3, 0)
  (2, 0, 1, 0, 0, 0, 5, 0)
  (0, 0, 3, 0, 0, 0, 5, 0)

Path 1834 (6 moves):
  (1, 1, 1, 1, 1, 1, 1, 1)
  (1, 1, 1, 1, 1, 0, 2, 1)
  (2, 0, 1, 1, 1, 0, 2, 1)
  (2, 0, 1, 2, 0, 0, 2, 1)
  (0, 0, 3, 2, 0, 0, 2, 1)
  (0, 0, 3, 2, 0, 0, 3, 0)
  (0, 0, 3, 5, 0, 0, 0, 0)

Path 1835 (6 moves):
  (1, 1, 1, 1, 1, 1, 1, 1)
  (1, 1, 1, 1, 1, 0, 2, 1)
  (2, 0, 1, 1, 1, 0, 2, 1)
  (2, 0, 1, 2, 0, 0, 2, 1)
  (2, 0, 1, 2, 0, 0, 3, 0)
  (0, 0, 3, 2, 0, 0, 3, 0)
  (0, 0, 3, 5, 0, 0, 0, 0)

Path 1836 (6 moves):
  (1, 1, 1, 1, 1, 1, 1, 1)
  (1, 1, 1, 1, 1, 0, 2, 1)
  (2, 0, 1, 1, 1, 0, 2, 1)
  (2, 0, 1, 2, 0, 0, 2, 1)
  (2, 0, 1, 2, 0, 0, 3, 0)
  (2, 0, 0, 3, 0, 0, 3, 0)
  (5, 0, 0, 0, 0, 0, 3, 0)

Path 1837 (6 moves):
  (1, 1, 1, 1, 1, 1, 1, 1)
  (1, 1, 1, 1, 1, 0, 2, 1)
  (2, 0, 1, 1, 1, 0, 2, 1)
  (2, 0, 1, 2, 0, 0, 2, 1)
  (2, 0, 1, 2, 0, 0, 3, 0)
  (2, 0, 0, 3, 0, 0, 3, 0)
  (2, 0, 0, 6, 0, 0, 0, 0)

Path 1838 (6 moves):
  (1, 1, 1, 1, 1, 1, 1, 1)
  (1, 1, 1, 1, 1, 0, 2, 1)
  (2, 0, 1, 1, 1, 0, 2, 1)
  (2, 0, 1, 2, 0, 0, 2, 1)
  (2, 0, 1, 2, 0, 0, 3, 0)
  (2, 0, 1, 5, 0, 0, 0, 0)
  (0, 0, 3, 5, 0, 0, 0, 0)

Path 1839 (6 moves):
  (1, 1, 1, 1, 1, 1, 1, 1)
  (1, 1, 1, 1, 1, 0, 2, 1)
  (2, 0, 1, 1, 1, 0, 2, 1)
  (2, 0, 1, 2, 0, 0, 2, 1)
  (2, 0, 1, 2, 0, 0, 3, 0)
  (2, 0, 1, 5, 0, 0, 0, 0)
  (2, 0, 0, 6, 0, 0, 0, 0)

Path 1840 (6 moves):
  (1, 1, 1, 1, 1, 1, 1, 1)
  (1, 1, 1, 1, 1, 0, 2, 1)
  (2, 0, 1, 1, 1, 0, 2, 1)
  (2, 0, 1, 1, 3, 0, 0, 1)
  (2, 0, 0, 2, 3, 0, 0, 1)
  (2, 0, 0, 2, 0, 0, 0, 4)
  (2, 0, 0, 6, 0, 0, 0, 0)

Path 1841 (6 moves):
  (1, 1, 1, 1, 1, 1, 1, 1)
  (1, 1, 1, 1, 1, 0, 2, 1)
  (2, 0, 1, 1, 1, 0, 2, 1)
  (2, 0, 1, 1, 3, 0, 0, 1)
  (2, 0, 1, 1, 0, 0, 0, 4)
  (0, 0, 3, 1, 0, 0, 0, 4)
  (0, 0, 4, 0, 0, 0, 0, 4)

Path 1842 (6 moves):
  (1, 1, 1, 1, 1, 1, 1, 1)
  (1, 1, 1, 1, 1, 0, 2, 1)
  (2, 0, 1, 1, 1, 0, 2, 1)
  (2, 0, 1, 1, 3, 0, 0, 1)
  (2, 0, 1, 1, 0, 0, 0, 4)
  (0, 0, 3, 1, 0, 0, 0, 4)
  (0, 0, 3, 5, 0, 0, 0, 0)

Path 1843 (6 moves):
  (1, 1, 1, 1, 1, 1, 1, 1)
  (1, 1, 1, 1, 1, 0, 2, 1)
  (2, 0, 1, 1, 1, 0, 2, 1)
  (2, 0, 1, 1, 3, 0, 0, 1)
  (2, 0, 1, 1, 0, 0, 0, 4)
  (2, 0, 0, 2, 0, 0, 0, 4)
  (2, 0, 0, 6, 0, 0, 0, 0)

Path 1844 (6 moves):
  (1, 1, 1, 1, 1, 1, 1, 1)
  (1, 1, 1, 1, 1, 0, 2, 1)
  (2, 0, 1, 1, 1, 0, 2, 1)
  (2, 0, 1, 1, 3, 0, 0, 1)
  (2, 0, 1, 1, 0, 0, 0, 4)
  (2, 0, 2, 0, 0, 0, 0, 4)
  (0, 0, 4, 0, 0, 0, 0, 4)

Path 1845 (6 moves):
  (1, 1, 1, 1, 1, 1, 1, 1)
  (1, 1, 1, 1, 1, 0, 2, 1)
  (2, 0, 1, 1, 1, 0, 2, 1)
  (2, 0, 1, 1, 3, 0, 0, 1)
  (2, 0, 1, 1, 0, 0, 0, 4)
  (2, 0, 2, 0, 0, 0, 0, 4)
  (4, 0, 0, 0, 0, 0, 0, 4)

Path 1846 (6 moves):
  (1, 1, 1, 1, 1, 1, 1, 1)
  (1, 1, 1, 1, 1, 0, 2, 1)
  (2, 0, 1, 1, 1, 0, 2, 1)
  (2, 0, 1, 1, 3, 0, 0, 1)
  (2, 0, 1, 1, 0, 0, 0, 4)
  (2, 0, 1, 5, 0, 0, 0, 0)
  (0, 0, 3, 5, 0, 0, 0, 0)

Path 1847 (6 moves):
  (1, 1, 1, 1, 1, 1, 1, 1)
  (1, 1, 1, 1, 1, 0, 2, 1)
  (2, 0, 1, 1, 1, 0, 2, 1)
  (2, 0, 1, 1, 3, 0, 0, 1)
  (2, 0, 1, 1, 0, 0, 0, 4)
  (2, 0, 1, 5, 0, 0, 0, 0)
  (2, 0, 0, 6, 0, 0, 0, 0)

Path 1848 (6 moves):
  (1, 1, 1, 1, 1, 1, 1, 1)
  (1, 1, 1, 1, 1, 0, 2, 1)
  (2, 0, 1, 1, 1, 0, 2, 1)
  (2, 0, 1, 1, 1, 0, 3, 0)
  (0, 0, 3, 1, 1, 0, 3, 0)
  (0, 0, 4, 0, 1, 0, 3, 0)
  (0, 0, 0, 0, 1, 0, 7, 0)

Path 1849 (6 moves):
  (1, 1, 1, 1, 1, 1, 1, 1)
  (1, 1, 1, 1, 1, 0, 2, 1)
  (2, 0, 1, 1, 1, 0, 2, 1)
  (2, 0, 1, 1, 1, 0, 3, 0)
  (0, 0, 3, 1, 1, 0, 3, 0)
  (0, 0, 3, 0, 2, 0, 3, 0)
  (0, 0, 5, 0, 0, 0, 3, 0)

Path 1850 (6 moves):
  (1, 1, 1, 1, 1, 1, 1, 1)
  (1, 1, 1, 1, 1, 0, 2, 1)
  (2, 0, 1, 1, 1, 0, 2, 1)
  (2, 0, 1, 1, 1, 0, 3, 0)
  (0, 0, 3, 1, 1, 0, 3, 0)
  (0, 0, 3, 0, 2, 0, 3, 0)
  (0, 0, 3, 0, 0, 0, 5, 0)

Path 1851 (6 moves):
  (1, 1, 1, 1, 1, 1, 1, 1)
  (1, 1, 1, 1, 1, 0, 2, 1)
  (2, 0, 1, 1, 1, 0, 2, 1)
  (2, 0, 1, 1, 1, 0, 3, 0)
  (0, 0, 3, 1, 1, 0, 3, 0)
  (0, 0, 3, 2, 0, 0, 3, 0)
  (0, 0, 3, 5, 0, 0, 0, 0)

Path 1852 (6 moves):
  (1, 1, 1, 1, 1, 1, 1, 1)
  (1, 1, 1, 1, 1, 0, 2, 1)
  (2, 0, 1, 1, 1, 0, 2, 1)
  (2, 0, 1, 1, 1, 0, 3, 0)
  (0, 0, 3, 1, 1, 0, 3, 0)
  (0, 0, 3, 4, 1, 0, 0, 0)
  (0, 0, 3, 5, 0, 0, 0, 0)

Path 1853 (6 moves):
  (1, 1, 1, 1, 1, 1, 1, 1)
  (1, 1, 1, 1, 1, 0, 2, 1)
  (2, 0, 1, 1, 1, 0, 2, 1)
  (2, 0, 1, 1, 1, 0, 3, 0)
  (2, 0, 0, 2, 1, 0, 3, 0)
  (2, 0, 0, 3, 0, 0, 3, 0)
  (5, 0, 0, 0, 0, 0, 3, 0)

Path 1854 (6 moves):
  (1, 1, 1, 1, 1, 1, 1, 1)
  (1, 1, 1, 1, 1, 0, 2, 1)
  (2, 0, 1, 1, 1, 0, 2, 1)
  (2, 0, 1, 1, 1, 0, 3, 0)
  (2, 0, 0, 2, 1, 0, 3, 0)
  (2, 0, 0, 3, 0, 0, 3, 0)
  (2, 0, 0, 6, 0, 0, 0, 0)

Path 1855 (6 moves):
  (1, 1, 1, 1, 1, 1, 1, 1)
  (1, 1, 1, 1, 1, 0, 2, 1)
  (2, 0, 1, 1, 1, 0, 2, 1)
  (2, 0, 1, 1, 1, 0, 3, 0)
  (2, 0, 0, 2, 1, 0, 3, 0)
  (2, 0, 0, 5, 1, 0, 0, 0)
  (2, 0, 0, 6, 0, 0, 0, 0)

Path 1856 (6 moves):
  (1, 1, 1, 1, 1, 1, 1, 1)
  (1, 1, 1, 1, 1, 0, 2, 1)
  (2, 0, 1, 1, 1, 0, 2, 1)
  (2, 0, 1, 1, 1, 0, 3, 0)
  (2, 0, 1, 0, 2, 0, 3, 0)
  (0, 0, 3, 0, 2, 0, 3, 0)
  (0, 0, 5, 0, 0, 0, 3, 0)

Path 1857 (6 moves):
  (1, 1, 1, 1, 1, 1, 1, 1)
  (1, 1, 1, 1, 1, 0, 2, 1)
  (2, 0, 1, 1, 1, 0, 2, 1)
  (2, 0, 1, 1, 1, 0, 3, 0)
  (2, 0, 1, 0, 2, 0, 3, 0)
  (0, 0, 3, 0, 2, 0, 3, 0)
  (0, 0, 3, 0, 0, 0, 5, 0)

Path 1858 (6 moves):
  (1, 1, 1, 1, 1, 1, 1, 1)
  (1, 1, 1, 1, 1, 0, 2, 1)
  (2, 0, 1, 1, 1, 0, 2, 1)
  (2, 0, 1, 1, 1, 0, 3, 0)
  (2, 0, 1, 0, 2, 0, 3, 0)
  (2, 0, 3, 0, 0, 0, 3, 0)
  (0, 0, 5, 0, 0, 0, 3, 0)

Path 1859 (6 moves):
  (1, 1, 1, 1, 1, 1, 1, 1)
  (1, 1, 1, 1, 1, 0, 2, 1)
  (2, 0, 1, 1, 1, 0, 2, 1)
  (2, 0, 1, 1, 1, 0, 3, 0)
  (2, 0, 1, 0, 2, 0, 3, 0)
  (2, 0, 1, 0, 0, 0, 5, 0)
  (0, 0, 3, 0, 0, 0, 5, 0)

Path 1860 (6 moves):
  (1, 1, 1, 1, 1, 1, 1, 1)
  (1, 1, 1, 1, 1, 0, 2, 1)
  (2, 0, 1, 1, 1, 0, 2, 1)
  (2, 0, 1, 1, 1, 0, 3, 0)
  (2, 0, 1, 2, 0, 0, 3, 0)
  (0, 0, 3, 2, 0, 0, 3, 0)
  (0, 0, 3, 5, 0, 0, 0, 0)

Path 1861 (6 moves):
  (1, 1, 1, 1, 1, 1, 1, 1)
  (1, 1, 1, 1, 1, 0, 2, 1)
  (2, 0, 1, 1, 1, 0, 2, 1)
  (2, 0, 1, 1, 1, 0, 3, 0)
  (2, 0, 1, 2, 0, 0, 3, 0)
  (2, 0, 0, 3, 0, 0, 3, 0)
  (5, 0, 0, 0, 0, 0, 3, 0)

Path 1862 (6 moves):
  (1, 1, 1, 1, 1, 1, 1, 1)
  (1, 1, 1, 1, 1, 0, 2, 1)
  (2, 0, 1, 1, 1, 0, 2, 1)
  (2, 0, 1, 1, 1, 0, 3, 0)
  (2, 0, 1, 2, 0, 0, 3, 0)
  (2, 0, 0, 3, 0, 0, 3, 0)
  (2, 0, 0, 6, 0, 0, 0, 0)

Path 1863 (6 moves):
  (1, 1, 1, 1, 1, 1, 1, 1)
  (1, 1, 1, 1, 1, 0, 2, 1)
  (2, 0, 1, 1, 1, 0, 2, 1)
  (2, 0, 1, 1, 1, 0, 3, 0)
  (2, 0, 1, 2, 0, 0, 3, 0)
  (2, 0, 1, 5, 0, 0, 0, 0)
  (0, 0, 3, 5, 0, 0, 0, 0)

Path 1864 (6 moves):
  (1, 1, 1, 1, 1, 1, 1, 1)
  (1, 1, 1, 1, 1, 0, 2, 1)
  (2, 0, 1, 1, 1, 0, 2, 1)
  (2, 0, 1, 1, 1, 0, 3, 0)
  (2, 0, 1, 2, 0, 0, 3, 0)
  (2, 0, 1, 5, 0, 0, 0, 0)
  (2, 0, 0, 6, 0, 0, 0, 0)

Path 1865 (6 moves):
  (1, 1, 1, 1, 1, 1, 1, 1)
  (1, 1, 1, 1, 1, 0, 2, 1)
  (2, 0, 1, 1, 1, 0, 2, 1)
  (2, 0, 1, 1, 1, 0, 3, 0)
  (2, 0, 1, 4, 1, 0, 0, 0)
  (0, 0, 3, 4, 1, 0, 0, 0)
  (0, 0, 3, 5, 0, 0, 0, 0)

Path 1866 (6 moves):
  (1, 1, 1, 1, 1, 1, 1, 1)
  (1, 1, 1, 1, 1, 0, 2, 1)
  (2, 0, 1, 1, 1, 0, 2, 1)
  (2, 0, 1, 1, 1, 0, 3, 0)
  (2, 0, 1, 4, 1, 0, 0, 0)
  (2, 0, 0, 5, 1, 0, 0, 0)
  (2, 0, 0, 6, 0, 0, 0, 0)

Path 1867 (6 moves):
  (1, 1, 1, 1, 1, 1, 1, 1)
  (1, 1, 1, 1, 1, 0, 2, 1)
  (2, 0, 1, 1, 1, 0, 2, 1)
  (2, 0, 1, 1, 1, 0, 3, 0)
  (2, 0, 1, 4, 1, 0, 0, 0)
  (2, 0, 1, 5, 0, 0, 0, 0)
  (0, 0, 3, 5, 0, 0, 0, 0)

Path 1868 (6 moves):
  (1, 1, 1, 1, 1, 1, 1, 1)
  (1, 1, 1, 1, 1, 0, 2, 1)
  (2, 0, 1, 1, 1, 0, 2, 1)
  (2, 0, 1, 1, 1, 0, 3, 0)
  (2, 0, 1, 4, 1, 0, 0, 0)
  (2, 0, 1, 5, 0, 0, 0, 0)
  (2, 0, 0, 6, 0, 0, 0, 0)

Path 1869 (6 moves):
  (1, 1, 1, 1, 1, 1, 1, 1)
  (1, 1, 1, 1, 1, 0, 2, 1)
  (1, 1, 1, 1, 1, 0, 3, 0)
  (0, 2, 1, 1, 1, 0, 3, 0)
  (0, 3, 0, 1, 1, 0, 3, 0)
  (0, 0, 0, 1, 4, 0, 3, 0)
  (0, 0, 0, 0, 5, 0, 3, 0)

Path 1870 (6 moves):
  (1, 1, 1, 1, 1, 1, 1, 1)
  (1, 1, 1, 1, 1, 0, 2, 1)
  (1, 1, 1, 1, 1, 0, 3, 0)
  (0, 2, 1, 1, 1, 0, 3, 0)
  (0, 3, 0, 1, 1, 0, 3, 0)
  (0, 0, 0, 1, 4, 0, 3, 0)
  (0, 0, 0, 4, 4, 0, 0, 0)

Path 1871 (6 moves):
  (1, 1, 1, 1, 1, 1, 1, 1)
  (1, 1, 1, 1, 1, 0, 2, 1)
  (1, 1, 1, 1, 1, 0, 3, 0)
  (0, 2, 1, 1, 1, 0, 3, 0)
  (0, 3, 0, 1, 1, 0, 3, 0)
  (0, 3, 0, 0, 2, 0, 3, 0)
  (0, 0, 0, 0, 5, 0, 3, 0)

Path 1872 (6 moves):
  (1, 1, 1, 1, 1, 1, 1, 1)
  (1, 1, 1, 1, 1, 0, 2, 1)
  (1, 1, 1, 1, 1, 0, 3, 0)
  (0, 2, 1, 1, 1, 0, 3, 0)
  (0, 3, 0, 1, 1, 0, 3, 0)
  (0, 3, 0, 2, 0, 0, 3, 0)
  (0, 3, 0, 5, 0, 0, 0, 0)

Path 1873 (6 moves):
  (1, 1, 1, 1, 1, 1, 1, 1)
  (1, 1, 1, 1, 1, 0, 2, 1)
  (1, 1, 1, 1, 1, 0, 3, 0)
  (0, 2, 1, 1, 1, 0, 3, 0)
  (0, 3, 0, 1, 1, 0, 3, 0)
  (0, 3, 0, 4, 1, 0, 0, 0)
  (0, 0, 0, 4, 4, 0, 0, 0)

Path 1874 (6 moves):
  (1, 1, 1, 1, 1, 1, 1, 1)
  (1, 1, 1, 1, 1, 0, 2, 1)
  (1, 1, 1, 1, 1, 0, 3, 0)
  (0, 2, 1, 1, 1, 0, 3, 0)
  (0, 3, 0, 1, 1, 0, 3, 0)
  (0, 3, 0, 4, 1, 0, 0, 0)
  (0, 3, 0, 5, 0, 0, 0, 0)

Path 1875 (6 moves):
  (1, 1, 1, 1, 1, 1, 1, 1)
  (1, 1, 1, 1, 1, 0, 2, 1)
  (1, 1, 1, 1, 1, 0, 3, 0)
  (2, 0, 1, 1, 1, 0, 3, 0)
  (0, 0, 3, 1, 1, 0, 3, 0)
  (0, 0, 4, 0, 1, 0, 3, 0)
  (0, 0, 0, 0, 1, 0, 7, 0)

Path 1876 (6 moves):
  (1, 1, 1, 1, 1, 1, 1, 1)
  (1, 1, 1, 1, 1, 0, 2, 1)
  (1, 1, 1, 1, 1, 0, 3, 0)
  (2, 0, 1, 1, 1, 0, 3, 0)
  (0, 0, 3, 1, 1, 0, 3, 0)
  (0, 0, 3, 0, 2, 0, 3, 0)
  (0, 0, 5, 0, 0, 0, 3, 0)

Path 1877 (6 moves):
  (1, 1, 1, 1, 1, 1, 1, 1)
  (1, 1, 1, 1, 1, 0, 2, 1)
  (1, 1, 1, 1, 1, 0, 3, 0)
  (2, 0, 1, 1, 1, 0, 3, 0)
  (0, 0, 3, 1, 1, 0, 3, 0)
  (0, 0, 3, 0, 2, 0, 3, 0)
  (0, 0, 3, 0, 0, 0, 5, 0)

Path 1878 (6 moves):
  (1, 1, 1, 1, 1, 1, 1, 1)
  (1, 1, 1, 1, 1, 0, 2, 1)
  (1, 1, 1, 1, 1, 0, 3, 0)
  (2, 0, 1, 1, 1, 0, 3, 0)
  (0, 0, 3, 1, 1, 0, 3, 0)
  (0, 0, 3, 2, 0, 0, 3, 0)
  (0, 0, 3, 5, 0, 0, 0, 0)

Path 1879 (6 moves):
  (1, 1, 1, 1, 1, 1, 1, 1)
  (1, 1, 1, 1, 1, 0, 2, 1)
  (1, 1, 1, 1, 1, 0, 3, 0)
  (2, 0, 1, 1, 1, 0, 3, 0)
  (0, 0, 3, 1, 1, 0, 3, 0)
  (0, 0, 3, 4, 1, 0, 0, 0)
  (0, 0, 3, 5, 0, 0, 0, 0)

Path 1880 (6 moves):
  (1, 1, 1, 1, 1, 1, 1, 1)
  (1, 1, 1, 1, 1, 0, 2, 1)
  (1, 1, 1, 1, 1, 0, 3, 0)
  (2, 0, 1, 1, 1, 0, 3, 0)
  (2, 0, 0, 2, 1, 0, 3, 0)
  (2, 0, 0, 3, 0, 0, 3, 0)
  (5, 0, 0, 0, 0, 0, 3, 0)

Path 1881 (6 moves):
  (1, 1, 1, 1, 1, 1, 1, 1)
  (1, 1, 1, 1, 1, 0, 2, 1)
  (1, 1, 1, 1, 1, 0, 3, 0)
  (2, 0, 1, 1, 1, 0, 3, 0)
  (2, 0, 0, 2, 1, 0, 3, 0)
  (2, 0, 0, 3, 0, 0, 3, 0)
  (2, 0, 0, 6, 0, 0, 0, 0)

Path 1882 (6 moves):
  (1, 1, 1, 1, 1, 1, 1, 1)
  (1, 1, 1, 1, 1, 0, 2, 1)
  (1, 1, 1, 1, 1, 0, 3, 0)
  (2, 0, 1, 1, 1, 0, 3, 0)
  (2, 0, 0, 2, 1, 0, 3, 0)
  (2, 0, 0, 5, 1, 0, 0, 0)
  (2, 0, 0, 6, 0, 0, 0, 0)

Path 1883 (6 moves):
  (1, 1, 1, 1, 1, 1, 1, 1)
  (1, 1, 1, 1, 1, 0, 2, 1)
  (1, 1, 1, 1, 1, 0, 3, 0)
  (2, 0, 1, 1, 1, 0, 3, 0)
  (2, 0, 1, 0, 2, 0, 3, 0)
  (0, 0, 3, 0, 2, 0, 3, 0)
  (0, 0, 5, 0, 0, 0, 3, 0)

Path 1884 (6 moves):
  (1, 1, 1, 1, 1, 1, 1, 1)
  (1, 1, 1, 1, 1, 0, 2, 1)
  (1, 1, 1, 1, 1, 0, 3, 0)
  (2, 0, 1, 1, 1, 0, 3, 0)
  (2, 0, 1, 0, 2, 0, 3, 0)
  (0, 0, 3, 0, 2, 0, 3, 0)
  (0, 0, 3, 0, 0, 0, 5, 0)

Path 1885 (6 moves):
  (1, 1, 1, 1, 1, 1, 1, 1)
  (1, 1, 1, 1, 1, 0, 2, 1)
  (1, 1, 1, 1, 1, 0, 3, 0)
  (2, 0, 1, 1, 1, 0, 3, 0)
  (2, 0, 1, 0, 2, 0, 3, 0)
  (2, 0, 3, 0, 0, 0, 3, 0)
  (0, 0, 5, 0, 0, 0, 3, 0)

Path 1886 (6 moves):
  (1, 1, 1, 1, 1, 1, 1, 1)
  (1, 1, 1, 1, 1, 0, 2, 1)
  (1, 1, 1, 1, 1, 0, 3, 0)
  (2, 0, 1, 1, 1, 0, 3, 0)
  (2, 0, 1, 0, 2, 0, 3, 0)
  (2, 0, 1, 0, 0, 0, 5, 0)
  (0, 0, 3, 0, 0, 0, 5, 0)

Path 1887 (6 moves):
  (1, 1, 1, 1, 1, 1, 1, 1)
  (1, 1, 1, 1, 1, 0, 2, 1)
  (1, 1, 1, 1, 1, 0, 3, 0)
  (2, 0, 1, 1, 1, 0, 3, 0)
  (2, 0, 1, 2, 0, 0, 3, 0)
  (0, 0, 3, 2, 0, 0, 3, 0)
  (0, 0, 3, 5, 0, 0, 0, 0)

Path 1888 (6 moves):
  (1, 1, 1, 1, 1, 1, 1, 1)
  (1, 1, 1, 1, 1, 0, 2, 1)
  (1, 1, 1, 1, 1, 0, 3, 0)
  (2, 0, 1, 1, 1, 0, 3, 0)
  (2, 0, 1, 2, 0, 0, 3, 0)
  (2, 0, 0, 3, 0, 0, 3, 0)
  (5, 0, 0, 0, 0, 0, 3, 0)

Path 1889 (6 moves):
  (1, 1, 1, 1, 1, 1, 1, 1)
  (1, 1, 1, 1, 1, 0, 2, 1)
  (1, 1, 1, 1, 1, 0, 3, 0)
  (2, 0, 1, 1, 1, 0, 3, 0)
  (2, 0, 1, 2, 0, 0, 3, 0)
  (2, 0, 0, 3, 0, 0, 3, 0)
  (2, 0, 0, 6, 0, 0, 0, 0)

Path 1890 (6 moves):
  (1, 1, 1, 1, 1, 1, 1, 1)
  (1, 1, 1, 1, 1, 0, 2, 1)
  (1, 1, 1, 1, 1, 0, 3, 0)
  (2, 0, 1, 1, 1, 0, 3, 0)
  (2, 0, 1, 2, 0, 0, 3, 0)
  (2, 0, 1, 5, 0, 0, 0, 0)
  (0, 0, 3, 5, 0, 0, 0, 0)

Path 1891 (6 moves):
  (1, 1, 1, 1, 1, 1, 1, 1)
  (1, 1, 1, 1, 1, 0, 2, 1)
  (1, 1, 1, 1, 1, 0, 3, 0)
  (2, 0, 1, 1, 1, 0, 3, 0)
  (2, 0, 1, 2, 0, 0, 3, 0)
  (2, 0, 1, 5, 0, 0, 0, 0)
  (2, 0, 0, 6, 0, 0, 0, 0)

Path 1892 (6 moves):
  (1, 1, 1, 1, 1, 1, 1, 1)
  (1, 1, 1, 1, 1, 0, 2, 1)
  (1, 1, 1, 1, 1, 0, 3, 0)
  (2, 0, 1, 1, 1, 0, 3, 0)
  (2, 0, 1, 4, 1, 0, 0, 0)
  (0, 0, 3, 4, 1, 0, 0, 0)
  (0, 0, 3, 5, 0, 0, 0, 0)

Path 1893 (6 moves):
  (1, 1, 1, 1, 1, 1, 1, 1)
  (1, 1, 1, 1, 1, 0, 2, 1)
  (1, 1, 1, 1, 1, 0, 3, 0)
  (2, 0, 1, 1, 1, 0, 3, 0)
  (2, 0, 1, 4, 1, 0, 0, 0)
  (2, 0, 0, 5, 1, 0, 0, 0)
  (2, 0, 0, 6, 0, 0, 0, 0)

Path 1894 (6 moves):
  (1, 1, 1, 1, 1, 1, 1, 1)
  (1, 1, 1, 1, 1, 0, 2, 1)
  (1, 1, 1, 1, 1, 0, 3, 0)
  (2, 0, 1, 1, 1, 0, 3, 0)
  (2, 0, 1, 4, 1, 0, 0, 0)
  (2, 0, 1, 5, 0, 0, 0, 0)
  (0, 0, 3, 5, 0, 0, 0, 0)

Path 1895 (6 moves):
  (1, 1, 1, 1, 1, 1, 1, 1)
  (1, 1, 1, 1, 1, 0, 2, 1)
  (1, 1, 1, 1, 1, 0, 3, 0)
  (2, 0, 1, 1, 1, 0, 3, 0)
  (2, 0, 1, 4, 1, 0, 0, 0)
  (2, 0, 1, 5, 0, 0, 0, 0)
  (2, 0, 0, 6, 0, 0, 0, 0)

Path 1896 (4 moves):
  (1, 1, 1, 1, 1, 1, 1, 1)
  (1, 1, 1, 1, 1, 0, 2, 1)
  (1, 1, 1, 1, 1, 0, 3, 0)
  (1, 0, 2, 1, 1, 0, 3, 0)
  (1, 0, 3, 0, 1, 0, 3, 0)

Path 1897 (6 moves):
  (1, 1, 1, 1, 1, 1, 1, 1)
  (1, 1, 1, 1, 1, 0, 2, 1)
  (1, 1, 1, 1, 1, 0, 3, 0)
  (1, 0, 2, 1, 1, 0, 3, 0)
  (1, 0, 2, 0, 2, 0, 3, 0)
  (3, 0, 0, 0, 2, 0, 3, 0)
  (3, 0, 0, 0, 0, 0, 5, 0)

Path 1898 (6 moves):
  (1, 1, 1, 1, 1, 1, 1, 1)
  (1, 1, 1, 1, 1, 0, 2, 1)
  (1, 1, 1, 1, 1, 0, 3, 0)
  (1, 0, 2, 1, 1, 0, 3, 0)
  (1, 0, 2, 0, 2, 0, 3, 0)
  (1, 0, 0, 0, 4, 0, 3, 0)
  (5, 0, 0, 0, 0, 0, 3, 0)

Path 1899 (6 moves):
  (1, 1, 1, 1, 1, 1, 1, 1)
  (1, 1, 1, 1, 1, 0, 2, 1)
  (1, 1, 1, 1, 1, 0, 3, 0)
  (1, 0, 2, 1, 1, 0, 3, 0)
  (1, 0, 2, 0, 2, 0, 3, 0)
  (1, 0, 4, 0, 0, 0, 3, 0)
  (1, 0, 0, 0, 0, 0, 7, 0)

Path 1900 (6 moves):
  (1, 1, 1, 1, 1, 1, 1, 1)
  (1, 1, 1, 1, 1, 0, 2, 1)
  (1, 1, 1, 1, 1, 0, 3, 0)
  (1, 0, 2, 1, 1, 0, 3, 0)
  (1, 0, 2, 0, 2, 0, 3, 0)
  (1, 0, 2, 0, 0, 0, 5, 0)
  (3, 0, 0, 0, 0, 0, 5, 0)

Path 1901 (6 moves):
  (1, 1, 1, 1, 1, 1, 1, 1)
  (1, 1, 1, 1, 1, 0, 2, 1)
  (1, 1, 1, 1, 1, 0, 3, 0)
  (1, 2, 0, 1, 1, 0, 3, 0)
  (0, 3, 0, 1, 1, 0, 3, 0)
  (0, 0, 0, 1, 4, 0, 3, 0)
  (0, 0, 0, 0, 5, 0, 3, 0)

Path 1902 (6 moves):
  (1, 1, 1, 1, 1, 1, 1, 1)
  (1, 1, 1, 1, 1, 0, 2, 1)
  (1, 1, 1, 1, 1, 0, 3, 0)
  (1, 2, 0, 1, 1, 0, 3, 0)
  (0, 3, 0, 1, 1, 0, 3, 0)
  (0, 0, 0, 1, 4, 0, 3, 0)
  (0, 0, 0, 4, 4, 0, 0, 0)

Path 1903 (6 moves):
  (1, 1, 1, 1, 1, 1, 1, 1)
  (1, 1, 1, 1, 1, 0, 2, 1)
  (1, 1, 1, 1, 1, 0, 3, 0)
  (1, 2, 0, 1, 1, 0, 3, 0)
  (0, 3, 0, 1, 1, 0, 3, 0)
  (0, 3, 0, 0, 2, 0, 3, 0)
  (0, 0, 0, 0, 5, 0, 3, 0)

Path 1904 (6 moves):
  (1, 1, 1, 1, 1, 1, 1, 1)
  (1, 1, 1, 1, 1, 0, 2, 1)
  (1, 1, 1, 1, 1, 0, 3, 0)
  (1, 2, 0, 1, 1, 0, 3, 0)
  (0, 3, 0, 1, 1, 0, 3, 0)
  (0, 3, 0, 2, 0, 0, 3, 0)
  (0, 3, 0, 5, 0, 0, 0, 0)

Path 1905 (6 moves):
  (1, 1, 1, 1, 1, 1, 1, 1)
  (1, 1, 1, 1, 1, 0, 2, 1)
  (1, 1, 1, 1, 1, 0, 3, 0)
  (1, 2, 0, 1, 1, 0, 3, 0)
  (0, 3, 0, 1, 1, 0, 3, 0)
  (0, 3, 0, 4, 1, 0, 0, 0)
  (0, 0, 0, 4, 4, 0, 0, 0)

Path 1906 (6 moves):
  (1, 1, 1, 1, 1, 1, 1, 1)
  (1, 1, 1, 1, 1, 0, 2, 1)
  (1, 1, 1, 1, 1, 0, 3, 0)
  (1, 2, 0, 1, 1, 0, 3, 0)
  (0, 3, 0, 1, 1, 0, 3, 0)
  (0, 3, 0, 4, 1, 0, 0, 0)
  (0, 3, 0, 5, 0, 0, 0, 0)

Path 1907 (6 moves):
  (1, 1, 1, 1, 1, 1, 1, 1)
  (1, 1, 1, 1, 1, 0, 2, 1)
  (1, 1, 1, 1, 1, 0, 3, 0)
  (1, 2, 0, 1, 1, 0, 3, 0)
  (1, 0, 0, 3, 1, 0, 3, 0)
  (4, 0, 0, 0, 1, 0, 3, 0)
  (0, 0, 0, 0, 5, 0, 3, 0)

Path 1908 (6 moves):
  (1, 1, 1, 1, 1, 1, 1, 1)
  (1, 1, 1, 1, 1, 0, 2, 1)
  (1, 1, 1, 1, 1, 0, 3, 0)
  (1, 2, 0, 1, 1, 0, 3, 0)
  (1, 0, 0, 3, 1, 0, 3, 0)
  (1, 0, 0, 0, 1, 0, 6, 0)
  (7, 0, 0, 0, 1, 0, 0, 0)

Path 1909 (6 moves):
  (1, 1, 1, 1, 1, 1, 1, 1)
  (1, 1, 1, 1, 1, 0, 2, 1)
  (1, 1, 1, 1, 1, 0, 3, 0)
  (1, 2, 0, 1, 1, 0, 3, 0)
  (1, 0, 0, 3, 1, 0, 3, 0)
  (1, 0, 0, 4, 0, 0, 3, 0)
  (1, 0, 0, 7, 0, 0, 0, 0)

Path 1910 (6 moves):
  (1, 1, 1, 1, 1, 1, 1, 1)
  (1, 1, 1, 1, 1, 0, 2, 1)
  (1, 1, 1, 1, 1, 0, 3, 0)
  (1, 2, 0, 1, 1, 0, 3, 0)
  (1, 0, 0, 3, 1, 0, 3, 0)
  (1, 0, 0, 6, 1, 0, 0, 0)
  (1, 0, 0, 7, 0, 0, 0, 0)

Path 1911 (6 moves):
  (1, 1, 1, 1, 1, 1, 1, 1)
  (1, 1, 1, 1, 1, 0, 2, 1)
  (1, 1, 1, 1, 1, 0, 3, 0)
  (1, 2, 0, 1, 1, 0, 3, 0)
  (1, 2, 0, 4, 1, 0, 0, 0)
  (0, 3, 0, 4, 1, 0, 0, 0)
  (0, 0, 0, 4, 4, 0, 0, 0)

Path 1912 (6 moves):
  (1, 1, 1, 1, 1, 1, 1, 1)
  (1, 1, 1, 1, 1, 0, 2, 1)
  (1, 1, 1, 1, 1, 0, 3, 0)
  (1, 2, 0, 1, 1, 0, 3, 0)
  (1, 2, 0, 4, 1, 0, 0, 0)
  (0, 3, 0, 4, 1, 0, 0, 0)
  (0, 3, 0, 5, 0, 0, 0, 0)

Path 1913 (6 moves):
  (1, 1, 1, 1, 1, 1, 1, 1)
  (1, 1, 1, 1, 1, 0, 2, 1)
  (1, 1, 1, 1, 1, 0, 3, 0)
  (1, 2, 0, 1, 1, 0, 3, 0)
  (1, 2, 0, 4, 1, 0, 0, 0)
  (1, 0, 0, 6, 1, 0, 0, 0)
  (1, 0, 0, 7, 0, 0, 0, 0)

Path 1914 (6 moves):
  (1, 1, 1, 1, 1, 1, 1, 1)
  (1, 1, 1, 1, 1, 0, 2, 1)
  (1, 1, 1, 1, 1, 0, 3, 0)
  (1, 2, 0, 1, 1, 0, 3, 0)
  (1, 2, 0, 4, 1, 0, 0, 0)
  (1, 2, 0, 5, 0, 0, 0, 0)
  (0, 3, 0, 5, 0, 0, 0, 0)

Path 1915 (6 moves):
  (1, 1, 1, 1, 1, 1, 1, 1)
  (1, 1, 1, 1, 1, 0, 2, 1)
  (1, 1, 1, 1, 1, 0, 3, 0)
  (1, 2, 0, 1, 1, 0, 3, 0)
  (1, 2, 0, 4, 1, 0, 0, 0)
  (1, 2, 0, 5, 0, 0, 0, 0)
  (1, 0, 0, 7, 0, 0, 0, 0)

Path 1916 (6 moves):
  (1, 1, 1, 1, 1, 1, 1, 1)
  (1, 1, 1, 1, 1, 0, 2, 1)
  (1, 1, 1, 1, 1, 0, 3, 0)
  (1, 1, 0, 2, 1, 0, 3, 0)
  (2, 0, 0, 2, 1, 0, 3, 0)
  (2, 0, 0, 3, 0, 0, 3, 0)
  (5, 0, 0, 0, 0, 0, 3, 0)

Path 1917 (6 moves):
  (1, 1, 1, 1, 1, 1, 1, 1)
  (1, 1, 1, 1, 1, 0, 2, 1)
  (1, 1, 1, 1, 1, 0, 3, 0)
  (1, 1, 0, 2, 1, 0, 3, 0)
  (2, 0, 0, 2, 1, 0, 3, 0)
  (2, 0, 0, 3, 0, 0, 3, 0)
  (2, 0, 0, 6, 0, 0, 0, 0)

Path 1918 (6 moves):
  (1, 1, 1, 1, 1, 1, 1, 1)
  (1, 1, 1, 1, 1, 0, 2, 1)
  (1, 1, 1, 1, 1, 0, 3, 0)
  (1, 1, 0, 2, 1, 0, 3, 0)
  (2, 0, 0, 2, 1, 0, 3, 0)
  (2, 0, 0, 5, 1, 0, 0, 0)
  (2, 0, 0, 6, 0, 0, 0, 0)

Path 1919 (6 moves):
  (1, 1, 1, 1, 1, 1, 1, 1)
  (1, 1, 1, 1, 1, 0, 2, 1)
  (1, 1, 1, 1, 1, 0, 3, 0)
  (1, 1, 0, 2, 1, 0, 3, 0)
  (1, 1, 0, 3, 0, 0, 3, 0)
  (0, 2, 0, 3, 0, 0, 3, 0)
  (0, 2, 0, 0, 0, 0, 6, 0)

Path 1920 (6 moves):
  (1, 1, 1, 1, 1, 1, 1, 1)
  (1, 1, 1, 1, 1, 0, 2, 1)
  (1, 1, 1, 1, 1, 0, 3, 0)
  (1, 1, 0, 2, 1, 0, 3, 0)
  (1, 1, 0, 3, 0, 0, 3, 0)
  (2, 0, 0, 3, 0, 0, 3, 0)
  (5, 0, 0, 0, 0, 0, 3, 0)

Path 1921 (6 moves):
  (1, 1, 1, 1, 1, 1, 1, 1)
  (1, 1, 1, 1, 1, 0, 2, 1)
  (1, 1, 1, 1, 1, 0, 3, 0)
  (1, 1, 0, 2, 1, 0, 3, 0)
  (1, 1, 0, 3, 0, 0, 3, 0)
  (2, 0, 0, 3, 0, 0, 3, 0)
  (2, 0, 0, 6, 0, 0, 0, 0)

Path 1922 (6 moves):
  (1, 1, 1, 1, 1, 1, 1, 1)
  (1, 1, 1, 1, 1, 0, 2, 1)
  (1, 1, 1, 1, 1, 0, 3, 0)
  (1, 1, 0, 2, 1, 0, 3, 0)
  (1, 1, 0, 3, 0, 0, 3, 0)
  (4, 1, 0, 0, 0, 0, 3, 0)
  (5, 0, 0, 0, 0, 0, 3, 0)

Path 1923 (6 moves):
  (1, 1, 1, 1, 1, 1, 1, 1)
  (1, 1, 1, 1, 1, 0, 2, 1)
  (1, 1, 1, 1, 1, 0, 3, 0)
  (1, 1, 0, 2, 1, 0, 3, 0)
  (1, 1, 0, 3, 0, 0, 3, 0)
  (1, 1, 0, 0, 0, 0, 6, 0)
  (0, 2, 0, 0, 0, 0, 6, 0)

Path 1924 (6 moves):
  (1, 1, 1, 1, 1, 1, 1, 1)
  (1, 1, 1, 1, 1, 0, 2, 1)
  (1, 1, 1, 1, 1, 0, 3, 0)
  (1, 1, 0, 2, 1, 0, 3, 0)
  (1, 1, 0, 3, 0, 0, 3, 0)
  (1, 1, 0, 6, 0, 0, 0, 0)
  (2, 0, 0, 6, 0, 0, 0, 0)

Path 1925 (4 moves):
  (1, 1, 1, 1, 1, 1, 1, 1)
  (1, 1, 1, 1, 1, 0, 2, 1)
  (1, 1, 1, 1, 1, 0, 3, 0)
  (1, 1, 2, 0, 1, 0, 3, 0)
  (1, 0, 3, 0, 1, 0, 3, 0)

Path 1926 (6 moves):
  (1, 1, 1, 1, 1, 1, 1, 1)
  (1, 1, 1, 1, 1, 0, 2, 1)
  (1, 1, 1, 1, 1, 0, 3, 0)
  (1, 1, 2, 0, 1, 0, 3, 0)
  (3, 1, 0, 0, 1, 0, 3, 0)
  (4, 0, 0, 0, 1, 0, 3, 0)
  (0, 0, 0, 0, 5, 0, 3, 0)

Path 1927 (6 moves):
  (1, 1, 1, 1, 1, 1, 1, 1)
  (1, 1, 1, 1, 1, 0, 2, 1)
  (1, 1, 1, 1, 1, 0, 3, 0)
  (1, 1, 1, 0, 2, 0, 3, 0)
  (2, 0, 1, 0, 2, 0, 3, 0)
  (0, 0, 3, 0, 2, 0, 3, 0)
  (0, 0, 5, 0, 0, 0, 3, 0)

Path 1928 (6 moves):
  (1, 1, 1, 1, 1, 1, 1, 1)
  (1, 1, 1, 1, 1, 0, 2, 1)
  (1, 1, 1, 1, 1, 0, 3, 0)
  (1, 1, 1, 0, 2, 0, 3, 0)
  (2, 0, 1, 0, 2, 0, 3, 0)
  (0, 0, 3, 0, 2, 0, 3, 0)
  (0, 0, 3, 0, 0, 0, 5, 0)

Path 1929 (6 moves):
  (1, 1, 1, 1, 1, 1, 1, 1)
  (1, 1, 1, 1, 1, 0, 2, 1)
  (1, 1, 1, 1, 1, 0, 3, 0)
  (1, 1, 1, 0, 2, 0, 3, 0)
  (2, 0, 1, 0, 2, 0, 3, 0)
  (2, 0, 3, 0, 0, 0, 3, 0)
  (0, 0, 5, 0, 0, 0, 3, 0)

Path 1930 (6 moves):
  (1, 1, 1, 1, 1, 1, 1, 1)
  (1, 1, 1, 1, 1, 0, 2, 1)
  (1, 1, 1, 1, 1, 0, 3, 0)
  (1, 1, 1, 0, 2, 0, 3, 0)
  (2, 0, 1, 0, 2, 0, 3, 0)
  (2, 0, 1, 0, 0, 0, 5, 0)
  (0, 0, 3, 0, 0, 0, 5, 0)

Path 1931 (6 moves):
  (1, 1, 1, 1, 1, 1, 1, 1)
  (1, 1, 1, 1, 1, 0, 2, 1)
  (1, 1, 1, 1, 1, 0, 3, 0)
  (1, 1, 1, 0, 2, 0, 3, 0)
  (1, 0, 2, 0, 2, 0, 3, 0)
  (3, 0, 0, 0, 2, 0, 3, 0)
  (3, 0, 0, 0, 0, 0, 5, 0)

Path 1932 (6 moves):
  (1, 1, 1, 1, 1, 1, 1, 1)
  (1, 1, 1, 1, 1, 0, 2, 1)
  (1, 1, 1, 1, 1, 0, 3, 0)
  (1, 1, 1, 0, 2, 0, 3, 0)
  (1, 0, 2, 0, 2, 0, 3, 0)
  (1, 0, 0, 0, 4, 0, 3, 0)
  (5, 0, 0, 0, 0, 0, 3, 0)

Path 1933 (6 moves):
  (1, 1, 1, 1, 1, 1, 1, 1)
  (1, 1, 1, 1, 1, 0, 2, 1)
  (1, 1, 1, 1, 1, 0, 3, 0)
  (1, 1, 1, 0, 2, 0, 3, 0)
  (1, 0, 2, 0, 2, 0, 3, 0)
  (1, 0, 4, 0, 0, 0, 3, 0)
  (1, 0, 0, 0, 0, 0, 7, 0)

Path 1934 (6 moves):
  (1, 1, 1, 1, 1, 1, 1, 1)
  (1, 1, 1, 1, 1, 0, 2, 1)
  (1, 1, 1, 1, 1, 0, 3, 0)
  (1, 1, 1, 0, 2, 0, 3, 0)
  (1, 0, 2, 0, 2, 0, 3, 0)
  (1, 0, 2, 0, 0, 0, 5, 0)
  (3, 0, 0, 0, 0, 0, 5, 0)

Path 1935 (6 moves):
  (1, 1, 1, 1, 1, 1, 1, 1)
  (1, 1, 1, 1, 1, 0, 2, 1)
  (1, 1, 1, 1, 1, 0, 3, 0)
  (1, 1, 1, 2, 0, 0, 3, 0)
  (2, 0, 1, 2, 0, 0, 3, 0)
  (0, 0, 3, 2, 0, 0, 3, 0)
  (0, 0, 3, 5, 0, 0, 0, 0)

Path 1936 (6 moves):
  (1, 1, 1, 1, 1, 1, 1, 1)
  (1, 1, 1, 1, 1, 0, 2, 1)
  (1, 1, 1, 1, 1, 0, 3, 0)
  (1, 1, 1, 2, 0, 0, 3, 0)
  (2, 0, 1, 2, 0, 0, 3, 0)
  (2, 0, 0, 3, 0, 0, 3, 0)
  (5, 0, 0, 0, 0, 0, 3, 0)

Path 1937 (6 moves):
  (1, 1, 1, 1, 1, 1, 1, 1)
  (1, 1, 1, 1, 1, 0, 2, 1)
  (1, 1, 1, 1, 1, 0, 3, 0)
  (1, 1, 1, 2, 0, 0, 3, 0)
  (2, 0, 1, 2, 0, 0, 3, 0)
  (2, 0, 0, 3, 0, 0, 3, 0)
  (2, 0, 0, 6, 0, 0, 0, 0)

Path 1938 (6 moves):
  (1, 1, 1, 1, 1, 1, 1, 1)
  (1, 1, 1, 1, 1, 0, 2, 1)
  (1, 1, 1, 1, 1, 0, 3, 0)
  (1, 1, 1, 2, 0, 0, 3, 0)
  (2, 0, 1, 2, 0, 0, 3, 0)
  (2, 0, 1, 5, 0, 0, 0, 0)
  (0, 0, 3, 5, 0, 0, 0, 0)

Path 1939 (6 moves):
  (1, 1, 1, 1, 1, 1, 1, 1)
  (1, 1, 1, 1, 1, 0, 2, 1)
  (1, 1, 1, 1, 1, 0, 3, 0)
  (1, 1, 1, 2, 0, 0, 3, 0)
  (2, 0, 1, 2, 0, 0, 3, 0)
  (2, 0, 1, 5, 0, 0, 0, 0)
  (2, 0, 0, 6, 0, 0, 0, 0)

Path 1940 (6 moves):
  (1, 1, 1, 1, 1, 1, 1, 1)
  (1, 1, 1, 1, 1, 0, 2, 1)
  (1, 1, 1, 1, 1, 0, 3, 0)
  (1, 1, 1, 2, 0, 0, 3, 0)
  (1, 1, 0, 3, 0, 0, 3, 0)
  (0, 2, 0, 3, 0, 0, 3, 0)
  (0, 2, 0, 0, 0, 0, 6, 0)

Path 1941 (6 moves):
  (1, 1, 1, 1, 1, 1, 1, 1)
  (1, 1, 1, 1, 1, 0, 2, 1)
  (1, 1, 1, 1, 1, 0, 3, 0)
  (1, 1, 1, 2, 0, 0, 3, 0)
  (1, 1, 0, 3, 0, 0, 3, 0)
  (2, 0, 0, 3, 0, 0, 3, 0)
  (5, 0, 0, 0, 0, 0, 3, 0)

Path 1942 (6 moves):
  (1, 1, 1, 1, 1, 1, 1, 1)
  (1, 1, 1, 1, 1, 0, 2, 1)
  (1, 1, 1, 1, 1, 0, 3, 0)
  (1, 1, 1, 2, 0, 0, 3, 0)
  (1, 1, 0, 3, 0, 0, 3, 0)
  (2, 0, 0, 3, 0, 0, 3, 0)
  (2, 0, 0, 6, 0, 0, 0, 0)

Path 1943 (6 moves):
  (1, 1, 1, 1, 1, 1, 1, 1)
  (1, 1, 1, 1, 1, 0, 2, 1)
  (1, 1, 1, 1, 1, 0, 3, 0)
  (1, 1, 1, 2, 0, 0, 3, 0)
  (1, 1, 0, 3, 0, 0, 3, 0)
  (4, 1, 0, 0, 0, 0, 3, 0)
  (5, 0, 0, 0, 0, 0, 3, 0)

Path 1944 (6 moves):
  (1, 1, 1, 1, 1, 1, 1, 1)
  (1, 1, 1, 1, 1, 0, 2, 1)
  (1, 1, 1, 1, 1, 0, 3, 0)
  (1, 1, 1, 2, 0, 0, 3, 0)
  (1, 1, 0, 3, 0, 0, 3, 0)
  (1, 1, 0, 0, 0, 0, 6, 0)
  (0, 2, 0, 0, 0, 0, 6, 0)

Path 1945 (6 moves):
  (1, 1, 1, 1, 1, 1, 1, 1)
  (1, 1, 1, 1, 1, 0, 2, 1)
  (1, 1, 1, 1, 1, 0, 3, 0)
  (1, 1, 1, 2, 0, 0, 3, 0)
  (1, 1, 0, 3, 0, 0, 3, 0)
  (1, 1, 0, 6, 0, 0, 0, 0)
  (2, 0, 0, 6, 0, 0, 0, 0)

Path 1946 (6 moves):
  (1, 1, 1, 1, 1, 1, 1, 1)
  (1, 1, 1, 1, 1, 0, 2, 1)
  (1, 1, 1, 1, 1, 0, 3, 0)
  (1, 1, 1, 4, 1, 0, 0, 0)
  (2, 0, 1, 4, 1, 0, 0, 0)
  (0, 0, 3, 4, 1, 0, 0, 0)
  (0, 0, 3, 5, 0, 0, 0, 0)

Path 1947 (6 moves):
  (1, 1, 1, 1, 1, 1, 1, 1)
  (1, 1, 1, 1, 1, 0, 2, 1)
  (1, 1, 1, 1, 1, 0, 3, 0)
  (1, 1, 1, 4, 1, 0, 0, 0)
  (2, 0, 1, 4, 1, 0, 0, 0)
  (2, 0, 0, 5, 1, 0, 0, 0)
  (2, 0, 0, 6, 0, 0, 0, 0)

Path 1948 (6 moves):
  (1, 1, 1, 1, 1, 1, 1, 1)
  (1, 1, 1, 1, 1, 0, 2, 1)
  (1, 1, 1, 1, 1, 0, 3, 0)
  (1, 1, 1, 4, 1, 0, 0, 0)
  (2, 0, 1, 4, 1, 0, 0, 0)
  (2, 0, 1, 5, 0, 0, 0, 0)
  (0, 0, 3, 5, 0, 0, 0, 0)

Path 1949 (6 moves):
  (1, 1, 1, 1, 1, 1, 1, 1)
  (1, 1, 1, 1, 1, 0, 2, 1)
  (1, 1, 1, 1, 1, 0, 3, 0)
  (1, 1, 1, 4, 1, 0, 0, 0)
  (2, 0, 1, 4, 1, 0, 0, 0)
  (2, 0, 1, 5, 0, 0, 0, 0)
  (2, 0, 0, 6, 0, 0, 0, 0)

Path 1950 (6 moves):
  (1, 1, 1, 1, 1, 1, 1, 1)
  (1, 1, 1, 1, 1, 0, 2, 1)
  (1, 1, 1, 1, 1, 0, 3, 0)
  (1, 1, 1, 4, 1, 0, 0, 0)
  (1, 2, 0, 4, 1, 0, 0, 0)
  (0, 3, 0, 4, 1, 0, 0, 0)
  (0, 0, 0, 4, 4, 0, 0, 0)

Path 1951 (6 moves):
  (1, 1, 1, 1, 1, 1, 1, 1)
  (1, 1, 1, 1, 1, 0, 2, 1)
  (1, 1, 1, 1, 1, 0, 3, 0)
  (1, 1, 1, 4, 1, 0, 0, 0)
  (1, 2, 0, 4, 1, 0, 0, 0)
  (0, 3, 0, 4, 1, 0, 0, 0)
  (0, 3, 0, 5, 0, 0, 0, 0)

Path 1952 (6 moves):
  (1, 1, 1, 1, 1, 1, 1, 1)
  (1, 1, 1, 1, 1, 0, 2, 1)
  (1, 1, 1, 1, 1, 0, 3, 0)
  (1, 1, 1, 4, 1, 0, 0, 0)
  (1, 2, 0, 4, 1, 0, 0, 0)
  (1, 0, 0, 6, 1, 0, 0, 0)
  (1, 0, 0, 7, 0, 0, 0, 0)

Path 1953 (6 moves):
  (1, 1, 1, 1, 1, 1, 1, 1)
  (1, 1, 1, 1, 1, 0, 2, 1)
  (1, 1, 1, 1, 1, 0, 3, 0)
  (1, 1, 1, 4, 1, 0, 0, 0)
  (1, 2, 0, 4, 1, 0, 0, 0)
  (1, 2, 0, 5, 0, 0, 0, 0)
  (0, 3, 0, 5, 0, 0, 0, 0)

Path 1954 (6 moves):
  (1, 1, 1, 1, 1, 1, 1, 1)
  (1, 1, 1, 1, 1, 0, 2, 1)
  (1, 1, 1, 1, 1, 0, 3, 0)
  (1, 1, 1, 4, 1, 0, 0, 0)
  (1, 2, 0, 4, 1, 0, 0, 0)
  (1, 2, 0, 5, 0, 0, 0, 0)
  (1, 0, 0, 7, 0, 0, 0, 0)

Path 1955 (6 moves):
  (1, 1, 1, 1, 1, 1, 1, 1)
  (1, 1, 1, 1, 1, 2, 0, 1)
  (1, 0, 2, 1, 1, 2, 0, 1)
  (3, 0, 0, 1, 1, 2, 0, 1)
  (0, 0, 0, 4, 1, 2, 0, 1)
  (0, 0, 0, 0, 1, 2, 0, 5)
  (0, 0, 0, 0, 0, 3, 0, 5)

Path 1956 (6 moves):
  (1, 1, 1, 1, 1, 1, 1, 1)
  (1, 1, 1, 1, 1, 2, 0, 1)
  (1, 0, 2, 1, 1, 2, 0, 1)
  (3, 0, 0, 1, 1, 2, 0, 1)
  (0, 0, 0, 4, 1, 2, 0, 1)
  (0, 0, 0, 0, 1, 2, 0, 5)
  (0, 0, 0, 0, 1, 0, 0, 7)

Path 1957 (6 moves):
  (1, 1, 1, 1, 1, 1, 1, 1)
  (1, 1, 1, 1, 1, 2, 0, 1)
  (1, 0, 2, 1, 1, 2, 0, 1)
  (3, 0, 0, 1, 1, 2, 0, 1)
  (0, 0, 0, 4, 1, 2, 0, 1)
  (0, 0, 0, 5, 0, 2, 0, 1)
  (0, 0, 0, 7, 0, 0, 0, 1)

Path 1958 (6 moves):
  (1, 1, 1, 1, 1, 1, 1, 1)
  (1, 1, 1, 1, 1, 2, 0, 1)
  (1, 0, 2, 1, 1, 2, 0, 1)
  (3, 0, 0, 1, 1, 2, 0, 1)
  (0, 0, 0, 4, 1, 2, 0, 1)
  (0, 0, 0, 5, 0, 2, 0, 1)
  (0, 0, 0, 5, 0, 0, 0, 3)

Path 1959 (6 moves):
  (1, 1, 1, 1, 1, 1, 1, 1)
  (1, 1, 1, 1, 1, 2, 0, 1)
  (1, 0, 2, 1, 1, 2, 0, 1)
  (3, 0, 0, 1, 1, 2, 0, 1)
  (0, 0, 0, 4, 1, 2, 0, 1)
  (0, 0, 0, 4, 0, 3, 0, 1)
  (0, 0, 0, 0, 0, 3, 0, 5)

Path 1960 (6 moves):
  (1, 1, 1, 1, 1, 1, 1, 1)
  (1, 1, 1, 1, 1, 2, 0, 1)
  (1, 0, 2, 1, 1, 2, 0, 1)
  (3, 0, 0, 1, 1, 2, 0, 1)
  (0, 0, 0, 4, 1, 2, 0, 1)
  (0, 0, 0, 6, 1, 0, 0, 1)
  (0, 0, 0, 7, 0, 0, 0, 1)

Path 1961 (6 moves):
  (1, 1, 1, 1, 1, 1, 1, 1)
  (1, 1, 1, 1, 1, 2, 0, 1)
  (1, 0, 2, 1, 1, 2, 0, 1)
  (3, 0, 0, 1, 1, 2, 0, 1)
  (0, 0, 0, 4, 1, 2, 0, 1)
  (0, 0, 0, 4, 1, 0, 0, 3)
  (0, 0, 0, 0, 1, 0, 0, 7)

Path 1962 (6 moves):
  (1, 1, 1, 1, 1, 1, 1, 1)
  (1, 1, 1, 1, 1, 2, 0, 1)
  (1, 0, 2, 1, 1, 2, 0, 1)
  (3, 0, 0, 1, 1, 2, 0, 1)
  (0, 0, 0, 4, 1, 2, 0, 1)
  (0, 0, 0, 4, 1, 0, 0, 3)
  (0, 0, 0, 5, 0, 0, 0, 3)

Path 1963 (6 moves):
  (1, 1, 1, 1, 1, 1, 1, 1)
  (1, 1, 1, 1, 1, 2, 0, 1)
  (1, 0, 2, 1, 1, 2, 0, 1)
  (3, 0, 0, 1, 1, 2, 0, 1)
  (0, 0, 0, 4, 1, 2, 0, 1)
  (0, 0, 0, 4, 1, 0, 0, 3)
  (0, 0, 0, 4, 4, 0, 0, 0)

Path 1964 (6 moves):
  (1, 1, 1, 1, 1, 1, 1, 1)
  (1, 1, 1, 1, 1, 2, 0, 1)
  (1, 0, 2, 1, 1, 2, 0, 1)
  (3, 0, 0, 1, 1, 2, 0, 1)
  (3, 0, 0, 0, 2, 2, 0, 1)
  (3, 0, 0, 0, 2, 0, 0, 3)
  (3, 0, 0, 0, 5, 0, 0, 0)

Path 1965 (6 moves):
  (1, 1, 1, 1, 1, 1, 1, 1)
  (1, 1, 1, 1, 1, 2, 0, 1)
  (1, 0, 2, 1, 1, 2, 0, 1)
  (3, 0, 0, 1, 1, 2, 0, 1)
  (3, 0, 0, 1, 0, 3, 0, 1)
  (0, 0, 0, 4, 0, 3, 0, 1)
  (0, 0, 0, 0, 0, 3, 0, 5)

Path 1966 (6 moves):
  (1, 1, 1, 1, 1, 1, 1, 1)
  (1, 1, 1, 1, 1, 2, 0, 1)
  (1, 0, 2, 1, 1, 2, 0, 1)
  (3, 0, 0, 1, 1, 2, 0, 1)
  (3, 0, 0, 1, 1, 0, 0, 3)
  (0, 0, 0, 4, 1, 0, 0, 3)
  (0, 0, 0, 0, 1, 0, 0, 7)

Path 1967 (6 moves):
  (1, 1, 1, 1, 1, 1, 1, 1)
  (1, 1, 1, 1, 1, 2, 0, 1)
  (1, 0, 2, 1, 1, 2, 0, 1)
  (3, 0, 0, 1, 1, 2, 0, 1)
  (3, 0, 0, 1, 1, 0, 0, 3)
  (0, 0, 0, 4, 1, 0, 0, 3)
  (0, 0, 0, 5, 0, 0, 0, 3)

Path 1968 (6 moves):
  (1, 1, 1, 1, 1, 1, 1, 1)
  (1, 1, 1, 1, 1, 2, 0, 1)
  (1, 0, 2, 1, 1, 2, 0, 1)
  (3, 0, 0, 1, 1, 2, 0, 1)
  (3, 0, 0, 1, 1, 0, 0, 3)
  (0, 0, 0, 4, 1, 0, 0, 3)
  (0, 0, 0, 4, 4, 0, 0, 0)

Path 1969 (6 moves):
  (1, 1, 1, 1, 1, 1, 1, 1)
  (1, 1, 1, 1, 1, 2, 0, 1)
  (1, 0, 2, 1, 1, 2, 0, 1)
  (3, 0, 0, 1, 1, 2, 0, 1)
  (3, 0, 0, 1, 1, 0, 0, 3)
  (3, 0, 0, 0, 2, 0, 0, 3)
  (3, 0, 0, 0, 5, 0, 0, 0)

Path 1970 (6 moves):
  (1, 1, 1, 1, 1, 1, 1, 1)
  (1, 1, 1, 1, 1, 2, 0, 1)
  (1, 0, 2, 1, 1, 2, 0, 1)
  (3, 0, 0, 1, 1, 2, 0, 1)
  (3, 0, 0, 1, 1, 0, 0, 3)
  (3, 0, 0, 2, 0, 0, 0, 3)
  (0, 0, 0, 5, 0, 0, 0, 3)

Path 1971 (6 moves):
  (1, 1, 1, 1, 1, 1, 1, 1)
  (1, 1, 1, 1, 1, 2, 0, 1)
  (1, 0, 2, 1, 1, 2, 0, 1)
  (3, 0, 0, 1, 1, 2, 0, 1)
  (3, 0, 0, 1, 1, 0, 0, 3)
  (3, 0, 0, 1, 4, 0, 0, 0)
  (0, 0, 0, 4, 4, 0, 0, 0)

Path 1972 (6 moves):
  (1, 1, 1, 1, 1, 1, 1, 1)
  (1, 1, 1, 1, 1, 2, 0, 1)
  (1, 0, 2, 1, 1, 2, 0, 1)
  (3, 0, 0, 1, 1, 2, 0, 1)
  (3, 0, 0, 1, 1, 0, 0, 3)
  (3, 0, 0, 1, 4, 0, 0, 0)
  (3, 0, 0, 0, 5, 0, 0, 0)

Path 1973 (6 moves):
  (1, 1, 1, 1, 1, 1, 1, 1)
  (1, 1, 1, 1, 1, 2, 0, 1)
  (1, 0, 2, 1, 1, 2, 0, 1)
  (3, 0, 0, 1, 1, 2, 0, 1)
  (3, 0, 0, 1, 1, 0, 0, 3)
  (3, 0, 0, 1, 4, 0, 0, 0)
  (7, 0, 0, 1, 0, 0, 0, 0)

Path 1974 (6 moves):
  (1, 1, 1, 1, 1, 1, 1, 1)
  (1, 1, 1, 1, 1, 2, 0, 1)
  (1, 0, 2, 1, 1, 2, 0, 1)
  (1, 0, 0, 1, 3, 2, 0, 1)
  (1, 0, 0, 0, 4, 2, 0, 1)
  (5, 0, 0, 0, 0, 2, 0, 1)
  (0, 0, 0, 0, 0, 7, 0, 1)

Path 1975 (6 moves):
  (1, 1, 1, 1, 1, 1, 1, 1)
  (1, 1, 1, 1, 1, 2, 0, 1)
  (1, 0, 2, 1, 1, 2, 0, 1)
  (1, 0, 0, 1, 3, 2, 0, 1)
  (1, 0, 0, 0, 4, 2, 0, 1)
  (5, 0, 0, 0, 0, 2, 0, 1)
  (5, 0, 0, 0, 0, 0, 0, 3)

Path 1976 (6 moves):
  (1, 1, 1, 1, 1, 1, 1, 1)
  (1, 1, 1, 1, 1, 2, 0, 1)
  (1, 0, 2, 1, 1, 2, 0, 1)
  (1, 0, 0, 1, 3, 2, 0, 1)
  (1, 0, 0, 0, 4, 2, 0, 1)
  (1, 0, 0, 0, 4, 0, 0, 3)
  (5, 0, 0, 0, 0, 0, 0, 3)

Path 1977 (6 moves):
  (1, 1, 1, 1, 1, 1, 1, 1)
  (1, 1, 1, 1, 1, 2, 0, 1)
  (1, 0, 2, 1, 1, 2, 0, 1)
  (1, 0, 0, 1, 3, 2, 0, 1)
  (1, 0, 0, 0, 4, 2, 0, 1)
  (1, 0, 0, 0, 4, 0, 0, 3)
  (1, 0, 0, 0, 7, 0, 0, 0)

Path 1978 (6 moves):
  (1, 1, 1, 1, 1, 1, 1, 1)
  (1, 1, 1, 1, 1, 2, 0, 1)
  (1, 0, 2, 1, 1, 2, 0, 1)
  (1, 0, 0, 1, 3, 2, 0, 1)
  (1, 0, 0, 3, 3, 0, 0, 1)
  (4, 0, 0, 0, 3, 0, 0, 1)
  (0, 0, 0, 0, 7, 0, 0, 1)

Path 1979 (6 moves):
  (1, 1, 1, 1, 1, 1, 1, 1)
  (1, 1, 1, 1, 1, 2, 0, 1)
  (1, 0, 2, 1, 1, 2, 0, 1)
  (1, 0, 0, 1, 3, 2, 0, 1)
  (1, 0, 0, 3, 3, 0, 0, 1)
  (4, 0, 0, 0, 3, 0, 0, 1)
  (4, 0, 0, 0, 0, 0, 0, 4)

Path 1980 (6 moves):
  (1, 1, 1, 1, 1, 1, 1, 1)
  (1, 1, 1, 1, 1, 2, 0, 1)
  (1, 0, 2, 1, 1, 2, 0, 1)
  (1, 0, 0, 1, 3, 2, 0, 1)
  (1, 0, 0, 3, 3, 0, 0, 1)
  (1, 0, 0, 3, 0, 0, 0, 4)
  (4, 0, 0, 0, 0, 0, 0, 4)

Path 1981 (6 moves):
  (1, 1, 1, 1, 1, 1, 1, 1)
  (1, 1, 1, 1, 1, 2, 0, 1)
  (1, 0, 2, 1, 1, 2, 0, 1)
  (1, 0, 0, 1, 3, 2, 0, 1)
  (1, 0, 0, 3, 3, 0, 0, 1)
  (1, 0, 0, 3, 0, 0, 0, 4)
  (1, 0, 0, 7, 0, 0, 0, 0)

Path 1982 (6 moves):
  (1, 1, 1, 1, 1, 1, 1, 1)
  (1, 1, 1, 1, 1, 2, 0, 1)
  (1, 0, 2, 1, 1, 2, 0, 1)
  (1, 0, 3, 0, 1, 2, 0, 1)
  (1, 0, 3, 0, 1, 0, 0, 3)
  (1, 0, 3, 0, 4, 0, 0, 0)
  (5, 0, 3, 0, 0, 0, 0, 0)

Path 1983 (6 moves):
  (1, 1, 1, 1, 1, 1, 1, 1)
  (1, 1, 1, 1, 1, 2, 0, 1)
  (1, 0, 2, 1, 1, 2, 0, 1)
  (1, 0, 2, 0, 2, 2, 0, 1)
  (3, 0, 0, 0, 2, 2, 0, 1)
  (3, 0, 0, 0, 2, 0, 0, 3)
  (3, 0, 0, 0, 5, 0, 0, 0)

Path 1984 (6 moves):
  (1, 1, 1, 1, 1, 1, 1, 1)
  (1, 1, 1, 1, 1, 2, 0, 1)
  (1, 0, 2, 1, 1, 2, 0, 1)
  (1, 0, 2, 0, 2, 2, 0, 1)
  (1, 0, 0, 0, 4, 2, 0, 1)
  (5, 0, 0, 0, 0, 2, 0, 1)
  (0, 0, 0, 0, 0, 7, 0, 1)

Path 1985 (6 moves):
  (1, 1, 1, 1, 1, 1, 1, 1)
  (1, 1, 1, 1, 1, 2, 0, 1)
  (1, 0, 2, 1, 1, 2, 0, 1)
  (1, 0, 2, 0, 2, 2, 0, 1)
  (1, 0, 0, 0, 4, 2, 0, 1)
  (5, 0, 0, 0, 0, 2, 0, 1)
  (5, 0, 0, 0, 0, 0, 0, 3)

Path 1986 (6 moves):
  (1, 1, 1, 1, 1, 1, 1, 1)
  (1, 1, 1, 1, 1, 2, 0, 1)
  (1, 0, 2, 1, 1, 2, 0, 1)
  (1, 0, 2, 0, 2, 2, 0, 1)
  (1, 0, 0, 0, 4, 2, 0, 1)
  (1, 0, 0, 0, 4, 0, 0, 3)
  (5, 0, 0, 0, 0, 0, 0, 3)

Path 1987 (6 moves):
  (1, 1, 1, 1, 1, 1, 1, 1)
  (1, 1, 1, 1, 1, 2, 0, 1)
  (1, 0, 2, 1, 1, 2, 0, 1)
  (1, 0, 2, 0, 2, 2, 0, 1)
  (1, 0, 0, 0, 4, 2, 0, 1)
  (1, 0, 0, 0, 4, 0, 0, 3)
  (1, 0, 0, 0, 7, 0, 0, 0)

Path 1988 (6 moves):
  (1, 1, 1, 1, 1, 1, 1, 1)
  (1, 1, 1, 1, 1, 2, 0, 1)
  (1, 0, 2, 1, 1, 2, 0, 1)
  (1, 0, 2, 2, 0, 2, 0, 1)
  (1, 0, 2, 4, 0, 0, 0, 1)
  (3, 0, 0, 4, 0, 0, 0, 1)
  (0, 0, 0, 7, 0, 0, 0, 1)

Path 1989 (6 moves):
  (1, 1, 1, 1, 1, 1, 1, 1)
  (1, 1, 1, 1, 1, 2, 0, 1)
  (1, 0, 2, 1, 1, 2, 0, 1)
  (1, 0, 2, 2, 0, 2, 0, 1)
  (1, 0, 2, 4, 0, 0, 0, 1)
  (3, 0, 0, 4, 0, 0, 0, 1)
  (3, 0, 0, 0, 0, 0, 0, 5)

Path 1990 (6 moves):
  (1, 1, 1, 1, 1, 1, 1, 1)
  (1, 1, 1, 1, 1, 2, 0, 1)
  (1, 0, 2, 1, 1, 2, 0, 1)
  (1, 0, 2, 2, 0, 2, 0, 1)
  (1, 0, 2, 4, 0, 0, 0, 1)
  (1, 0, 2, 0, 0, 0, 0, 5)
  (3, 0, 0, 0, 0, 0, 0, 5)

Path 1991 (6 moves):
  (1, 1, 1, 1, 1, 1, 1, 1)
  (1, 1, 1, 1, 1, 2, 0, 1)
  (1, 0, 2, 1, 1, 2, 0, 1)
  (1, 0, 2, 2, 0, 2, 0, 1)
  (1, 0, 2, 4, 0, 0, 0, 1)
  (1, 0, 2, 0, 0, 0, 0, 5)
  (1, 0, 7, 0, 0, 0, 0, 0)

Path 1992 (6 moves):
  (1, 1, 1, 1, 1, 1, 1, 1)
  (1, 1, 1, 1, 1, 2, 0, 1)
  (1, 0, 2, 1, 1, 2, 0, 1)
  (1, 0, 2, 2, 0, 2, 0, 1)
  (1, 0, 2, 2, 0, 0, 0, 3)
  (3, 0, 0, 2, 0, 0, 0, 3)
  (0, 0, 0, 5, 0, 0, 0, 3)

Path 1993 (6 moves):
  (1, 1, 1, 1, 1, 1, 1, 1)
  (1, 1, 1, 1, 1, 2, 0, 1)
  (1, 0, 2, 1, 1, 2, 0, 1)
  (1, 0, 2, 1, 0, 3, 0, 1)
  (3, 0, 0, 1, 0, 3, 0, 1)
  (0, 0, 0, 4, 0, 3, 0, 1)
  (0, 0, 0, 0, 0, 3, 0, 5)

Path 1994 (6 moves):
  (1, 1, 1, 1, 1, 1, 1, 1)
  (1, 1, 1, 1, 1, 2, 0, 1)
  (1, 0, 2, 1, 1, 2, 0, 1)
  (1, 0, 2, 3, 1, 0, 0, 1)
  (1, 0, 0, 3, 3, 0, 0, 1)
  (4, 0, 0, 0, 3, 0, 0, 1)
  (0, 0, 0, 0, 7, 0, 0, 1)

Path 1995 (6 moves):
  (1, 1, 1, 1, 1, 1, 1, 1)
  (1, 1, 1, 1, 1, 2, 0, 1)
  (1, 0, 2, 1, 1, 2, 0, 1)
  (1, 0, 2, 3, 1, 0, 0, 1)
  (1, 0, 0, 3, 3, 0, 0, 1)
  (4, 0, 0, 0, 3, 0, 0, 1)
  (4, 0, 0, 0, 0, 0, 0, 4)

Path 1996 (6 moves):
  (1, 1, 1, 1, 1, 1, 1, 1)
  (1, 1, 1, 1, 1, 2, 0, 1)
  (1, 0, 2, 1, 1, 2, 0, 1)
  (1, 0, 2, 3, 1, 0, 0, 1)
  (1, 0, 0, 3, 3, 0, 0, 1)
  (1, 0, 0, 3, 0, 0, 0, 4)
  (4, 0, 0, 0, 0, 0, 0, 4)

Path 1997 (6 moves):
  (1, 1, 1, 1, 1, 1, 1, 1)
  (1, 1, 1, 1, 1, 2, 0, 1)
  (1, 0, 2, 1, 1, 2, 0, 1)
  (1, 0, 2, 3, 1, 0, 0, 1)
  (1, 0, 0, 3, 3, 0, 0, 1)
  (1, 0, 0, 3, 0, 0, 0, 4)
  (1, 0, 0, 7, 0, 0, 0, 0)

Path 1998 (6 moves):
  (1, 1, 1, 1, 1, 1, 1, 1)
  (1, 1, 1, 1, 1, 2, 0, 1)
  (1, 0, 2, 1, 1, 2, 0, 1)
  (1, 0, 2, 3, 1, 0, 0, 1)
  (1, 0, 2, 4, 0, 0, 0, 1)
  (3, 0, 0, 4, 0, 0, 0, 1)
  (0, 0, 0, 7, 0, 0, 0, 1)

Path 1999 (6 moves):
  (1, 1, 1, 1, 1, 1, 1, 1)
  (1, 1, 1, 1, 1, 2, 0, 1)
  (1, 0, 2, 1, 1, 2, 0, 1)
  (1, 0, 2, 3, 1, 0, 0, 1)
  (1, 0, 2, 4, 0, 0, 0, 1)
  (3, 0, 0, 4, 0, 0, 0, 1)
  (3, 0, 0, 0, 0, 0, 0, 5)

Path 2000 (6 moves):
  (1, 1, 1, 1, 1, 1, 1, 1)
  (1, 1, 1, 1, 1, 2, 0, 1)
  (1, 0, 2, 1, 1, 2, 0, 1)
  (1, 0, 2, 3, 1, 0, 0, 1)
  (1, 0, 2, 4, 0, 0, 0, 1)
  (1, 0, 2, 0, 0, 0, 0, 5)
  (3, 0, 0, 0, 0, 0, 0, 5)

Path 2001 (6 moves):
  (1, 1, 1, 1, 1, 1, 1, 1)
  (1, 1, 1, 1, 1, 2, 0, 1)
  (1, 0, 2, 1, 1, 2, 0, 1)
  (1, 0, 2, 3, 1, 0, 0, 1)
  (1, 0, 2, 4, 0, 0, 0, 1)
  (1, 0, 2, 0, 0, 0, 0, 5)
  (1, 0, 7, 0, 0, 0, 0, 0)

Path 2002 (6 moves):
  (1, 1, 1, 1, 1, 1, 1, 1)
  (1, 1, 1, 1, 1, 2, 0, 1)
  (1, 0, 2, 1, 1, 2, 0, 1)
  (1, 0, 2, 1, 1, 0, 0, 3)
  (3, 0, 0, 1, 1, 0, 0, 3)
  (0, 0, 0, 4, 1, 0, 0, 3)
  (0, 0, 0, 0, 1, 0, 0, 7)

Path 2003 (6 moves):
  (1, 1, 1, 1, 1, 1, 1, 1)
  (1, 1, 1, 1, 1, 2, 0, 1)
  (1, 0, 2, 1, 1, 2, 0, 1)
  (1, 0, 2, 1, 1, 0, 0, 3)
  (3, 0, 0, 1, 1, 0, 0, 3)
  (0, 0, 0, 4, 1, 0, 0, 3)
  (0, 0, 0, 5, 0, 0, 0, 3)

Path 2004 (6 moves):
  (1, 1, 1, 1, 1, 1, 1, 1)
  (1, 1, 1, 1, 1, 2, 0, 1)
  (1, 0, 2, 1, 1, 2, 0, 1)
  (1, 0, 2, 1, 1, 0, 0, 3)
  (3, 0, 0, 1, 1, 0, 0, 3)
  (0, 0, 0, 4, 1, 0, 0, 3)
  (0, 0, 0, 4, 4, 0, 0, 0)

Path 2005 (6 moves):
  (1, 1, 1, 1, 1, 1, 1, 1)
  (1, 1, 1, 1, 1, 2, 0, 1)
  (1, 0, 2, 1, 1, 2, 0, 1)
  (1, 0, 2, 1, 1, 0, 0, 3)
  (3, 0, 0, 1, 1, 0, 0, 3)
  (3, 0, 0, 0, 2, 0, 0, 3)
  (3, 0, 0, 0, 5, 0, 0, 0)

Path 2006 (6 moves):
  (1, 1, 1, 1, 1, 1, 1, 1)
  (1, 1, 1, 1, 1, 2, 0, 1)
  (1, 0, 2, 1, 1, 2, 0, 1)
  (1, 0, 2, 1, 1, 0, 0, 3)
  (3, 0, 0, 1, 1, 0, 0, 3)
  (3, 0, 0, 2, 0, 0, 0, 3)
  (0, 0, 0, 5, 0, 0, 0, 3)

Path 2007 (6 moves):
  (1, 1, 1, 1, 1, 1, 1, 1)
  (1, 1, 1, 1, 1, 2, 0, 1)
  (1, 0, 2, 1, 1, 2, 0, 1)
  (1, 0, 2, 1, 1, 0, 0, 3)
  (3, 0, 0, 1, 1, 0, 0, 3)
  (3, 0, 0, 1, 4, 0, 0, 0)
  (0, 0, 0, 4, 4, 0, 0, 0)

Path 2008 (6 moves):
  (1, 1, 1, 1, 1, 1, 1, 1)
  (1, 1, 1, 1, 1, 2, 0, 1)
  (1, 0, 2, 1, 1, 2, 0, 1)
  (1, 0, 2, 1, 1, 0, 0, 3)
  (3, 0, 0, 1, 1, 0, 0, 3)
  (3, 0, 0, 1, 4, 0, 0, 0)
  (3, 0, 0, 0, 5, 0, 0, 0)

Path 2009 (6 moves):
  (1, 1, 1, 1, 1, 1, 1, 1)
  (1, 1, 1, 1, 1, 2, 0, 1)
  (1, 0, 2, 1, 1, 2, 0, 1)
  (1, 0, 2, 1, 1, 0, 0, 3)
  (3, 0, 0, 1, 1, 0, 0, 3)
  (3, 0, 0, 1, 4, 0, 0, 0)
  (7, 0, 0, 1, 0, 0, 0, 0)

Path 2010 (6 moves):
  (1, 1, 1, 1, 1, 1, 1, 1)
  (1, 1, 1, 1, 1, 2, 0, 1)
  (1, 0, 2, 1, 1, 2, 0, 1)
  (1, 0, 2, 1, 1, 0, 0, 3)
  (1, 0, 3, 0, 1, 0, 0, 3)
  (1, 0, 3, 0, 4, 0, 0, 0)
  (5, 0, 3, 0, 0, 0, 0, 0)

Path 2011 (6 moves):
  (1, 1, 1, 1, 1, 1, 1, 1)
  (1, 1, 1, 1, 1, 2, 0, 1)
  (1, 0, 2, 1, 1, 2, 0, 1)
  (1, 0, 2, 1, 1, 0, 0, 3)
  (1, 0, 2, 2, 0, 0, 0, 3)
  (3, 0, 0, 2, 0, 0, 0, 3)
  (0, 0, 0, 5, 0, 0, 0, 3)

Path 2012 (6 moves):
  (1, 1, 1, 1, 1, 1, 1, 1)
  (1, 1, 1, 1, 1, 2, 0, 1)
  (1, 0, 2, 1, 1, 2, 0, 1)
  (1, 0, 2, 1, 1, 0, 0, 3)
  (1, 0, 2, 1, 4, 0, 0, 0)
  (3, 0, 0, 1, 4, 0, 0, 0)
  (0, 0, 0, 4, 4, 0, 0, 0)

Path 2013 (6 moves):
  (1, 1, 1, 1, 1, 1, 1, 1)
  (1, 1, 1, 1, 1, 2, 0, 1)
  (1, 0, 2, 1, 1, 2, 0, 1)
  (1, 0, 2, 1, 1, 0, 0, 3)
  (1, 0, 2, 1, 4, 0, 0, 0)
  (3, 0, 0, 1, 4, 0, 0, 0)
  (3, 0, 0, 0, 5, 0, 0, 0)

Path 2014 (6 moves):
  (1, 1, 1, 1, 1, 1, 1, 1)
  (1, 1, 1, 1, 1, 2, 0, 1)
  (1, 0, 2, 1, 1, 2, 0, 1)
  (1, 0, 2, 1, 1, 0, 0, 3)
  (1, 0, 2, 1, 4, 0, 0, 0)
  (3, 0, 0, 1, 4, 0, 0, 0)
  (7, 0, 0, 1, 0, 0, 0, 0)

Path 2015 (6 moves):
  (1, 1, 1, 1, 1, 1, 1, 1)
  (1, 1, 1, 1, 1, 2, 0, 1)
  (1, 0, 2, 1, 1, 2, 0, 1)
  (1, 0, 2, 1, 1, 0, 0, 3)
  (1, 0, 2, 1, 4, 0, 0, 0)
  (1, 0, 0, 1, 6, 0, 0, 0)
  (1, 0, 0, 0, 7, 0, 0, 0)

Path 2016 (6 moves):
  (1, 1, 1, 1, 1, 1, 1, 1)
  (1, 1, 1, 1, 1, 2, 0, 1)
  (1, 0, 2, 1, 1, 2, 0, 1)
  (1, 0, 2, 1, 1, 0, 0, 3)
  (1, 0, 2, 1, 4, 0, 0, 0)
  (1, 0, 3, 0, 4, 0, 0, 0)
  (5, 0, 3, 0, 0, 0, 0, 0)

Path 2017 (6 moves):
  (1, 1, 1, 1, 1, 1, 1, 1)
  (1, 1, 1, 1, 1, 2, 0, 1)
  (1, 0, 2, 1, 1, 2, 0, 1)
  (1, 0, 2, 1, 1, 0, 0, 3)
  (1, 0, 2, 1, 4, 0, 0, 0)
  (1, 0, 2, 0, 5, 0, 0, 0)
  (3, 0, 0, 0, 5, 0, 0, 0)

Path 2018 (6 moves):
  (1, 1, 1, 1, 1, 1, 1, 1)
  (1, 1, 1, 1, 1, 2, 0, 1)
  (1, 0, 2, 1, 1, 2, 0, 1)
  (1, 0, 2, 1, 1, 0, 0, 3)
  (1, 0, 2, 1, 4, 0, 0, 0)
  (1, 0, 2, 0, 5, 0, 0, 0)
  (1, 0, 0, 0, 7, 0, 0, 0)

Path 2019 (6 moves):
  (1, 1, 1, 1, 1, 1, 1, 1)
  (1, 1, 1, 1, 1, 2, 0, 1)
  (1, 0, 2, 1, 1, 2, 0, 1)
  (1, 0, 2, 1, 1, 0, 0, 3)
  (1, 0, 2, 1, 4, 0, 0, 0)
  (5, 0, 2, 1, 0, 0, 0, 0)
  (7, 0, 0, 1, 0, 0, 0, 0)

Path 2020 (6 moves):
  (1, 1, 1, 1, 1, 1, 1, 1)
  (1, 1, 1, 1, 1, 2, 0, 1)
  (1, 0, 2, 1, 1, 2, 0, 1)
  (1, 0, 2, 1, 1, 0, 0, 3)
  (1, 0, 2, 1, 4, 0, 0, 0)
  (5, 0, 2, 1, 0, 0, 0, 0)
  (5, 0, 3, 0, 0, 0, 0, 0)

Path 2021 (6 moves):
  (1, 1, 1, 1, 1, 1, 1, 1)
  (1, 1, 1, 1, 1, 2, 0, 1)
  (1, 1, 1, 2, 0, 2, 0, 1)
  (0, 2, 1, 2, 0, 2, 0, 1)
  (0, 0, 1, 4, 0, 2, 0, 1)
  (0, 0, 0, 5, 0, 2, 0, 1)
  (0, 0, 0, 7, 0, 0, 0, 1)

Path 2022 (6 moves):
  (1, 1, 1, 1, 1, 1, 1, 1)
  (1, 1, 1, 1, 1, 2, 0, 1)
  (1, 1, 1, 2, 0, 2, 0, 1)
  (0, 2, 1, 2, 0, 2, 0, 1)
  (0, 0, 1, 4, 0, 2, 0, 1)
  (0, 0, 0, 5, 0, 2, 0, 1)
  (0, 0, 0, 5, 0, 0, 0, 3)

Path 2023 (6 moves):
  (1, 1, 1, 1, 1, 1, 1, 1)
  (1, 1, 1, 1, 1, 2, 0, 1)
  (1, 1, 1, 2, 0, 2, 0, 1)
  (0, 2, 1, 2, 0, 2, 0, 1)
  (0, 0, 1, 4, 0, 2, 0, 1)
  (0, 0, 1, 0, 0, 2, 0, 5)
  (0, 0, 1, 0, 0, 0, 0, 7)

Path 2024 (6 moves):
  (1, 1, 1, 1, 1, 1, 1, 1)
  (1, 1, 1, 1, 1, 2, 0, 1)
  (1, 1, 1, 2, 0, 2, 0, 1)
  (0, 2, 1, 2, 0, 2, 0, 1)
  (0, 0, 1, 4, 0, 2, 0, 1)
  (0, 0, 1, 0, 0, 2, 0, 5)
  (0, 0, 6, 0, 0, 2, 0, 0)

Path 2025 (6 moves):
  (1, 1, 1, 1, 1, 1, 1, 1)
  (1, 1, 1, 1, 1, 2, 0, 1)
  (1, 1, 1, 2, 0, 2, 0, 1)
  (0, 2, 1, 2, 0, 2, 0, 1)
  (0, 0, 1, 4, 0, 2, 0, 1)
  (0, 0, 1, 6, 0, 0, 0, 1)
  (0, 0, 0, 7, 0, 0, 0, 1)

Path 2026 (6 moves):
  (1, 1, 1, 1, 1, 1, 1, 1)
  (1, 1, 1, 1, 1, 2, 0, 1)
  (1, 1, 1, 2, 0, 2, 0, 1)
  (0, 2, 1, 2, 0, 2, 0, 1)
  (0, 0, 1, 4, 0, 2, 0, 1)
  (0, 0, 1, 4, 0, 0, 0, 3)
  (0, 0, 0, 5, 0, 0, 0, 3)

Path 2027 (6 moves):
  (1, 1, 1, 1, 1, 1, 1, 1)
  (1, 1, 1, 1, 1, 2, 0, 1)
  (1, 1, 1, 2, 0, 2, 0, 1)
  (0, 2, 1, 2, 0, 2, 0, 1)
  (0, 0, 1, 4, 0, 2, 0, 1)
  (0, 0, 1, 4, 0, 0, 0, 3)
  (0, 0, 1, 0, 0, 0, 0, 7)

Path 2028 (6 moves):
  (1, 1, 1, 1, 1, 1, 1, 1)
  (1, 1, 1, 1, 1, 2, 0, 1)
  (1, 1, 1, 2, 0, 2, 0, 1)
  (0, 2, 1, 2, 0, 2, 0, 1)
  (0, 3, 0, 2, 0, 2, 0, 1)
  (0, 5, 0, 0, 0, 2, 0, 1)
  (0, 5, 0, 0, 0, 0, 0, 3)

Path 2029 (6 moves):
  (1, 1, 1, 1, 1, 1, 1, 1)
  (1, 1, 1, 1, 1, 2, 0, 1)
  (1, 1, 1, 2, 0, 2, 0, 1)
  (0, 2, 1, 2, 0, 2, 0, 1)
  (0, 3, 0, 2, 0, 2, 0, 1)
  (0, 3, 0, 0, 0, 4, 0, 1)
  (0, 7, 0, 0, 0, 0, 0, 1)

Path 2030 (6 moves):
  (1, 1, 1, 1, 1, 1, 1, 1)
  (1, 1, 1, 1, 1, 2, 0, 1)
  (1, 1, 1, 2, 0, 2, 0, 1)
  (0, 2, 1, 2, 0, 2, 0, 1)
  (0, 3, 0, 2, 0, 2, 0, 1)
  (0, 3, 0, 4, 0, 0, 0, 1)
  (0, 3, 0, 0, 0, 0, 0, 5)

Path 2031 (6 moves):
  (1, 1, 1, 1, 1, 1, 1, 1)
  (1, 1, 1, 1, 1, 2, 0, 1)
  (1, 1, 1, 2, 0, 2, 0, 1)
  (0, 2, 1, 2, 0, 2, 0, 1)
  (0, 3, 0, 2, 0, 2, 0, 1)
  (0, 3, 0, 2, 0, 0, 0, 3)
  (0, 5, 0, 0, 0, 0, 0, 3)

Path 2032 (6 moves):
  (1, 1, 1, 1, 1, 1, 1, 1)
  (1, 1, 1, 1, 1, 2, 0, 1)
  (1, 1, 1, 2, 0, 2, 0, 1)
  (0, 2, 1, 2, 0, 2, 0, 1)
  (0, 2, 0, 3, 0, 2, 0, 1)
  (0, 0, 0, 5, 0, 2, 0, 1)
  (0, 0, 0, 7, 0, 0, 0, 1)

Path 2033 (6 moves):
  (1, 1, 1, 1, 1, 1, 1, 1)
  (1, 1, 1, 1, 1, 2, 0, 1)
  (1, 1, 1, 2, 0, 2, 0, 1)
  (0, 2, 1, 2, 0, 2, 0, 1)
  (0, 2, 0, 3, 0, 2, 0, 1)
  (0, 0, 0, 5, 0, 2, 0, 1)
  (0, 0, 0, 5, 0, 0, 0, 3)

Path 2034 (6 moves):
  (1, 1, 1, 1, 1, 1, 1, 1)
  (1, 1, 1, 1, 1, 2, 0, 1)
  (1, 1, 1, 2, 0, 2, 0, 1)
  (0, 2, 1, 2, 0, 2, 0, 1)
  (0, 2, 0, 3, 0, 2, 0, 1)
  (0, 2, 0, 5, 0, 0, 0, 1)
  (0, 0, 0, 7, 0, 0, 0, 1)

Path 2035 (6 moves):
  (1, 1, 1, 1, 1, 1, 1, 1)
  (1, 1, 1, 1, 1, 2, 0, 1)
  (1, 1, 1, 2, 0, 2, 0, 1)
  (0, 2, 1, 2, 0, 2, 0, 1)
  (0, 2, 0, 3, 0, 2, 0, 1)
  (0, 2, 0, 3, 0, 0, 0, 3)
  (0, 0, 0, 5, 0, 0, 0, 3)

Path 2036 (6 moves):
  (1, 1, 1, 1, 1, 1, 1, 1)
  (1, 1, 1, 1, 1, 2, 0, 1)
  (1, 1, 1, 2, 0, 2, 0, 1)
  (0, 2, 1, 2, 0, 2, 0, 1)
  (0, 2, 1, 0, 0, 4, 0, 1)
  (0, 3, 0, 0, 0, 4, 0, 1)
  (0, 7, 0, 0, 0, 0, 0, 1)

Path 2037 (6 moves):
  (1, 1, 1, 1, 1, 1, 1, 1)
  (1, 1, 1, 1, 1, 2, 0, 1)
  (1, 1, 1, 2, 0, 2, 0, 1)
  (0, 2, 1, 2, 0, 2, 0, 1)
  (0, 2, 1, 0, 0, 4, 0, 1)
  (0, 6, 1, 0, 0, 0, 0, 1)
  (0, 0, 1, 0, 0, 0, 0, 7)

Path 2038 (6 moves):
  (1, 1, 1, 1, 1, 1, 1, 1)
  (1, 1, 1, 1, 1, 2, 0, 1)
  (1, 1, 1, 2, 0, 2, 0, 1)
  (0, 2, 1, 2, 0, 2, 0, 1)
  (0, 2, 1, 0, 0, 4, 0, 1)
  (0, 6, 1, 0, 0, 0, 0, 1)
  (0, 7, 0, 0, 0, 0, 0, 1)

Path 2039 (6 moves):
  (1, 1, 1, 1, 1, 1, 1, 1)
  (1, 1, 1, 1, 1, 2, 0, 1)
  (1, 1, 1, 2, 0, 2, 0, 1)
  (0, 2, 1, 2, 0, 2, 0, 1)
  (0, 2, 1, 4, 0, 0, 0, 1)
  (0, 0, 1, 6, 0, 0, 0, 1)
  (0, 0, 0, 7, 0, 0, 0, 1)

Path 2040 (6 moves):
  (1, 1, 1, 1, 1, 1, 1, 1)
  (1, 1, 1, 1, 1, 2, 0, 1)
  (1, 1, 1, 2, 0, 2, 0, 1)
  (0, 2, 1, 2, 0, 2, 0, 1)
  (0, 2, 1, 4, 0, 0, 0, 1)
  (0, 3, 0, 4, 0, 0, 0, 1)
  (0, 3, 0, 0, 0, 0, 0, 5)

Path 2041 (6 moves):
  (1, 1, 1, 1, 1, 1, 1, 1)
  (1, 1, 1, 1, 1, 2, 0, 1)
  (1, 1, 1, 2, 0, 2, 0, 1)
  (0, 2, 1, 2, 0, 2, 0, 1)
  (0, 2, 1, 4, 0, 0, 0, 1)
  (0, 2, 0, 5, 0, 0, 0, 1)
  (0, 0, 0, 7, 0, 0, 0, 1)

Path 2042 (6 moves):
  (1, 1, 1, 1, 1, 1, 1, 1)
  (1, 1, 1, 1, 1, 2, 0, 1)
  (1, 1, 1, 2, 0, 2, 0, 1)
  (0, 2, 1, 2, 0, 2, 0, 1)
  (0, 2, 1, 4, 0, 0, 0, 1)
  (0, 2, 1, 0, 0, 0, 0, 5)
  (0, 3, 0, 0, 0, 0, 0, 5)

Path 2043 (6 moves):
  (1, 1, 1, 1, 1, 1, 1, 1)
  (1, 1, 1, 1, 1, 2, 0, 1)
  (1, 1, 1, 2, 0, 2, 0, 1)
  (0, 2, 1, 2, 0, 2, 0, 1)
  (0, 2, 1, 4, 0, 0, 0, 1)
  (0, 2, 1, 0, 0, 0, 0, 5)
  (0, 2, 6, 0, 0, 0, 0, 0)

Path 2044 (6 moves):
  (1, 1, 1, 1, 1, 1, 1, 1)
  (1, 1, 1, 1, 1, 2, 0, 1)
  (1, 1, 1, 2, 0, 2, 0, 1)
  (0, 2, 1, 2, 0, 2, 0, 1)
  (0, 2, 1, 2, 0, 0, 0, 3)
  (0, 0, 1, 4, 0, 0, 0, 3)
  (0, 0, 0, 5, 0, 0, 0, 3)

Path 2045 (6 moves):
  (1, 1, 1, 1, 1, 1, 1, 1)
  (1, 1, 1, 1, 1, 2, 0, 1)
  (1, 1, 1, 2, 0, 2, 0, 1)
  (0, 2, 1, 2, 0, 2, 0, 1)
  (0, 2, 1, 2, 0, 0, 0, 3)
  (0, 0, 1, 4, 0, 0, 0, 3)
  (0, 0, 1, 0, 0, 0, 0, 7)

Path 2046 (6 moves):
  (1, 1, 1, 1, 1, 1, 1, 1)
  (1, 1, 1, 1, 1, 2, 0, 1)
  (1, 1, 1, 2, 0, 2, 0, 1)
  (0, 2, 1, 2, 0, 2, 0, 1)
  (0, 2, 1, 2, 0, 0, 0, 3)
  (0, 3, 0, 2, 0, 0, 0, 3)
  (0, 5, 0, 0, 0, 0, 0, 3)

Path 2047 (6 moves):
  (1, 1, 1, 1, 1, 1, 1, 1)
  (1, 1, 1, 1, 1, 2, 0, 1)
  (1, 1, 1, 2, 0, 2, 0, 1)
  (0, 2, 1, 2, 0, 2, 0, 1)
  (0, 2, 1, 2, 0, 0, 0, 3)
  (0, 2, 0, 3, 0, 0, 0, 3)
  (0, 0, 0, 5, 0, 0, 0, 3)

Path 2048 (6 moves):
  (1, 1, 1, 1, 1, 1, 1, 1)
  (1, 1, 1, 1, 1, 2, 0, 1)
  (1, 1, 1, 2, 0, 2, 0, 1)
  (0, 2, 1, 2, 0, 2, 0, 1)
  (0, 2, 1, 2, 0, 0, 0, 3)
  (0, 4, 1, 0, 0, 0, 0, 3)
  (0, 5, 0, 0, 0, 0, 0, 3)

Path 2049 (6 moves):
  (1, 1, 1, 1, 1, 1, 1, 1)
  (1, 1, 1, 1, 1, 2, 0, 1)
  (1, 1, 1, 2, 0, 2, 0, 1)
  (2, 0, 1, 2, 0, 2, 0, 1)
  (2, 0, 1, 0, 0, 4, 0, 1)
  (0, 0, 3, 0, 0, 4, 0, 1)
  (0, 0, 0, 0, 0, 7, 0, 1)

Path 2050 (6 moves):
  (1, 1, 1, 1, 1, 1, 1, 1)
  (1, 1, 1, 1, 1, 2, 0, 1)
  (1, 1, 1, 2, 0, 2, 0, 1)
  (1, 0, 2, 2, 0, 2, 0, 1)
  (1, 0, 2, 4, 0, 0, 0, 1)
  (3, 0, 0, 4, 0, 0, 0, 1)
  (0, 0, 0, 7, 0, 0, 0, 1)

Path 2051 (6 moves):
  (1, 1, 1, 1, 1, 1, 1, 1)
  (1, 1, 1, 1, 1, 2, 0, 1)
  (1, 1, 1, 2, 0, 2, 0, 1)
  (1, 0, 2, 2, 0, 2, 0, 1)
  (1, 0, 2, 4, 0, 0, 0, 1)
  (3, 0, 0, 4, 0, 0, 0, 1)
  (3, 0, 0, 0, 0, 0, 0, 5)

Path 2052 (6 moves):
  (1, 1, 1, 1, 1, 1, 1, 1)
  (1, 1, 1, 1, 1, 2, 0, 1)
  (1, 1, 1, 2, 0, 2, 0, 1)
  (1, 0, 2, 2, 0, 2, 0, 1)
  (1, 0, 2, 4, 0, 0, 0, 1)
  (1, 0, 2, 0, 0, 0, 0, 5)
  (3, 0, 0, 0, 0, 0, 0, 5)

Path 2053 (6 moves):
  (1, 1, 1, 1, 1, 1, 1, 1)
  (1, 1, 1, 1, 1, 2, 0, 1)
  (1, 1, 1, 2, 0, 2, 0, 1)
  (1, 0, 2, 2, 0, 2, 0, 1)
  (1, 0, 2, 4, 0, 0, 0, 1)
  (1, 0, 2, 0, 0, 0, 0, 5)
  (1, 0, 7, 0, 0, 0, 0, 0)

Path 2054 (6 moves):
  (1, 1, 1, 1, 1, 1, 1, 1)
  (1, 1, 1, 1, 1, 2, 0, 1)
  (1, 1, 1, 2, 0, 2, 0, 1)
  (1, 0, 2, 2, 0, 2, 0, 1)
  (1, 0, 2, 2, 0, 0, 0, 3)
  (3, 0, 0, 2, 0, 0, 0, 3)
  (0, 0, 0, 5, 0, 0, 0, 3)

Path 2055 (6 moves):
  (1, 1, 1, 1, 1, 1, 1, 1)
  (1, 1, 1, 1, 1, 2, 0, 1)
  (1, 1, 1, 2, 0, 2, 0, 1)
  (1, 2, 0, 2, 0, 2, 0, 1)
  (0, 3, 0, 2, 0, 2, 0, 1)
  (0, 5, 0, 0, 0, 2, 0, 1)
  (0, 5, 0, 0, 0, 0, 0, 3)

Path 2056 (6 moves):
  (1, 1, 1, 1, 1, 1, 1, 1)
  (1, 1, 1, 1, 1, 2, 0, 1)
  (1, 1, 1, 2, 0, 2, 0, 1)
  (1, 2, 0, 2, 0, 2, 0, 1)
  (0, 3, 0, 2, 0, 2, 0, 1)
  (0, 3, 0, 0, 0, 4, 0, 1)
  (0, 7, 0, 0, 0, 0, 0, 1)

Path 2057 (6 moves):
  (1, 1, 1, 1, 1, 1, 1, 1)
  (1, 1, 1, 1, 1, 2, 0, 1)
  (1, 1, 1, 2, 0, 2, 0, 1)
  (1, 2, 0, 2, 0, 2, 0, 1)
  (0, 3, 0, 2, 0, 2, 0, 1)
  (0, 3, 0, 4, 0, 0, 0, 1)
  (0, 3, 0, 0, 0, 0, 0, 5)

Path 2058 (6 moves):
  (1, 1, 1, 1, 1, 1, 1, 1)
  (1, 1, 1, 1, 1, 2, 0, 1)
  (1, 1, 1, 2, 0, 2, 0, 1)
  (1, 2, 0, 2, 0, 2, 0, 1)
  (0, 3, 0, 2, 0, 2, 0, 1)
  (0, 3, 0, 2, 0, 0, 0, 3)
  (0, 5, 0, 0, 0, 0, 0, 3)

Path 2059 (6 moves):
  (1, 1, 1, 1, 1, 1, 1, 1)
  (1, 1, 1, 1, 1, 2, 0, 1)
  (1, 1, 1, 2, 0, 2, 0, 1)
  (1, 2, 0, 2, 0, 2, 0, 1)
  (1, 2, 0, 0, 0, 4, 0, 1)
  (0, 3, 0, 0, 0, 4, 0, 1)
  (0, 7, 0, 0, 0, 0, 0, 1)

Path 2060 (6 moves):
  (1, 1, 1, 1, 1, 1, 1, 1)
  (1, 1, 1, 1, 1, 2, 0, 1)
  (1, 1, 1, 2, 0, 2, 0, 1)
  (1, 2, 0, 2, 0, 2, 0, 1)
  (1, 2, 0, 0, 0, 4, 0, 1)
  (1, 6, 0, 0, 0, 0, 0, 1)
  (0, 7, 0, 0, 0, 0, 0, 1)

Path 2061 (6 moves):
  (1, 1, 1, 1, 1, 1, 1, 1)
  (1, 1, 1, 1, 1, 2, 0, 1)
  (1, 1, 1, 2, 0, 2, 0, 1)
  (1, 1, 0, 3, 0, 2, 0, 1)
  (0, 2, 0, 3, 0, 2, 0, 1)
  (0, 0, 0, 5, 0, 2, 0, 1)
  (0, 0, 0, 7, 0, 0, 0, 1)

Path 2062 (6 moves):
  (1, 1, 1, 1, 1, 1, 1, 1)
  (1, 1, 1, 1, 1, 2, 0, 1)
  (1, 1, 1, 2, 0, 2, 0, 1)
  (1, 1, 0, 3, 0, 2, 0, 1)
  (0, 2, 0, 3, 0, 2, 0, 1)
  (0, 0, 0, 5, 0, 2, 0, 1)
  (0, 0, 0, 5, 0, 0, 0, 3)

Path 2063 (6 moves):
  (1, 1, 1, 1, 1, 1, 1, 1)
  (1, 1, 1, 1, 1, 2, 0, 1)
  (1, 1, 1, 2, 0, 2, 0, 1)
  (1, 1, 0, 3, 0, 2, 0, 1)
  (0, 2, 0, 3, 0, 2, 0, 1)
  (0, 2, 0, 5, 0, 0, 0, 1)
  (0, 0, 0, 7, 0, 0, 0, 1)

Path 2064 (6 moves):
  (1, 1, 1, 1, 1, 1, 1, 1)
  (1, 1, 1, 1, 1, 2, 0, 1)
  (1, 1, 1, 2, 0, 2, 0, 1)
  (1, 1, 0, 3, 0, 2, 0, 1)
  (0, 2, 0, 3, 0, 2, 0, 1)
  (0, 2, 0, 3, 0, 0, 0, 3)
  (0, 0, 0, 5, 0, 0, 0, 3)

Path 2065 (6 moves):
  (1, 1, 1, 1, 1, 1, 1, 1)
  (1, 1, 1, 1, 1, 2, 0, 1)
  (1, 1, 1, 2, 0, 2, 0, 1)
  (1, 1, 0, 3, 0, 2, 0, 1)
  (4, 1, 0, 0, 0, 2, 0, 1)
  (5, 0, 0, 0, 0, 2, 0, 1)
  (0, 0, 0, 0, 0, 7, 0, 1)

Path 2066 (6 moves):
  (1, 1, 1, 1, 1, 1, 1, 1)
  (1, 1, 1, 1, 1, 2, 0, 1)
  (1, 1, 1, 2, 0, 2, 0, 1)
  (1, 1, 0, 3, 0, 2, 0, 1)
  (4, 1, 0, 0, 0, 2, 0, 1)
  (5, 0, 0, 0, 0, 2, 0, 1)
  (5, 0, 0, 0, 0, 0, 0, 3)

Path 2067 (6 moves):
  (1, 1, 1, 1, 1, 1, 1, 1)
  (1, 1, 1, 1, 1, 2, 0, 1)
  (1, 1, 1, 2, 0, 2, 0, 1)
  (1, 1, 0, 3, 0, 2, 0, 1)
  (4, 1, 0, 0, 0, 2, 0, 1)
  (4, 1, 0, 0, 0, 0, 0, 3)
  (5, 0, 0, 0, 0, 0, 0, 3)

Path 2068 (6 moves):
  (1, 1, 1, 1, 1, 1, 1, 1)
  (1, 1, 1, 1, 1, 2, 0, 1)
  (1, 1, 1, 2, 0, 2, 0, 1)
  (1, 1, 0, 3, 0, 2, 0, 1)
  (1, 1, 0, 3, 0, 0, 0, 3)
  (0, 2, 0, 3, 0, 0, 0, 3)
  (0, 0, 0, 5, 0, 0, 0, 3)

Path 2069 (6 moves):
  (1, 1, 1, 1, 1, 1, 1, 1)
  (1, 1, 1, 1, 1, 2, 0, 1)
  (1, 1, 1, 2, 0, 2, 0, 1)
  (1, 1, 0, 3, 0, 2, 0, 1)
  (1, 1, 0, 3, 0, 0, 0, 3)
  (2, 0, 0, 3, 0, 0, 0, 3)
  (5, 0, 0, 0, 0, 0, 0, 3)

Path 2070 (6 moves):
  (1, 1, 1, 1, 1, 1, 1, 1)
  (1, 1, 1, 1, 1, 2, 0, 1)
  (1, 1, 1, 2, 0, 2, 0, 1)
  (1, 1, 0, 3, 0, 2, 0, 1)
  (1, 1, 0, 3, 0, 0, 0, 3)
  (4, 1, 0, 0, 0, 0, 0, 3)
  (5, 0, 0, 0, 0, 0, 0, 3)

Path 2071 (6 moves):
  (1, 1, 1, 1, 1, 1, 1, 1)
  (1, 1, 1, 1, 1, 2, 0, 1)
  (1, 1, 1, 2, 0, 2, 0, 1)
  (1, 3, 1, 0, 0, 2, 0, 1)
  (1, 3, 1, 0, 0, 0, 0, 3)
  (0, 4, 1, 0, 0, 0, 0, 3)
  (0, 5, 0, 0, 0, 0, 0, 3)

Path 2072 (6 moves):
  (1, 1, 1, 1, 1, 1, 1, 1)
  (1, 1, 1, 1, 1, 2, 0, 1)
  (1, 1, 1, 2, 0, 2, 0, 1)
  (1, 3, 1, 0, 0, 2, 0, 1)
  (1, 3, 1, 0, 0, 0, 0, 3)
  (1, 4, 0, 0, 0, 0, 0, 3)
  (0, 5, 0, 0, 0, 0, 0, 3)

Path 2073 (6 moves):
  (1, 1, 1, 1, 1, 1, 1, 1)
  (1, 1, 1, 1, 1, 2, 0, 1)
  (1, 1, 1, 2, 0, 2, 0, 1)
  (1, 1, 1, 0, 0, 4, 0, 1)
  (0, 2, 1, 0, 0, 4, 0, 1)
  (0, 3, 0, 0, 0, 4, 0, 1)
  (0, 7, 0, 0, 0, 0, 0, 1)

Path 2074 (6 moves):
  (1, 1, 1, 1, 1, 1, 1, 1)
  (1, 1, 1, 1, 1, 2, 0, 1)
  (1, 1, 1, 2, 0, 2, 0, 1)
  (1, 1, 1, 0, 0, 4, 0, 1)
  (0, 2, 1, 0, 0, 4, 0, 1)
  (0, 6, 1, 0, 0, 0, 0, 1)
  (0, 0, 1, 0, 0, 0, 0, 7)

Path 2075 (6 moves):
  (1, 1, 1, 1, 1, 1, 1, 1)
  (1, 1, 1, 1, 1, 2, 0, 1)
  (1, 1, 1, 2, 0, 2, 0, 1)
  (1, 1, 1, 0, 0, 4, 0, 1)
  (0, 2, 1, 0, 0, 4, 0, 1)
  (0, 6, 1, 0, 0, 0, 0, 1)
  (0, 7, 0, 0, 0, 0, 0, 1)

Path 2076 (6 moves):
  (1, 1, 1, 1, 1, 1, 1, 1)
  (1, 1, 1, 1, 1, 2, 0, 1)
  (1, 1, 1, 2, 0, 2, 0, 1)
  (1, 1, 1, 0, 0, 4, 0, 1)
  (2, 0, 1, 0, 0, 4, 0, 1)
  (0, 0, 3, 0, 0, 4, 0, 1)
  (0, 0, 0, 0, 0, 7, 0, 1)

Path 2077 (6 moves):
  (1, 1, 1, 1, 1, 1, 1, 1)
  (1, 1, 1, 1, 1, 2, 0, 1)
  (1, 1, 1, 2, 0, 2, 0, 1)
  (1, 1, 1, 0, 0, 4, 0, 1)
  (1, 2, 0, 0, 0, 4, 0, 1)
  (0, 3, 0, 0, 0, 4, 0, 1)
  (0, 7, 0, 0, 0, 0, 0, 1)

Path 2078 (6 moves):
  (1, 1, 1, 1, 1, 1, 1, 1)
  (1, 1, 1, 1, 1, 2, 0, 1)
  (1, 1, 1, 2, 0, 2, 0, 1)
  (1, 1, 1, 0, 0, 4, 0, 1)
  (1, 2, 0, 0, 0, 4, 0, 1)
  (1, 6, 0, 0, 0, 0, 0, 1)
  (0, 7, 0, 0, 0, 0, 0, 1)

Path 2079 (6 moves):
  (1, 1, 1, 1, 1, 1, 1, 1)
  (1, 1, 1, 1, 1, 2, 0, 1)
  (1, 1, 1, 2, 0, 2, 0, 1)
  (1, 1, 1, 0, 0, 4, 0, 1)
  (1, 5, 1, 0, 0, 0, 0, 1)
  (0, 6, 1, 0, 0, 0, 0, 1)
  (0, 0, 1, 0, 0, 0, 0, 7)

Path 2080 (6 moves):
  (1, 1, 1, 1, 1, 1, 1, 1)
  (1, 1, 1, 1, 1, 2, 0, 1)
  (1, 1, 1, 2, 0, 2, 0, 1)
  (1, 1, 1, 0, 0, 4, 0, 1)
  (1, 5, 1, 0, 0, 0, 0, 1)
  (0, 6, 1, 0, 0, 0, 0, 1)
  (0, 7, 0, 0, 0, 0, 0, 1)

Path 2081 (6 moves):
  (1, 1, 1, 1, 1, 1, 1, 1)
  (1, 1, 1, 1, 1, 2, 0, 1)
  (1, 1, 1, 2, 0, 2, 0, 1)
  (1, 1, 1, 0, 0, 4, 0, 1)
  (1, 5, 1, 0, 0, 0, 0, 1)
  (1, 6, 0, 0, 0, 0, 0, 1)
  (0, 7, 0, 0, 0, 0, 0, 1)

Path 2082 (6 moves):
  (1, 1, 1, 1, 1, 1, 1, 1)
  (1, 1, 1, 1, 1, 2, 0, 1)
  (1, 1, 1, 2, 0, 2, 0, 1)
  (1, 1, 1, 4, 0, 0, 0, 1)
  (0, 2, 1, 4, 0, 0, 0, 1)
  (0, 0, 1, 6, 0, 0, 0, 1)
  (0, 0, 0, 7, 0, 0, 0, 1)

Path 2083 (6 moves):
  (1, 1, 1, 1, 1, 1, 1, 1)
  (1, 1, 1, 1, 1, 2, 0, 1)
  (1, 1, 1, 2, 0, 2, 0, 1)
  (1, 1, 1, 4, 0, 0, 0, 1)
  (0, 2, 1, 4, 0, 0, 0, 1)
  (0, 3, 0, 4, 0, 0, 0, 1)
  (0, 3, 0, 0, 0, 0, 0, 5)

Path 2084 (6 moves):
  (1, 1, 1, 1, 1, 1, 1, 1)
  (1, 1, 1, 1, 1, 2, 0, 1)
  (1, 1, 1, 2, 0, 2, 0, 1)
  (1, 1, 1, 4, 0, 0, 0, 1)
  (0, 2, 1, 4, 0, 0, 0, 1)
  (0, 2, 0, 5, 0, 0, 0, 1)
  (0, 0, 0, 7, 0, 0, 0, 1)

Path 2085 (6 moves):
  (1, 1, 1, 1, 1, 1, 1, 1)
  (1, 1, 1, 1, 1, 2, 0, 1)
  (1, 1, 1, 2, 0, 2, 0, 1)
  (1, 1, 1, 4, 0, 0, 0, 1)
  (0, 2, 1, 4, 0, 0, 0, 1)
  (0, 2, 1, 0, 0, 0, 0, 5)
  (0, 3, 0, 0, 0, 0, 0, 5)

Path 2086 (6 moves):
  (1, 1, 1, 1, 1, 1, 1, 1)
  (1, 1, 1, 1, 1, 2, 0, 1)
  (1, 1, 1, 2, 0, 2, 0, 1)
  (1, 1, 1, 4, 0, 0, 0, 1)
  (0, 2, 1, 4, 0, 0, 0, 1)
  (0, 2, 1, 0, 0, 0, 0, 5)
  (0, 2, 6, 0, 0, 0, 0, 0)

Path 2087 (6 moves):
  (1, 1, 1, 1, 1, 1, 1, 1)
  (1, 1, 1, 1, 1, 2, 0, 1)
  (1, 1, 1, 2, 0, 2, 0, 1)
  (1, 1, 1, 4, 0, 0, 0, 1)
  (1, 0, 2, 4, 0, 0, 0, 1)
  (3, 0, 0, 4, 0, 0, 0, 1)
  (0, 0, 0, 7, 0, 0, 0, 1)

Path 2088 (6 moves):
  (1, 1, 1, 1, 1, 1, 1, 1)
  (1, 1, 1, 1, 1, 2, 0, 1)
  (1, 1, 1, 2, 0, 2, 0, 1)
  (1, 1, 1, 4, 0, 0, 0, 1)
  (1, 0, 2, 4, 0, 0, 0, 1)
  (3, 0, 0, 4, 0, 0, 0, 1)
  (3, 0, 0, 0, 0, 0, 0, 5)

Path 2089 (6 moves):
  (1, 1, 1, 1, 1, 1, 1, 1)
  (1, 1, 1, 1, 1, 2, 0, 1)
  (1, 1, 1, 2, 0, 2, 0, 1)
  (1, 1, 1, 4, 0, 0, 0, 1)
  (1, 0, 2, 4, 0, 0, 0, 1)
  (1, 0, 2, 0, 0, 0, 0, 5)
  (3, 0, 0, 0, 0, 0, 0, 5)

Path 2090 (6 moves):
  (1, 1, 1, 1, 1, 1, 1, 1)
  (1, 1, 1, 1, 1, 2, 0, 1)
  (1, 1, 1, 2, 0, 2, 0, 1)
  (1, 1, 1, 4, 0, 0, 0, 1)
  (1, 0, 2, 4, 0, 0, 0, 1)
  (1, 0, 2, 0, 0, 0, 0, 5)
  (1, 0, 7, 0, 0, 0, 0, 0)

Path 2091 (6 moves):
  (1, 1, 1, 1, 1, 1, 1, 1)
  (1, 1, 1, 1, 1, 2, 0, 1)
  (1, 1, 1, 2, 0, 2, 0, 1)
  (1, 1, 1, 2, 0, 0, 0, 3)
  (0, 2, 1, 2, 0, 0, 0, 3)
  (0, 0, 1, 4, 0, 0, 0, 3)
  (0, 0, 0, 5, 0, 0, 0, 3)

Path 2092 (6 moves):
  (1, 1, 1, 1, 1, 1, 1, 1)
  (1, 1, 1, 1, 1, 2, 0, 1)
  (1, 1, 1, 2, 0, 2, 0, 1)
  (1, 1, 1, 2, 0, 0, 0, 3)
  (0, 2, 1, 2, 0, 0, 0, 3)
  (0, 0, 1, 4, 0, 0, 0, 3)
  (0, 0, 1, 0, 0, 0, 0, 7)

Path 2093 (6 moves):
  (1, 1, 1, 1, 1, 1, 1, 1)
  (1, 1, 1, 1, 1, 2, 0, 1)
  (1, 1, 1, 2, 0, 2, 0, 1)
  (1, 1, 1, 2, 0, 0, 0, 3)
  (0, 2, 1, 2, 0, 0, 0, 3)
  (0, 3, 0, 2, 0, 0, 0, 3)
  (0, 5, 0, 0, 0, 0, 0, 3)

Path 2094 (6 moves):
  (1, 1, 1, 1, 1, 1, 1, 1)
  (1, 1, 1, 1, 1, 2, 0, 1)
  (1, 1, 1, 2, 0, 2, 0, 1)
  (1, 1, 1, 2, 0, 0, 0, 3)
  (0, 2, 1, 2, 0, 0, 0, 3)
  (0, 2, 0, 3, 0, 0, 0, 3)
  (0, 0, 0, 5, 0, 0, 0, 3)

Path 2095 (6 moves):
  (1, 1, 1, 1, 1, 1, 1, 1)
  (1, 1, 1, 1, 1, 2, 0, 1)
  (1, 1, 1, 2, 0, 2, 0, 1)
  (1, 1, 1, 2, 0, 0, 0, 3)
  (0, 2, 1, 2, 0, 0, 0, 3)
  (0, 4, 1, 0, 0, 0, 0, 3)
  (0, 5, 0, 0, 0, 0, 0, 3)

Path 2096 (6 moves):
  (1, 1, 1, 1, 1, 1, 1, 1)
  (1, 1, 1, 1, 1, 2, 0, 1)
  (1, 1, 1, 2, 0, 2, 0, 1)
  (1, 1, 1, 2, 0, 0, 0, 3)
  (1, 0, 2, 2, 0, 0, 0, 3)
  (3, 0, 0, 2, 0, 0, 0, 3)
  (0, 0, 0, 5, 0, 0, 0, 3)

Path 2097 (6 moves):
  (1, 1, 1, 1, 1, 1, 1, 1)
  (1, 1, 1, 1, 1, 2, 0, 1)
  (1, 1, 1, 2, 0, 2, 0, 1)
  (1, 1, 1, 2, 0, 0, 0, 3)
  (1, 1, 0, 3, 0, 0, 0, 3)
  (0, 2, 0, 3, 0, 0, 0, 3)
  (0, 0, 0, 5, 0, 0, 0, 3)

Path 2098 (6 moves):
  (1, 1, 1, 1, 1, 1, 1, 1)
  (1, 1, 1, 1, 1, 2, 0, 1)
  (1, 1, 1, 2, 0, 2, 0, 1)
  (1, 1, 1, 2, 0, 0, 0, 3)
  (1, 1, 0, 3, 0, 0, 0, 3)
  (2, 0, 0, 3, 0, 0, 0, 3)
  (5, 0, 0, 0, 0, 0, 0, 3)

Path 2099 (6 moves):
  (1, 1, 1, 1, 1, 1, 1, 1)
  (1, 1, 1, 1, 1, 2, 0, 1)
  (1, 1, 1, 2, 0, 2, 0, 1)
  (1, 1, 1, 2, 0, 0, 0, 3)
  (1, 1, 0, 3, 0, 0, 0, 3)
  (4, 1, 0, 0, 0, 0, 0, 3)
  (5, 0, 0, 0, 0, 0, 0, 3)

Path 2100 (6 moves):
  (1, 1, 1, 1, 1, 1, 1, 1)
  (1, 1, 1, 1, 1, 2, 0, 1)
  (1, 1, 1, 2, 0, 2, 0, 1)
  (1, 1, 1, 2, 0, 0, 0, 3)
  (1, 3, 1, 0, 0, 0, 0, 3)
  (0, 4, 1, 0, 0, 0, 0, 3)
  (0, 5, 0, 0, 0, 0, 0, 3)

Path 2101 (6 moves):
  (1, 1, 1, 1, 1, 1, 1, 1)
  (1, 1, 1, 1, 1, 2, 0, 1)
  (1, 1, 1, 2, 0, 2, 0, 1)
  (1, 1, 1, 2, 0, 0, 0, 3)
  (1, 3, 1, 0, 0, 0, 0, 3)
  (1, 4, 0, 0, 0, 0, 0, 3)
  (0, 5, 0, 0, 0, 0, 0, 3)

Path 2102 (6 moves):
  (1, 1, 1, 1, 1, 1, 1, 1)
  (1, 1, 1, 1, 1, 1, 0, 2)
  (2, 0, 1, 1, 1, 1, 0, 2)
  (0, 0, 3, 1, 1, 1, 0, 2)
  (0, 0, 4, 0, 1, 1, 0, 2)
  (0, 0, 4, 0, 0, 2, 0, 2)
  (0, 0, 4, 0, 0, 0, 0, 4)

Path 2103 (6 moves):
  (1, 1, 1, 1, 1, 1, 1, 1)
  (1, 1, 1, 1, 1, 1, 0, 2)
  (2, 0, 1, 1, 1, 1, 0, 2)
  (0, 0, 3, 1, 1, 1, 0, 2)
  (0, 0, 4, 0, 1, 1, 0, 2)
  (0, 0, 4, 0, 0, 2, 0, 2)
  (0, 0, 4, 0, 0, 4, 0, 0)

Path 2104 (6 moves):
  (1, 1, 1, 1, 1, 1, 1, 1)
  (1, 1, 1, 1, 1, 1, 0, 2)
  (2, 0, 1, 1, 1, 1, 0, 2)
  (0, 0, 3, 1, 1, 1, 0, 2)
  (0, 0, 4, 0, 1, 1, 0, 2)
  (0, 0, 4, 0, 2, 0, 0, 2)
  (0, 0, 6, 0, 0, 0, 0, 2)

Path 2105 (6 moves):
  (1, 1, 1, 1, 1, 1, 1, 1)
  (1, 1, 1, 1, 1, 1, 0, 2)
  (2, 0, 1, 1, 1, 1, 0, 2)
  (0, 0, 3, 1, 1, 1, 0, 2)
  (0, 0, 4, 0, 1, 1, 0, 2)
  (0, 0, 4, 0, 1, 3, 0, 0)
  (0, 0, 4, 0, 0, 4, 0, 0)

Path 2106 (6 moves):
  (1, 1, 1, 1, 1, 1, 1, 1)
  (1, 1, 1, 1, 1, 1, 0, 2)
  (2, 0, 1, 1, 1, 1, 0, 2)
  (0, 0, 3, 1, 1, 1, 0, 2)
  (0, 0, 4, 0, 1, 1, 0, 2)
  (0, 0, 4, 0, 1, 3, 0, 0)
  (0, 0, 7, 0, 1, 0, 0, 0)

Path 2107 (6 moves):
  (1, 1, 1, 1, 1, 1, 1, 1)
  (1, 1, 1, 1, 1, 1, 0, 2)
  (2, 0, 1, 1, 1, 1, 0, 2)
  (0, 0, 3, 1, 1, 1, 0, 2)
  (0, 0, 3, 1, 1, 3, 0, 0)
  (0, 0, 0, 1, 1, 6, 0, 0)
  (0, 0, 0, 0, 2, 6, 0, 0)

Path 2108 (6 moves):
  (1, 1, 1, 1, 1, 1, 1, 1)
  (1, 1, 1, 1, 1, 1, 0, 2)
  (2, 0, 1, 1, 1, 1, 0, 2)
  (0, 0, 3, 1, 1, 1, 0, 2)
  (0, 0, 3, 1, 1, 3, 0, 0)
  (0, 0, 0, 1, 1, 6, 0, 0)
  (0, 0, 0, 1, 0, 7, 0, 0)

Path 2109 (6 moves):
  (1, 1, 1, 1, 1, 1, 1, 1)
  (1, 1, 1, 1, 1, 1, 0, 2)
  (2, 0, 1, 1, 1, 1, 0, 2)
  (0, 0, 3, 1, 1, 1, 0, 2)
  (0, 0, 3, 1, 1, 3, 0, 0)
  (0, 0, 4, 0, 1, 3, 0, 0)
  (0, 0, 4, 0, 0, 4, 0, 0)

Path 2110 (6 moves):
  (1, 1, 1, 1, 1, 1, 1, 1)
  (1, 1, 1, 1, 1, 1, 0, 2)
  (2, 0, 1, 1, 1, 1, 0, 2)
  (0, 0, 3, 1, 1, 1, 0, 2)
  (0, 0, 3, 1, 1, 3, 0, 0)
  (0, 0, 4, 0, 1, 3, 0, 0)
  (0, 0, 7, 0, 1, 0, 0, 0)

Path 2111 (6 moves):
  (1, 1, 1, 1, 1, 1, 1, 1)
  (1, 1, 1, 1, 1, 1, 0, 2)
  (2, 0, 1, 1, 1, 1, 0, 2)
  (0, 0, 3, 1, 1, 1, 0, 2)
  (0, 0, 3, 1, 1, 3, 0, 0)
  (0, 0, 3, 0, 2, 3, 0, 0)
  (0, 0, 0, 0, 2, 6, 0, 0)

Path 2112 (6 moves):
  (1, 1, 1, 1, 1, 1, 1, 1)
  (1, 1, 1, 1, 1, 1, 0, 2)
  (2, 0, 1, 1, 1, 1, 0, 2)
  (0, 0, 3, 1, 1, 1, 0, 2)
  (0, 0, 3, 1, 1, 3, 0, 0)
  (0, 0, 3, 2, 0, 3, 0, 0)
  (0, 0, 6, 2, 0, 0, 0, 0)

Path 2113 (6 moves):
  (1, 1, 1, 1, 1, 1, 1, 1)
  (1, 1, 1, 1, 1, 1, 0, 2)
  (2, 0, 1, 1, 1, 1, 0, 2)
  (0, 0, 3, 1, 1, 1, 0, 2)
  (0, 0, 3, 1, 1, 3, 0, 0)
  (0, 0, 3, 1, 0, 4, 0, 0)
  (0, 0, 0, 1, 0, 7, 0, 0)

Path 2114 (6 moves):
  (1, 1, 1, 1, 1, 1, 1, 1)
  (1, 1, 1, 1, 1, 1, 0, 2)
  (2, 0, 1, 1, 1, 1, 0, 2)
  (0, 0, 3, 1, 1, 1, 0, 2)
  (0, 0, 3, 1, 1, 3, 0, 0)
  (0, 0, 3, 1, 0, 4, 0, 0)
  (0, 0, 4, 0, 0, 4, 0, 0)

Path 2115 (6 moves):
  (1, 1, 1, 1, 1, 1, 1, 1)
  (1, 1, 1, 1, 1, 1, 0, 2)
  (2, 0, 1, 1, 1, 1, 0, 2)
  (0, 0, 3, 1, 1, 1, 0, 2)
  (0, 0, 3, 1, 1, 3, 0, 0)
  (0, 0, 6, 1, 1, 0, 0, 0)
  (0, 0, 7, 0, 1, 0, 0, 0)

Path 2116 (6 moves):
  (1, 1, 1, 1, 1, 1, 1, 1)
  (1, 1, 1, 1, 1, 1, 0, 2)
  (2, 0, 1, 1, 1, 1, 0, 2)
  (0, 0, 3, 1, 1, 1, 0, 2)
  (0, 0, 3, 1, 1, 3, 0, 0)
  (0, 0, 6, 1, 1, 0, 0, 0)
  (0, 0, 6, 2, 0, 0, 0, 0)

Path 2117 (6 moves):
  (1, 1, 1, 1, 1, 1, 1, 1)
  (1, 1, 1, 1, 1, 1, 0, 2)
  (2, 0, 1, 1, 1, 1, 0, 2)
  (2, 0, 0, 2, 1, 1, 0, 2)
  (2, 0, 0, 0, 1, 3, 0, 2)
  (2, 0, 0, 0, 0, 4, 0, 2)
  (2, 0, 0, 0, 0, 6, 0, 0)

Path 2118 (6 moves):
  (1, 1, 1, 1, 1, 1, 1, 1)
  (1, 1, 1, 1, 1, 1, 0, 2)
  (2, 0, 1, 1, 1, 1, 0, 2)
  (2, 0, 0, 2, 1, 1, 0, 2)
  (2, 0, 0, 0, 1, 3, 0, 2)
  (2, 0, 0, 0, 1, 5, 0, 0)
  (2, 0, 0, 0, 0, 6, 0, 0)

Path 2119 (6 moves):
  (1, 1, 1, 1, 1, 1, 1, 1)
  (1, 1, 1, 1, 1, 1, 0, 2)
  (2, 0, 1, 1, 1, 1, 0, 2)
  (2, 0, 0, 2, 1, 1, 0, 2)
  (2, 0, 0, 0, 1, 3, 0, 2)
  (2, 0, 0, 0, 1, 5, 0, 0)
  (7, 0, 0, 0, 1, 0, 0, 0)

Path 2120 (6 moves):
  (1, 1, 1, 1, 1, 1, 1, 1)
  (1, 1, 1, 1, 1, 1, 0, 2)
  (2, 0, 1, 1, 1, 1, 0, 2)
  (2, 0, 0, 2, 1, 1, 0, 2)
  (2, 0, 0, 2, 0, 2, 0, 2)
  (2, 0, 0, 0, 0, 4, 0, 2)
  (2, 0, 0, 0, 0, 6, 0, 0)

Path 2121 (6 moves):
  (1, 1, 1, 1, 1, 1, 1, 1)
  (1, 1, 1, 1, 1, 1, 0, 2)
  (2, 0, 1, 1, 1, 1, 0, 2)
  (2, 0, 0, 2, 1, 1, 0, 2)
  (2, 0, 0, 2, 0, 2, 0, 2)
  (2, 0, 0, 4, 0, 0, 0, 2)
  (2, 0, 0, 0, 0, 0, 0, 6)

Path 2122 (6 moves):
  (1, 1, 1, 1, 1, 1, 1, 1)
  (1, 1, 1, 1, 1, 1, 0, 2)
  (2, 0, 1, 1, 1, 1, 0, 2)
  (2, 0, 0, 2, 1, 1, 0, 2)
  (2, 0, 0, 2, 0, 2, 0, 2)
  (2, 0, 0, 2, 0, 0, 0, 4)
  (2, 0, 0, 6, 0, 0, 0, 0)

Path 2123 (6 moves):
  (1, 1, 1, 1, 1, 1, 1, 1)
  (1, 1, 1, 1, 1, 1, 0, 2)
  (2, 0, 1, 1, 1, 1, 0, 2)
  (2, 0, 0, 2, 1, 1, 0, 2)
  (2, 0, 0, 2, 0, 2, 0, 2)
  (2, 0, 0, 2, 0, 4, 0, 0)
  (2, 0, 0, 0, 0, 6, 0, 0)

Path 2124 (4 moves):
  (1, 1, 1, 1, 1, 1, 1, 1)
  (1, 1, 1, 1, 1, 1, 0, 2)
  (2, 0, 1, 1, 1, 1, 0, 2)
  (2, 0, 0, 2, 1, 1, 0, 2)
  (2, 0, 0, 2, 2, 0, 0, 2)

Path 2125 (6 moves):
  (1, 1, 1, 1, 1, 1, 1, 1)
  (1, 1, 1, 1, 1, 1, 0, 2)
  (2, 0, 1, 1, 1, 1, 0, 2)
  (2, 0, 2, 0, 1, 1, 0, 2)
  (0, 0, 4, 0, 1, 1, 0, 2)
  (0, 0, 4, 0, 0, 2, 0, 2)
  (0, 0, 4, 0, 0, 0, 0, 4)

Path 2126 (6 moves):
  (1, 1, 1, 1, 1, 1, 1, 1)
  (1, 1, 1, 1, 1, 1, 0, 2)
  (2, 0, 1, 1, 1, 1, 0, 2)
  (2, 0, 2, 0, 1, 1, 0, 2)
  (0, 0, 4, 0, 1, 1, 0, 2)
  (0, 0, 4, 0, 0, 2, 0, 2)
  (0, 0, 4, 0, 0, 4, 0, 0)

Path 2127 (6 moves):
  (1, 1, 1, 1, 1, 1, 1, 1)
  (1, 1, 1, 1, 1, 1, 0, 2)
  (2, 0, 1, 1, 1, 1, 0, 2)
  (2, 0, 2, 0, 1, 1, 0, 2)
  (0, 0, 4, 0, 1, 1, 0, 2)
  (0, 0, 4, 0, 2, 0, 0, 2)
  (0, 0, 6, 0, 0, 0, 0, 2)

Path 2128 (6 moves):
  (1, 1, 1, 1, 1, 1, 1, 1)
  (1, 1, 1, 1, 1, 1, 0, 2)
  (2, 0, 1, 1, 1, 1, 0, 2)
  (2, 0, 2, 0, 1, 1, 0, 2)
  (0, 0, 4, 0, 1, 1, 0, 2)
  (0, 0, 4, 0, 1, 3, 0, 0)
  (0, 0, 4, 0, 0, 4, 0, 0)

Path 2129 (6 moves):
  (1, 1, 1, 1, 1, 1, 1, 1)
  (1, 1, 1, 1, 1, 1, 0, 2)
  (2, 0, 1, 1, 1, 1, 0, 2)
  (2, 0, 2, 0, 1, 1, 0, 2)
  (0, 0, 4, 0, 1, 1, 0, 2)
  (0, 0, 4, 0, 1, 3, 0, 0)
  (0, 0, 7, 0, 1, 0, 0, 0)

Path 2130 (6 moves):
  (1, 1, 1, 1, 1, 1, 1, 1)
  (1, 1, 1, 1, 1, 1, 0, 2)
  (2, 0, 1, 1, 1, 1, 0, 2)
  (2, 0, 2, 0, 1, 1, 0, 2)
  (4, 0, 0, 0, 1, 1, 0, 2)
  (0, 0, 0, 0, 5, 1, 0, 2)
  (0, 0, 0, 0, 6, 0, 0, 2)

Path 2131 (6 moves):
  (1, 1, 1, 1, 1, 1, 1, 1)
  (1, 1, 1, 1, 1, 1, 0, 2)
  (2, 0, 1, 1, 1, 1, 0, 2)
  (2, 0, 2, 0, 1, 1, 0, 2)
  (4, 0, 0, 0, 1, 1, 0, 2)
  (0, 0, 0, 0, 5, 1, 0, 2)
  (0, 0, 0, 0, 5, 3, 0, 0)

Path 2132 (6 moves):
  (1, 1, 1, 1, 1, 1, 1, 1)
  (1, 1, 1, 1, 1, 1, 0, 2)
  (2, 0, 1, 1, 1, 1, 0, 2)
  (2, 0, 2, 0, 1, 1, 0, 2)
  (4, 0, 0, 0, 1, 1, 0, 2)
  (4, 0, 0, 0, 0, 2, 0, 2)
  (4, 0, 0, 0, 0, 0, 0, 4)

Path 2133 (6 moves):
  (1, 1, 1, 1, 1, 1, 1, 1)
  (1, 1, 1, 1, 1, 1, 0, 2)
  (2, 0, 1, 1, 1, 1, 0, 2)
  (2, 0, 2, 0, 1, 1, 0, 2)
  (4, 0, 0, 0, 1, 1, 0, 2)
  (4, 0, 0, 0, 0, 2, 0, 2)
  (4, 0, 0, 0, 0, 4, 0, 0)

Path 2134 (6 moves):
  (1, 1, 1, 1, 1, 1, 1, 1)
  (1, 1, 1, 1, 1, 1, 0, 2)
  (2, 0, 1, 1, 1, 1, 0, 2)
  (2, 0, 2, 0, 1, 1, 0, 2)
  (4, 0, 0, 0, 1, 1, 0, 2)
  (4, 0, 0, 0, 2, 0, 0, 2)
  (0, 0, 0, 0, 6, 0, 0, 2)

Path 2135 (6 moves):
  (1, 1, 1, 1, 1, 1, 1, 1)
  (1, 1, 1, 1, 1, 1, 0, 2)
  (2, 0, 1, 1, 1, 1, 0, 2)
  (2, 0, 2, 0, 1, 1, 0, 2)
  (4, 0, 0, 0, 1, 1, 0, 2)
  (4, 0, 0, 0, 1, 3, 0, 0)
  (0, 0, 0, 0, 5, 3, 0, 0)

Path 2136 (6 moves):
  (1, 1, 1, 1, 1, 1, 1, 1)
  (1, 1, 1, 1, 1, 1, 0, 2)
  (2, 0, 1, 1, 1, 1, 0, 2)
  (2, 0, 2, 0, 1, 1, 0, 2)
  (4, 0, 0, 0, 1, 1, 0, 2)
  (4, 0, 0, 0, 1, 3, 0, 0)
  (4, 0, 0, 0, 0, 4, 0, 0)

Path 2137 (6 moves):
  (1, 1, 1, 1, 1, 1, 1, 1)
  (1, 1, 1, 1, 1, 1, 0, 2)
  (2, 0, 1, 1, 1, 1, 0, 2)
  (2, 0, 2, 0, 1, 1, 0, 2)
  (2, 0, 2, 0, 0, 2, 0, 2)
  (0, 0, 4, 0, 0, 2, 0, 2)
  (0, 0, 4, 0, 0, 0, 0, 4)

Path 2138 (6 moves):
  (1, 1, 1, 1, 1, 1, 1, 1)
  (1, 1, 1, 1, 1, 1, 0, 2)
  (2, 0, 1, 1, 1, 1, 0, 2)
  (2, 0, 2, 0, 1, 1, 0, 2)
  (2, 0, 2, 0, 0, 2, 0, 2)
  (0, 0, 4, 0, 0, 2, 0, 2)
  (0, 0, 4, 0, 0, 4, 0, 0)

Path 2139 (6 moves):
  (1, 1, 1, 1, 1, 1, 1, 1)
  (1, 1, 1, 1, 1, 1, 0, 2)
  (2, 0, 1, 1, 1, 1, 0, 2)
  (2, 0, 2, 0, 1, 1, 0, 2)
  (2, 0, 2, 0, 0, 2, 0, 2)
  (4, 0, 0, 0, 0, 2, 0, 2)
  (4, 0, 0, 0, 0, 0, 0, 4)

Path 2140 (6 moves):
  (1, 1, 1, 1, 1, 1, 1, 1)
  (1, 1, 1, 1, 1, 1, 0, 2)
  (2, 0, 1, 1, 1, 1, 0, 2)
  (2, 0, 2, 0, 1, 1, 0, 2)
  (2, 0, 2, 0, 0, 2, 0, 2)
  (4, 0, 0, 0, 0, 2, 0, 2)
  (4, 0, 0, 0, 0, 4, 0, 0)

Path 2141 (6 moves):
  (1, 1, 1, 1, 1, 1, 1, 1)
  (1, 1, 1, 1, 1, 1, 0, 2)
  (2, 0, 1, 1, 1, 1, 0, 2)
  (2, 0, 2, 0, 1, 1, 0, 2)
  (2, 0, 2, 0, 0, 2, 0, 2)
  (2, 0, 2, 0, 0, 0, 0, 4)
  (0, 0, 4, 0, 0, 0, 0, 4)

Path 2142 (6 moves):
  (1, 1, 1, 1, 1, 1, 1, 1)
  (1, 1, 1, 1, 1, 1, 0, 2)
  (2, 0, 1, 1, 1, 1, 0, 2)
  (2, 0, 2, 0, 1, 1, 0, 2)
  (2, 0, 2, 0, 0, 2, 0, 2)
  (2, 0, 2, 0, 0, 0, 0, 4)
  (4, 0, 0, 0, 0, 0, 0, 4)

Path 2143 (6 moves):
  (1, 1, 1, 1, 1, 1, 1, 1)
  (1, 1, 1, 1, 1, 1, 0, 2)
  (2, 0, 1, 1, 1, 1, 0, 2)
  (2, 0, 2, 0, 1, 1, 0, 2)
  (2, 0, 2, 0, 0, 2, 0, 2)
  (2, 0, 2, 0, 0, 4, 0, 0)
  (0, 0, 4, 0, 0, 4, 0, 0)

Path 2144 (6 moves):
  (1, 1, 1, 1, 1, 1, 1, 1)
  (1, 1, 1, 1, 1, 1, 0, 2)
  (2, 0, 1, 1, 1, 1, 0, 2)
  (2, 0, 2, 0, 1, 1, 0, 2)
  (2, 0, 2, 0, 0, 2, 0, 2)
  (2, 0, 2, 0, 0, 4, 0, 0)
  (4, 0, 0, 0, 0, 4, 0, 0)

Path 2145 (6 moves):
  (1, 1, 1, 1, 1, 1, 1, 1)
  (1, 1, 1, 1, 1, 1, 0, 2)
  (2, 0, 1, 1, 1, 1, 0, 2)
  (2, 0, 2, 0, 1, 1, 0, 2)
  (2, 0, 2, 0, 2, 0, 0, 2)
  (0, 0, 4, 0, 2, 0, 0, 2)
  (0, 0, 6, 0, 0, 0, 0, 2)

Path 2146 (6 moves):
  (1, 1, 1, 1, 1, 1, 1, 1)
  (1, 1, 1, 1, 1, 1, 0, 2)
  (2, 0, 1, 1, 1, 1, 0, 2)
  (2, 0, 2, 0, 1, 1, 0, 2)
  (2, 0, 2, 0, 2, 0, 0, 2)
  (4, 0, 0, 0, 2, 0, 0, 2)
  (0, 0, 0, 0, 6, 0, 0, 2)

Path 2147 (6 moves):
  (1, 1, 1, 1, 1, 1, 1, 1)
  (1, 1, 1, 1, 1, 1, 0, 2)
  (2, 0, 1, 1, 1, 1, 0, 2)
  (2, 0, 2, 0, 1, 1, 0, 2)
  (2, 0, 2, 0, 2, 0, 0, 2)
  (2, 0, 0, 0, 4, 0, 0, 2)
  (6, 0, 0, 0, 0, 0, 0, 2)

Path 2148 (6 moves):
  (1, 1, 1, 1, 1, 1, 1, 1)
  (1, 1, 1, 1, 1, 1, 0, 2)
  (2, 0, 1, 1, 1, 1, 0, 2)
  (2, 0, 2, 0, 1, 1, 0, 2)
  (2, 0, 2, 0, 2, 0, 0, 2)
  (2, 0, 4, 0, 0, 0, 0, 2)
  (0, 0, 6, 0, 0, 0, 0, 2)

Path 2149 (6 moves):
  (1, 1, 1, 1, 1, 1, 1, 1)
  (1, 1, 1, 1, 1, 1, 0, 2)
  (2, 0, 1, 1, 1, 1, 0, 2)
  (2, 0, 1, 0, 2, 1, 0, 2)
  (2, 0, 3, 0, 0, 1, 0, 2)
  (0, 0, 5, 0, 0, 1, 0, 2)
  (0, 0, 0, 0, 0, 1, 0, 7)

Path 2150 (6 moves):
  (1, 1, 1, 1, 1, 1, 1, 1)
  (1, 1, 1, 1, 1, 1, 0, 2)
  (2, 0, 1, 1, 1, 1, 0, 2)
  (2, 0, 1, 0, 2, 1, 0, 2)
  (2, 0, 3, 0, 0, 1, 0, 2)
  (2, 0, 0, 0, 0, 4, 0, 2)
  (2, 0, 0, 0, 0, 6, 0, 0)

Path 2151 (6 moves):
  (1, 1, 1, 1, 1, 1, 1, 1)
  (1, 1, 1, 1, 1, 1, 0, 2)
  (2, 0, 1, 1, 1, 1, 0, 2)
  (2, 0, 1, 0, 2, 1, 0, 2)
  (2, 0, 3, 0, 0, 1, 0, 2)
  (2, 0, 3, 0, 0, 3, 0, 0)
  (2, 0, 0, 0, 0, 6, 0, 0)

Path 2152 (6 moves):
  (1, 1, 1, 1, 1, 1, 1, 1)
  (1, 1, 1, 1, 1, 1, 0, 2)
  (2, 0, 1, 1, 1, 1, 0, 2)
  (2, 0, 1, 2, 0, 1, 0, 2)
  (2, 0, 1, 0, 0, 3, 0, 2)
  (0, 0, 3, 0, 0, 3, 0, 2)
  (0, 0, 6, 0, 0, 0, 0, 2)

Path 2153 (6 moves):
  (1, 1, 1, 1, 1, 1, 1, 1)
  (1, 1, 1, 1, 1, 1, 0, 2)
  (2, 0, 1, 1, 1, 1, 0, 2)
  (2, 0, 1, 2, 0, 1, 0, 2)
  (2, 0, 1, 0, 0, 3, 0, 2)
  (2, 0, 4, 0, 0, 0, 0, 2)
  (0, 0, 6, 0, 0, 0, 0, 2)

Path 2154 (6 moves):
  (1, 1, 1, 1, 1, 1, 1, 1)
  (1, 1, 1, 1, 1, 1, 0, 2)
  (2, 0, 1, 1, 1, 1, 0, 2)
  (2, 0, 1, 2, 0, 1, 0, 2)
  (2, 0, 1, 0, 0, 3, 0, 2)
  (2, 0, 1, 0, 0, 5, 0, 0)
  (7, 0, 1, 0, 0, 0, 0, 0)

Path 2155 (6 moves):
  (1, 1, 1, 1, 1, 1, 1, 1)
  (1, 1, 1, 1, 1, 1, 0, 2)
  (2, 0, 1, 1, 1, 1, 0, 2)
  (2, 0, 1, 1, 0, 2, 0, 2)
  (2, 0, 0, 2, 0, 2, 0, 2)
  (2, 0, 0, 0, 0, 4, 0, 2)
  (2, 0, 0, 0, 0, 6, 0, 0)

Path 2156 (6 moves):
  (1, 1, 1, 1, 1, 1, 1, 1)
  (1, 1, 1, 1, 1, 1, 0, 2)
  (2, 0, 1, 1, 1, 1, 0, 2)
  (2, 0, 1, 1, 0, 2, 0, 2)
  (2, 0, 0, 2, 0, 2, 0, 2)
  (2, 0, 0, 4, 0, 0, 0, 2)
  (2, 0, 0, 0, 0, 0, 0, 6)

Path 2157 (6 moves):
  (1, 1, 1, 1, 1, 1, 1, 1)
  (1, 1, 1, 1, 1, 1, 0, 2)
  (2, 0, 1, 1, 1, 1, 0, 2)
  (2, 0, 1, 1, 0, 2, 0, 2)
  (2, 0, 0, 2, 0, 2, 0, 2)
  (2, 0, 0, 2, 0, 0, 0, 4)
  (2, 0, 0, 6, 0, 0, 0, 0)

Path 2158 (6 moves):
  (1, 1, 1, 1, 1, 1, 1, 1)
  (1, 1, 1, 1, 1, 1, 0, 2)
  (2, 0, 1, 1, 1, 1, 0, 2)
  (2, 0, 1, 1, 0, 2, 0, 2)
  (2, 0, 0, 2, 0, 2, 0, 2)
  (2, 0, 0, 2, 0, 4, 0, 0)
  (2, 0, 0, 0, 0, 6, 0, 0)

Path 2159 (6 moves):
  (1, 1, 1, 1, 1, 1, 1, 1)
  (1, 1, 1, 1, 1, 1, 0, 2)
  (2, 0, 1, 1, 1, 1, 0, 2)
  (2, 0, 1, 1, 0, 2, 0, 2)
  (2, 0, 2, 0, 0, 2, 0, 2)
  (0, 0, 4, 0, 0, 2, 0, 2)
  (0, 0, 4, 0, 0, 0, 0, 4)

Path 2160 (6 moves):
  (1, 1, 1, 1, 1, 1, 1, 1)
  (1, 1, 1, 1, 1, 1, 0, 2)
  (2, 0, 1, 1, 1, 1, 0, 2)
  (2, 0, 1, 1, 0, 2, 0, 2)
  (2, 0, 2, 0, 0, 2, 0, 2)
  (0, 0, 4, 0, 0, 2, 0, 2)
  (0, 0, 4, 0, 0, 4, 0, 0)

Path 2161 (6 moves):
  (1, 1, 1, 1, 1, 1, 1, 1)
  (1, 1, 1, 1, 1, 1, 0, 2)
  (2, 0, 1, 1, 1, 1, 0, 2)
  (2, 0, 1, 1, 0, 2, 0, 2)
  (2, 0, 2, 0, 0, 2, 0, 2)
  (4, 0, 0, 0, 0, 2, 0, 2)
  (4, 0, 0, 0, 0, 0, 0, 4)

Path 2162 (6 moves):
  (1, 1, 1, 1, 1, 1, 1, 1)
  (1, 1, 1, 1, 1, 1, 0, 2)
  (2, 0, 1, 1, 1, 1, 0, 2)
  (2, 0, 1, 1, 0, 2, 0, 2)
  (2, 0, 2, 0, 0, 2, 0, 2)
  (4, 0, 0, 0, 0, 2, 0, 2)
  (4, 0, 0, 0, 0, 4, 0, 0)

Path 2163 (6 moves):
  (1, 1, 1, 1, 1, 1, 1, 1)
  (1, 1, 1, 1, 1, 1, 0, 2)
  (2, 0, 1, 1, 1, 1, 0, 2)
  (2, 0, 1, 1, 0, 2, 0, 2)
  (2, 0, 2, 0, 0, 2, 0, 2)
  (2, 0, 2, 0, 0, 0, 0, 4)
  (0, 0, 4, 0, 0, 0, 0, 4)

Path 2164 (6 moves):
  (1, 1, 1, 1, 1, 1, 1, 1)
  (1, 1, 1, 1, 1, 1, 0, 2)
  (2, 0, 1, 1, 1, 1, 0, 2)
  (2, 0, 1, 1, 0, 2, 0, 2)
  (2, 0, 2, 0, 0, 2, 0, 2)
  (2, 0, 2, 0, 0, 0, 0, 4)
  (4, 0, 0, 0, 0, 0, 0, 4)

Path 2165 (6 moves):
  (1, 1, 1, 1, 1, 1, 1, 1)
  (1, 1, 1, 1, 1, 1, 0, 2)
  (2, 0, 1, 1, 1, 1, 0, 2)
  (2, 0, 1, 1, 0, 2, 0, 2)
  (2, 0, 2, 0, 0, 2, 0, 2)
  (2, 0, 2, 0, 0, 4, 0, 0)
  (0, 0, 4, 0, 0, 4, 0, 0)

Path 2166 (6 moves):
  (1, 1, 1, 1, 1, 1, 1, 1)
  (1, 1, 1, 1, 1, 1, 0, 2)
  (2, 0, 1, 1, 1, 1, 0, 2)
  (2, 0, 1, 1, 0, 2, 0, 2)
  (2, 0, 2, 0, 0, 2, 0, 2)
  (2, 0, 2, 0, 0, 4, 0, 0)
  (4, 0, 0, 0, 0, 4, 0, 0)

Path 2167 (6 moves):
  (1, 1, 1, 1, 1, 1, 1, 1)
  (1, 1, 1, 1, 1, 1, 0, 2)
  (2, 0, 1, 1, 1, 1, 0, 2)
  (2, 0, 1, 1, 0, 2, 0, 2)
  (2, 0, 1, 1, 0, 0, 0, 4)
  (0, 0, 3, 1, 0, 0, 0, 4)
  (0, 0, 4, 0, 0, 0, 0, 4)

Path 2168 (6 moves):
  (1, 1, 1, 1, 1, 1, 1, 1)
  (1, 1, 1, 1, 1, 1, 0, 2)
  (2, 0, 1, 1, 1, 1, 0, 2)
  (2, 0, 1, 1, 0, 2, 0, 2)
  (2, 0, 1, 1, 0, 0, 0, 4)
  (0, 0, 3, 1, 0, 0, 0, 4)
  (0, 0, 3, 5, 0, 0, 0, 0)

Path 2169 (6 moves):
  (1, 1, 1, 1, 1, 1, 1, 1)
  (1, 1, 1, 1, 1, 1, 0, 2)
  (2, 0, 1, 1, 1, 1, 0, 2)
  (2, 0, 1, 1, 0, 2, 0, 2)
  (2, 0, 1, 1, 0, 0, 0, 4)
  (2, 0, 0, 2, 0, 0, 0, 4)
  (2, 0, 0, 6, 0, 0, 0, 0)

Path 2170 (6 moves):
  (1, 1, 1, 1, 1, 1, 1, 1)
  (1, 1, 1, 1, 1, 1, 0, 2)
  (2, 0, 1, 1, 1, 1, 0, 2)
  (2, 0, 1, 1, 0, 2, 0, 2)
  (2, 0, 1, 1, 0, 0, 0, 4)
  (2, 0, 2, 0, 0, 0, 0, 4)
  (0, 0, 4, 0, 0, 0, 0, 4)

Path 2171 (6 moves):
  (1, 1, 1, 1, 1, 1, 1, 1)
  (1, 1, 1, 1, 1, 1, 0, 2)
  (2, 0, 1, 1, 1, 1, 0, 2)
  (2, 0, 1, 1, 0, 2, 0, 2)
  (2, 0, 1, 1, 0, 0, 0, 4)
  (2, 0, 2, 0, 0, 0, 0, 4)
  (4, 0, 0, 0, 0, 0, 0, 4)

Path 2172 (6 moves):
  (1, 1, 1, 1, 1, 1, 1, 1)
  (1, 1, 1, 1, 1, 1, 0, 2)
  (2, 0, 1, 1, 1, 1, 0, 2)
  (2, 0, 1, 1, 0, 2, 0, 2)
  (2, 0, 1, 1, 0, 0, 0, 4)
  (2, 0, 1, 5, 0, 0, 0, 0)
  (0, 0, 3, 5, 0, 0, 0, 0)

Path 2173 (6 moves):
  (1, 1, 1, 1, 1, 1, 1, 1)
  (1, 1, 1, 1, 1, 1, 0, 2)
  (2, 0, 1, 1, 1, 1, 0, 2)
  (2, 0, 1, 1, 0, 2, 0, 2)
  (2, 0, 1, 1, 0, 0, 0, 4)
  (2, 0, 1, 5, 0, 0, 0, 0)
  (2, 0, 0, 6, 0, 0, 0, 0)

Path 2174 (6 moves):
  (1, 1, 1, 1, 1, 1, 1, 1)
  (1, 1, 1, 1, 1, 1, 0, 2)
  (2, 0, 1, 1, 1, 1, 0, 2)
  (2, 0, 1, 1, 0, 2, 0, 2)
  (2, 0, 1, 1, 0, 4, 0, 0)
  (0, 0, 3, 1, 0, 4, 0, 0)
  (0, 0, 0, 1, 0, 7, 0, 0)

Path 2175 (6 moves):
  (1, 1, 1, 1, 1, 1, 1, 1)
  (1, 1, 1, 1, 1, 1, 0, 2)
  (2, 0, 1, 1, 1, 1, 0, 2)
  (2, 0, 1, 1, 0, 2, 0, 2)
  (2, 0, 1, 1, 0, 4, 0, 0)
  (0, 0, 3, 1, 0, 4, 0, 0)
  (0, 0, 4, 0, 0, 4, 0, 0)

Path 2176 (6 moves):
  (1, 1, 1, 1, 1, 1, 1, 1)
  (1, 1, 1, 1, 1, 1, 0, 2)
  (2, 0, 1, 1, 1, 1, 0, 2)
  (2, 0, 1, 1, 0, 2, 0, 2)
  (2, 0, 1, 1, 0, 4, 0, 0)
  (2, 0, 0, 2, 0, 4, 0, 0)
  (2, 0, 0, 0, 0, 6, 0, 0)

Path 2177 (6 moves):
  (1, 1, 1, 1, 1, 1, 1, 1)
  (1, 1, 1, 1, 1, 1, 0, 2)
  (2, 0, 1, 1, 1, 1, 0, 2)
  (2, 0, 1, 1, 0, 2, 0, 2)
  (2, 0, 1, 1, 0, 4, 0, 0)
  (2, 0, 2, 0, 0, 4, 0, 0)
  (0, 0, 4, 0, 0, 4, 0, 0)

Path 2178 (6 moves):
  (1, 1, 1, 1, 1, 1, 1, 1)
  (1, 1, 1, 1, 1, 1, 0, 2)
  (2, 0, 1, 1, 1, 1, 0, 2)
  (2, 0, 1, 1, 0, 2, 0, 2)
  (2, 0, 1, 1, 0, 4, 0, 0)
  (2, 0, 2, 0, 0, 4, 0, 0)
  (4, 0, 0, 0, 0, 4, 0, 0)

Path 2179 (4 moves):
  (1, 1, 1, 1, 1, 1, 1, 1)
  (1, 1, 1, 1, 1, 1, 0, 2)
  (2, 0, 1, 1, 1, 1, 0, 2)
  (2, 0, 1, 1, 2, 0, 0, 2)
  (2, 0, 0, 2, 2, 0, 0, 2)

Path 2180 (6 moves):
  (1, 1, 1, 1, 1, 1, 1, 1)
  (1, 1, 1, 1, 1, 1, 0, 2)
  (2, 0, 1, 1, 1, 1, 0, 2)
  (2, 0, 1, 1, 2, 0, 0, 2)
  (2, 0, 2, 0, 2, 0, 0, 2)
  (0, 0, 4, 0, 2, 0, 0, 2)
  (0, 0, 6, 0, 0, 0, 0, 2)

Path 2181 (6 moves):
  (1, 1, 1, 1, 1, 1, 1, 1)
  (1, 1, 1, 1, 1, 1, 0, 2)
  (2, 0, 1, 1, 1, 1, 0, 2)
  (2, 0, 1, 1, 2, 0, 0, 2)
  (2, 0, 2, 0, 2, 0, 0, 2)
  (4, 0, 0, 0, 2, 0, 0, 2)
  (0, 0, 0, 0, 6, 0, 0, 2)

Path 2182 (6 moves):
  (1, 1, 1, 1, 1, 1, 1, 1)
  (1, 1, 1, 1, 1, 1, 0, 2)
  (2, 0, 1, 1, 1, 1, 0, 2)
  (2, 0, 1, 1, 2, 0, 0, 2)
  (2, 0, 2, 0, 2, 0, 0, 2)
  (2, 0, 0, 0, 4, 0, 0, 2)
  (6, 0, 0, 0, 0, 0, 0, 2)

Path 2183 (6 moves):
  (1, 1, 1, 1, 1, 1, 1, 1)
  (1, 1, 1, 1, 1, 1, 0, 2)
  (2, 0, 1, 1, 1, 1, 0, 2)
  (2, 0, 1, 1, 2, 0, 0, 2)
  (2, 0, 2, 0, 2, 0, 0, 2)
  (2, 0, 4, 0, 0, 0, 0, 2)
  (0, 0, 6, 0, 0, 0, 0, 2)

Path 2184 (6 moves):
  (1, 1, 1, 1, 1, 1, 1, 1)
  (1, 1, 1, 1, 1, 1, 0, 2)
  (2, 0, 1, 1, 1, 1, 0, 2)
  (2, 0, 1, 1, 2, 0, 0, 2)
  (2, 0, 3, 1, 0, 0, 0, 2)
  (0, 0, 5, 1, 0, 0, 0, 2)
  (0, 0, 0, 1, 0, 0, 0, 7)

Path 2185 (6 moves):
  (1, 1, 1, 1, 1, 1, 1, 1)
  (1, 1, 1, 1, 1, 1, 0, 2)
  (2, 0, 1, 1, 1, 1, 0, 2)
  (2, 0, 1, 1, 2, 0, 0, 2)
  (2, 0, 3, 1, 0, 0, 0, 2)
  (0, 0, 5, 1, 0, 0, 0, 2)
  (0, 0, 6, 0, 0, 0, 0, 2)

Path 2186 (6 moves):
  (1, 1, 1, 1, 1, 1, 1, 1)
  (1, 1, 1, 1, 1, 1, 0, 2)
  (2, 0, 1, 1, 1, 1, 0, 2)
  (2, 0, 1, 1, 2, 0, 0, 2)
  (2, 0, 3, 1, 0, 0, 0, 2)
  (2, 0, 4, 0, 0, 0, 0, 2)
  (0, 0, 6, 0, 0, 0, 0, 2)

Path 2187 (6 moves):
  (1, 1, 1, 1, 1, 1, 1, 1)
  (1, 1, 1, 1, 1, 1, 0, 2)
  (2, 0, 1, 1, 1, 1, 0, 2)
  (2, 0, 1, 1, 1, 3, 0, 0)
  (0, 0, 3, 1, 1, 3, 0, 0)
  (0, 0, 0, 1, 1, 6, 0, 0)
  (0, 0, 0, 0, 2, 6, 0, 0)

Path 2188 (6 moves):
  (1, 1, 1, 1, 1, 1, 1, 1)
  (1, 1, 1, 1, 1, 1, 0, 2)
  (2, 0, 1, 1, 1, 1, 0, 2)
  (2, 0, 1, 1, 1, 3, 0, 0)
  (0, 0, 3, 1, 1, 3, 0, 0)
  (0, 0, 0, 1, 1, 6, 0, 0)
  (0, 0, 0, 1, 0, 7, 0, 0)

Path 2189 (6 moves):
  (1, 1, 1, 1, 1, 1, 1, 1)
  (1, 1, 1, 1, 1, 1, 0, 2)
  (2, 0, 1, 1, 1, 1, 0, 2)
  (2, 0, 1, 1, 1, 3, 0, 0)
  (0, 0, 3, 1, 1, 3, 0, 0)
  (0, 0, 4, 0, 1, 3, 0, 0)
  (0, 0, 4, 0, 0, 4, 0, 0)

Path 2190 (6 moves):
  (1, 1, 1, 1, 1, 1, 1, 1)
  (1, 1, 1, 1, 1, 1, 0, 2)
  (2, 0, 1, 1, 1, 1, 0, 2)
  (2, 0, 1, 1, 1, 3, 0, 0)
  (0, 0, 3, 1, 1, 3, 0, 0)
  (0, 0, 4, 0, 1, 3, 0, 0)
  (0, 0, 7, 0, 1, 0, 0, 0)

Path 2191 (6 moves):
  (1, 1, 1, 1, 1, 1, 1, 1)
  (1, 1, 1, 1, 1, 1, 0, 2)
  (2, 0, 1, 1, 1, 1, 0, 2)
  (2, 0, 1, 1, 1, 3, 0, 0)
  (0, 0, 3, 1, 1, 3, 0, 0)
  (0, 0, 3, 0, 2, 3, 0, 0)
  (0, 0, 0, 0, 2, 6, 0, 0)

Path 2192 (6 moves):
  (1, 1, 1, 1, 1, 1, 1, 1)
  (1, 1, 1, 1, 1, 1, 0, 2)
  (2, 0, 1, 1, 1, 1, 0, 2)
  (2, 0, 1, 1, 1, 3, 0, 0)
  (0, 0, 3, 1, 1, 3, 0, 0)
  (0, 0, 3, 2, 0, 3, 0, 0)
  (0, 0, 6, 2, 0, 0, 0, 0)

Path 2193 (6 moves):
  (1, 1, 1, 1, 1, 1, 1, 1)
  (1, 1, 1, 1, 1, 1, 0, 2)
  (2, 0, 1, 1, 1, 1, 0, 2)
  (2, 0, 1, 1, 1, 3, 0, 0)
  (0, 0, 3, 1, 1, 3, 0, 0)
  (0, 0, 3, 1, 0, 4, 0, 0)
  (0, 0, 0, 1, 0, 7, 0, 0)

Path 2194 (6 moves):
  (1, 1, 1, 1, 1, 1, 1, 1)
  (1, 1, 1, 1, 1, 1, 0, 2)
  (2, 0, 1, 1, 1, 1, 0, 2)
  (2, 0, 1, 1, 1, 3, 0, 0)
  (0, 0, 3, 1, 1, 3, 0, 0)
  (0, 0, 3, 1, 0, 4, 0, 0)
  (0, 0, 4, 0, 0, 4, 0, 0)

Path 2195 (6 moves):
  (1, 1, 1, 1, 1, 1, 1, 1)
  (1, 1, 1, 1, 1, 1, 0, 2)
  (2, 0, 1, 1, 1, 1, 0, 2)
  (2, 0, 1, 1, 1, 3, 0, 0)
  (0, 0, 3, 1, 1, 3, 0, 0)
  (0, 0, 6, 1, 1, 0, 0, 0)
  (0, 0, 7, 0, 1, 0, 0, 0)

Path 2196 (6 moves):
  (1, 1, 1, 1, 1, 1, 1, 1)
  (1, 1, 1, 1, 1, 1, 0, 2)
  (2, 0, 1, 1, 1, 1, 0, 2)
  (2, 0, 1, 1, 1, 3, 0, 0)
  (0, 0, 3, 1, 1, 3, 0, 0)
  (0, 0, 6, 1, 1, 0, 0, 0)
  (0, 0, 6, 2, 0, 0, 0, 0)

Path 2197 (6 moves):
  (1, 1, 1, 1, 1, 1, 1, 1)
  (1, 1, 1, 1, 1, 1, 0, 2)
  (2, 0, 1, 1, 1, 1, 0, 2)
  (2, 0, 1, 1, 1, 3, 0, 0)
  (2, 0, 1, 1, 0, 4, 0, 0)
  (0, 0, 3, 1, 0, 4, 0, 0)
  (0, 0, 0, 1, 0, 7, 0, 0)

Path 2198 (6 moves):
  (1, 1, 1, 1, 1, 1, 1, 1)
  (1, 1, 1, 1, 1, 1, 0, 2)
  (2, 0, 1, 1, 1, 1, 0, 2)
  (2, 0, 1, 1, 1, 3, 0, 0)
  (2, 0, 1, 1, 0, 4, 0, 0)
  (0, 0, 3, 1, 0, 4, 0, 0)
  (0, 0, 4, 0, 0, 4, 0, 0)

Path 2199 (6 moves):
  (1, 1, 1, 1, 1, 1, 1, 1)
  (1, 1, 1, 1, 1, 1, 0, 2)
  (2, 0, 1, 1, 1, 1, 0, 2)
  (2, 0, 1, 1, 1, 3, 0, 0)
  (2, 0, 1, 1, 0, 4, 0, 0)
  (2, 0, 0, 2, 0, 4, 0, 0)
  (2, 0, 0, 0, 0, 6, 0, 0)

Path 2200 (6 moves):
  (1, 1, 1, 1, 1, 1, 1, 1)
  (1, 1, 1, 1, 1, 1, 0, 2)
  (2, 0, 1, 1, 1, 1, 0, 2)
  (2, 0, 1, 1, 1, 3, 0, 0)
  (2, 0, 1, 1, 0, 4, 0, 0)
  (2, 0, 2, 0, 0, 4, 0, 0)
  (0, 0, 4, 0, 0, 4, 0, 0)

Path 2201 (6 moves):
  (1, 1, 1, 1, 1, 1, 1, 1)
  (1, 1, 1, 1, 1, 1, 0, 2)
  (2, 0, 1, 1, 1, 1, 0, 2)
  (2, 0, 1, 1, 1, 3, 0, 0)
  (2, 0, 1, 1, 0, 4, 0, 0)
  (2, 0, 2, 0, 0, 4, 0, 0)
  (4, 0, 0, 0, 0, 4, 0, 0)

Path 2202 (6 moves):
  (1, 1, 1, 1, 1, 1, 1, 1)
  (1, 1, 1, 1, 1, 1, 0, 2)
  (1, 2, 0, 1, 1, 1, 0, 2)
  (0, 3, 0, 1, 1, 1, 0, 2)
  (0, 0, 0, 1, 4, 1, 0, 2)
  (0, 0, 0, 0, 5, 1, 0, 2)
  (0, 0, 0, 0, 6, 0, 0, 2)

Path 2203 (6 moves):
  (1, 1, 1, 1, 1, 1, 1, 1)
  (1, 1, 1, 1, 1, 1, 0, 2)
  (1, 2, 0, 1, 1, 1, 0, 2)
  (0, 3, 0, 1, 1, 1, 0, 2)
  (0, 0, 0, 1, 4, 1, 0, 2)
  (0, 0, 0, 0, 5, 1, 0, 2)
  (0, 0, 0, 0, 5, 3, 0, 0)

Path 2204 (6 moves):
  (1, 1, 1, 1, 1, 1, 1, 1)
  (1, 1, 1, 1, 1, 1, 0, 2)
  (1, 2, 0, 1, 1, 1, 0, 2)
  (0, 3, 0, 1, 1, 1, 0, 2)
  (0, 0, 0, 1, 4, 1, 0, 2)
  (0, 0, 0, 1, 5, 0, 0, 2)
  (0, 0, 0, 0, 6, 0, 0, 2)

Path 2205 (6 moves):
  (1, 1, 1, 1, 1, 1, 1, 1)
  (1, 1, 1, 1, 1, 1, 0, 2)
  (1, 2, 0, 1, 1, 1, 0, 2)
  (0, 3, 0, 1, 1, 1, 0, 2)
  (0, 0, 0, 1, 4, 1, 0, 2)
  (0, 0, 0, 1, 4, 3, 0, 0)
  (0, 0, 0, 0, 5, 3, 0, 0)

Path 2206 (6 moves):
  (1, 1, 1, 1, 1, 1, 1, 1)
  (1, 1, 1, 1, 1, 1, 0, 2)
  (1, 2, 0, 1, 1, 1, 0, 2)
  (0, 3, 0, 1, 1, 1, 0, 2)
  (0, 3, 0, 0, 2, 1, 0, 2)
  (0, 0, 0, 0, 5, 1, 0, 2)
  (0, 0, 0, 0, 6, 0, 0, 2)

Path 2207 (6 moves):
  (1, 1, 1, 1, 1, 1, 1, 1)
  (1, 1, 1, 1, 1, 1, 0, 2)
  (1, 2, 0, 1, 1, 1, 0, 2)
  (0, 3, 0, 1, 1, 1, 0, 2)
  (0, 3, 0, 0, 2, 1, 0, 2)
  (0, 0, 0, 0, 5, 1, 0, 2)
  (0, 0, 0, 0, 5, 3, 0, 0)

Path 2208 (6 moves):
  (1, 1, 1, 1, 1, 1, 1, 1)
  (1, 1, 1, 1, 1, 1, 0, 2)
  (1, 2, 0, 1, 1, 1, 0, 2)
  (0, 3, 0, 1, 1, 1, 0, 2)
  (0, 3, 0, 0, 2, 1, 0, 2)
  (0, 3, 0, 0, 3, 0, 0, 2)
  (0, 0, 0, 0, 6, 0, 0, 2)

Path 2209 (6 moves):
  (1, 1, 1, 1, 1, 1, 1, 1)
  (1, 1, 1, 1, 1, 1, 0, 2)
  (1, 2, 0, 1, 1, 1, 0, 2)
  (0, 3, 0, 1, 1, 1, 0, 2)
  (0, 3, 0, 0, 2, 1, 0, 2)
  (0, 3, 0, 0, 3, 0, 0, 2)
  (0, 3, 0, 0, 0, 0, 0, 5)

Path 2210 (6 moves):
  (1, 1, 1, 1, 1, 1, 1, 1)
  (1, 1, 1, 1, 1, 1, 0, 2)
  (1, 2, 0, 1, 1, 1, 0, 2)
  (0, 3, 0, 1, 1, 1, 0, 2)
  (0, 3, 0, 0, 2, 1, 0, 2)
  (0, 3, 0, 0, 2, 3, 0, 0)
  (0, 0, 0, 0, 5, 3, 0, 0)

Path 2211 (6 moves):
  (1, 1, 1, 1, 1, 1, 1, 1)
  (1, 1, 1, 1, 1, 1, 0, 2)
  (1, 2, 0, 1, 1, 1, 0, 2)
  (0, 3, 0, 1, 1, 1, 0, 2)
  (0, 3, 0, 2, 0, 1, 0, 2)
  (0, 5, 0, 0, 0, 1, 0, 2)
  (0, 5, 0, 0, 0, 3, 0, 0)

Path 2212 (6 moves):
  (1, 1, 1, 1, 1, 1, 1, 1)
  (1, 1, 1, 1, 1, 1, 0, 2)
  (1, 2, 0, 1, 1, 1, 0, 2)
  (0, 3, 0, 1, 1, 1, 0, 2)
  (0, 3, 0, 2, 0, 1, 0, 2)
  (0, 3, 0, 0, 0, 3, 0, 2)
  (0, 3, 0, 0, 0, 5, 0, 0)

Path 2213 (6 moves):
  (1, 1, 1, 1, 1, 1, 1, 1)
  (1, 1, 1, 1, 1, 1, 0, 2)
  (1, 2, 0, 1, 1, 1, 0, 2)
  (0, 3, 0, 1, 1, 1, 0, 2)
  (0, 3, 0, 2, 0, 1, 0, 2)
  (0, 3, 0, 2, 0, 3, 0, 0)
  (0, 5, 0, 0, 0, 3, 0, 0)

Path 2214 (6 moves):
  (1, 1, 1, 1, 1, 1, 1, 1)
  (1, 1, 1, 1, 1, 1, 0, 2)
  (1, 2, 0, 1, 1, 1, 0, 2)
  (0, 3, 0, 1, 1, 1, 0, 2)
  (0, 3, 0, 2, 0, 1, 0, 2)
  (0, 3, 0, 2, 0, 3, 0, 0)
  (0, 3, 0, 0, 0, 5, 0, 0)

Path 2215 (6 moves):
  (1, 1, 1, 1, 1, 1, 1, 1)
  (1, 1, 1, 1, 1, 1, 0, 2)
  (1, 2, 0, 1, 1, 1, 0, 2)
  (0, 3, 0, 1, 1, 1, 0, 2)
  (0, 3, 0, 1, 2, 0, 0, 2)
  (0, 0, 0, 1, 5, 0, 0, 2)
  (0, 0, 0, 0, 6, 0, 0, 2)

Path 2216 (6 moves):
  (1, 1, 1, 1, 1, 1, 1, 1)
  (1, 1, 1, 1, 1, 1, 0, 2)
  (1, 2, 0, 1, 1, 1, 0, 2)
  (0, 3, 0, 1, 1, 1, 0, 2)
  (0, 3, 0, 1, 2, 0, 0, 2)
  (0, 3, 0, 0, 3, 0, 0, 2)
  (0, 0, 0, 0, 6, 0, 0, 2)

Path 2217 (6 moves):
  (1, 1, 1, 1, 1, 1, 1, 1)
  (1, 1, 1, 1, 1, 1, 0, 2)
  (1, 2, 0, 1, 1, 1, 0, 2)
  (0, 3, 0, 1, 1, 1, 0, 2)
  (0, 3, 0, 1, 2, 0, 0, 2)
  (0, 3, 0, 0, 3, 0, 0, 2)
  (0, 3, 0, 0, 0, 0, 0, 5)

Path 2218 (6 moves):
  (1, 1, 1, 1, 1, 1, 1, 1)
  (1, 1, 1, 1, 1, 1, 0, 2)
  (1, 2, 0, 1, 1, 1, 0, 2)
  (0, 3, 0, 1, 1, 1, 0, 2)
  (0, 3, 0, 1, 1, 3, 0, 0)
  (0, 0, 0, 1, 4, 3, 0, 0)
  (0, 0, 0, 0, 5, 3, 0, 0)

Path 2219 (6 moves):
  (1, 1, 1, 1, 1, 1, 1, 1)
  (1, 1, 1, 1, 1, 1, 0, 2)
  (1, 2, 0, 1, 1, 1, 0, 2)
  (0, 3, 0, 1, 1, 1, 0, 2)
  (0, 3, 0, 1, 1, 3, 0, 0)
  (0, 3, 0, 0, 2, 3, 0, 0)
  (0, 0, 0, 0, 5, 3, 0, 0)

Path 2220 (6 moves):
  (1, 1, 1, 1, 1, 1, 1, 1)
  (1, 1, 1, 1, 1, 1, 0, 2)
  (1, 2, 0, 1, 1, 1, 0, 2)
  (0, 3, 0, 1, 1, 1, 0, 2)
  (0, 3, 0, 1, 1, 3, 0, 0)
  (0, 3, 0, 2, 0, 3, 0, 0)
  (0, 5, 0, 0, 0, 3, 0, 0)

Path 2221 (6 moves):
  (1, 1, 1, 1, 1, 1, 1, 1)
  (1, 1, 1, 1, 1, 1, 0, 2)
  (1, 2, 0, 1, 1, 1, 0, 2)
  (0, 3, 0, 1, 1, 1, 0, 2)
  (0, 3, 0, 1, 1, 3, 0, 0)
  (0, 3, 0, 2, 0, 3, 0, 0)
  (0, 3, 0, 0, 0, 5, 0, 0)

Path 2222 (6 moves):
  (1, 1, 1, 1, 1, 1, 1, 1)
  (1, 1, 1, 1, 1, 1, 0, 2)
  (1, 2, 0, 1, 1, 1, 0, 2)
  (0, 3, 0, 1, 1, 1, 0, 2)
  (0, 3, 0, 1, 1, 3, 0, 0)
  (0, 3, 0, 1, 0, 4, 0, 0)
  (0, 7, 0, 1, 0, 0, 0, 0)

Path 2223 (6 moves):
  (1, 1, 1, 1, 1, 1, 1, 1)
  (1, 1, 1, 1, 1, 1, 0, 2)
  (1, 2, 0, 1, 1, 1, 0, 2)
  (1, 0, 0, 3, 1, 1, 0, 2)
  (4, 0, 0, 0, 1, 1, 0, 2)
  (0, 0, 0, 0, 5, 1, 0, 2)
  (0, 0, 0, 0, 6, 0, 0, 2)

Path 2224 (6 moves):
  (1, 1, 1, 1, 1, 1, 1, 1)
  (1, 1, 1, 1, 1, 1, 0, 2)
  (1, 2, 0, 1, 1, 1, 0, 2)
  (1, 0, 0, 3, 1, 1, 0, 2)
  (4, 0, 0, 0, 1, 1, 0, 2)
  (0, 0, 0, 0, 5, 1, 0, 2)
  (0, 0, 0, 0, 5, 3, 0, 0)

Path 2225 (6 moves):
  (1, 1, 1, 1, 1, 1, 1, 1)
  (1, 1, 1, 1, 1, 1, 0, 2)
  (1, 2, 0, 1, 1, 1, 0, 2)
  (1, 0, 0, 3, 1, 1, 0, 2)
  (4, 0, 0, 0, 1, 1, 0, 2)
  (4, 0, 0, 0, 0, 2, 0, 2)
  (4, 0, 0, 0, 0, 0, 0, 4)

Path 2226 (6 moves):
  (1, 1, 1, 1, 1, 1, 1, 1)
  (1, 1, 1, 1, 1, 1, 0, 2)
  (1, 2, 0, 1, 1, 1, 0, 2)
  (1, 0, 0, 3, 1, 1, 0, 2)
  (4, 0, 0, 0, 1, 1, 0, 2)
  (4, 0, 0, 0, 0, 2, 0, 2)
  (4, 0, 0, 0, 0, 4, 0, 0)

Path 2227 (6 moves):
  (1, 1, 1, 1, 1, 1, 1, 1)
  (1, 1, 1, 1, 1, 1, 0, 2)
  (1, 2, 0, 1, 1, 1, 0, 2)
  (1, 0, 0, 3, 1, 1, 0, 2)
  (4, 0, 0, 0, 1, 1, 0, 2)
  (4, 0, 0, 0, 2, 0, 0, 2)
  (0, 0, 0, 0, 6, 0, 0, 2)

Path 2228 (6 moves):
  (1, 1, 1, 1, 1, 1, 1, 1)
  (1, 1, 1, 1, 1, 1, 0, 2)
  (1, 2, 0, 1, 1, 1, 0, 2)
  (1, 0, 0, 3, 1, 1, 0, 2)
  (4, 0, 0, 0, 1, 1, 0, 2)
  (4, 0, 0, 0, 1, 3, 0, 0)
  (0, 0, 0, 0, 5, 3, 0, 0)

Path 2229 (6 moves):
  (1, 1, 1, 1, 1, 1, 1, 1)
  (1, 1, 1, 1, 1, 1, 0, 2)
  (1, 2, 0, 1, 1, 1, 0, 2)
  (1, 0, 0, 3, 1, 1, 0, 2)
  (4, 0, 0, 0, 1, 1, 0, 2)
  (4, 0, 0, 0, 1, 3, 0, 0)
  (4, 0, 0, 0, 0, 4, 0, 0)

Path 2230 (6 moves):
  (1, 1, 1, 1, 1, 1, 1, 1)
  (1, 1, 1, 1, 1, 1, 0, 2)
  (1, 2, 0, 1, 1, 1, 0, 2)
  (1, 0, 0, 3, 1, 1, 0, 2)
  (1, 0, 0, 3, 2, 0, 0, 2)
  (4, 0, 0, 0, 2, 0, 0, 2)
  (0, 0, 0, 0, 6, 0, 0, 2)

Path 2231 (6 moves):
  (1, 1, 1, 1, 1, 1, 1, 1)
  (1, 1, 1, 1, 1, 1, 0, 2)
  (1, 2, 0, 1, 1, 1, 0, 2)
  (1, 2, 0, 0, 2, 1, 0, 2)
  (0, 3, 0, 0, 2, 1, 0, 2)
  (0, 0, 0, 0, 5, 1, 0, 2)
  (0, 0, 0, 0, 6, 0, 0, 2)

Path 2232 (6 moves):
  (1, 1, 1, 1, 1, 1, 1, 1)
  (1, 1, 1, 1, 1, 1, 0, 2)
  (1, 2, 0, 1, 1, 1, 0, 2)
  (1, 2, 0, 0, 2, 1, 0, 2)
  (0, 3, 0, 0, 2, 1, 0, 2)
  (0, 0, 0, 0, 5, 1, 0, 2)
  (0, 0, 0, 0, 5, 3, 0, 0)

Path 2233 (6 moves):
  (1, 1, 1, 1, 1, 1, 1, 1)
  (1, 1, 1, 1, 1, 1, 0, 2)
  (1, 2, 0, 1, 1, 1, 0, 2)
  (1, 2, 0, 0, 2, 1, 0, 2)
  (0, 3, 0, 0, 2, 1, 0, 2)
  (0, 3, 0, 0, 3, 0, 0, 2)
  (0, 0, 0, 0, 6, 0, 0, 2)

Path 2234 (6 moves):
  (1, 1, 1, 1, 1, 1, 1, 1)
  (1, 1, 1, 1, 1, 1, 0, 2)
  (1, 2, 0, 1, 1, 1, 0, 2)
  (1, 2, 0, 0, 2, 1, 0, 2)
  (0, 3, 0, 0, 2, 1, 0, 2)
  (0, 3, 0, 0, 3, 0, 0, 2)
  (0, 3, 0, 0, 0, 0, 0, 5)

Path 2235 (6 moves):
  (1, 1, 1, 1, 1, 1, 1, 1)
  (1, 1, 1, 1, 1, 1, 0, 2)
  (1, 2, 0, 1, 1, 1, 0, 2)
  (1, 2, 0, 0, 2, 1, 0, 2)
  (0, 3, 0, 0, 2, 1, 0, 2)
  (0, 3, 0, 0, 2, 3, 0, 0)
  (0, 0, 0, 0, 5, 3, 0, 0)

Path 2236 (6 moves):
  (1, 1, 1, 1, 1, 1, 1, 1)
  (1, 1, 1, 1, 1, 1, 0, 2)
  (1, 2, 0, 1, 1, 1, 0, 2)
  (1, 2, 0, 0, 2, 1, 0, 2)
  (1, 2, 0, 0, 2, 3, 0, 0)
  (0, 3, 0, 0, 2, 3, 0, 0)
  (0, 0, 0, 0, 5, 3, 0, 0)

Path 2237 (6 moves):
  (1, 1, 1, 1, 1, 1, 1, 1)
  (1, 1, 1, 1, 1, 1, 0, 2)
  (1, 2, 0, 1, 1, 1, 0, 2)
  (1, 2, 0, 2, 0, 1, 0, 2)
  (0, 3, 0, 2, 0, 1, 0, 2)
  (0, 5, 0, 0, 0, 1, 0, 2)
  (0, 5, 0, 0, 0, 3, 0, 0)

Path 2238 (6 moves):
  (1, 1, 1, 1, 1, 1, 1, 1)
  (1, 1, 1, 1, 1, 1, 0, 2)
  (1, 2, 0, 1, 1, 1, 0, 2)
  (1, 2, 0, 2, 0, 1, 0, 2)
  (0, 3, 0, 2, 0, 1, 0, 2)
  (0, 3, 0, 0, 0, 3, 0, 2)
  (0, 3, 0, 0, 0, 5, 0, 0)

Path 2239 (6 moves):
  (1, 1, 1, 1, 1, 1, 1, 1)
  (1, 1, 1, 1, 1, 1, 0, 2)
  (1, 2, 0, 1, 1, 1, 0, 2)
  (1, 2, 0, 2, 0, 1, 0, 2)
  (0, 3, 0, 2, 0, 1, 0, 2)
  (0, 3, 0, 2, 0, 3, 0, 0)
  (0, 5, 0, 0, 0, 3, 0, 0)

Path 2240 (6 moves):
  (1, 1, 1, 1, 1, 1, 1, 1)
  (1, 1, 1, 1, 1, 1, 0, 2)
  (1, 2, 0, 1, 1, 1, 0, 2)
  (1, 2, 0, 2, 0, 1, 0, 2)
  (0, 3, 0, 2, 0, 1, 0, 2)
  (0, 3, 0, 2, 0, 3, 0, 0)
  (0, 3, 0, 0, 0, 5, 0, 0)

Path 2241 (6 moves):
  (1, 1, 1, 1, 1, 1, 1, 1)
  (1, 1, 1, 1, 1, 1, 0, 2)
  (1, 2, 0, 1, 1, 1, 0, 2)
  (1, 2, 0, 2, 0, 1, 0, 2)
  (1, 4, 0, 0, 0, 1, 0, 2)
  (0, 5, 0, 0, 0, 1, 0, 2)
  (0, 5, 0, 0, 0, 3, 0, 0)

Path 2242 (6 moves):
  (1, 1, 1, 1, 1, 1, 1, 1)
  (1, 1, 1, 1, 1, 1, 0, 2)
  (1, 2, 0, 1, 1, 1, 0, 2)
  (1, 2, 0, 2, 0, 1, 0, 2)
  (1, 4, 0, 0, 0, 1, 0, 2)
  (1, 0, 0, 0, 0, 5, 0, 2)
  (6, 0, 0, 0, 0, 0, 0, 2)

Path 2243 (6 moves):
  (1, 1, 1, 1, 1, 1, 1, 1)
  (1, 1, 1, 1, 1, 1, 0, 2)
  (1, 2, 0, 1, 1, 1, 0, 2)
  (1, 2, 0, 2, 0, 1, 0, 2)
  (1, 4, 0, 0, 0, 1, 0, 2)
  (1, 0, 0, 0, 0, 5, 0, 2)
  (1, 0, 0, 0, 0, 7, 0, 0)

Path 2244 (6 moves):
  (1, 1, 1, 1, 1, 1, 1, 1)
  (1, 1, 1, 1, 1, 1, 0, 2)
  (1, 2, 0, 1, 1, 1, 0, 2)
  (1, 2, 0, 2, 0, 1, 0, 2)
  (1, 4, 0, 0, 0, 1, 0, 2)
  (1, 4, 0, 0, 0, 3, 0, 0)
  (0, 5, 0, 0, 0, 3, 0, 0)

Path 2245 (6 moves):
  (1, 1, 1, 1, 1, 1, 1, 1)
  (1, 1, 1, 1, 1, 1, 0, 2)
  (1, 2, 0, 1, 1, 1, 0, 2)
  (1, 2, 0, 2, 0, 1, 0, 2)
  (1, 4, 0, 0, 0, 1, 0, 2)
  (1, 4, 0, 0, 0, 3, 0, 0)
  (1, 0, 0, 0, 0, 7, 0, 0)

Path 2246 (6 moves):
  (1, 1, 1, 1, 1, 1, 1, 1)
  (1, 1, 1, 1, 1, 1, 0, 2)
  (1, 2, 0, 1, 1, 1, 0, 2)
  (1, 2, 0, 2, 0, 1, 0, 2)
  (1, 2, 0, 0, 0, 3, 0, 2)
  (0, 3, 0, 0, 0, 3, 0, 2)
  (0, 3, 0, 0, 0, 5, 0, 0)

Path 2247 (6 moves):
  (1, 1, 1, 1, 1, 1, 1, 1)
  (1, 1, 1, 1, 1, 1, 0, 2)
  (1, 2, 0, 1, 1, 1, 0, 2)
  (1, 2, 0, 2, 0, 1, 0, 2)
  (1, 2, 0, 0, 0, 3, 0, 2)
  (1, 2, 0, 0, 0, 5, 0, 0)
  (0, 3, 0, 0, 0, 5, 0, 0)

Path 2248 (6 moves):
  (1, 1, 1, 1, 1, 1, 1, 1)
  (1, 1, 1, 1, 1, 1, 0, 2)
  (1, 2, 0, 1, 1, 1, 0, 2)
  (1, 2, 0, 2, 0, 1, 0, 2)
  (1, 2, 0, 0, 0, 3, 0, 2)
  (1, 2, 0, 0, 0, 5, 0, 0)
  (6, 2, 0, 0, 0, 0, 0, 0)

Path 2249 (6 moves):
  (1, 1, 1, 1, 1, 1, 1, 1)
  (1, 1, 1, 1, 1, 1, 0, 2)
  (1, 2, 0, 1, 1, 1, 0, 2)
  (1, 2, 0, 1, 0, 2, 0, 2)
  (1, 2, 0, 1, 0, 0, 0, 4)
  (0, 3, 0, 1, 0, 0, 0, 4)
  (0, 3, 0, 5, 0, 0, 0, 0)

Path 2250 (6 moves):
  (1, 1, 1, 1, 1, 1, 1, 1)
  (1, 1, 1, 1, 1, 1, 0, 2)
  (1, 2, 0, 1, 1, 1, 0, 2)
  (1, 2, 0, 1, 0, 2, 0, 2)
  (1, 2, 0, 1, 0, 0, 0, 4)
  (1, 0, 0, 3, 0, 0, 0, 4)
  (4, 0, 0, 0, 0, 0, 0, 4)

Path 2251 (6 moves):
  (1, 1, 1, 1, 1, 1, 1, 1)
  (1, 1, 1, 1, 1, 1, 0, 2)
  (1, 2, 0, 1, 1, 1, 0, 2)
  (1, 2, 0, 1, 0, 2, 0, 2)
  (1, 2, 0, 1, 0, 0, 0, 4)
  (1, 0, 0, 3, 0, 0, 0, 4)
  (1, 0, 0, 7, 0, 0, 0, 0)

Path 2252 (6 moves):
  (1, 1, 1, 1, 1, 1, 1, 1)
  (1, 1, 1, 1, 1, 1, 0, 2)
  (1, 2, 0, 1, 1, 1, 0, 2)
  (1, 2, 0, 1, 0, 2, 0, 2)
  (1, 2, 0, 1, 0, 0, 0, 4)
  (1, 2, 0, 5, 0, 0, 0, 0)
  (0, 3, 0, 5, 0, 0, 0, 0)

Path 2253 (6 moves):
  (1, 1, 1, 1, 1, 1, 1, 1)
  (1, 1, 1, 1, 1, 1, 0, 2)
  (1, 2, 0, 1, 1, 1, 0, 2)
  (1, 2, 0, 1, 0, 2, 0, 2)
  (1, 2, 0, 1, 0, 0, 0, 4)
  (1, 2, 0, 5, 0, 0, 0, 0)
  (1, 0, 0, 7, 0, 0, 0, 0)

Path 2254 (6 moves):
  (1, 1, 1, 1, 1, 1, 1, 1)
  (1, 1, 1, 1, 1, 1, 0, 2)
  (1, 2, 0, 1, 1, 1, 0, 2)
  (1, 2, 0, 1, 0, 2, 0, 2)
  (1, 2, 0, 1, 0, 4, 0, 0)
  (0, 3, 0, 1, 0, 4, 0, 0)
  (0, 7, 0, 1, 0, 0, 0, 0)

Path 2255 (6 moves):
  (1, 1, 1, 1, 1, 1, 1, 1)
  (1, 1, 1, 1, 1, 1, 0, 2)
  (1, 2, 0, 1, 1, 1, 0, 2)
  (1, 2, 0, 1, 0, 2, 0, 2)
  (1, 2, 0, 1, 0, 4, 0, 0)
  (1, 0, 0, 3, 0, 4, 0, 0)
  (4, 0, 0, 0, 0, 4, 0, 0)

Path 2256 (6 moves):
  (1, 1, 1, 1, 1, 1, 1, 1)
  (1, 1, 1, 1, 1, 1, 0, 2)
  (1, 2, 0, 1, 1, 1, 0, 2)
  (1, 2, 0, 1, 0, 2, 0, 2)
  (1, 2, 0, 1, 0, 4, 0, 0)
  (1, 6, 0, 1, 0, 0, 0, 0)
  (0, 7, 0, 1, 0, 0, 0, 0)

Path 2257 (6 moves):
  (1, 1, 1, 1, 1, 1, 1, 1)
  (1, 1, 1, 1, 1, 1, 0, 2)
  (1, 2, 0, 1, 1, 1, 0, 2)
  (1, 2, 0, 1, 2, 0, 0, 2)
  (0, 3, 0, 1, 2, 0, 0, 2)
  (0, 0, 0, 1, 5, 0, 0, 2)
  (0, 0, 0, 0, 6, 0, 0, 2)

Path 2258 (6 moves):
  (1, 1, 1, 1, 1, 1, 1, 1)
  (1, 1, 1, 1, 1, 1, 0, 2)
  (1, 2, 0, 1, 1, 1, 0, 2)
  (1, 2, 0, 1, 2, 0, 0, 2)
  (0, 3, 0, 1, 2, 0, 0, 2)
  (0, 3, 0, 0, 3, 0, 0, 2)
  (0, 0, 0, 0, 6, 0, 0, 2)

Path 2259 (6 moves):
  (1, 1, 1, 1, 1, 1, 1, 1)
  (1, 1, 1, 1, 1, 1, 0, 2)
  (1, 2, 0, 1, 1, 1, 0, 2)
  (1, 2, 0, 1, 2, 0, 0, 2)
  (0, 3, 0, 1, 2, 0, 0, 2)
  (0, 3, 0, 0, 3, 0, 0, 2)
  (0, 3, 0, 0, 0, 0, 0, 5)

Path 2260 (6 moves):
  (1, 1, 1, 1, 1, 1, 1, 1)
  (1, 1, 1, 1, 1, 1, 0, 2)
  (1, 2, 0, 1, 1, 1, 0, 2)
  (1, 2, 0, 1, 2, 0, 0, 2)
  (1, 0, 0, 3, 2, 0, 0, 2)
  (4, 0, 0, 0, 2, 0, 0, 2)
  (0, 0, 0, 0, 6, 0, 0, 2)

Path 2261 (6 moves):
  (1, 1, 1, 1, 1, 1, 1, 1)
  (1, 1, 1, 1, 1, 1, 0, 2)
  (1, 2, 0, 1, 1, 1, 0, 2)
  (1, 2, 0, 1, 1, 3, 0, 0)
  (0, 3, 0, 1, 1, 3, 0, 0)
  (0, 0, 0, 1, 4, 3, 0, 0)
  (0, 0, 0, 0, 5, 3, 0, 0)

Path 2262 (6 moves):
  (1, 1, 1, 1, 1, 1, 1, 1)
  (1, 1, 1, 1, 1, 1, 0, 2)
  (1, 2, 0, 1, 1, 1, 0, 2)
  (1, 2, 0, 1, 1, 3, 0, 0)
  (0, 3, 0, 1, 1, 3, 0, 0)
  (0, 3, 0, 0, 2, 3, 0, 0)
  (0, 0, 0, 0, 5, 3, 0, 0)

Path 2263 (6 moves):
  (1, 1, 1, 1, 1, 1, 1, 1)
  (1, 1, 1, 1, 1, 1, 0, 2)
  (1, 2, 0, 1, 1, 1, 0, 2)
  (1, 2, 0, 1, 1, 3, 0, 0)
  (0, 3, 0, 1, 1, 3, 0, 0)
  (0, 3, 0, 2, 0, 3, 0, 0)
  (0, 5, 0, 0, 0, 3, 0, 0)

Path 2264 (6 moves):
  (1, 1, 1, 1, 1, 1, 1, 1)
  (1, 1, 1, 1, 1, 1, 0, 2)
  (1, 2, 0, 1, 1, 1, 0, 2)
  (1, 2, 0, 1, 1, 3, 0, 0)
  (0, 3, 0, 1, 1, 3, 0, 0)
  (0, 3, 0, 2, 0, 3, 0, 0)
  (0, 3, 0, 0, 0, 5, 0, 0)

Path 2265 (6 moves):
  (1, 1, 1, 1, 1, 1, 1, 1)
  (1, 1, 1, 1, 1, 1, 0, 2)
  (1, 2, 0, 1, 1, 1, 0, 2)
  (1, 2, 0, 1, 1, 3, 0, 0)
  (0, 3, 0, 1, 1, 3, 0, 0)
  (0, 3, 0, 1, 0, 4, 0, 0)
  (0, 7, 0, 1, 0, 0, 0, 0)

Path 2266 (6 moves):
  (1, 1, 1, 1, 1, 1, 1, 1)
  (1, 1, 1, 1, 1, 1, 0, 2)
  (1, 2, 0, 1, 1, 1, 0, 2)
  (1, 2, 0, 1, 1, 3, 0, 0)
  (1, 2, 0, 0, 2, 3, 0, 0)
  (0, 3, 0, 0, 2, 3, 0, 0)
  (0, 0, 0, 0, 5, 3, 0, 0)

Path 2267 (6 moves):
  (1, 1, 1, 1, 1, 1, 1, 1)
  (1, 1, 1, 1, 1, 1, 0, 2)
  (1, 2, 0, 1, 1, 1, 0, 2)
  (1, 2, 0, 1, 1, 3, 0, 0)
  (1, 2, 0, 1, 0, 4, 0, 0)
  (0, 3, 0, 1, 0, 4, 0, 0)
  (0, 7, 0, 1, 0, 0, 0, 0)

Path 2268 (6 moves):
  (1, 1, 1, 1, 1, 1, 1, 1)
  (1, 1, 1, 1, 1, 1, 0, 2)
  (1, 2, 0, 1, 1, 1, 0, 2)
  (1, 2, 0, 1, 1, 3, 0, 0)
  (1, 2, 0, 1, 0, 4, 0, 0)
  (1, 0, 0, 3, 0, 4, 0, 0)
  (4, 0, 0, 0, 0, 4, 0, 0)

Path 2269 (6 moves):
  (1, 1, 1, 1, 1, 1, 1, 1)
  (1, 1, 1, 1, 1, 1, 0, 2)
  (1, 2, 0, 1, 1, 1, 0, 2)
  (1, 2, 0, 1, 1, 3, 0, 0)
  (1, 2, 0, 1, 0, 4, 0, 0)
  (1, 6, 0, 1, 0, 0, 0, 0)
  (0, 7, 0, 1, 0, 0, 0, 0)

Path 2270 (6 moves):
  (1, 1, 1, 1, 1, 1, 1, 1)
  (1, 1, 1, 1, 1, 1, 0, 2)
  (1, 1, 1, 1, 0, 2, 0, 2)
  (0, 2, 1, 1, 0, 2, 0, 2)
  (0, 2, 0, 2, 0, 2, 0, 2)
  (0, 0, 0, 4, 0, 2, 0, 2)
  (0, 0, 0, 6, 0, 0, 0, 2)

Path 2271 (6 moves):
  (1, 1, 1, 1, 1, 1, 1, 1)
  (1, 1, 1, 1, 1, 1, 0, 2)
  (1, 1, 1, 1, 0, 2, 0, 2)
  (0, 2, 1, 1, 0, 2, 0, 2)
  (0, 2, 0, 2, 0, 2, 0, 2)
  (0, 0, 0, 4, 0, 2, 0, 2)
  (0, 0, 0, 4, 0, 4, 0, 0)

Path 2272 (6 moves):
  (1, 1, 1, 1, 1, 1, 1, 1)
  (1, 1, 1, 1, 1, 1, 0, 2)
  (1, 1, 1, 1, 0, 2, 0, 2)
  (0, 2, 1, 1, 0, 2, 0, 2)
  (0, 2, 0, 2, 0, 2, 0, 2)
  (0, 4, 0, 0, 0, 2, 0, 2)
  (0, 4, 0, 0, 0, 0, 0, 4)

Path 2273 (6 moves):
  (1, 1, 1, 1, 1, 1, 1, 1)
  (1, 1, 1, 1, 1, 1, 0, 2)
  (1, 1, 1, 1, 0, 2, 0, 2)
  (0, 2, 1, 1, 0, 2, 0, 2)
  (0, 2, 0, 2, 0, 2, 0, 2)
  (0, 2, 0, 0, 0, 4, 0, 2)
  (0, 2, 0, 0, 0, 6, 0, 0)

Path 2274 (6 moves):
  (1, 1, 1, 1, 1, 1, 1, 1)
  (1, 1, 1, 1, 1, 1, 0, 2)
  (1, 1, 1, 1, 0, 2, 0, 2)
  (0, 2, 1, 1, 0, 2, 0, 2)
  (0, 2, 0, 2, 0, 2, 0, 2)
  (0, 2, 0, 4, 0, 0, 0, 2)
  (0, 0, 0, 6, 0, 0, 0, 2)

Path 2275 (6 moves):
  (1, 1, 1, 1, 1, 1, 1, 1)
  (1, 1, 1, 1, 1, 1, 0, 2)
  (1, 1, 1, 1, 0, 2, 0, 2)
  (0, 2, 1, 1, 0, 2, 0, 2)
  (0, 2, 0, 2, 0, 2, 0, 2)
  (0, 2, 0, 2, 0, 0, 0, 4)
  (0, 4, 0, 0, 0, 0, 0, 4)

Path 2276 (6 moves):
  (1, 1, 1, 1, 1, 1, 1, 1)
  (1, 1, 1, 1, 1, 1, 0, 2)
  (1, 1, 1, 1, 0, 2, 0, 2)
  (0, 2, 1, 1, 0, 2, 0, 2)
  (0, 2, 0, 2, 0, 2, 0, 2)
  (0, 2, 0, 2, 0, 4, 0, 0)
  (0, 0, 0, 4, 0, 4, 0, 0)

Path 2277 (6 moves):
  (1, 1, 1, 1, 1, 1, 1, 1)
  (1, 1, 1, 1, 1, 1, 0, 2)
  (1, 1, 1, 1, 0, 2, 0, 2)
  (0, 2, 1, 1, 0, 2, 0, 2)
  (0, 2, 0, 2, 0, 2, 0, 2)
  (0, 2, 0, 2, 0, 4, 0, 0)
  (0, 2, 0, 0, 0, 6, 0, 0)

Path 2278 (6 moves):
  (1, 1, 1, 1, 1, 1, 1, 1)
  (1, 1, 1, 1, 1, 1, 0, 2)
  (1, 1, 1, 1, 0, 2, 0, 2)
  (0, 2, 1, 1, 0, 2, 0, 2)
  (0, 2, 1, 1, 0, 4, 0, 0)
  (0, 0, 1, 3, 0, 4, 0, 0)
  (0, 0, 0, 4, 0, 4, 0, 0)

Path 2279 (6 moves):
  (1, 1, 1, 1, 1, 1, 1, 1)
  (1, 1, 1, 1, 1, 1, 0, 2)
  (1, 1, 1, 1, 0, 2, 0, 2)
  (0, 2, 1, 1, 0, 2, 0, 2)
  (0, 2, 1, 1, 0, 4, 0, 0)
  (0, 3, 0, 1, 0, 4, 0, 0)
  (0, 7, 0, 1, 0, 0, 0, 0)

Path 2280 (6 moves):
  (1, 1, 1, 1, 1, 1, 1, 1)
  (1, 1, 1, 1, 1, 1, 0, 2)
  (1, 1, 1, 1, 0, 2, 0, 2)
  (0, 2, 1, 1, 0, 2, 0, 2)
  (0, 2, 1, 1, 0, 4, 0, 0)
  (0, 2, 0, 2, 0, 4, 0, 0)
  (0, 0, 0, 4, 0, 4, 0, 0)

Path 2281 (6 moves):
  (1, 1, 1, 1, 1, 1, 1, 1)
  (1, 1, 1, 1, 1, 1, 0, 2)
  (1, 1, 1, 1, 0, 2, 0, 2)
  (0, 2, 1, 1, 0, 2, 0, 2)
  (0, 2, 1, 1, 0, 4, 0, 0)
  (0, 2, 0, 2, 0, 4, 0, 0)
  (0, 2, 0, 0, 0, 6, 0, 0)

Path 2282 (6 moves):
  (1, 1, 1, 1, 1, 1, 1, 1)
  (1, 1, 1, 1, 1, 1, 0, 2)
  (1, 1, 1, 1, 0, 2, 0, 2)
  (0, 2, 1, 1, 0, 2, 0, 2)
  (0, 2, 1, 1, 0, 4, 0, 0)
  (0, 2, 2, 0, 0, 4, 0, 0)
  (0, 6, 2, 0, 0, 0, 0, 0)

Path 2283 (6 moves):
  (1, 1, 1, 1, 1, 1, 1, 1)
  (1, 1, 1, 1, 1, 1, 0, 2)
  (1, 1, 1, 1, 0, 2, 0, 2)
  (0, 2, 1, 1, 0, 2, 0, 2)
  (0, 2, 1, 1, 0, 4, 0, 0)
  (0, 6, 1, 1, 0, 0, 0, 0)
  (0, 7, 0, 1, 0, 0, 0, 0)

Path 2284 (6 moves):
  (1, 1, 1, 1, 1, 1, 1, 1)
  (1, 1, 1, 1, 1, 1, 0, 2)
  (1, 1, 1, 1, 0, 2, 0, 2)
  (0, 2, 1, 1, 0, 2, 0, 2)
  (0, 2, 1, 1, 0, 4, 0, 0)
  (0, 6, 1, 1, 0, 0, 0, 0)
  (0, 6, 2, 0, 0, 0, 0, 0)

Path 2285 (6 moves):
  (1, 1, 1, 1, 1, 1, 1, 1)
  (1, 1, 1, 1, 1, 1, 0, 2)
  (1, 1, 1, 1, 0, 2, 0, 2)
  (2, 0, 1, 1, 0, 2, 0, 2)
  (2, 0, 0, 2, 0, 2, 0, 2)
  (2, 0, 0, 0, 0, 4, 0, 2)
  (2, 0, 0, 0, 0, 6, 0, 0)

Path 2286 (6 moves):
  (1, 1, 1, 1, 1, 1, 1, 1)
  (1, 1, 1, 1, 1, 1, 0, 2)
  (1, 1, 1, 1, 0, 2, 0, 2)
  (2, 0, 1, 1, 0, 2, 0, 2)
  (2, 0, 0, 2, 0, 2, 0, 2)
  (2, 0, 0, 4, 0, 0, 0, 2)
  (2, 0, 0, 0, 0, 0, 0, 6)

Path 2287 (6 moves):
  (1, 1, 1, 1, 1, 1, 1, 1)
  (1, 1, 1, 1, 1, 1, 0, 2)
  (1, 1, 1, 1, 0, 2, 0, 2)
  (2, 0, 1, 1, 0, 2, 0, 2)
  (2, 0, 0, 2, 0, 2, 0, 2)
  (2, 0, 0, 2, 0, 0, 0, 4)
  (2, 0, 0, 6, 0, 0, 0, 0)

Path 2288 (6 moves):
  (1, 1, 1, 1, 1, 1, 1, 1)
  (1, 1, 1, 1, 1, 1, 0, 2)
  (1, 1, 1, 1, 0, 2, 0, 2)
  (2, 0, 1, 1, 0, 2, 0, 2)
  (2, 0, 0, 2, 0, 2, 0, 2)
  (2, 0, 0, 2, 0, 4, 0, 0)
  (2, 0, 0, 0, 0, 6, 0, 0)

Path 2289 (6 moves):
  (1, 1, 1, 1, 1, 1, 1, 1)
  (1, 1, 1, 1, 1, 1, 0, 2)
  (1, 1, 1, 1, 0, 2, 0, 2)
  (2, 0, 1, 1, 0, 2, 0, 2)
  (2, 0, 2, 0, 0, 2, 0, 2)
  (0, 0, 4, 0, 0, 2, 0, 2)
  (0, 0, 4, 0, 0, 0, 0, 4)

Path 2290 (6 moves):
  (1, 1, 1, 1, 1, 1, 1, 1)
  (1, 1, 1, 1, 1, 1, 0, 2)
  (1, 1, 1, 1, 0, 2, 0, 2)
  (2, 0, 1, 1, 0, 2, 0, 2)
  (2, 0, 2, 0, 0, 2, 0, 2)
  (0, 0, 4, 0, 0, 2, 0, 2)
  (0, 0, 4, 0, 0, 4, 0, 0)

Path 2291 (6 moves):
  (1, 1, 1, 1, 1, 1, 1, 1)
  (1, 1, 1, 1, 1, 1, 0, 2)
  (1, 1, 1, 1, 0, 2, 0, 2)
  (2, 0, 1, 1, 0, 2, 0, 2)
  (2, 0, 2, 0, 0, 2, 0, 2)
  (4, 0, 0, 0, 0, 2, 0, 2)
  (4, 0, 0, 0, 0, 0, 0, 4)

Path 2292 (6 moves):
  (1, 1, 1, 1, 1, 1, 1, 1)
  (1, 1, 1, 1, 1, 1, 0, 2)
  (1, 1, 1, 1, 0, 2, 0, 2)
  (2, 0, 1, 1, 0, 2, 0, 2)
  (2, 0, 2, 0, 0, 2, 0, 2)
  (4, 0, 0, 0, 0, 2, 0, 2)
  (4, 0, 0, 0, 0, 4, 0, 0)

Path 2293 (6 moves):
  (1, 1, 1, 1, 1, 1, 1, 1)
  (1, 1, 1, 1, 1, 1, 0, 2)
  (1, 1, 1, 1, 0, 2, 0, 2)
  (2, 0, 1, 1, 0, 2, 0, 2)
  (2, 0, 2, 0, 0, 2, 0, 2)
  (2, 0, 2, 0, 0, 0, 0, 4)
  (0, 0, 4, 0, 0, 0, 0, 4)

Path 2294 (6 moves):
  (1, 1, 1, 1, 1, 1, 1, 1)
  (1, 1, 1, 1, 1, 1, 0, 2)
  (1, 1, 1, 1, 0, 2, 0, 2)
  (2, 0, 1, 1, 0, 2, 0, 2)
  (2, 0, 2, 0, 0, 2, 0, 2)
  (2, 0, 2, 0, 0, 0, 0, 4)
  (4, 0, 0, 0, 0, 0, 0, 4)

Path 2295 (6 moves):
  (1, 1, 1, 1, 1, 1, 1, 1)
  (1, 1, 1, 1, 1, 1, 0, 2)
  (1, 1, 1, 1, 0, 2, 0, 2)
  (2, 0, 1, 1, 0, 2, 0, 2)
  (2, 0, 2, 0, 0, 2, 0, 2)
  (2, 0, 2, 0, 0, 4, 0, 0)
  (0, 0, 4, 0, 0, 4, 0, 0)

Path 2296 (6 moves):
  (1, 1, 1, 1, 1, 1, 1, 1)
  (1, 1, 1, 1, 1, 1, 0, 2)
  (1, 1, 1, 1, 0, 2, 0, 2)
  (2, 0, 1, 1, 0, 2, 0, 2)
  (2, 0, 2, 0, 0, 2, 0, 2)
  (2, 0, 2, 0, 0, 4, 0, 0)
  (4, 0, 0, 0, 0, 4, 0, 0)

Path 2297 (6 moves):
  (1, 1, 1, 1, 1, 1, 1, 1)
  (1, 1, 1, 1, 1, 1, 0, 2)
  (1, 1, 1, 1, 0, 2, 0, 2)
  (2, 0, 1, 1, 0, 2, 0, 2)
  (2, 0, 1, 1, 0, 0, 0, 4)
  (0, 0, 3, 1, 0, 0, 0, 4)
  (0, 0, 4, 0, 0, 0, 0, 4)

Path 2298 (6 moves):
  (1, 1, 1, 1, 1, 1, 1, 1)
  (1, 1, 1, 1, 1, 1, 0, 2)
  (1, 1, 1, 1, 0, 2, 0, 2)
  (2, 0, 1, 1, 0, 2, 0, 2)
  (2, 0, 1, 1, 0, 0, 0, 4)
  (0, 0, 3, 1, 0, 0, 0, 4)
  (0, 0, 3, 5, 0, 0, 0, 0)

Path 2299 (6 moves):
  (1, 1, 1, 1, 1, 1, 1, 1)
  (1, 1, 1, 1, 1, 1, 0, 2)
  (1, 1, 1, 1, 0, 2, 0, 2)
  (2, 0, 1, 1, 0, 2, 0, 2)
  (2, 0, 1, 1, 0, 0, 0, 4)
  (2, 0, 0, 2, 0, 0, 0, 4)
  (2, 0, 0, 6, 0, 0, 0, 0)

Path 2300 (6 moves):
  (1, 1, 1, 1, 1, 1, 1, 1)
  (1, 1, 1, 1, 1, 1, 0, 2)
  (1, 1, 1, 1, 0, 2, 0, 2)
  (2, 0, 1, 1, 0, 2, 0, 2)
  (2, 0, 1, 1, 0, 0, 0, 4)
  (2, 0, 2, 0, 0, 0, 0, 4)
  (0, 0, 4, 0, 0, 0, 0, 4)

Path 2301 (6 moves):
  (1, 1, 1, 1, 1, 1, 1, 1)
  (1, 1, 1, 1, 1, 1, 0, 2)
  (1, 1, 1, 1, 0, 2, 0, 2)
  (2, 0, 1, 1, 0, 2, 0, 2)
  (2, 0, 1, 1, 0, 0, 0, 4)
  (2, 0, 2, 0, 0, 0, 0, 4)
  (4, 0, 0, 0, 0, 0, 0, 4)

Path 2302 (6 moves):
  (1, 1, 1, 1, 1, 1, 1, 1)
  (1, 1, 1, 1, 1, 1, 0, 2)
  (1, 1, 1, 1, 0, 2, 0, 2)
  (2, 0, 1, 1, 0, 2, 0, 2)
  (2, 0, 1, 1, 0, 0, 0, 4)
  (2, 0, 1, 5, 0, 0, 0, 0)
  (0, 0, 3, 5, 0, 0, 0, 0)

Path 2303 (6 moves):
  (1, 1, 1, 1, 1, 1, 1, 1)
  (1, 1, 1, 1, 1, 1, 0, 2)
  (1, 1, 1, 1, 0, 2, 0, 2)
  (2, 0, 1, 1, 0, 2, 0, 2)
  (2, 0, 1, 1, 0, 0, 0, 4)
  (2, 0, 1, 5, 0, 0, 0, 0)
  (2, 0, 0, 6, 0, 0, 0, 0)

Path 2304 (6 moves):
  (1, 1, 1, 1, 1, 1, 1, 1)
  (1, 1, 1, 1, 1, 1, 0, 2)
  (1, 1, 1, 1, 0, 2, 0, 2)
  (2, 0, 1, 1, 0, 2, 0, 2)
  (2, 0, 1, 1, 0, 4, 0, 0)
  (0, 0, 3, 1, 0, 4, 0, 0)
  (0, 0, 0, 1, 0, 7, 0, 0)

Path 2305 (6 moves):
  (1, 1, 1, 1, 1, 1, 1, 1)
  (1, 1, 1, 1, 1, 1, 0, 2)
  (1, 1, 1, 1, 0, 2, 0, 2)
  (2, 0, 1, 1, 0, 2, 0, 2)
  (2, 0, 1, 1, 0, 4, 0, 0)
  (0, 0, 3, 1, 0, 4, 0, 0)
  (0, 0, 4, 0, 0, 4, 0, 0)

Path 2306 (6 moves):
  (1, 1, 1, 1, 1, 1, 1, 1)
  (1, 1, 1, 1, 1, 1, 0, 2)
  (1, 1, 1, 1, 0, 2, 0, 2)
  (2, 0, 1, 1, 0, 2, 0, 2)
  (2, 0, 1, 1, 0, 4, 0, 0)
  (2, 0, 0, 2, 0, 4, 0, 0)
  (2, 0, 0, 0, 0, 6, 0, 0)

Path 2307 (6 moves):
  (1, 1, 1, 1, 1, 1, 1, 1)
  (1, 1, 1, 1, 1, 1, 0, 2)
  (1, 1, 1, 1, 0, 2, 0, 2)
  (2, 0, 1, 1, 0, 2, 0, 2)
  (2, 0, 1, 1, 0, 4, 0, 0)
  (2, 0, 2, 0, 0, 4, 0, 0)
  (0, 0, 4, 0, 0, 4, 0, 0)

Path 2308 (6 moves):
  (1, 1, 1, 1, 1, 1, 1, 1)
  (1, 1, 1, 1, 1, 1, 0, 2)
  (1, 1, 1, 1, 0, 2, 0, 2)
  (2, 0, 1, 1, 0, 2, 0, 2)
  (2, 0, 1, 1, 0, 4, 0, 0)
  (2, 0, 2, 0, 0, 4, 0, 0)
  (4, 0, 0, 0, 0, 4, 0, 0)

Path 2309 (6 moves):
  (1, 1, 1, 1, 1, 1, 1, 1)
  (1, 1, 1, 1, 1, 1, 0, 2)
  (1, 1, 1, 1, 0, 2, 0, 2)
  (1, 0, 2, 1, 0, 2, 0, 2)
  (1, 0, 2, 3, 0, 0, 0, 2)
  (3, 0, 0, 3, 0, 0, 0, 2)
  (0, 0, 0, 6, 0, 0, 0, 2)

Path 2310 (6 moves):
  (1, 1, 1, 1, 1, 1, 1, 1)
  (1, 1, 1, 1, 1, 1, 0, 2)
  (1, 1, 1, 1, 0, 2, 0, 2)
  (1, 0, 2, 1, 0, 2, 0, 2)
  (1, 0, 2, 3, 0, 0, 0, 2)
  (3, 0, 0, 3, 0, 0, 0, 2)
  (6, 0, 0, 0, 0, 0, 0, 2)

Path 2311 (6 moves):
  (1, 1, 1, 1, 1, 1, 1, 1)
  (1, 1, 1, 1, 1, 1, 0, 2)
  (1, 1, 1, 1, 0, 2, 0, 2)
  (1, 0, 2, 1, 0, 2, 0, 2)
  (1, 0, 2, 3, 0, 0, 0, 2)
  (4, 0, 2, 0, 0, 0, 0, 2)
  (6, 0, 0, 0, 0, 0, 0, 2)

Path 2312 (6 moves):
  (1, 1, 1, 1, 1, 1, 1, 1)
  (1, 1, 1, 1, 1, 1, 0, 2)
  (1, 1, 1, 1, 0, 2, 0, 2)
  (1, 0, 2, 1, 0, 2, 0, 2)
  (1, 0, 2, 1, 0, 4, 0, 0)
  (3, 0, 0, 1, 0, 4, 0, 0)
  (0, 0, 0, 4, 0, 4, 0, 0)

Path 2313 (6 moves):
  (1, 1, 1, 1, 1, 1, 1, 1)
  (1, 1, 1, 1, 1, 1, 0, 2)
  (1, 1, 1, 1, 0, 2, 0, 2)
  (1, 0, 2, 1, 0, 2, 0, 2)
  (1, 0, 2, 1, 0, 4, 0, 0)
  (1, 0, 3, 0, 0, 4, 0, 0)
  (1, 0, 0, 0, 0, 7, 0, 0)

Path 2314 (6 moves):
  (1, 1, 1, 1, 1, 1, 1, 1)
  (1, 1, 1, 1, 1, 1, 0, 2)
  (1, 1, 1, 1, 0, 2, 0, 2)
  (1, 2, 0, 1, 0, 2, 0, 2)
  (1, 2, 0, 1, 0, 0, 0, 4)
  (0, 3, 0, 1, 0, 0, 0, 4)
  (0, 3, 0, 5, 0, 0, 0, 0)

Path 2315 (6 moves):
  (1, 1, 1, 1, 1, 1, 1, 1)
  (1, 1, 1, 1, 1, 1, 0, 2)
  (1, 1, 1, 1, 0, 2, 0, 2)
  (1, 2, 0, 1, 0, 2, 0, 2)
  (1, 2, 0, 1, 0, 0, 0, 4)
  (1, 0, 0, 3, 0, 0, 0, 4)
  (4, 0, 0, 0, 0, 0, 0, 4)

Path 2316 (6 moves):
  (1, 1, 1, 1, 1, 1, 1, 1)
  (1, 1, 1, 1, 1, 1, 0, 2)
  (1, 1, 1, 1, 0, 2, 0, 2)
  (1, 2, 0, 1, 0, 2, 0, 2)
  (1, 2, 0, 1, 0, 0, 0, 4)
  (1, 0, 0, 3, 0, 0, 0, 4)
  (1, 0, 0, 7, 0, 0, 0, 0)

Path 2317 (6 moves):
  (1, 1, 1, 1, 1, 1, 1, 1)
  (1, 1, 1, 1, 1, 1, 0, 2)
  (1, 1, 1, 1, 0, 2, 0, 2)
  (1, 2, 0, 1, 0, 2, 0, 2)
  (1, 2, 0, 1, 0, 0, 0, 4)
  (1, 2, 0, 5, 0, 0, 0, 0)
  (0, 3, 0, 5, 0, 0, 0, 0)

Path 2318 (6 moves):
  (1, 1, 1, 1, 1, 1, 1, 1)
  (1, 1, 1, 1, 1, 1, 0, 2)
  (1, 1, 1, 1, 0, 2, 0, 2)
  (1, 2, 0, 1, 0, 2, 0, 2)
  (1, 2, 0, 1, 0, 0, 0, 4)
  (1, 2, 0, 5, 0, 0, 0, 0)
  (1, 0, 0, 7, 0, 0, 0, 0)

Path 2319 (6 moves):
  (1, 1, 1, 1, 1, 1, 1, 1)
  (1, 1, 1, 1, 1, 1, 0, 2)
  (1, 1, 1, 1, 0, 2, 0, 2)
  (1, 2, 0, 1, 0, 2, 0, 2)
  (1, 2, 0, 1, 0, 4, 0, 0)
  (0, 3, 0, 1, 0, 4, 0, 0)
  (0, 7, 0, 1, 0, 0, 0, 0)

Path 2320 (6 moves):
  (1, 1, 1, 1, 1, 1, 1, 1)
  (1, 1, 1, 1, 1, 1, 0, 2)
  (1, 1, 1, 1, 0, 2, 0, 2)
  (1, 2, 0, 1, 0, 2, 0, 2)
  (1, 2, 0, 1, 0, 4, 0, 0)
  (1, 0, 0, 3, 0, 4, 0, 0)
  (4, 0, 0, 0, 0, 4, 0, 0)

Path 2321 (6 moves):
  (1, 1, 1, 1, 1, 1, 1, 1)
  (1, 1, 1, 1, 1, 1, 0, 2)
  (1, 1, 1, 1, 0, 2, 0, 2)
  (1, 2, 0, 1, 0, 2, 0, 2)
  (1, 2, 0, 1, 0, 4, 0, 0)
  (1, 6, 0, 1, 0, 0, 0, 0)
  (0, 7, 0, 1, 0, 0, 0, 0)

Path 2322 (6 moves):
  (1, 1, 1, 1, 1, 1, 1, 1)
  (1, 1, 1, 1, 1, 1, 0, 2)
  (1, 1, 1, 1, 0, 2, 0, 2)
  (1, 1, 0, 2, 0, 2, 0, 2)
  (0, 2, 0, 2, 0, 2, 0, 2)
  (0, 0, 0, 4, 0, 2, 0, 2)
  (0, 0, 0, 6, 0, 0, 0, 2)

Path 2323 (6 moves):
  (1, 1, 1, 1, 1, 1, 1, 1)
  (1, 1, 1, 1, 1, 1, 0, 2)
  (1, 1, 1, 1, 0, 2, 0, 2)
  (1, 1, 0, 2, 0, 2, 0, 2)
  (0, 2, 0, 2, 0, 2, 0, 2)
  (0, 0, 0, 4, 0, 2, 0, 2)
  (0, 0, 0, 4, 0, 4, 0, 0)

Path 2324 (6 moves):
  (1, 1, 1, 1, 1, 1, 1, 1)
  (1, 1, 1, 1, 1, 1, 0, 2)
  (1, 1, 1, 1, 0, 2, 0, 2)
  (1, 1, 0, 2, 0, 2, 0, 2)
  (0, 2, 0, 2, 0, 2, 0, 2)
  (0, 4, 0, 0, 0, 2, 0, 2)
  (0, 4, 0, 0, 0, 0, 0, 4)

Path 2325 (6 moves):
  (1, 1, 1, 1, 1, 1, 1, 1)
  (1, 1, 1, 1, 1, 1, 0, 2)
  (1, 1, 1, 1, 0, 2, 0, 2)
  (1, 1, 0, 2, 0, 2, 0, 2)
  (0, 2, 0, 2, 0, 2, 0, 2)
  (0, 2, 0, 0, 0, 4, 0, 2)
  (0, 2, 0, 0, 0, 6, 0, 0)

Path 2326 (6 moves):
  (1, 1, 1, 1, 1, 1, 1, 1)
  (1, 1, 1, 1, 1, 1, 0, 2)
  (1, 1, 1, 1, 0, 2, 0, 2)
  (1, 1, 0, 2, 0, 2, 0, 2)
  (0, 2, 0, 2, 0, 2, 0, 2)
  (0, 2, 0, 4, 0, 0, 0, 2)
  (0, 0, 0, 6, 0, 0, 0, 2)

Path 2327 (6 moves):
  (1, 1, 1, 1, 1, 1, 1, 1)
  (1, 1, 1, 1, 1, 1, 0, 2)
  (1, 1, 1, 1, 0, 2, 0, 2)
  (1, 1, 0, 2, 0, 2, 0, 2)
  (0, 2, 0, 2, 0, 2, 0, 2)
  (0, 2, 0, 2, 0, 0, 0, 4)
  (0, 4, 0, 0, 0, 0, 0, 4)

Path 2328 (6 moves):
  (1, 1, 1, 1, 1, 1, 1, 1)
  (1, 1, 1, 1, 1, 1, 0, 2)
  (1, 1, 1, 1, 0, 2, 0, 2)
  (1, 1, 0, 2, 0, 2, 0, 2)
  (0, 2, 0, 2, 0, 2, 0, 2)
  (0, 2, 0, 2, 0, 4, 0, 0)
  (0, 0, 0, 4, 0, 4, 0, 0)

Path 2329 (6 moves):
  (1, 1, 1, 1, 1, 1, 1, 1)
  (1, 1, 1, 1, 1, 1, 0, 2)
  (1, 1, 1, 1, 0, 2, 0, 2)
  (1, 1, 0, 2, 0, 2, 0, 2)
  (0, 2, 0, 2, 0, 2, 0, 2)
  (0, 2, 0, 2, 0, 4, 0, 0)
  (0, 2, 0, 0, 0, 6, 0, 0)

Path 2330 (6 moves):
  (1, 1, 1, 1, 1, 1, 1, 1)
  (1, 1, 1, 1, 1, 1, 0, 2)
  (1, 1, 1, 1, 0, 2, 0, 2)
  (1, 1, 0, 2, 0, 2, 0, 2)
  (2, 0, 0, 2, 0, 2, 0, 2)
  (2, 0, 0, 0, 0, 4, 0, 2)
  (2, 0, 0, 0, 0, 6, 0, 0)

Path 2331 (6 moves):
  (1, 1, 1, 1, 1, 1, 1, 1)
  (1, 1, 1, 1, 1, 1, 0, 2)
  (1, 1, 1, 1, 0, 2, 0, 2)
  (1, 1, 0, 2, 0, 2, 0, 2)
  (2, 0, 0, 2, 0, 2, 0, 2)
  (2, 0, 0, 4, 0, 0, 0, 2)
  (2, 0, 0, 0, 0, 0, 0, 6)

Path 2332 (6 moves):
  (1, 1, 1, 1, 1, 1, 1, 1)
  (1, 1, 1, 1, 1, 1, 0, 2)
  (1, 1, 1, 1, 0, 2, 0, 2)
  (1, 1, 0, 2, 0, 2, 0, 2)
  (2, 0, 0, 2, 0, 2, 0, 2)
  (2, 0, 0, 2, 0, 0, 0, 4)
  (2, 0, 0, 6, 0, 0, 0, 0)

Path 2333 (6 moves):
  (1, 1, 1, 1, 1, 1, 1, 1)
  (1, 1, 1, 1, 1, 1, 0, 2)
  (1, 1, 1, 1, 0, 2, 0, 2)
  (1, 1, 0, 2, 0, 2, 0, 2)
  (2, 0, 0, 2, 0, 2, 0, 2)
  (2, 0, 0, 2, 0, 4, 0, 0)
  (2, 0, 0, 0, 0, 6, 0, 0)

Path 2334 (6 moves):
  (1, 1, 1, 1, 1, 1, 1, 1)
  (1, 1, 1, 1, 1, 1, 0, 2)
  (1, 1, 1, 1, 0, 2, 0, 2)
  (1, 1, 0, 2, 0, 2, 0, 2)
  (1, 1, 0, 4, 0, 0, 0, 2)
  (0, 2, 0, 4, 0, 0, 0, 2)
  (0, 0, 0, 6, 0, 0, 0, 2)

Path 2335 (6 moves):
  (1, 1, 1, 1, 1, 1, 1, 1)
  (1, 1, 1, 1, 1, 1, 0, 2)
  (1, 1, 1, 1, 0, 2, 0, 2)
  (1, 1, 0, 2, 0, 2, 0, 2)
  (1, 1, 0, 4, 0, 0, 0, 2)
  (2, 0, 0, 4, 0, 0, 0, 2)
  (2, 0, 0, 0, 0, 0, 0, 6)

Path 2336 (6 moves):
  (1, 1, 1, 1, 1, 1, 1, 1)
  (1, 1, 1, 1, 1, 1, 0, 2)
  (1, 1, 1, 1, 0, 2, 0, 2)
  (1, 1, 0, 2, 0, 2, 0, 2)
  (1, 1, 0, 4, 0, 0, 0, 2)
  (1, 1, 0, 0, 0, 0, 0, 6)
  (2, 0, 0, 0, 0, 0, 0, 6)

Path 2337 (6 moves):
  (1, 1, 1, 1, 1, 1, 1, 1)
  (1, 1, 1, 1, 1, 1, 0, 2)
  (1, 1, 1, 1, 0, 2, 0, 2)
  (1, 1, 0, 2, 0, 2, 0, 2)
  (1, 1, 0, 2, 0, 0, 0, 4)
  (0, 2, 0, 2, 0, 0, 0, 4)
  (0, 4, 0, 0, 0, 0, 0, 4)

Path 2338 (6 moves):
  (1, 1, 1, 1, 1, 1, 1, 1)
  (1, 1, 1, 1, 1, 1, 0, 2)
  (1, 1, 1, 1, 0, 2, 0, 2)
  (1, 1, 0, 2, 0, 2, 0, 2)
  (1, 1, 0, 2, 0, 0, 0, 4)
  (2, 0, 0, 2, 0, 0, 0, 4)
  (2, 0, 0, 6, 0, 0, 0, 0)

Path 2339 (6 moves):
  (1, 1, 1, 1, 1, 1, 1, 1)
  (1, 1, 1, 1, 1, 1, 0, 2)
  (1, 1, 1, 1, 0, 2, 0, 2)
  (1, 1, 0, 2, 0, 2, 0, 2)
  (1, 1, 0, 2, 0, 0, 0, 4)
  (1, 3, 0, 0, 0, 0, 0, 4)
  (0, 4, 0, 0, 0, 0, 0, 4)

Path 2340 (6 moves):
  (1, 1, 1, 1, 1, 1, 1, 1)
  (1, 1, 1, 1, 1, 1, 0, 2)
  (1, 1, 1, 1, 0, 2, 0, 2)
  (1, 1, 0, 2, 0, 2, 0, 2)
  (1, 1, 0, 2, 0, 0, 0, 4)
  (1, 1, 0, 6, 0, 0, 0, 0)
  (2, 0, 0, 6, 0, 0, 0, 0)

Path 2341 (6 moves):
  (1, 1, 1, 1, 1, 1, 1, 1)
  (1, 1, 1, 1, 1, 1, 0, 2)
  (1, 1, 1, 1, 0, 2, 0, 2)
  (1, 1, 2, 0, 0, 2, 0, 2)
  (2, 0, 2, 0, 0, 2, 0, 2)
  (0, 0, 4, 0, 0, 2, 0, 2)
  (0, 0, 4, 0, 0, 0, 0, 4)

Path 2342 (6 moves):
  (1, 1, 1, 1, 1, 1, 1, 1)
  (1, 1, 1, 1, 1, 1, 0, 2)
  (1, 1, 1, 1, 0, 2, 0, 2)
  (1, 1, 2, 0, 0, 2, 0, 2)
  (2, 0, 2, 0, 0, 2, 0, 2)
  (0, 0, 4, 0, 0, 2, 0, 2)
  (0, 0, 4, 0, 0, 4, 0, 0)

Path 2343 (6 moves):
  (1, 1, 1, 1, 1, 1, 1, 1)
  (1, 1, 1, 1, 1, 1, 0, 2)
  (1, 1, 1, 1, 0, 2, 0, 2)
  (1, 1, 2, 0, 0, 2, 0, 2)
  (2, 0, 2, 0, 0, 2, 0, 2)
  (4, 0, 0, 0, 0, 2, 0, 2)
  (4, 0, 0, 0, 0, 0, 0, 4)

Path 2344 (6 moves):
  (1, 1, 1, 1, 1, 1, 1, 1)
  (1, 1, 1, 1, 1, 1, 0, 2)
  (1, 1, 1, 1, 0, 2, 0, 2)
  (1, 1, 2, 0, 0, 2, 0, 2)
  (2, 0, 2, 0, 0, 2, 0, 2)
  (4, 0, 0, 0, 0, 2, 0, 2)
  (4, 0, 0, 0, 0, 4, 0, 0)

Path 2345 (6 moves):
  (1, 1, 1, 1, 1, 1, 1, 1)
  (1, 1, 1, 1, 1, 1, 0, 2)
  (1, 1, 1, 1, 0, 2, 0, 2)
  (1, 1, 2, 0, 0, 2, 0, 2)
  (2, 0, 2, 0, 0, 2, 0, 2)
  (2, 0, 2, 0, 0, 0, 0, 4)
  (0, 0, 4, 0, 0, 0, 0, 4)

Path 2346 (6 moves):
  (1, 1, 1, 1, 1, 1, 1, 1)
  (1, 1, 1, 1, 1, 1, 0, 2)
  (1, 1, 1, 1, 0, 2, 0, 2)
  (1, 1, 2, 0, 0, 2, 0, 2)
  (2, 0, 2, 0, 0, 2, 0, 2)
  (2, 0, 2, 0, 0, 0, 0, 4)
  (4, 0, 0, 0, 0, 0, 0, 4)

Path 2347 (6 moves):
  (1, 1, 1, 1, 1, 1, 1, 1)
  (1, 1, 1, 1, 1, 1, 0, 2)
  (1, 1, 1, 1, 0, 2, 0, 2)
  (1, 1, 2, 0, 0, 2, 0, 2)
  (2, 0, 2, 0, 0, 2, 0, 2)
  (2, 0, 2, 0, 0, 4, 0, 0)
  (0, 0, 4, 0, 0, 4, 0, 0)

Path 2348 (6 moves):
  (1, 1, 1, 1, 1, 1, 1, 1)
  (1, 1, 1, 1, 1, 1, 0, 2)
  (1, 1, 1, 1, 0, 2, 0, 2)
  (1, 1, 2, 0, 0, 2, 0, 2)
  (2, 0, 2, 0, 0, 2, 0, 2)
  (2, 0, 2, 0, 0, 4, 0, 0)
  (4, 0, 0, 0, 0, 4, 0, 0)

Path 2349 (6 moves):
  (1, 1, 1, 1, 1, 1, 1, 1)
  (1, 1, 1, 1, 1, 1, 0, 2)
  (1, 1, 1, 1, 0, 2, 0, 2)
  (1, 1, 2, 0, 0, 2, 0, 2)
  (3, 1, 0, 0, 0, 2, 0, 2)
  (4, 0, 0, 0, 0, 2, 0, 2)
  (4, 0, 0, 0, 0, 0, 0, 4)

Path 2350 (6 moves):
  (1, 1, 1, 1, 1, 1, 1, 1)
  (1, 1, 1, 1, 1, 1, 0, 2)
  (1, 1, 1, 1, 0, 2, 0, 2)
  (1, 1, 2, 0, 0, 2, 0, 2)
  (3, 1, 0, 0, 0, 2, 0, 2)
  (4, 0, 0, 0, 0, 2, 0, 2)
  (4, 0, 0, 0, 0, 4, 0, 0)

Path 2351 (6 moves):
  (1, 1, 1, 1, 1, 1, 1, 1)
  (1, 1, 1, 1, 1, 1, 0, 2)
  (1, 1, 1, 1, 0, 2, 0, 2)
  (1, 1, 2, 0, 0, 2, 0, 2)
  (3, 1, 0, 0, 0, 2, 0, 2)
  (3, 1, 0, 0, 0, 0, 0, 4)
  (4, 0, 0, 0, 0, 0, 0, 4)

Path 2352 (6 moves):
  (1, 1, 1, 1, 1, 1, 1, 1)
  (1, 1, 1, 1, 1, 1, 0, 2)
  (1, 1, 1, 1, 0, 2, 0, 2)
  (1, 1, 2, 0, 0, 2, 0, 2)
  (3, 1, 0, 0, 0, 2, 0, 2)
  (3, 1, 0, 0, 0, 4, 0, 0)
  (4, 0, 0, 0, 0, 4, 0, 0)

Path 2353 (6 moves):
  (1, 1, 1, 1, 1, 1, 1, 1)
  (1, 1, 1, 1, 1, 1, 0, 2)
  (1, 1, 1, 1, 0, 2, 0, 2)
  (1, 1, 2, 0, 0, 2, 0, 2)
  (3, 1, 0, 0, 0, 2, 0, 2)
  (3, 1, 0, 0, 0, 4, 0, 0)
  (3, 5, 0, 0, 0, 0, 0, 0)

Path 2354 (6 moves):
  (1, 1, 1, 1, 1, 1, 1, 1)
  (1, 1, 1, 1, 1, 1, 0, 2)
  (1, 1, 1, 1, 0, 2, 0, 2)
  (1, 1, 2, 0, 0, 2, 0, 2)
  (1, 1, 2, 0, 0, 4, 0, 0)
  (0, 2, 2, 0, 0, 4, 0, 0)
  (0, 6, 2, 0, 0, 0, 0, 0)

Path 2355 (6 moves):
  (1, 1, 1, 1, 1, 1, 1, 1)
  (1, 1, 1, 1, 1, 1, 0, 2)
  (1, 1, 1, 1, 0, 2, 0, 2)
  (1, 1, 2, 0, 0, 2, 0, 2)
  (1, 1, 2, 0, 0, 4, 0, 0)
  (2, 0, 2, 0, 0, 4, 0, 0)
  (0, 0, 4, 0, 0, 4, 0, 0)

Path 2356 (6 moves):
  (1, 1, 1, 1, 1, 1, 1, 1)
  (1, 1, 1, 1, 1, 1, 0, 2)
  (1, 1, 1, 1, 0, 2, 0, 2)
  (1, 1, 2, 0, 0, 2, 0, 2)
  (1, 1, 2, 0, 0, 4, 0, 0)
  (2, 0, 2, 0, 0, 4, 0, 0)
  (4, 0, 0, 0, 0, 4, 0, 0)

Path 2357 (6 moves):
  (1, 1, 1, 1, 1, 1, 1, 1)
  (1, 1, 1, 1, 1, 1, 0, 2)
  (1, 1, 1, 1, 0, 2, 0, 2)
  (1, 1, 2, 0, 0, 2, 0, 2)
  (1, 1, 2, 0, 0, 4, 0, 0)
  (1, 0, 3, 0, 0, 4, 0, 0)
  (1, 0, 0, 0, 0, 7, 0, 0)

Path 2358 (6 moves):
  (1, 1, 1, 1, 1, 1, 1, 1)
  (1, 1, 1, 1, 1, 1, 0, 2)
  (1, 1, 1, 1, 0, 2, 0, 2)
  (1, 1, 2, 0, 0, 2, 0, 2)
  (1, 1, 2, 0, 0, 4, 0, 0)
  (3, 1, 0, 0, 0, 4, 0, 0)
  (4, 0, 0, 0, 0, 4, 0, 0)

Path 2359 (6 moves):
  (1, 1, 1, 1, 1, 1, 1, 1)
  (1, 1, 1, 1, 1, 1, 0, 2)
  (1, 1, 1, 1, 0, 2, 0, 2)
  (1, 1, 2, 0, 0, 2, 0, 2)
  (1, 1, 2, 0, 0, 4, 0, 0)
  (3, 1, 0, 0, 0, 4, 0, 0)
  (3, 5, 0, 0, 0, 0, 0, 0)

Path 2360 (6 moves):
  (1, 1, 1, 1, 1, 1, 1, 1)
  (1, 1, 1, 1, 1, 1, 0, 2)
  (1, 1, 1, 1, 0, 2, 0, 2)
  (1, 1, 2, 0, 0, 2, 0, 2)
  (1, 1, 2, 0, 0, 4, 0, 0)
  (1, 5, 2, 0, 0, 0, 0, 0)
  (0, 6, 2, 0, 0, 0, 0, 0)

Path 2361 (6 moves):
  (1, 1, 1, 1, 1, 1, 1, 1)
  (1, 1, 1, 1, 1, 1, 0, 2)
  (1, 1, 1, 1, 0, 2, 0, 2)
  (1, 1, 2, 0, 0, 2, 0, 2)
  (1, 1, 2, 0, 0, 4, 0, 0)
  (1, 5, 2, 0, 0, 0, 0, 0)
  (3, 5, 0, 0, 0, 0, 0, 0)

Path 2362 (6 moves):
  (1, 1, 1, 1, 1, 1, 1, 1)
  (1, 1, 1, 1, 1, 1, 0, 2)
  (1, 1, 1, 1, 0, 2, 0, 2)
  (1, 1, 1, 3, 0, 0, 0, 2)
  (1, 0, 2, 3, 0, 0, 0, 2)
  (3, 0, 0, 3, 0, 0, 0, 2)
  (0, 0, 0, 6, 0, 0, 0, 2)

Path 2363 (6 moves):
  (1, 1, 1, 1, 1, 1, 1, 1)
  (1, 1, 1, 1, 1, 1, 0, 2)
  (1, 1, 1, 1, 0, 2, 0, 2)
  (1, 1, 1, 3, 0, 0, 0, 2)
  (1, 0, 2, 3, 0, 0, 0, 2)
  (3, 0, 0, 3, 0, 0, 0, 2)
  (6, 0, 0, 0, 0, 0, 0, 2)

Path 2364 (6 moves):
  (1, 1, 1, 1, 1, 1, 1, 1)
  (1, 1, 1, 1, 1, 1, 0, 2)
  (1, 1, 1, 1, 0, 2, 0, 2)
  (1, 1, 1, 3, 0, 0, 0, 2)
  (1, 0, 2, 3, 0, 0, 0, 2)
  (4, 0, 2, 0, 0, 0, 0, 2)
  (6, 0, 0, 0, 0, 0, 0, 2)

Path 2365 (6 moves):
  (1, 1, 1, 1, 1, 1, 1, 1)
  (1, 1, 1, 1, 1, 1, 0, 2)
  (1, 1, 1, 1, 0, 2, 0, 2)
  (1, 1, 1, 3, 0, 0, 0, 2)
  (1, 1, 0, 4, 0, 0, 0, 2)
  (0, 2, 0, 4, 0, 0, 0, 2)
  (0, 0, 0, 6, 0, 0, 0, 2)

Path 2366 (6 moves):
  (1, 1, 1, 1, 1, 1, 1, 1)
  (1, 1, 1, 1, 1, 1, 0, 2)
  (1, 1, 1, 1, 0, 2, 0, 2)
  (1, 1, 1, 3, 0, 0, 0, 2)
  (1, 1, 0, 4, 0, 0, 0, 2)
  (2, 0, 0, 4, 0, 0, 0, 2)
  (2, 0, 0, 0, 0, 0, 0, 6)

Path 2367 (6 moves):
  (1, 1, 1, 1, 1, 1, 1, 1)
  (1, 1, 1, 1, 1, 1, 0, 2)
  (1, 1, 1, 1, 0, 2, 0, 2)
  (1, 1, 1, 3, 0, 0, 0, 2)
  (1, 1, 0, 4, 0, 0, 0, 2)
  (1, 1, 0, 0, 0, 0, 0, 6)
  (2, 0, 0, 0, 0, 0, 0, 6)

Path 2368 (6 moves):
  (1, 1, 1, 1, 1, 1, 1, 1)
  (1, 1, 1, 1, 1, 1, 0, 2)
  (1, 1, 1, 1, 0, 2, 0, 2)
  (1, 1, 1, 1, 0, 0, 0, 4)
  (2, 0, 1, 1, 0, 0, 0, 4)
  (0, 0, 3, 1, 0, 0, 0, 4)
  (0, 0, 4, 0, 0, 0, 0, 4)

Path 2369 (6 moves):
  (1, 1, 1, 1, 1, 1, 1, 1)
  (1, 1, 1, 1, 1, 1, 0, 2)
  (1, 1, 1, 1, 0, 2, 0, 2)
  (1, 1, 1, 1, 0, 0, 0, 4)
  (2, 0, 1, 1, 0, 0, 0, 4)
  (0, 0, 3, 1, 0, 0, 0, 4)
  (0, 0, 3, 5, 0, 0, 0, 0)

Path 2370 (6 moves):
  (1, 1, 1, 1, 1, 1, 1, 1)
  (1, 1, 1, 1, 1, 1, 0, 2)
  (1, 1, 1, 1, 0, 2, 0, 2)
  (1, 1, 1, 1, 0, 0, 0, 4)
  (2, 0, 1, 1, 0, 0, 0, 4)
  (2, 0, 0, 2, 0, 0, 0, 4)
  (2, 0, 0, 6, 0, 0, 0, 0)

Path 2371 (6 moves):
  (1, 1, 1, 1, 1, 1, 1, 1)
  (1, 1, 1, 1, 1, 1, 0, 2)
  (1, 1, 1, 1, 0, 2, 0, 2)
  (1, 1, 1, 1, 0, 0, 0, 4)
  (2, 0, 1, 1, 0, 0, 0, 4)
  (2, 0, 2, 0, 0, 0, 0, 4)
  (0, 0, 4, 0, 0, 0, 0, 4)

Path 2372 (6 moves):
  (1, 1, 1, 1, 1, 1, 1, 1)
  (1, 1, 1, 1, 1, 1, 0, 2)
  (1, 1, 1, 1, 0, 2, 0, 2)
  (1, 1, 1, 1, 0, 0, 0, 4)
  (2, 0, 1, 1, 0, 0, 0, 4)
  (2, 0, 2, 0, 0, 0, 0, 4)
  (4, 0, 0, 0, 0, 0, 0, 4)

Path 2373 (6 moves):
  (1, 1, 1, 1, 1, 1, 1, 1)
  (1, 1, 1, 1, 1, 1, 0, 2)
  (1, 1, 1, 1, 0, 2, 0, 2)
  (1, 1, 1, 1, 0, 0, 0, 4)
  (2, 0, 1, 1, 0, 0, 0, 4)
  (2, 0, 1, 5, 0, 0, 0, 0)
  (0, 0, 3, 5, 0, 0, 0, 0)

Path 2374 (6 moves):
  (1, 1, 1, 1, 1, 1, 1, 1)
  (1, 1, 1, 1, 1, 1, 0, 2)
  (1, 1, 1, 1, 0, 2, 0, 2)
  (1, 1, 1, 1, 0, 0, 0, 4)
  (2, 0, 1, 1, 0, 0, 0, 4)
  (2, 0, 1, 5, 0, 0, 0, 0)
  (2, 0, 0, 6, 0, 0, 0, 0)

Path 2375 (6 moves):
  (1, 1, 1, 1, 1, 1, 1, 1)
  (1, 1, 1, 1, 1, 1, 0, 2)
  (1, 1, 1, 1, 0, 2, 0, 2)
  (1, 1, 1, 1, 0, 0, 0, 4)
  (1, 2, 0, 1, 0, 0, 0, 4)
  (0, 3, 0, 1, 0, 0, 0, 4)
  (0, 3, 0, 5, 0, 0, 0, 0)

Path 2376 (6 moves):
  (1, 1, 1, 1, 1, 1, 1, 1)
  (1, 1, 1, 1, 1, 1, 0, 2)
  (1, 1, 1, 1, 0, 2, 0, 2)
  (1, 1, 1, 1, 0, 0, 0, 4)
  (1, 2, 0, 1, 0, 0, 0, 4)
  (1, 0, 0, 3, 0, 0, 0, 4)
  (4, 0, 0, 0, 0, 0, 0, 4)

Path 2377 (6 moves):
  (1, 1, 1, 1, 1, 1, 1, 1)
  (1, 1, 1, 1, 1, 1, 0, 2)
  (1, 1, 1, 1, 0, 2, 0, 2)
  (1, 1, 1, 1, 0, 0, 0, 4)
  (1, 2, 0, 1, 0, 0, 0, 4)
  (1, 0, 0, 3, 0, 0, 0, 4)
  (1, 0, 0, 7, 0, 0, 0, 0)

Path 2378 (6 moves):
  (1, 1, 1, 1, 1, 1, 1, 1)
  (1, 1, 1, 1, 1, 1, 0, 2)
  (1, 1, 1, 1, 0, 2, 0, 2)
  (1, 1, 1, 1, 0, 0, 0, 4)
  (1, 2, 0, 1, 0, 0, 0, 4)
  (1, 2, 0, 5, 0, 0, 0, 0)
  (0, 3, 0, 5, 0, 0, 0, 0)

Path 2379 (6 moves):
  (1, 1, 1, 1, 1, 1, 1, 1)
  (1, 1, 1, 1, 1, 1, 0, 2)
  (1, 1, 1, 1, 0, 2, 0, 2)
  (1, 1, 1, 1, 0, 0, 0, 4)
  (1, 2, 0, 1, 0, 0, 0, 4)
  (1, 2, 0, 5, 0, 0, 0, 0)
  (1, 0, 0, 7, 0, 0, 0, 0)

Path 2380 (6 moves):
  (1, 1, 1, 1, 1, 1, 1, 1)
  (1, 1, 1, 1, 1, 1, 0, 2)
  (1, 1, 1, 1, 0, 2, 0, 2)
  (1, 1, 1, 1, 0, 0, 0, 4)
  (1, 1, 0, 2, 0, 0, 0, 4)
  (0, 2, 0, 2, 0, 0, 0, 4)
  (0, 4, 0, 0, 0, 0, 0, 4)

Path 2381 (6 moves):
  (1, 1, 1, 1, 1, 1, 1, 1)
  (1, 1, 1, 1, 1, 1, 0, 2)
  (1, 1, 1, 1, 0, 2, 0, 2)
  (1, 1, 1, 1, 0, 0, 0, 4)
  (1, 1, 0, 2, 0, 0, 0, 4)
  (2, 0, 0, 2, 0, 0, 0, 4)
  (2, 0, 0, 6, 0, 0, 0, 0)

Path 2382 (6 moves):
  (1, 1, 1, 1, 1, 1, 1, 1)
  (1, 1, 1, 1, 1, 1, 0, 2)
  (1, 1, 1, 1, 0, 2, 0, 2)
  (1, 1, 1, 1, 0, 0, 0, 4)
  (1, 1, 0, 2, 0, 0, 0, 4)
  (1, 3, 0, 0, 0, 0, 0, 4)
  (0, 4, 0, 0, 0, 0, 0, 4)

Path 2383 (6 moves):
  (1, 1, 1, 1, 1, 1, 1, 1)
  (1, 1, 1, 1, 1, 1, 0, 2)
  (1, 1, 1, 1, 0, 2, 0, 2)
  (1, 1, 1, 1, 0, 0, 0, 4)
  (1, 1, 0, 2, 0, 0, 0, 4)
  (1, 1, 0, 6, 0, 0, 0, 0)
  (2, 0, 0, 6, 0, 0, 0, 0)

Path 2384 (6 moves):
  (1, 1, 1, 1, 1, 1, 1, 1)
  (1, 1, 1, 1, 1, 1, 0, 2)
  (1, 1, 1, 1, 0, 2, 0, 2)
  (1, 1, 1, 1, 0, 4, 0, 0)
  (0, 2, 1, 1, 0, 4, 0, 0)
  (0, 0, 1, 3, 0, 4, 0, 0)
  (0, 0, 0, 4, 0, 4, 0, 0)

Path 2385 (6 moves):
  (1, 1, 1, 1, 1, 1, 1, 1)
  (1, 1, 1, 1, 1, 1, 0, 2)
  (1, 1, 1, 1, 0, 2, 0, 2)
  (1, 1, 1, 1, 0, 4, 0, 0)
  (0, 2, 1, 1, 0, 4, 0, 0)
  (0, 3, 0, 1, 0, 4, 0, 0)
  (0, 7, 0, 1, 0, 0, 0, 0)

Path 2386 (6 moves):
  (1, 1, 1, 1, 1, 1, 1, 1)
  (1, 1, 1, 1, 1, 1, 0, 2)
  (1, 1, 1, 1, 0, 2, 0, 2)
  (1, 1, 1, 1, 0, 4, 0, 0)
  (0, 2, 1, 1, 0, 4, 0, 0)
  (0, 2, 0, 2, 0, 4, 0, 0)
  (0, 0, 0, 4, 0, 4, 0, 0)

Path 2387 (6 moves):
  (1, 1, 1, 1, 1, 1, 1, 1)
  (1, 1, 1, 1, 1, 1, 0, 2)
  (1, 1, 1, 1, 0, 2, 0, 2)
  (1, 1, 1, 1, 0, 4, 0, 0)
  (0, 2, 1, 1, 0, 4, 0, 0)
  (0, 2, 0, 2, 0, 4, 0, 0)
  (0, 2, 0, 0, 0, 6, 0, 0)

Path 2388 (6 moves):
  (1, 1, 1, 1, 1, 1, 1, 1)
  (1, 1, 1, 1, 1, 1, 0, 2)
  (1, 1, 1, 1, 0, 2, 0, 2)
  (1, 1, 1, 1, 0, 4, 0, 0)
  (0, 2, 1, 1, 0, 4, 0, 0)
  (0, 2, 2, 0, 0, 4, 0, 0)
  (0, 6, 2, 0, 0, 0, 0, 0)

Path 2389 (6 moves):
  (1, 1, 1, 1, 1, 1, 1, 1)
  (1, 1, 1, 1, 1, 1, 0, 2)
  (1, 1, 1, 1, 0, 2, 0, 2)
  (1, 1, 1, 1, 0, 4, 0, 0)
  (0, 2, 1, 1, 0, 4, 0, 0)
  (0, 6, 1, 1, 0, 0, 0, 0)
  (0, 7, 0, 1, 0, 0, 0, 0)

Path 2390 (6 moves):
  (1, 1, 1, 1, 1, 1, 1, 1)
  (1, 1, 1, 1, 1, 1, 0, 2)
  (1, 1, 1, 1, 0, 2, 0, 2)
  (1, 1, 1, 1, 0, 4, 0, 0)
  (0, 2, 1, 1, 0, 4, 0, 0)
  (0, 6, 1, 1, 0, 0, 0, 0)
  (0, 6, 2, 0, 0, 0, 0, 0)

Path 2391 (6 moves):
  (1, 1, 1, 1, 1, 1, 1, 1)
  (1, 1, 1, 1, 1, 1, 0, 2)
  (1, 1, 1, 1, 0, 2, 0, 2)
  (1, 1, 1, 1, 0, 4, 0, 0)
  (2, 0, 1, 1, 0, 4, 0, 0)
  (0, 0, 3, 1, 0, 4, 0, 0)
  (0, 0, 0, 1, 0, 7, 0, 0)

Path 2392 (6 moves):
  (1, 1, 1, 1, 1, 1, 1, 1)
  (1, 1, 1, 1, 1, 1, 0, 2)
  (1, 1, 1, 1, 0, 2, 0, 2)
  (1, 1, 1, 1, 0, 4, 0, 0)
  (2, 0, 1, 1, 0, 4, 0, 0)
  (0, 0, 3, 1, 0, 4, 0, 0)
  (0, 0, 4, 0, 0, 4, 0, 0)

Path 2393 (6 moves):
  (1, 1, 1, 1, 1, 1, 1, 1)
  (1, 1, 1, 1, 1, 1, 0, 2)
  (1, 1, 1, 1, 0, 2, 0, 2)
  (1, 1, 1, 1, 0, 4, 0, 0)
  (2, 0, 1, 1, 0, 4, 0, 0)
  (2, 0, 0, 2, 0, 4, 0, 0)
  (2, 0, 0, 0, 0, 6, 0, 0)

Path 2394 (6 moves):
  (1, 1, 1, 1, 1, 1, 1, 1)
  (1, 1, 1, 1, 1, 1, 0, 2)
  (1, 1, 1, 1, 0, 2, 0, 2)
  (1, 1, 1, 1, 0, 4, 0, 0)
  (2, 0, 1, 1, 0, 4, 0, 0)
  (2, 0, 2, 0, 0, 4, 0, 0)
  (0, 0, 4, 0, 0, 4, 0, 0)

Path 2395 (6 moves):
  (1, 1, 1, 1, 1, 1, 1, 1)
  (1, 1, 1, 1, 1, 1, 0, 2)
  (1, 1, 1, 1, 0, 2, 0, 2)
  (1, 1, 1, 1, 0, 4, 0, 0)
  (2, 0, 1, 1, 0, 4, 0, 0)
  (2, 0, 2, 0, 0, 4, 0, 0)
  (4, 0, 0, 0, 0, 4, 0, 0)

Path 2396 (6 moves):
  (1, 1, 1, 1, 1, 1, 1, 1)
  (1, 1, 1, 1, 1, 1, 0, 2)
  (1, 1, 1, 1, 0, 2, 0, 2)
  (1, 1, 1, 1, 0, 4, 0, 0)
  (1, 0, 2, 1, 0, 4, 0, 0)
  (3, 0, 0, 1, 0, 4, 0, 0)
  (0, 0, 0, 4, 0, 4, 0, 0)

Path 2397 (6 moves):
  (1, 1, 1, 1, 1, 1, 1, 1)
  (1, 1, 1, 1, 1, 1, 0, 2)
  (1, 1, 1, 1, 0, 2, 0, 2)
  (1, 1, 1, 1, 0, 4, 0, 0)
  (1, 0, 2, 1, 0, 4, 0, 0)
  (1, 0, 3, 0, 0, 4, 0, 0)
  (1, 0, 0, 0, 0, 7, 0, 0)

Path 2398 (6 moves):
  (1, 1, 1, 1, 1, 1, 1, 1)
  (1, 1, 1, 1, 1, 1, 0, 2)
  (1, 1, 1, 1, 0, 2, 0, 2)
  (1, 1, 1, 1, 0, 4, 0, 0)
  (1, 2, 0, 1, 0, 4, 0, 0)
  (0, 3, 0, 1, 0, 4, 0, 0)
  (0, 7, 0, 1, 0, 0, 0, 0)

Path 2399 (6 moves):
  (1, 1, 1, 1, 1, 1, 1, 1)
  (1, 1, 1, 1, 1, 1, 0, 2)
  (1, 1, 1, 1, 0, 2, 0, 2)
  (1, 1, 1, 1, 0, 4, 0, 0)
  (1, 2, 0, 1, 0, 4, 0, 0)
  (1, 0, 0, 3, 0, 4, 0, 0)
  (4, 0, 0, 0, 0, 4, 0, 0)

Path 2400 (6 moves):
  (1, 1, 1, 1, 1, 1, 1, 1)
  (1, 1, 1, 1, 1, 1, 0, 2)
  (1, 1, 1, 1, 0, 2, 0, 2)
  (1, 1, 1, 1, 0, 4, 0, 0)
  (1, 2, 0, 1, 0, 4, 0, 0)
  (1, 6, 0, 1, 0, 0, 0, 0)
  (0, 7, 0, 1, 0, 0, 0, 0)

Path 2401 (6 moves):
  (1, 1, 1, 1, 1, 1, 1, 1)
  (1, 1, 1, 1, 1, 1, 0, 2)
  (1, 1, 1, 1, 0, 2, 0, 2)
  (1, 1, 1, 1, 0, 4, 0, 0)
  (1, 1, 2, 0, 0, 4, 0, 0)
  (0, 2, 2, 0, 0, 4, 0, 0)
  (0, 6, 2, 0, 0, 0, 0, 0)

Path 2402 (6 moves):
  (1, 1, 1, 1, 1, 1, 1, 1)
  (1, 1, 1, 1, 1, 1, 0, 2)
  (1, 1, 1, 1, 0, 2, 0, 2)
  (1, 1, 1, 1, 0, 4, 0, 0)
  (1, 1, 2, 0, 0, 4, 0, 0)
  (2, 0, 2, 0, 0, 4, 0, 0)
  (0, 0, 4, 0, 0, 4, 0, 0)

Path 2403 (6 moves):
  (1, 1, 1, 1, 1, 1, 1, 1)
  (1, 1, 1, 1, 1, 1, 0, 2)
  (1, 1, 1, 1, 0, 2, 0, 2)
  (1, 1, 1, 1, 0, 4, 0, 0)
  (1, 1, 2, 0, 0, 4, 0, 0)
  (2, 0, 2, 0, 0, 4, 0, 0)
  (4, 0, 0, 0, 0, 4, 0, 0)

Path 2404 (6 moves):
  (1, 1, 1, 1, 1, 1, 1, 1)
  (1, 1, 1, 1, 1, 1, 0, 2)
  (1, 1, 1, 1, 0, 2, 0, 2)
  (1, 1, 1, 1, 0, 4, 0, 0)
  (1, 1, 2, 0, 0, 4, 0, 0)
  (1, 0, 3, 0, 0, 4, 0, 0)
  (1, 0, 0, 0, 0, 7, 0, 0)

Path 2405 (6 moves):
  (1, 1, 1, 1, 1, 1, 1, 1)
  (1, 1, 1, 1, 1, 1, 0, 2)
  (1, 1, 1, 1, 0, 2, 0, 2)
  (1, 1, 1, 1, 0, 4, 0, 0)
  (1, 1, 2, 0, 0, 4, 0, 0)
  (3, 1, 0, 0, 0, 4, 0, 0)
  (4, 0, 0, 0, 0, 4, 0, 0)

Path 2406 (6 moves):
  (1, 1, 1, 1, 1, 1, 1, 1)
  (1, 1, 1, 1, 1, 1, 0, 2)
  (1, 1, 1, 1, 0, 2, 0, 2)
  (1, 1, 1, 1, 0, 4, 0, 0)
  (1, 1, 2, 0, 0, 4, 0, 0)
  (3, 1, 0, 0, 0, 4, 0, 0)
  (3, 5, 0, 0, 0, 0, 0, 0)

Path 2407 (6 moves):
  (1, 1, 1, 1, 1, 1, 1, 1)
  (1, 1, 1, 1, 1, 1, 0, 2)
  (1, 1, 1, 1, 0, 2, 0, 2)
  (1, 1, 1, 1, 0, 4, 0, 0)
  (1, 1, 2, 0, 0, 4, 0, 0)
  (1, 5, 2, 0, 0, 0, 0, 0)
  (0, 6, 2, 0, 0, 0, 0, 0)

Path 2408 (6 moves):
  (1, 1, 1, 1, 1, 1, 1, 1)
  (1, 1, 1, 1, 1, 1, 0, 2)
  (1, 1, 1, 1, 0, 2, 0, 2)
  (1, 1, 1, 1, 0, 4, 0, 0)
  (1, 1, 2, 0, 0, 4, 0, 0)
  (1, 5, 2, 0, 0, 0, 0, 0)
  (3, 5, 0, 0, 0, 0, 0, 0)

Path 2409 (6 moves):
  (1, 1, 1, 1, 1, 1, 1, 1)
  (1, 1, 1, 1, 1, 1, 2, 0)
  (1, 1, 0, 2, 1, 1, 2, 0)
  (0, 2, 0, 2, 1, 1, 2, 0)
  (0, 2, 0, 0, 1, 3, 2, 0)
  (0, 2, 0, 0, 0, 4, 2, 0)
  (0, 6, 0, 0, 0, 0, 2, 0)

Path 2410 (6 moves):
  (1, 1, 1, 1, 1, 1, 1, 1)
  (1, 1, 1, 1, 1, 1, 2, 0)
  (1, 1, 0, 2, 1, 1, 2, 0)
  (0, 2, 0, 2, 1, 1, 2, 0)
  (0, 2, 0, 0, 1, 3, 2, 0)
  (0, 2, 0, 0, 3, 3, 0, 0)
  (0, 5, 0, 0, 0, 3, 0, 0)

Path 2411 (6 moves):
  (1, 1, 1, 1, 1, 1, 1, 1)
  (1, 1, 1, 1, 1, 1, 2, 0)
  (1, 1, 0, 2, 1, 1, 2, 0)
  (0, 2, 0, 2, 1, 1, 2, 0)
  (0, 2, 0, 2, 0, 2, 2, 0)
  (0, 0, 0, 4, 0, 2, 2, 0)
  (0, 0, 0, 6, 0, 0, 2, 0)

Path 2412 (6 moves):
  (1, 1, 1, 1, 1, 1, 1, 1)
  (1, 1, 1, 1, 1, 1, 2, 0)
  (1, 1, 0, 2, 1, 1, 2, 0)
  (0, 2, 0, 2, 1, 1, 2, 0)
  (0, 2, 0, 2, 0, 2, 2, 0)
  (0, 4, 0, 0, 0, 2, 2, 0)
  (0, 0, 0, 0, 0, 6, 2, 0)

Path 2413 (6 moves):
  (1, 1, 1, 1, 1, 1, 1, 1)
  (1, 1, 1, 1, 1, 1, 2, 0)
  (1, 1, 0, 2, 1, 1, 2, 0)
  (0, 2, 0, 2, 1, 1, 2, 0)
  (0, 2, 0, 2, 0, 2, 2, 0)
  (0, 2, 0, 0, 0, 4, 2, 0)
  (0, 6, 0, 0, 0, 0, 2, 0)

Path 2414 (6 moves):
  (1, 1, 1, 1, 1, 1, 1, 1)
  (1, 1, 1, 1, 1, 1, 2, 0)
  (1, 1, 0, 2, 1, 1, 2, 0)
  (0, 2, 0, 2, 1, 1, 2, 0)
  (0, 2, 0, 2, 0, 2, 2, 0)
  (0, 2, 0, 4, 0, 0, 2, 0)
  (0, 0, 0, 6, 0, 0, 2, 0)

Path 2415 (6 moves):
  (1, 1, 1, 1, 1, 1, 1, 1)
  (1, 1, 1, 1, 1, 1, 2, 0)
  (1, 1, 0, 2, 1, 1, 2, 0)
  (0, 2, 0, 2, 1, 1, 2, 0)
  (0, 2, 0, 2, 2, 0, 2, 0)
  (0, 0, 0, 4, 2, 0, 2, 0)
  (0, 0, 0, 4, 0, 0, 4, 0)

Path 2416 (6 moves):
  (1, 1, 1, 1, 1, 1, 1, 1)
  (1, 1, 1, 1, 1, 1, 2, 0)
  (1, 1, 0, 2, 1, 1, 2, 0)
  (0, 2, 0, 2, 1, 1, 2, 0)
  (0, 2, 0, 2, 2, 0, 2, 0)
  (0, 0, 0, 4, 2, 0, 2, 0)
  (0, 0, 0, 4, 4, 0, 0, 0)

Path 2417 (6 moves):
  (1, 1, 1, 1, 1, 1, 1, 1)
  (1, 1, 1, 1, 1, 1, 2, 0)
  (1, 1, 0, 2, 1, 1, 2, 0)
  (0, 2, 0, 2, 1, 1, 2, 0)
  (0, 2, 0, 2, 2, 0, 2, 0)
  (0, 4, 0, 0, 2, 0, 2, 0)
  (0, 4, 0, 0, 0, 0, 4, 0)

Path 2418 (6 moves):
  (1, 1, 1, 1, 1, 1, 1, 1)
  (1, 1, 1, 1, 1, 1, 2, 0)
  (1, 1, 0, 2, 1, 1, 2, 0)
  (0, 2, 0, 2, 1, 1, 2, 0)
  (0, 2, 0, 2, 2, 0, 2, 0)
  (0, 4, 0, 0, 2, 0, 2, 0)
  (0, 4, 0, 0, 4, 0, 0, 0)

Path 2419 (6 moves):
  (1, 1, 1, 1, 1, 1, 1, 1)
  (1, 1, 1, 1, 1, 1, 2, 0)
  (1, 1, 0, 2, 1, 1, 2, 0)
  (0, 2, 0, 2, 1, 1, 2, 0)
  (0, 2, 0, 2, 2, 0, 2, 0)
  (0, 2, 0, 2, 0, 0, 4, 0)
  (0, 0, 0, 4, 0, 0, 4, 0)

Path 2420 (6 moves):
  (1, 1, 1, 1, 1, 1, 1, 1)
  (1, 1, 1, 1, 1, 1, 2, 0)
  (1, 1, 0, 2, 1, 1, 2, 0)
  (0, 2, 0, 2, 1, 1, 2, 0)
  (0, 2, 0, 2, 2, 0, 2, 0)
  (0, 2, 0, 2, 0, 0, 4, 0)
  (0, 4, 0, 0, 0, 0, 4, 0)

Path 2421 (6 moves):
  (1, 1, 1, 1, 1, 1, 1, 1)
  (1, 1, 1, 1, 1, 1, 2, 0)
  (1, 1, 0, 2, 1, 1, 2, 0)
  (0, 2, 0, 2, 1, 1, 2, 0)
  (0, 2, 0, 2, 2, 0, 2, 0)
  (0, 2, 0, 2, 4, 0, 0, 0)
  (0, 0, 0, 4, 4, 0, 0, 0)

Path 2422 (6 moves):
  (1, 1, 1, 1, 1, 1, 1, 1)
  (1, 1, 1, 1, 1, 1, 2, 0)
  (1, 1, 0, 2, 1, 1, 2, 0)
  (0, 2, 0, 2, 1, 1, 2, 0)
  (0, 2, 0, 2, 2, 0, 2, 0)
  (0, 2, 0, 2, 4, 0, 0, 0)
  (0, 4, 0, 0, 4, 0, 0, 0)

Path 2423 (6 moves):
  (1, 1, 1, 1, 1, 1, 1, 1)
  (1, 1, 1, 1, 1, 1, 2, 0)
  (1, 1, 0, 2, 1, 1, 2, 0)
  (0, 2, 0, 2, 1, 1, 2, 0)
  (0, 2, 0, 2, 3, 1, 0, 0)
  (0, 0, 0, 4, 3, 1, 0, 0)
  (0, 0, 0, 4, 4, 0, 0, 0)

Path 2424 (6 moves):
  (1, 1, 1, 1, 1, 1, 1, 1)
  (1, 1, 1, 1, 1, 1, 2, 0)
  (1, 1, 0, 2, 1, 1, 2, 0)
  (0, 2, 0, 2, 1, 1, 2, 0)
  (0, 2, 0, 2, 3, 1, 0, 0)
  (0, 4, 0, 0, 3, 1, 0, 0)
  (0, 0, 0, 0, 3, 5, 0, 0)

Path 2425 (6 moves):
  (1, 1, 1, 1, 1, 1, 1, 1)
  (1, 1, 1, 1, 1, 1, 2, 0)
  (1, 1, 0, 2, 1, 1, 2, 0)
  (0, 2, 0, 2, 1, 1, 2, 0)
  (0, 2, 0, 2, 3, 1, 0, 0)
  (0, 4, 0, 0, 3, 1, 0, 0)
  (0, 7, 0, 0, 0, 1, 0, 0)

Path 2426 (6 moves):
  (1, 1, 1, 1, 1, 1, 1, 1)
  (1, 1, 1, 1, 1, 1, 2, 0)
  (1, 1, 0, 2, 1, 1, 2, 0)
  (0, 2, 0, 2, 1, 1, 2, 0)
  (0, 2, 0, 2, 3, 1, 0, 0)
  (0, 4, 0, 0, 3, 1, 0, 0)
  (0, 4, 0, 0, 4, 0, 0, 0)

Path 2427 (6 moves):
  (1, 1, 1, 1, 1, 1, 1, 1)
  (1, 1, 1, 1, 1, 1, 2, 0)
  (1, 1, 0, 2, 1, 1, 2, 0)
  (0, 2, 0, 2, 1, 1, 2, 0)
  (0, 2, 0, 2, 3, 1, 0, 0)
  (0, 2, 0, 0, 3, 3, 0, 0)
  (0, 5, 0, 0, 0, 3, 0, 0)

Path 2428 (6 moves):
  (1, 1, 1, 1, 1, 1, 1, 1)
  (1, 1, 1, 1, 1, 1, 2, 0)
  (1, 1, 0, 2, 1, 1, 2, 0)
  (0, 2, 0, 2, 1, 1, 2, 0)
  (0, 2, 0, 2, 3, 1, 0, 0)
  (0, 5, 0, 2, 0, 1, 0, 0)
  (0, 7, 0, 0, 0, 1, 0, 0)

Path 2429 (6 moves):
  (1, 1, 1, 1, 1, 1, 1, 1)
  (1, 1, 1, 1, 1, 1, 2, 0)
  (1, 1, 0, 2, 1, 1, 2, 0)
  (0, 2, 0, 2, 1, 1, 2, 0)
  (0, 2, 0, 2, 3, 1, 0, 0)
  (0, 5, 0, 2, 0, 1, 0, 0)
  (0, 5, 0, 0, 0, 3, 0, 0)

Path 2430 (6 moves):
  (1, 1, 1, 1, 1, 1, 1, 1)
  (1, 1, 1, 1, 1, 1, 2, 0)
  (1, 1, 0, 2, 1, 1, 2, 0)
  (0, 2, 0, 2, 1, 1, 2, 0)
  (0, 2, 0, 2, 3, 1, 0, 0)
  (0, 2, 0, 2, 4, 0, 0, 0)
  (0, 0, 0, 4, 4, 0, 0, 0)

Path 2431 (6 moves):
  (1, 1, 1, 1, 1, 1, 1, 1)
  (1, 1, 1, 1, 1, 1, 2, 0)
  (1, 1, 0, 2, 1, 1, 2, 0)
  (0, 2, 0, 2, 1, 1, 2, 0)
  (0, 2, 0, 2, 3, 1, 0, 0)
  (0, 2, 0, 2, 4, 0, 0, 0)
  (0, 4, 0, 0, 4, 0, 0, 0)

Path 2432 (6 moves):
  (1, 1, 1, 1, 1, 1, 1, 1)
  (1, 1, 1, 1, 1, 1, 2, 0)
  (1, 1, 0, 2, 1, 1, 2, 0)
  (2, 0, 0, 2, 1, 1, 2, 0)
  (2, 0, 0, 2, 1, 0, 3, 0)
  (2, 0, 0, 3, 0, 0, 3, 0)
  (5, 0, 0, 0, 0, 0, 3, 0)

Path 2433 (6 moves):
  (1, 1, 1, 1, 1, 1, 1, 1)
  (1, 1, 1, 1, 1, 1, 2, 0)
  (1, 1, 0, 2, 1, 1, 2, 0)
  (2, 0, 0, 2, 1, 1, 2, 0)
  (2, 0, 0, 2, 1, 0, 3, 0)
  (2, 0, 0, 3, 0, 0, 3, 0)
  (2, 0, 0, 6, 0, 0, 0, 0)

Path 2434 (6 moves):
  (1, 1, 1, 1, 1, 1, 1, 1)
  (1, 1, 1, 1, 1, 1, 2, 0)
  (1, 1, 0, 2, 1, 1, 2, 0)
  (2, 0, 0, 2, 1, 1, 2, 0)
  (2, 0, 0, 2, 1, 0, 3, 0)
  (2, 0, 0, 5, 1, 0, 0, 0)
  (2, 0, 0, 6, 0, 0, 0, 0)

Path 2435 (6 moves):
  (1, 1, 1, 1, 1, 1, 1, 1)
  (1, 1, 1, 1, 1, 1, 2, 0)
  (1, 1, 0, 2, 1, 1, 2, 0)
  (1, 3, 0, 0, 1, 1, 2, 0)
  (1, 0, 0, 0, 4, 1, 2, 0)
  (5, 0, 0, 0, 0, 1, 2, 0)
  (0, 0, 0, 0, 0, 6, 2, 0)

Path 2436 (6 moves):
  (1, 1, 1, 1, 1, 1, 1, 1)
  (1, 1, 1, 1, 1, 1, 2, 0)
  (1, 1, 0, 2, 1, 1, 2, 0)
  (1, 3, 0, 0, 1, 1, 2, 0)
  (1, 0, 0, 0, 4, 1, 2, 0)
  (5, 0, 0, 0, 0, 1, 2, 0)
  (5, 0, 0, 0, 0, 0, 3, 0)

Path 2437 (6 moves):
  (1, 1, 1, 1, 1, 1, 1, 1)
  (1, 1, 1, 1, 1, 1, 2, 0)
  (1, 1, 0, 2, 1, 1, 2, 0)
  (1, 3, 0, 0, 1, 1, 2, 0)
  (1, 0, 0, 0, 4, 1, 2, 0)
  (1, 0, 0, 0, 5, 0, 2, 0)
  (1, 0, 0, 0, 7, 0, 0, 0)

Path 2438 (6 moves):
  (1, 1, 1, 1, 1, 1, 1, 1)
  (1, 1, 1, 1, 1, 1, 2, 0)
  (1, 1, 0, 2, 1, 1, 2, 0)
  (1, 3, 0, 0, 1, 1, 2, 0)
  (1, 0, 0, 0, 4, 1, 2, 0)
  (1, 0, 0, 0, 4, 0, 3, 0)
  (5, 0, 0, 0, 0, 0, 3, 0)

Path 2439 (6 moves):
  (1, 1, 1, 1, 1, 1, 1, 1)
  (1, 1, 1, 1, 1, 1, 2, 0)
  (1, 1, 0, 2, 1, 1, 2, 0)
  (1, 3, 0, 0, 1, 1, 2, 0)
  (1, 0, 0, 0, 4, 1, 2, 0)
  (1, 0, 0, 0, 6, 1, 0, 0)
  (1, 0, 0, 0, 7, 0, 0, 0)

Path 2440 (6 moves):
  (1, 1, 1, 1, 1, 1, 1, 1)
  (1, 1, 1, 1, 1, 1, 2, 0)
  (1, 1, 0, 2, 1, 1, 2, 0)
  (1, 3, 0, 0, 1, 1, 2, 0)
  (1, 3, 0, 0, 0, 2, 2, 0)
  (0, 4, 0, 0, 0, 2, 2, 0)
  (0, 0, 0, 0, 0, 6, 2, 0)

Path 2441 (6 moves):
  (1, 1, 1, 1, 1, 1, 1, 1)
  (1, 1, 1, 1, 1, 1, 2, 0)
  (1, 1, 0, 2, 1, 1, 2, 0)
  (1, 3, 0, 0, 1, 1, 2, 0)
  (1, 3, 0, 0, 2, 0, 2, 0)
  (0, 4, 0, 0, 2, 0, 2, 0)
  (0, 4, 0, 0, 0, 0, 4, 0)

Path 2442 (6 moves):
  (1, 1, 1, 1, 1, 1, 1, 1)
  (1, 1, 1, 1, 1, 1, 2, 0)
  (1, 1, 0, 2, 1, 1, 2, 0)
  (1, 3, 0, 0, 1, 1, 2, 0)
  (1, 3, 0, 0, 2, 0, 2, 0)
  (0, 4, 0, 0, 2, 0, 2, 0)
  (0, 4, 0, 0, 4, 0, 0, 0)

Path 2443 (6 moves):
  (1, 1, 1, 1, 1, 1, 1, 1)
  (1, 1, 1, 1, 1, 1, 2, 0)
  (1, 1, 0, 2, 1, 1, 2, 0)
  (1, 3, 0, 0, 1, 1, 2, 0)
  (1, 3, 0, 0, 2, 0, 2, 0)
  (1, 0, 0, 0, 5, 0, 2, 0)
  (1, 0, 0, 0, 7, 0, 0, 0)

Path 2444 (6 moves):
  (1, 1, 1, 1, 1, 1, 1, 1)
  (1, 1, 1, 1, 1, 1, 2, 0)
  (1, 1, 0, 2, 1, 1, 2, 0)
  (1, 3, 0, 0, 1, 1, 2, 0)
  (1, 3, 0, 0, 2, 0, 2, 0)
  (1, 3, 0, 0, 0, 0, 4, 0)
  (0, 4, 0, 0, 0, 0, 4, 0)

Path 2445 (6 moves):
  (1, 1, 1, 1, 1, 1, 1, 1)
  (1, 1, 1, 1, 1, 1, 2, 0)
  (1, 1, 0, 2, 1, 1, 2, 0)
  (1, 3, 0, 0, 1, 1, 2, 0)
  (1, 3, 0, 0, 2, 0, 2, 0)
  (1, 3, 0, 0, 4, 0, 0, 0)
  (0, 4, 0, 0, 4, 0, 0, 0)

Path 2446 (6 moves):
  (1, 1, 1, 1, 1, 1, 1, 1)
  (1, 1, 1, 1, 1, 1, 2, 0)
  (1, 1, 0, 2, 1, 1, 2, 0)
  (1, 3, 0, 0, 1, 1, 2, 0)
  (1, 3, 0, 0, 2, 0, 2, 0)
  (1, 3, 0, 0, 4, 0, 0, 0)
  (1, 0, 0, 0, 7, 0, 0, 0)

Path 2447 (6 moves):
  (1, 1, 1, 1, 1, 1, 1, 1)
  (1, 1, 1, 1, 1, 1, 2, 0)
  (1, 1, 0, 2, 1, 1, 2, 0)
  (1, 3, 0, 0, 1, 1, 2, 0)
  (1, 3, 0, 0, 2, 0, 2, 0)
  (1, 3, 0, 0, 4, 0, 0, 0)
  (5, 3, 0, 0, 0, 0, 0, 0)

Path 2448 (6 moves):
  (1, 1, 1, 1, 1, 1, 1, 1)
  (1, 1, 1, 1, 1, 1, 2, 0)
  (1, 1, 0, 2, 1, 1, 2, 0)
  (1, 3, 0, 0, 1, 1, 2, 0)
  (1, 3, 0, 0, 3, 1, 0, 0)
  (0, 4, 0, 0, 3, 1, 0, 0)
  (0, 0, 0, 0, 3, 5, 0, 0)

Path 2449 (6 moves):
  (1, 1, 1, 1, 1, 1, 1, 1)
  (1, 1, 1, 1, 1, 1, 2, 0)
  (1, 1, 0, 2, 1, 1, 2, 0)
  (1, 3, 0, 0, 1, 1, 2, 0)
  (1, 3, 0, 0, 3, 1, 0, 0)
  (0, 4, 0, 0, 3, 1, 0, 0)
  (0, 7, 0, 0, 0, 1, 0, 0)

Path 2450 (6 moves):
  (1, 1, 1, 1, 1, 1, 1, 1)
  (1, 1, 1, 1, 1, 1, 2, 0)
  (1, 1, 0, 2, 1, 1, 2, 0)
  (1, 3, 0, 0, 1, 1, 2, 0)
  (1, 3, 0, 0, 3, 1, 0, 0)
  (0, 4, 0, 0, 3, 1, 0, 0)
  (0, 4, 0, 0, 4, 0, 0, 0)

Path 2451 (6 moves):
  (1, 1, 1, 1, 1, 1, 1, 1)
  (1, 1, 1, 1, 1, 1, 2, 0)
  (1, 1, 0, 2, 1, 1, 2, 0)
  (1, 3, 0, 0, 1, 1, 2, 0)
  (1, 3, 0, 0, 3, 1, 0, 0)
  (1, 0, 0, 0, 6, 1, 0, 0)
  (1, 0, 0, 0, 7, 0, 0, 0)

Path 2452 (6 moves):
  (1, 1, 1, 1, 1, 1, 1, 1)
  (1, 1, 1, 1, 1, 1, 2, 0)
  (1, 1, 0, 2, 1, 1, 2, 0)
  (1, 3, 0, 0, 1, 1, 2, 0)
  (1, 3, 0, 0, 3, 1, 0, 0)
  (1, 6, 0, 0, 0, 1, 0, 0)
  (0, 7, 0, 0, 0, 1, 0, 0)

Path 2453 (6 moves):
  (1, 1, 1, 1, 1, 1, 1, 1)
  (1, 1, 1, 1, 1, 1, 2, 0)
  (1, 1, 0, 2, 1, 1, 2, 0)
  (1, 3, 0, 0, 1, 1, 2, 0)
  (1, 3, 0, 0, 3, 1, 0, 0)
  (1, 3, 0, 0, 4, 0, 0, 0)
  (0, 4, 0, 0, 4, 0, 0, 0)

Path 2454 (6 moves):
  (1, 1, 1, 1, 1, 1, 1, 1)
  (1, 1, 1, 1, 1, 1, 2, 0)
  (1, 1, 0, 2, 1, 1, 2, 0)
  (1, 3, 0, 0, 1, 1, 2, 0)
  (1, 3, 0, 0, 3, 1, 0, 0)
  (1, 3, 0, 0, 4, 0, 0, 0)
  (1, 0, 0, 0, 7, 0, 0, 0)

Path 2455 (6 moves):
  (1, 1, 1, 1, 1, 1, 1, 1)
  (1, 1, 1, 1, 1, 1, 2, 0)
  (1, 1, 0, 2, 1, 1, 2, 0)
  (1, 3, 0, 0, 1, 1, 2, 0)
  (1, 3, 0, 0, 3, 1, 0, 0)
  (1, 3, 0, 0, 4, 0, 0, 0)
  (5, 3, 0, 0, 0, 0, 0, 0)

Path 2456 (6 moves):
  (1, 1, 1, 1, 1, 1, 1, 1)
  (1, 1, 1, 1, 1, 1, 2, 0)
  (1, 1, 0, 2, 1, 1, 2, 0)
  (1, 1, 0, 0, 1, 3, 2, 0)
  (0, 2, 0, 0, 1, 3, 2, 0)
  (0, 2, 0, 0, 0, 4, 2, 0)
  (0, 6, 0, 0, 0, 0, 2, 0)

Path 2457 (6 moves):
  (1, 1, 1, 1, 1, 1, 1, 1)
  (1, 1, 1, 1, 1, 1, 2, 0)
  (1, 1, 0, 2, 1, 1, 2, 0)
  (1, 1, 0, 0, 1, 3, 2, 0)
  (0, 2, 0, 0, 1, 3, 2, 0)
  (0, 2, 0, 0, 3, 3, 0, 0)
  (0, 5, 0, 0, 0, 3, 0, 0)

Path 2458 (6 moves):
  (1, 1, 1, 1, 1, 1, 1, 1)
  (1, 1, 1, 1, 1, 1, 2, 0)
  (1, 1, 0, 2, 1, 1, 2, 0)
  (1, 1, 0, 3, 0, 1, 2, 0)
  (4, 1, 0, 0, 0, 1, 2, 0)
  (5, 0, 0, 0, 0, 1, 2, 0)
  (0, 0, 0, 0, 0, 6, 2, 0)

Path 2459 (6 moves):
  (1, 1, 1, 1, 1, 1, 1, 1)
  (1, 1, 1, 1, 1, 1, 2, 0)
  (1, 1, 0, 2, 1, 1, 2, 0)
  (1, 1, 0, 3, 0, 1, 2, 0)
  (4, 1, 0, 0, 0, 1, 2, 0)
  (5, 0, 0, 0, 0, 1, 2, 0)
  (5, 0, 0, 0, 0, 0, 3, 0)

Path 2460 (6 moves):
  (1, 1, 1, 1, 1, 1, 1, 1)
  (1, 1, 1, 1, 1, 1, 2, 0)
  (1, 1, 0, 2, 1, 1, 2, 0)
  (1, 1, 0, 3, 0, 1, 2, 0)
  (4, 1, 0, 0, 0, 1, 2, 0)
  (4, 1, 0, 0, 0, 0, 3, 0)
  (5, 0, 0, 0, 0, 0, 3, 0)

Path 2461 (6 moves):
  (1, 1, 1, 1, 1, 1, 1, 1)
  (1, 1, 1, 1, 1, 1, 2, 0)
  (1, 1, 0, 2, 1, 1, 2, 0)
  (1, 1, 0, 3, 0, 1, 2, 0)
  (1, 1, 0, 3, 0, 0, 3, 0)
  (0, 2, 0, 3, 0, 0, 3, 0)
  (0, 2, 0, 0, 0, 0, 6, 0)

Path 2462 (6 moves):
  (1, 1, 1, 1, 1, 1, 1, 1)
  (1, 1, 1, 1, 1, 1, 2, 0)
  (1, 1, 0, 2, 1, 1, 2, 0)
  (1, 1, 0, 3, 0, 1, 2, 0)
  (1, 1, 0, 3, 0, 0, 3, 0)
  (2, 0, 0, 3, 0, 0, 3, 0)
  (5, 0, 0, 0, 0, 0, 3, 0)

Path 2463 (6 moves):
  (1, 1, 1, 1, 1, 1, 1, 1)
  (1, 1, 1, 1, 1, 1, 2, 0)
  (1, 1, 0, 2, 1, 1, 2, 0)
  (1, 1, 0, 3, 0, 1, 2, 0)
  (1, 1, 0, 3, 0, 0, 3, 0)
  (2, 0, 0, 3, 0, 0, 3, 0)
  (2, 0, 0, 6, 0, 0, 0, 0)

Path 2464 (6 moves):
  (1, 1, 1, 1, 1, 1, 1, 1)
  (1, 1, 1, 1, 1, 1, 2, 0)
  (1, 1, 0, 2, 1, 1, 2, 0)
  (1, 1, 0, 3, 0, 1, 2, 0)
  (1, 1, 0, 3, 0, 0, 3, 0)
  (4, 1, 0, 0, 0, 0, 3, 0)
  (5, 0, 0, 0, 0, 0, 3, 0)

Path 2465 (6 moves):
  (1, 1, 1, 1, 1, 1, 1, 1)
  (1, 1, 1, 1, 1, 1, 2, 0)
  (1, 1, 0, 2, 1, 1, 2, 0)
  (1, 1, 0, 3, 0, 1, 2, 0)
  (1, 1, 0, 3, 0, 0, 3, 0)
  (1, 1, 0, 0, 0, 0, 6, 0)
  (0, 2, 0, 0, 0, 0, 6, 0)

Path 2466 (6 moves):
  (1, 1, 1, 1, 1, 1, 1, 1)
  (1, 1, 1, 1, 1, 1, 2, 0)
  (1, 1, 0, 2, 1, 1, 2, 0)
  (1, 1, 0, 3, 0, 1, 2, 0)
  (1, 1, 0, 3, 0, 0, 3, 0)
  (1, 1, 0, 6, 0, 0, 0, 0)
  (2, 0, 0, 6, 0, 0, 0, 0)

Path 2467 (6 moves):
  (1, 1, 1, 1, 1, 1, 1, 1)
  (1, 1, 1, 1, 1, 1, 2, 0)
  (1, 1, 0, 2, 1, 1, 2, 0)
  (1, 1, 0, 2, 0, 2, 2, 0)
  (0, 2, 0, 2, 0, 2, 2, 0)
  (0, 0, 0, 4, 0, 2, 2, 0)
  (0, 0, 0, 6, 0, 0, 2, 0)

Path 2468 (6 moves):
  (1, 1, 1, 1, 1, 1, 1, 1)
  (1, 1, 1, 1, 1, 1, 2, 0)
  (1, 1, 0, 2, 1, 1, 2, 0)
  (1, 1, 0, 2, 0, 2, 2, 0)
  (0, 2, 0, 2, 0, 2, 2, 0)
  (0, 4, 0, 0, 0, 2, 2, 0)
  (0, 0, 0, 0, 0, 6, 2, 0)

Path 2469 (6 moves):
  (1, 1, 1, 1, 1, 1, 1, 1)
  (1, 1, 1, 1, 1, 1, 2, 0)
  (1, 1, 0, 2, 1, 1, 2, 0)
  (1, 1, 0, 2, 0, 2, 2, 0)
  (0, 2, 0, 2, 0, 2, 2, 0)
  (0, 2, 0, 0, 0, 4, 2, 0)
  (0, 6, 0, 0, 0, 0, 2, 0)

Path 2470 (6 moves):
  (1, 1, 1, 1, 1, 1, 1, 1)
  (1, 1, 1, 1, 1, 1, 2, 0)
  (1, 1, 0, 2, 1, 1, 2, 0)
  (1, 1, 0, 2, 0, 2, 2, 0)
  (0, 2, 0, 2, 0, 2, 2, 0)
  (0, 2, 0, 4, 0, 0, 2, 0)
  (0, 0, 0, 6, 0, 0, 2, 0)

Path 2471 (6 moves):
  (1, 1, 1, 1, 1, 1, 1, 1)
  (1, 1, 1, 1, 1, 1, 2, 0)
  (1, 1, 0, 2, 1, 1, 2, 0)
  (1, 1, 0, 2, 0, 2, 2, 0)
  (1, 3, 0, 0, 0, 2, 2, 0)
  (0, 4, 0, 0, 0, 2, 2, 0)
  (0, 0, 0, 0, 0, 6, 2, 0)

Path 2472 (6 moves):
  (1, 1, 1, 1, 1, 1, 1, 1)
  (1, 1, 1, 1, 1, 1, 2, 0)
  (1, 1, 0, 2, 1, 1, 2, 0)
  (1, 1, 0, 2, 2, 0, 2, 0)
  (0, 2, 0, 2, 2, 0, 2, 0)
  (0, 0, 0, 4, 2, 0, 2, 0)
  (0, 0, 0, 4, 0, 0, 4, 0)

Path 2473 (6 moves):
  (1, 1, 1, 1, 1, 1, 1, 1)
  (1, 1, 1, 1, 1, 1, 2, 0)
  (1, 1, 0, 2, 1, 1, 2, 0)
  (1, 1, 0, 2, 2, 0, 2, 0)
  (0, 2, 0, 2, 2, 0, 2, 0)
  (0, 0, 0, 4, 2, 0, 2, 0)
  (0, 0, 0, 4, 4, 0, 0, 0)

Path 2474 (6 moves):
  (1, 1, 1, 1, 1, 1, 1, 1)
  (1, 1, 1, 1, 1, 1, 2, 0)
  (1, 1, 0, 2, 1, 1, 2, 0)
  (1, 1, 0, 2, 2, 0, 2, 0)
  (0, 2, 0, 2, 2, 0, 2, 0)
  (0, 4, 0, 0, 2, 0, 2, 0)
  (0, 4, 0, 0, 0, 0, 4, 0)

Path 2475 (6 moves):
  (1, 1, 1, 1, 1, 1, 1, 1)
  (1, 1, 1, 1, 1, 1, 2, 0)
  (1, 1, 0, 2, 1, 1, 2, 0)
  (1, 1, 0, 2, 2, 0, 2, 0)
  (0, 2, 0, 2, 2, 0, 2, 0)
  (0, 4, 0, 0, 2, 0, 2, 0)
  (0, 4, 0, 0, 4, 0, 0, 0)

Path 2476 (6 moves):
  (1, 1, 1, 1, 1, 1, 1, 1)
  (1, 1, 1, 1, 1, 1, 2, 0)
  (1, 1, 0, 2, 1, 1, 2, 0)
  (1, 1, 0, 2, 2, 0, 2, 0)
  (0, 2, 0, 2, 2, 0, 2, 0)
  (0, 2, 0, 2, 0, 0, 4, 0)
  (0, 0, 0, 4, 0, 0, 4, 0)

Path 2477 (6 moves):
  (1, 1, 1, 1, 1, 1, 1, 1)
  (1, 1, 1, 1, 1, 1, 2, 0)
  (1, 1, 0, 2, 1, 1, 2, 0)
  (1, 1, 0, 2, 2, 0, 2, 0)
  (0, 2, 0, 2, 2, 0, 2, 0)
  (0, 2, 0, 2, 0, 0, 4, 0)
  (0, 4, 0, 0, 0, 0, 4, 0)

Path 2478 (6 moves):
  (1, 1, 1, 1, 1, 1, 1, 1)
  (1, 1, 1, 1, 1, 1, 2, 0)
  (1, 1, 0, 2, 1, 1, 2, 0)
  (1, 1, 0, 2, 2, 0, 2, 0)
  (0, 2, 0, 2, 2, 0, 2, 0)
  (0, 2, 0, 2, 4, 0, 0, 0)
  (0, 0, 0, 4, 4, 0, 0, 0)

Path 2479 (6 moves):
  (1, 1, 1, 1, 1, 1, 1, 1)
  (1, 1, 1, 1, 1, 1, 2, 0)
  (1, 1, 0, 2, 1, 1, 2, 0)
  (1, 1, 0, 2, 2, 0, 2, 0)
  (0, 2, 0, 2, 2, 0, 2, 0)
  (0, 2, 0, 2, 4, 0, 0, 0)
  (0, 4, 0, 0, 4, 0, 0, 0)

Path 2480 (6 moves):
  (1, 1, 1, 1, 1, 1, 1, 1)
  (1, 1, 1, 1, 1, 1, 2, 0)
  (1, 1, 0, 2, 1, 1, 2, 0)
  (1, 1, 0, 2, 2, 0, 2, 0)
  (1, 3, 0, 0, 2, 0, 2, 0)
  (0, 4, 0, 0, 2, 0, 2, 0)
  (0, 4, 0, 0, 0, 0, 4, 0)

Path 2481 (6 moves):
  (1, 1, 1, 1, 1, 1, 1, 1)
  (1, 1, 1, 1, 1, 1, 2, 0)
  (1, 1, 0, 2, 1, 1, 2, 0)
  (1, 1, 0, 2, 2, 0, 2, 0)
  (1, 3, 0, 0, 2, 0, 2, 0)
  (0, 4, 0, 0, 2, 0, 2, 0)
  (0, 4, 0, 0, 4, 0, 0, 0)

Path 2482 (6 moves):
  (1, 1, 1, 1, 1, 1, 1, 1)
  (1, 1, 1, 1, 1, 1, 2, 0)
  (1, 1, 0, 2, 1, 1, 2, 0)
  (1, 1, 0, 2, 2, 0, 2, 0)
  (1, 3, 0, 0, 2, 0, 2, 0)
  (1, 0, 0, 0, 5, 0, 2, 0)
  (1, 0, 0, 0, 7, 0, 0, 0)

Path 2483 (6 moves):
  (1, 1, 1, 1, 1, 1, 1, 1)
  (1, 1, 1, 1, 1, 1, 2, 0)
  (1, 1, 0, 2, 1, 1, 2, 0)
  (1, 1, 0, 2, 2, 0, 2, 0)
  (1, 3, 0, 0, 2, 0, 2, 0)
  (1, 3, 0, 0, 0, 0, 4, 0)
  (0, 4, 0, 0, 0, 0, 4, 0)

Path 2484 (6 moves):
  (1, 1, 1, 1, 1, 1, 1, 1)
  (1, 1, 1, 1, 1, 1, 2, 0)
  (1, 1, 0, 2, 1, 1, 2, 0)
  (1, 1, 0, 2, 2, 0, 2, 0)
  (1, 3, 0, 0, 2, 0, 2, 0)
  (1, 3, 0, 0, 4, 0, 0, 0)
  (0, 4, 0, 0, 4, 0, 0, 0)

Path 2485 (6 moves):
  (1, 1, 1, 1, 1, 1, 1, 1)
  (1, 1, 1, 1, 1, 1, 2, 0)
  (1, 1, 0, 2, 1, 1, 2, 0)
  (1, 1, 0, 2, 2, 0, 2, 0)
  (1, 3, 0, 0, 2, 0, 2, 0)
  (1, 3, 0, 0, 4, 0, 0, 0)
  (1, 0, 0, 0, 7, 0, 0, 0)

Path 2486 (6 moves):
  (1, 1, 1, 1, 1, 1, 1, 1)
  (1, 1, 1, 1, 1, 1, 2, 0)
  (1, 1, 0, 2, 1, 1, 2, 0)
  (1, 1, 0, 2, 2, 0, 2, 0)
  (1, 3, 0, 0, 2, 0, 2, 0)
  (1, 3, 0, 0, 4, 0, 0, 0)
  (5, 3, 0, 0, 0, 0, 0, 0)

Path 2487 (6 moves):
  (1, 1, 1, 1, 1, 1, 1, 1)
  (1, 1, 1, 1, 1, 1, 2, 0)
  (1, 1, 0, 2, 1, 1, 2, 0)
  (1, 1, 0, 2, 2, 0, 2, 0)
  (1, 1, 0, 2, 4, 0, 0, 0)
  (0, 2, 0, 2, 4, 0, 0, 0)
  (0, 0, 0, 4, 4, 0, 0, 0)

Path 2488 (6 moves):
  (1, 1, 1, 1, 1, 1, 1, 1)
  (1, 1, 1, 1, 1, 1, 2, 0)
  (1, 1, 0, 2, 1, 1, 2, 0)
  (1, 1, 0, 2, 2, 0, 2, 0)
  (1, 1, 0, 2, 4, 0, 0, 0)
  (0, 2, 0, 2, 4, 0, 0, 0)
  (0, 4, 0, 0, 4, 0, 0, 0)

Path 2489 (6 moves):
  (1, 1, 1, 1, 1, 1, 1, 1)
  (1, 1, 1, 1, 1, 1, 2, 0)
  (1, 1, 0, 2, 1, 1, 2, 0)
  (1, 1, 0, 2, 2, 0, 2, 0)
  (1, 1, 0, 2, 4, 0, 0, 0)
  (2, 0, 0, 2, 4, 0, 0, 0)
  (6, 0, 0, 2, 0, 0, 0, 0)

Path 2490 (6 moves):
  (1, 1, 1, 1, 1, 1, 1, 1)
  (1, 1, 1, 1, 1, 1, 2, 0)
  (1, 1, 0, 2, 1, 1, 2, 0)
  (1, 1, 0, 2, 2, 0, 2, 0)
  (1, 1, 0, 2, 4, 0, 0, 0)
  (1, 3, 0, 0, 4, 0, 0, 0)
  (0, 4, 0, 0, 4, 0, 0, 0)

Path 2491 (6 moves):
  (1, 1, 1, 1, 1, 1, 1, 1)
  (1, 1, 1, 1, 1, 1, 2, 0)
  (1, 1, 0, 2, 1, 1, 2, 0)
  (1, 1, 0, 2, 2, 0, 2, 0)
  (1, 1, 0, 2, 4, 0, 0, 0)
  (1, 3, 0, 0, 4, 0, 0, 0)
  (1, 0, 0, 0, 7, 0, 0, 0)

Path 2492 (6 moves):
  (1, 1, 1, 1, 1, 1, 1, 1)
  (1, 1, 1, 1, 1, 1, 2, 0)
  (1, 1, 0, 2, 1, 1, 2, 0)
  (1, 1, 0, 2, 2, 0, 2, 0)
  (1, 1, 0, 2, 4, 0, 0, 0)
  (1, 3, 0, 0, 4, 0, 0, 0)
  (5, 3, 0, 0, 0, 0, 0, 0)

Path 2493 (6 moves):
  (1, 1, 1, 1, 1, 1, 1, 1)
  (1, 1, 1, 1, 1, 1, 2, 0)
  (1, 1, 0, 2, 1, 1, 2, 0)
  (1, 1, 0, 2, 2, 0, 2, 0)
  (1, 1, 0, 2, 4, 0, 0, 0)
  (5, 1, 0, 2, 0, 0, 0, 0)
  (6, 0, 0, 2, 0, 0, 0, 0)

Path 2494 (6 moves):
  (1, 1, 1, 1, 1, 1, 1, 1)
  (1, 1, 1, 1, 1, 1, 2, 0)
  (1, 1, 0, 2, 1, 1, 2, 0)
  (1, 1, 0, 2, 2, 0, 2, 0)
  (1, 1, 0, 2, 4, 0, 0, 0)
  (5, 1, 0, 2, 0, 0, 0, 0)
  (5, 3, 0, 0, 0, 0, 0, 0)

Path 2495 (6 moves):
  (1, 1, 1, 1, 1, 1, 1, 1)
  (1, 1, 1, 1, 1, 1, 2, 0)
  (1, 1, 0, 2, 1, 1, 2, 0)
  (1, 1, 0, 2, 1, 0, 3, 0)
  (2, 0, 0, 2, 1, 0, 3, 0)
  (2, 0, 0, 3, 0, 0, 3, 0)
  (5, 0, 0, 0, 0, 0, 3, 0)

Path 2496 (6 moves):
  (1, 1, 1, 1, 1, 1, 1, 1)
  (1, 1, 1, 1, 1, 1, 2, 0)
  (1, 1, 0, 2, 1, 1, 2, 0)
  (1, 1, 0, 2, 1, 0, 3, 0)
  (2, 0, 0, 2, 1, 0, 3, 0)
  (2, 0, 0, 3, 0, 0, 3, 0)
  (2, 0, 0, 6, 0, 0, 0, 0)

Path 2497 (6 moves):
  (1, 1, 1, 1, 1, 1, 1, 1)
  (1, 1, 1, 1, 1, 1, 2, 0)
  (1, 1, 0, 2, 1, 1, 2, 0)
  (1, 1, 0, 2, 1, 0, 3, 0)
  (2, 0, 0, 2, 1, 0, 3, 0)
  (2, 0, 0, 5, 1, 0, 0, 0)
  (2, 0, 0, 6, 0, 0, 0, 0)

Path 2498 (6 moves):
  (1, 1, 1, 1, 1, 1, 1, 1)
  (1, 1, 1, 1, 1, 1, 2, 0)
  (1, 1, 0, 2, 1, 1, 2, 0)
  (1, 1, 0, 2, 1, 0, 3, 0)
  (1, 1, 0, 3, 0, 0, 3, 0)
  (0, 2, 0, 3, 0, 0, 3, 0)
  (0, 2, 0, 0, 0, 0, 6, 0)

Path 2499 (6 moves):
  (1, 1, 1, 1, 1, 1, 1, 1)
  (1, 1, 1, 1, 1, 1, 2, 0)
  (1, 1, 0, 2, 1, 1, 2, 0)
  (1, 1, 0, 2, 1, 0, 3, 0)
  (1, 1, 0, 3, 0, 0, 3, 0)
  (2, 0, 0, 3, 0, 0, 3, 0)
  (5, 0, 0, 0, 0, 0, 3, 0)

Path 2500 (6 moves):
  (1, 1, 1, 1, 1, 1, 1, 1)
  (1, 1, 1, 1, 1, 1, 2, 0)
  (1, 1, 0, 2, 1, 1, 2, 0)
  (1, 1, 0, 2, 1, 0, 3, 0)
  (1, 1, 0, 3, 0, 0, 3, 0)
  (2, 0, 0, 3, 0, 0, 3, 0)
  (2, 0, 0, 6, 0, 0, 0, 0)

Path 2501 (6 moves):
  (1, 1, 1, 1, 1, 1, 1, 1)
  (1, 1, 1, 1, 1, 1, 2, 0)
  (1, 1, 0, 2, 1, 1, 2, 0)
  (1, 1, 0, 2, 1, 0, 3, 0)
  (1, 1, 0, 3, 0, 0, 3, 0)
  (4, 1, 0, 0, 0, 0, 3, 0)
  (5, 0, 0, 0, 0, 0, 3, 0)

Path 2502 (6 moves):
  (1, 1, 1, 1, 1, 1, 1, 1)
  (1, 1, 1, 1, 1, 1, 2, 0)
  (1, 1, 0, 2, 1, 1, 2, 0)
  (1, 1, 0, 2, 1, 0, 3, 0)
  (1, 1, 0, 3, 0, 0, 3, 0)
  (1, 1, 0, 0, 0, 0, 6, 0)
  (0, 2, 0, 0, 0, 0, 6, 0)

Path 2503 (6 moves):
  (1, 1, 1, 1, 1, 1, 1, 1)
  (1, 1, 1, 1, 1, 1, 2, 0)
  (1, 1, 0, 2, 1, 1, 2, 0)
  (1, 1, 0, 2, 1, 0, 3, 0)
  (1, 1, 0, 3, 0, 0, 3, 0)
  (1, 1, 0, 6, 0, 0, 0, 0)
  (2, 0, 0, 6, 0, 0, 0, 0)

Path 2504 (6 moves):
  (1, 1, 1, 1, 1, 1, 1, 1)
  (1, 1, 1, 1, 1, 1, 2, 0)
  (1, 1, 0, 2, 1, 1, 2, 0)
  (1, 1, 0, 2, 3, 1, 0, 0)
  (0, 2, 0, 2, 3, 1, 0, 0)
  (0, 0, 0, 4, 3, 1, 0, 0)
  (0, 0, 0, 4, 4, 0, 0, 0)

Path 2505 (6 moves):
  (1, 1, 1, 1, 1, 1, 1, 1)
  (1, 1, 1, 1, 1, 1, 2, 0)
  (1, 1, 0, 2, 1, 1, 2, 0)
  (1, 1, 0, 2, 3, 1, 0, 0)
  (0, 2, 0, 2, 3, 1, 0, 0)
  (0, 4, 0, 0, 3, 1, 0, 0)
  (0, 0, 0, 0, 3, 5, 0, 0)

Path 2506 (6 moves):
  (1, 1, 1, 1, 1, 1, 1, 1)
  (1, 1, 1, 1, 1, 1, 2, 0)
  (1, 1, 0, 2, 1, 1, 2, 0)
  (1, 1, 0, 2, 3, 1, 0, 0)
  (0, 2, 0, 2, 3, 1, 0, 0)
  (0, 4, 0, 0, 3, 1, 0, 0)
  (0, 7, 0, 0, 0, 1, 0, 0)

Path 2507 (6 moves):
  (1, 1, 1, 1, 1, 1, 1, 1)
  (1, 1, 1, 1, 1, 1, 2, 0)
  (1, 1, 0, 2, 1, 1, 2, 0)
  (1, 1, 0, 2, 3, 1, 0, 0)
  (0, 2, 0, 2, 3, 1, 0, 0)
  (0, 4, 0, 0, 3, 1, 0, 0)
  (0, 4, 0, 0, 4, 0, 0, 0)

Path 2508 (6 moves):
  (1, 1, 1, 1, 1, 1, 1, 1)
  (1, 1, 1, 1, 1, 1, 2, 0)
  (1, 1, 0, 2, 1, 1, 2, 0)
  (1, 1, 0, 2, 3, 1, 0, 0)
  (0, 2, 0, 2, 3, 1, 0, 0)
  (0, 2, 0, 0, 3, 3, 0, 0)
  (0, 5, 0, 0, 0, 3, 0, 0)

Path 2509 (6 moves):
  (1, 1, 1, 1, 1, 1, 1, 1)
  (1, 1, 1, 1, 1, 1, 2, 0)
  (1, 1, 0, 2, 1, 1, 2, 0)
  (1, 1, 0, 2, 3, 1, 0, 0)
  (0, 2, 0, 2, 3, 1, 0, 0)
  (0, 5, 0, 2, 0, 1, 0, 0)
  (0, 7, 0, 0, 0, 1, 0, 0)

Path 2510 (6 moves):
  (1, 1, 1, 1, 1, 1, 1, 1)
  (1, 1, 1, 1, 1, 1, 2, 0)
  (1, 1, 0, 2, 1, 1, 2, 0)
  (1, 1, 0, 2, 3, 1, 0, 0)
  (0, 2, 0, 2, 3, 1, 0, 0)
  (0, 5, 0, 2, 0, 1, 0, 0)
  (0, 5, 0, 0, 0, 3, 0, 0)

Path 2511 (6 moves):
  (1, 1, 1, 1, 1, 1, 1, 1)
  (1, 1, 1, 1, 1, 1, 2, 0)
  (1, 1, 0, 2, 1, 1, 2, 0)
  (1, 1, 0, 2, 3, 1, 0, 0)
  (0, 2, 0, 2, 3, 1, 0, 0)
  (0, 2, 0, 2, 4, 0, 0, 0)
  (0, 0, 0, 4, 4, 0, 0, 0)

Path 2512 (6 moves):
  (1, 1, 1, 1, 1, 1, 1, 1)
  (1, 1, 1, 1, 1, 1, 2, 0)
  (1, 1, 0, 2, 1, 1, 2, 0)
  (1, 1, 0, 2, 3, 1, 0, 0)
  (0, 2, 0, 2, 3, 1, 0, 0)
  (0, 2, 0, 2, 4, 0, 0, 0)
  (0, 4, 0, 0, 4, 0, 0, 0)

Path 2513 (6 moves):
  (1, 1, 1, 1, 1, 1, 1, 1)
  (1, 1, 1, 1, 1, 1, 2, 0)
  (1, 1, 0, 2, 1, 1, 2, 0)
  (1, 1, 0, 2, 3, 1, 0, 0)
  (1, 3, 0, 0, 3, 1, 0, 0)
  (0, 4, 0, 0, 3, 1, 0, 0)
  (0, 0, 0, 0, 3, 5, 0, 0)

Path 2514 (6 moves):
  (1, 1, 1, 1, 1, 1, 1, 1)
  (1, 1, 1, 1, 1, 1, 2, 0)
  (1, 1, 0, 2, 1, 1, 2, 0)
  (1, 1, 0, 2, 3, 1, 0, 0)
  (1, 3, 0, 0, 3, 1, 0, 0)
  (0, 4, 0, 0, 3, 1, 0, 0)
  (0, 7, 0, 0, 0, 1, 0, 0)

Path 2515 (6 moves):
  (1, 1, 1, 1, 1, 1, 1, 1)
  (1, 1, 1, 1, 1, 1, 2, 0)
  (1, 1, 0, 2, 1, 1, 2, 0)
  (1, 1, 0, 2, 3, 1, 0, 0)
  (1, 3, 0, 0, 3, 1, 0, 0)
  (0, 4, 0, 0, 3, 1, 0, 0)
  (0, 4, 0, 0, 4, 0, 0, 0)

Path 2516 (6 moves):
  (1, 1, 1, 1, 1, 1, 1, 1)
  (1, 1, 1, 1, 1, 1, 2, 0)
  (1, 1, 0, 2, 1, 1, 2, 0)
  (1, 1, 0, 2, 3, 1, 0, 0)
  (1, 3, 0, 0, 3, 1, 0, 0)
  (1, 0, 0, 0, 6, 1, 0, 0)
  (1, 0, 0, 0, 7, 0, 0, 0)

Path 2517 (6 moves):
  (1, 1, 1, 1, 1, 1, 1, 1)
  (1, 1, 1, 1, 1, 1, 2, 0)
  (1, 1, 0, 2, 1, 1, 2, 0)
  (1, 1, 0, 2, 3, 1, 0, 0)
  (1, 3, 0, 0, 3, 1, 0, 0)
  (1, 6, 0, 0, 0, 1, 0, 0)
  (0, 7, 0, 0, 0, 1, 0, 0)

Path 2518 (6 moves):
  (1, 1, 1, 1, 1, 1, 1, 1)
  (1, 1, 1, 1, 1, 1, 2, 0)
  (1, 1, 0, 2, 1, 1, 2, 0)
  (1, 1, 0, 2, 3, 1, 0, 0)
  (1, 3, 0, 0, 3, 1, 0, 0)
  (1, 3, 0, 0, 4, 0, 0, 0)
  (0, 4, 0, 0, 4, 0, 0, 0)

Path 2519 (6 moves):
  (1, 1, 1, 1, 1, 1, 1, 1)
  (1, 1, 1, 1, 1, 1, 2, 0)
  (1, 1, 0, 2, 1, 1, 2, 0)
  (1, 1, 0, 2, 3, 1, 0, 0)
  (1, 3, 0, 0, 3, 1, 0, 0)
  (1, 3, 0, 0, 4, 0, 0, 0)
  (1, 0, 0, 0, 7, 0, 0, 0)

Path 2520 (6 moves):
  (1, 1, 1, 1, 1, 1, 1, 1)
  (1, 1, 1, 1, 1, 1, 2, 0)
  (1, 1, 0, 2, 1, 1, 2, 0)
  (1, 1, 0, 2, 3, 1, 0, 0)
  (1, 3, 0, 0, 3, 1, 0, 0)
  (1, 3, 0, 0, 4, 0, 0, 0)
  (5, 3, 0, 0, 0, 0, 0, 0)

Path 2521 (6 moves):
  (1, 1, 1, 1, 1, 1, 1, 1)
  (1, 1, 1, 1, 1, 1, 2, 0)
  (1, 1, 0, 2, 1, 1, 2, 0)
  (1, 1, 0, 2, 3, 1, 0, 0)
  (1, 4, 0, 2, 0, 1, 0, 0)
  (0, 5, 0, 2, 0, 1, 0, 0)
  (0, 7, 0, 0, 0, 1, 0, 0)

Path 2522 (6 moves):
  (1, 1, 1, 1, 1, 1, 1, 1)
  (1, 1, 1, 1, 1, 1, 2, 0)
  (1, 1, 0, 2, 1, 1, 2, 0)
  (1, 1, 0, 2, 3, 1, 0, 0)
  (1, 4, 0, 2, 0, 1, 0, 0)
  (0, 5, 0, 2, 0, 1, 0, 0)
  (0, 5, 0, 0, 0, 3, 0, 0)

Path 2523 (6 moves):
  (1, 1, 1, 1, 1, 1, 1, 1)
  (1, 1, 1, 1, 1, 1, 2, 0)
  (1, 1, 0, 2, 1, 1, 2, 0)
  (1, 1, 0, 2, 3, 1, 0, 0)
  (1, 4, 0, 2, 0, 1, 0, 0)
  (1, 0, 0, 2, 0, 5, 0, 0)
  (1, 0, 0, 0, 0, 7, 0, 0)

Path 2524 (6 moves):
  (1, 1, 1, 1, 1, 1, 1, 1)
  (1, 1, 1, 1, 1, 1, 2, 0)
  (1, 1, 0, 2, 1, 1, 2, 0)
  (1, 1, 0, 2, 3, 1, 0, 0)
  (1, 4, 0, 2, 0, 1, 0, 0)
  (1, 0, 0, 2, 0, 5, 0, 0)
  (6, 0, 0, 2, 0, 0, 0, 0)

Path 2525 (6 moves):
  (1, 1, 1, 1, 1, 1, 1, 1)
  (1, 1, 1, 1, 1, 1, 2, 0)
  (1, 1, 0, 2, 1, 1, 2, 0)
  (1, 1, 0, 2, 3, 1, 0, 0)
  (1, 4, 0, 2, 0, 1, 0, 0)
  (1, 6, 0, 0, 0, 1, 0, 0)
  (0, 7, 0, 0, 0, 1, 0, 0)

Path 2526 (6 moves):
  (1, 1, 1, 1, 1, 1, 1, 1)
  (1, 1, 1, 1, 1, 1, 2, 0)
  (1, 1, 0, 2, 1, 1, 2, 0)
  (1, 1, 0, 2, 3, 1, 0, 0)
  (1, 4, 0, 2, 0, 1, 0, 0)
  (1, 4, 0, 0, 0, 3, 0, 0)
  (0, 5, 0, 0, 0, 3, 0, 0)

Path 2527 (6 moves):
  (1, 1, 1, 1, 1, 1, 1, 1)
  (1, 1, 1, 1, 1, 1, 2, 0)
  (1, 1, 0, 2, 1, 1, 2, 0)
  (1, 1, 0, 2, 3, 1, 0, 0)
  (1, 4, 0, 2, 0, 1, 0, 0)
  (1, 4, 0, 0, 0, 3, 0, 0)
  (1, 0, 0, 0, 0, 7, 0, 0)

Path 2528 (6 moves):
  (1, 1, 1, 1, 1, 1, 1, 1)
  (1, 1, 1, 1, 1, 1, 2, 0)
  (1, 1, 0, 2, 1, 1, 2, 0)
  (1, 1, 0, 2, 3, 1, 0, 0)
  (1, 1, 0, 2, 4, 0, 0, 0)
  (0, 2, 0, 2, 4, 0, 0, 0)
  (0, 0, 0, 4, 4, 0, 0, 0)

Path 2529 (6 moves):
  (1, 1, 1, 1, 1, 1, 1, 1)
  (1, 1, 1, 1, 1, 1, 2, 0)
  (1, 1, 0, 2, 1, 1, 2, 0)
  (1, 1, 0, 2, 3, 1, 0, 0)
  (1, 1, 0, 2, 4, 0, 0, 0)
  (0, 2, 0, 2, 4, 0, 0, 0)
  (0, 4, 0, 0, 4, 0, 0, 0)

Path 2530 (6 moves):
  (1, 1, 1, 1, 1, 1, 1, 1)
  (1, 1, 1, 1, 1, 1, 2, 0)
  (1, 1, 0, 2, 1, 1, 2, 0)
  (1, 1, 0, 2, 3, 1, 0, 0)
  (1, 1, 0, 2, 4, 0, 0, 0)
  (2, 0, 0, 2, 4, 0, 0, 0)
  (6, 0, 0, 2, 0, 0, 0, 0)

Path 2531 (6 moves):
  (1, 1, 1, 1, 1, 1, 1, 1)
  (1, 1, 1, 1, 1, 1, 2, 0)
  (1, 1, 0, 2, 1, 1, 2, 0)
  (1, 1, 0, 2, 3, 1, 0, 0)
  (1, 1, 0, 2, 4, 0, 0, 0)
  (1, 3, 0, 0, 4, 0, 0, 0)
  (0, 4, 0, 0, 4, 0, 0, 0)

Path 2532 (6 moves):
  (1, 1, 1, 1, 1, 1, 1, 1)
  (1, 1, 1, 1, 1, 1, 2, 0)
  (1, 1, 0, 2, 1, 1, 2, 0)
  (1, 1, 0, 2, 3, 1, 0, 0)
  (1, 1, 0, 2, 4, 0, 0, 0)
  (1, 3, 0, 0, 4, 0, 0, 0)
  (1, 0, 0, 0, 7, 0, 0, 0)

Path 2533 (6 moves):
  (1, 1, 1, 1, 1, 1, 1, 1)
  (1, 1, 1, 1, 1, 1, 2, 0)
  (1, 1, 0, 2, 1, 1, 2, 0)
  (1, 1, 0, 2, 3, 1, 0, 0)
  (1, 1, 0, 2, 4, 0, 0, 0)
  (1, 3, 0, 0, 4, 0, 0, 0)
  (5, 3, 0, 0, 0, 0, 0, 0)

Path 2534 (6 moves):
  (1, 1, 1, 1, 1, 1, 1, 1)
  (1, 1, 1, 1, 1, 1, 2, 0)
  (1, 1, 0, 2, 1, 1, 2, 0)
  (1, 1, 0, 2, 3, 1, 0, 0)
  (1, 1, 0, 2, 4, 0, 0, 0)
  (5, 1, 0, 2, 0, 0, 0, 0)
  (6, 0, 0, 2, 0, 0, 0, 0)

Path 2535 (6 moves):
  (1, 1, 1, 1, 1, 1, 1, 1)
  (1, 1, 1, 1, 1, 1, 2, 0)
  (1, 1, 0, 2, 1, 1, 2, 0)
  (1, 1, 0, 2, 3, 1, 0, 0)
  (1, 1, 0, 2, 4, 0, 0, 0)
  (5, 1, 0, 2, 0, 0, 0, 0)
  (5, 3, 0, 0, 0, 0, 0, 0)

Path 2536 (4 moves):
  (1, 1, 1, 1, 1, 1, 1, 1)
  (1, 1, 1, 1, 1, 1, 2, 0)
  (1, 1, 2, 0, 1, 1, 2, 0)
  (0, 2, 2, 0, 1, 1, 2, 0)
  (0, 2, 2, 0, 0, 2, 2, 0)

Path 2537 (6 moves):
  (1, 1, 1, 1, 1, 1, 1, 1)
  (1, 1, 1, 1, 1, 1, 2, 0)
  (1, 1, 2, 0, 1, 1, 2, 0)
  (0, 2, 2, 0, 1, 1, 2, 0)
  (0, 2, 2, 0, 2, 0, 2, 0)
  (0, 2, 0, 0, 4, 0, 2, 0)
  (0, 2, 0, 0, 6, 0, 0, 0)

Path 2538 (6 moves):
  (1, 1, 1, 1, 1, 1, 1, 1)
  (1, 1, 1, 1, 1, 1, 2, 0)
  (1, 1, 2, 0, 1, 1, 2, 0)
  (0, 2, 2, 0, 1, 1, 2, 0)
  (0, 2, 2, 0, 2, 0, 2, 0)
  (0, 2, 4, 0, 0, 0, 2, 0)
  (0, 2, 0, 0, 0, 0, 6, 0)

Path 2539 (6 moves):
  (1, 1, 1, 1, 1, 1, 1, 1)
  (1, 1, 1, 1, 1, 1, 2, 0)
  (1, 1, 2, 0, 1, 1, 2, 0)
  (0, 2, 2, 0, 1, 1, 2, 0)
  (0, 2, 2, 0, 2, 0, 2, 0)
  (0, 2, 2, 0, 0, 0, 4, 0)
  (0, 2, 6, 0, 0, 0, 0, 0)

Path 2540 (6 moves):
  (1, 1, 1, 1, 1, 1, 1, 1)
  (1, 1, 1, 1, 1, 1, 2, 0)
  (1, 1, 2, 0, 1, 1, 2, 0)
  (0, 2, 2, 0, 1, 1, 2, 0)
  (0, 2, 2, 0, 2, 0, 2, 0)
  (0, 2, 2, 0, 4, 0, 0, 0)
  (0, 2, 0, 0, 6, 0, 0, 0)

Path 2541 (6 moves):
  (1, 1, 1, 1, 1, 1, 1, 1)
  (1, 1, 1, 1, 1, 1, 2, 0)
  (1, 1, 2, 0, 1, 1, 2, 0)
  (2, 0, 2, 0, 1, 1, 2, 0)
  (0, 0, 4, 0, 1, 1, 2, 0)
  (0, 0, 0, 0, 1, 1, 6, 0)
  (0, 0, 0, 0, 0, 2, 6, 0)

Path 2542 (6 moves):
  (1, 1, 1, 1, 1, 1, 1, 1)
  (1, 1, 1, 1, 1, 1, 2, 0)
  (1, 1, 2, 0, 1, 1, 2, 0)
  (2, 0, 2, 0, 1, 1, 2, 0)
  (0, 0, 4, 0, 1, 1, 2, 0)
  (0, 0, 0, 0, 1, 1, 6, 0)
  (0, 0, 0, 0, 1, 0, 7, 0)

Path 2543 (6 moves):
  (1, 1, 1, 1, 1, 1, 1, 1)
  (1, 1, 1, 1, 1, 1, 2, 0)
  (1, 1, 2, 0, 1, 1, 2, 0)
  (2, 0, 2, 0, 1, 1, 2, 0)
  (0, 0, 4, 0, 1, 1, 2, 0)
  (0, 0, 4, 0, 0, 2, 2, 0)
  (0, 0, 0, 0, 0, 2, 6, 0)

Path 2544 (6 moves):
  (1, 1, 1, 1, 1, 1, 1, 1)
  (1, 1, 1, 1, 1, 1, 2, 0)
  (1, 1, 2, 0, 1, 1, 2, 0)
  (2, 0, 2, 0, 1, 1, 2, 0)
  (0, 0, 4, 0, 1, 1, 2, 0)
  (0, 0, 4, 0, 2, 0, 2, 0)
  (0, 0, 6, 0, 0, 0, 2, 0)

Path 2545 (6 moves):
  (1, 1, 1, 1, 1, 1, 1, 1)
  (1, 1, 1, 1, 1, 1, 2, 0)
  (1, 1, 2, 0, 1, 1, 2, 0)
  (2, 0, 2, 0, 1, 1, 2, 0)
  (0, 0, 4, 0, 1, 1, 2, 0)
  (0, 0, 4, 0, 2, 0, 2, 0)
  (0, 0, 4, 0, 4, 0, 0, 0)

Path 2546 (6 moves):
  (1, 1, 1, 1, 1, 1, 1, 1)
  (1, 1, 1, 1, 1, 1, 2, 0)
  (1, 1, 2, 0, 1, 1, 2, 0)
  (2, 0, 2, 0, 1, 1, 2, 0)
  (0, 0, 4, 0, 1, 1, 2, 0)
  (0, 0, 4, 0, 1, 0, 3, 0)
  (0, 0, 0, 0, 1, 0, 7, 0)

Path 2547 (6 moves):
  (1, 1, 1, 1, 1, 1, 1, 1)
  (1, 1, 1, 1, 1, 1, 2, 0)
  (1, 1, 2, 0, 1, 1, 2, 0)
  (2, 0, 2, 0, 1, 1, 2, 0)
  (0, 0, 4, 0, 1, 1, 2, 0)
  (0, 0, 4, 0, 3, 1, 0, 0)
  (0, 0, 4, 0, 4, 0, 0, 0)

Path 2548 (6 moves):
  (1, 1, 1, 1, 1, 1, 1, 1)
  (1, 1, 1, 1, 1, 1, 2, 0)
  (1, 1, 2, 0, 1, 1, 2, 0)
  (2, 0, 2, 0, 1, 1, 2, 0)
  (2, 0, 2, 0, 2, 0, 2, 0)
  (0, 0, 4, 0, 2, 0, 2, 0)
  (0, 0, 6, 0, 0, 0, 2, 0)

Path 2549 (6 moves):
  (1, 1, 1, 1, 1, 1, 1, 1)
  (1, 1, 1, 1, 1, 1, 2, 0)
  (1, 1, 2, 0, 1, 1, 2, 0)
  (2, 0, 2, 0, 1, 1, 2, 0)
  (2, 0, 2, 0, 2, 0, 2, 0)
  (0, 0, 4, 0, 2, 0, 2, 0)
  (0, 0, 4, 0, 4, 0, 0, 0)

Path 2550 (6 moves):
  (1, 1, 1, 1, 1, 1, 1, 1)
  (1, 1, 1, 1, 1, 1, 2, 0)
  (1, 1, 2, 0, 1, 1, 2, 0)
  (2, 0, 2, 0, 1, 1, 2, 0)
  (2, 0, 2, 0, 2, 0, 2, 0)
  (4, 0, 0, 0, 2, 0, 2, 0)
  (4, 0, 0, 0, 0, 0, 4, 0)

Path 2551 (6 moves):
  (1, 1, 1, 1, 1, 1, 1, 1)
  (1, 1, 1, 1, 1, 1, 2, 0)
  (1, 1, 2, 0, 1, 1, 2, 0)
  (2, 0, 2, 0, 1, 1, 2, 0)
  (2, 0, 2, 0, 2, 0, 2, 0)
  (2, 0, 0, 0, 4, 0, 2, 0)
  (2, 0, 0, 0, 6, 0, 0, 0)

Path 2552 (6 moves):
  (1, 1, 1, 1, 1, 1, 1, 1)
  (1, 1, 1, 1, 1, 1, 2, 0)
  (1, 1, 2, 0, 1, 1, 2, 0)
  (2, 0, 2, 0, 1, 1, 2, 0)
  (2, 0, 2, 0, 2, 0, 2, 0)
  (2, 0, 4, 0, 0, 0, 2, 0)
  (0, 0, 6, 0, 0, 0, 2, 0)

Path 2553 (6 moves):
  (1, 1, 1, 1, 1, 1, 1, 1)
  (1, 1, 1, 1, 1, 1, 2, 0)
  (1, 1, 2, 0, 1, 1, 2, 0)
  (2, 0, 2, 0, 1, 1, 2, 0)
  (2, 0, 2, 0, 2, 0, 2, 0)
  (2, 0, 2, 0, 0, 0, 4, 0)
  (4, 0, 0, 0, 0, 0, 4, 0)

Path 2554 (6 moves):
  (1, 1, 1, 1, 1, 1, 1, 1)
  (1, 1, 1, 1, 1, 1, 2, 0)
  (1, 1, 2, 0, 1, 1, 2, 0)
  (2, 0, 2, 0, 1, 1, 2, 0)
  (2, 0, 2, 0, 2, 0, 2, 0)
  (2, 0, 2, 0, 4, 0, 0, 0)
  (0, 0, 4, 0, 4, 0, 0, 0)

Path 2555 (6 moves):
  (1, 1, 1, 1, 1, 1, 1, 1)
  (1, 1, 1, 1, 1, 1, 2, 0)
  (1, 1, 2, 0, 1, 1, 2, 0)
  (2, 0, 2, 0, 1, 1, 2, 0)
  (2, 0, 2, 0, 2, 0, 2, 0)
  (2, 0, 2, 0, 4, 0, 0, 0)
  (2, 0, 0, 0, 6, 0, 0, 0)

Path 2556 (4 moves):
  (1, 1, 1, 1, 1, 1, 1, 1)
  (1, 1, 1, 1, 1, 1, 2, 0)
  (1, 1, 2, 0, 1, 1, 2, 0)
  (1, 0, 3, 0, 1, 1, 2, 0)
  (1, 0, 3, 0, 1, 0, 3, 0)

Path 2557 (6 moves):
  (1, 1, 1, 1, 1, 1, 1, 1)
  (1, 1, 1, 1, 1, 1, 2, 0)
  (1, 1, 2, 0, 1, 1, 2, 0)
  (3, 1, 0, 0, 1, 1, 2, 0)
  (3, 1, 0, 0, 1, 0, 3, 0)
  (4, 0, 0, 0, 1, 0, 3, 0)
  (0, 0, 0, 0, 5, 0, 3, 0)

Path 2558 (6 moves):
  (1, 1, 1, 1, 1, 1, 1, 1)
  (1, 1, 1, 1, 1, 1, 2, 0)
  (1, 1, 2, 0, 1, 1, 2, 0)
  (1, 1, 0, 0, 3, 1, 2, 0)
  (1, 1, 0, 0, 5, 1, 0, 0)
  (0, 2, 0, 0, 5, 1, 0, 0)
  (0, 2, 0, 0, 6, 0, 0, 0)

Path 2559 (6 moves):
  (1, 1, 1, 1, 1, 1, 1, 1)
  (1, 1, 1, 1, 1, 1, 2, 0)
  (1, 1, 2, 0, 1, 1, 2, 0)
  (1, 1, 0, 0, 3, 1, 2, 0)
  (1, 1, 0, 0, 5, 1, 0, 0)
  (2, 0, 0, 0, 5, 1, 0, 0)
  (2, 0, 0, 0, 6, 0, 0, 0)

Path 2560 (6 moves):
  (1, 1, 1, 1, 1, 1, 1, 1)
  (1, 1, 1, 1, 1, 1, 2, 0)
  (1, 1, 2, 0, 1, 1, 2, 0)
  (1, 1, 0, 0, 3, 1, 2, 0)
  (1, 1, 0, 0, 5, 1, 0, 0)
  (1, 1, 0, 0, 6, 0, 0, 0)
  (0, 2, 0, 0, 6, 0, 0, 0)

Path 2561 (6 moves):
  (1, 1, 1, 1, 1, 1, 1, 1)
  (1, 1, 1, 1, 1, 1, 2, 0)
  (1, 1, 2, 0, 1, 1, 2, 0)
  (1, 1, 0, 0, 3, 1, 2, 0)
  (1, 1, 0, 0, 5, 1, 0, 0)
  (1, 1, 0, 0, 6, 0, 0, 0)
  (2, 0, 0, 0, 6, 0, 0, 0)

Path 2562 (4 moves):
  (1, 1, 1, 1, 1, 1, 1, 1)
  (1, 1, 1, 1, 1, 1, 2, 0)
  (1, 1, 2, 0, 1, 1, 2, 0)
  (1, 1, 2, 0, 0, 2, 2, 0)
  (0, 2, 2, 0, 0, 2, 2, 0)

Path 2563 (6 moves):
  (1, 1, 1, 1, 1, 1, 1, 1)
  (1, 1, 1, 1, 1, 1, 2, 0)
  (1, 1, 2, 0, 1, 1, 2, 0)
  (1, 1, 2, 0, 2, 0, 2, 0)
  (0, 2, 2, 0, 2, 0, 2, 0)
  (0, 2, 0, 0, 4, 0, 2, 0)
  (0, 2, 0, 0, 6, 0, 0, 0)

Path 2564 (6 moves):
  (1, 1, 1, 1, 1, 1, 1, 1)
  (1, 1, 1, 1, 1, 1, 2, 0)
  (1, 1, 2, 0, 1, 1, 2, 0)
  (1, 1, 2, 0, 2, 0, 2, 0)
  (0, 2, 2, 0, 2, 0, 2, 0)
  (0, 2, 4, 0, 0, 0, 2, 0)
  (0, 2, 0, 0, 0, 0, 6, 0)

Path 2565 (6 moves):
  (1, 1, 1, 1, 1, 1, 1, 1)
  (1, 1, 1, 1, 1, 1, 2, 0)
  (1, 1, 2, 0, 1, 1, 2, 0)
  (1, 1, 2, 0, 2, 0, 2, 0)
  (0, 2, 2, 0, 2, 0, 2, 0)
  (0, 2, 2, 0, 0, 0, 4, 0)
  (0, 2, 6, 0, 0, 0, 0, 0)

Path 2566 (6 moves):
  (1, 1, 1, 1, 1, 1, 1, 1)
  (1, 1, 1, 1, 1, 1, 2, 0)
  (1, 1, 2, 0, 1, 1, 2, 0)
  (1, 1, 2, 0, 2, 0, 2, 0)
  (0, 2, 2, 0, 2, 0, 2, 0)
  (0, 2, 2, 0, 4, 0, 0, 0)
  (0, 2, 0, 0, 6, 0, 0, 0)

Path 2567 (6 moves):
  (1, 1, 1, 1, 1, 1, 1, 1)
  (1, 1, 1, 1, 1, 1, 2, 0)
  (1, 1, 2, 0, 1, 1, 2, 0)
  (1, 1, 2, 0, 2, 0, 2, 0)
  (2, 0, 2, 0, 2, 0, 2, 0)
  (0, 0, 4, 0, 2, 0, 2, 0)
  (0, 0, 6, 0, 0, 0, 2, 0)

Path 2568 (6 moves):
  (1, 1, 1, 1, 1, 1, 1, 1)
  (1, 1, 1, 1, 1, 1, 2, 0)
  (1, 1, 2, 0, 1, 1, 2, 0)
  (1, 1, 2, 0, 2, 0, 2, 0)
  (2, 0, 2, 0, 2, 0, 2, 0)
  (0, 0, 4, 0, 2, 0, 2, 0)
  (0, 0, 4, 0, 4, 0, 0, 0)

Path 2569 (6 moves):
  (1, 1, 1, 1, 1, 1, 1, 1)
  (1, 1, 1, 1, 1, 1, 2, 0)
  (1, 1, 2, 0, 1, 1, 2, 0)
  (1, 1, 2, 0, 2, 0, 2, 0)
  (2, 0, 2, 0, 2, 0, 2, 0)
  (4, 0, 0, 0, 2, 0, 2, 0)
  (4, 0, 0, 0, 0, 0, 4, 0)

Path 2570 (6 moves):
  (1, 1, 1, 1, 1, 1, 1, 1)
  (1, 1, 1, 1, 1, 1, 2, 0)
  (1, 1, 2, 0, 1, 1, 2, 0)
  (1, 1, 2, 0, 2, 0, 2, 0)
  (2, 0, 2, 0, 2, 0, 2, 0)
  (2, 0, 0, 0, 4, 0, 2, 0)
  (2, 0, 0, 0, 6, 0, 0, 0)

Path 2571 (6 moves):
  (1, 1, 1, 1, 1, 1, 1, 1)
  (1, 1, 1, 1, 1, 1, 2, 0)
  (1, 1, 2, 0, 1, 1, 2, 0)
  (1, 1, 2, 0, 2, 0, 2, 0)
  (2, 0, 2, 0, 2, 0, 2, 0)
  (2, 0, 4, 0, 0, 0, 2, 0)
  (0, 0, 6, 0, 0, 0, 2, 0)

Path 2572 (6 moves):
  (1, 1, 1, 1, 1, 1, 1, 1)
  (1, 1, 1, 1, 1, 1, 2, 0)
  (1, 1, 2, 0, 1, 1, 2, 0)
  (1, 1, 2, 0, 2, 0, 2, 0)
  (2, 0, 2, 0, 2, 0, 2, 0)
  (2, 0, 2, 0, 0, 0, 4, 0)
  (4, 0, 0, 0, 0, 0, 4, 0)

Path 2573 (6 moves):
  (1, 1, 1, 1, 1, 1, 1, 1)
  (1, 1, 1, 1, 1, 1, 2, 0)
  (1, 1, 2, 0, 1, 1, 2, 0)
  (1, 1, 2, 0, 2, 0, 2, 0)
  (2, 0, 2, 0, 2, 0, 2, 0)
  (2, 0, 2, 0, 4, 0, 0, 0)
  (0, 0, 4, 0, 4, 0, 0, 0)

Path 2574 (6 moves):
  (1, 1, 1, 1, 1, 1, 1, 1)
  (1, 1, 1, 1, 1, 1, 2, 0)
  (1, 1, 2, 0, 1, 1, 2, 0)
  (1, 1, 2, 0, 2, 0, 2, 0)
  (2, 0, 2, 0, 2, 0, 2, 0)
  (2, 0, 2, 0, 4, 0, 0, 0)
  (2, 0, 0, 0, 6, 0, 0, 0)

Path 2575 (6 moves):
  (1, 1, 1, 1, 1, 1, 1, 1)
  (1, 1, 1, 1, 1, 1, 2, 0)
  (1, 1, 2, 0, 1, 1, 2, 0)
  (1, 1, 2, 0, 2, 0, 2, 0)
  (1, 1, 2, 0, 0, 0, 4, 0)
  (0, 2, 2, 0, 0, 0, 4, 0)
  (0, 2, 6, 0, 0, 0, 0, 0)

Path 2576 (6 moves):
  (1, 1, 1, 1, 1, 1, 1, 1)
  (1, 1, 1, 1, 1, 1, 2, 0)
  (1, 1, 2, 0, 1, 1, 2, 0)
  (1, 1, 2, 0, 2, 0, 2, 0)
  (1, 1, 2, 0, 0, 0, 4, 0)
  (2, 0, 2, 0, 0, 0, 4, 0)
  (4, 0, 0, 0, 0, 0, 4, 0)

Path 2577 (6 moves):
  (1, 1, 1, 1, 1, 1, 1, 1)
  (1, 1, 1, 1, 1, 1, 2, 0)
  (1, 1, 2, 0, 1, 1, 2, 0)
  (1, 1, 2, 0, 2, 0, 2, 0)
  (1, 1, 2, 0, 0, 0, 4, 0)
  (1, 0, 3, 0, 0, 0, 4, 0)
  (1, 0, 7, 0, 0, 0, 0, 0)

Path 2578 (6 moves):
  (1, 1, 1, 1, 1, 1, 1, 1)
  (1, 1, 1, 1, 1, 1, 2, 0)
  (1, 1, 2, 0, 1, 1, 2, 0)
  (1, 1, 2, 0, 2, 0, 2, 0)
  (1, 1, 2, 0, 0, 0, 4, 0)
  (3, 1, 0, 0, 0, 0, 4, 0)
  (4, 0, 0, 0, 0, 0, 4, 0)

Path 2579 (6 moves):
  (1, 1, 1, 1, 1, 1, 1, 1)
  (1, 1, 1, 1, 1, 1, 2, 0)
  (1, 1, 2, 0, 1, 1, 2, 0)
  (1, 1, 2, 0, 2, 0, 2, 0)
  (1, 1, 2, 0, 0, 0, 4, 0)
  (1, 1, 6, 0, 0, 0, 0, 0)
  (0, 2, 6, 0, 0, 0, 0, 0)

Path 2580 (6 moves):
  (1, 1, 1, 1, 1, 1, 1, 1)
  (1, 1, 1, 1, 1, 1, 2, 0)
  (1, 1, 2, 0, 1, 1, 2, 0)
  (1, 1, 2, 0, 2, 0, 2, 0)
  (1, 1, 2, 0, 0, 0, 4, 0)
  (1, 1, 6, 0, 0, 0, 0, 0)
  (1, 0, 7, 0, 0, 0, 0, 0)

Path 2581 (4 moves):
  (1, 1, 1, 1, 1, 1, 1, 1)
  (1, 1, 1, 1, 1, 1, 2, 0)
  (1, 1, 2, 0, 1, 1, 2, 0)
  (1, 1, 2, 0, 1, 0, 3, 0)
  (1, 0, 3, 0, 1, 0, 3, 0)

Path 2582 (6 moves):
  (1, 1, 1, 1, 1, 1, 1, 1)
  (1, 1, 1, 1, 1, 1, 2, 0)
  (1, 1, 2, 0, 1, 1, 2, 0)
  (1, 1, 2, 0, 1, 0, 3, 0)
  (3, 1, 0, 0, 1, 0, 3, 0)
  (4, 0, 0, 0, 1, 0, 3, 0)
  (0, 0, 0, 0, 5, 0, 3, 0)

Path 2583 (6 moves):
  (1, 1, 1, 1, 1, 1, 1, 1)
  (1, 1, 1, 1, 1, 1, 2, 0)
  (1, 1, 2, 0, 1, 1, 2, 0)
  (1, 1, 2, 0, 3, 1, 0, 0)
  (1, 1, 0, 0, 5, 1, 0, 0)
  (0, 2, 0, 0, 5, 1, 0, 0)
  (0, 2, 0, 0, 6, 0, 0, 0)

Path 2584 (6 moves):
  (1, 1, 1, 1, 1, 1, 1, 1)
  (1, 1, 1, 1, 1, 1, 2, 0)
  (1, 1, 2, 0, 1, 1, 2, 0)
  (1, 1, 2, 0, 3, 1, 0, 0)
  (1, 1, 0, 0, 5, 1, 0, 0)
  (2, 0, 0, 0, 5, 1, 0, 0)
  (2, 0, 0, 0, 6, 0, 0, 0)

Path 2585 (6 moves):
  (1, 1, 1, 1, 1, 1, 1, 1)
  (1, 1, 1, 1, 1, 1, 2, 0)
  (1, 1, 2, 0, 1, 1, 2, 0)
  (1, 1, 2, 0, 3, 1, 0, 0)
  (1, 1, 0, 0, 5, 1, 0, 0)
  (1, 1, 0, 0, 6, 0, 0, 0)
  (0, 2, 0, 0, 6, 0, 0, 0)

Path 2586 (6 moves):
  (1, 1, 1, 1, 1, 1, 1, 1)
  (1, 1, 1, 1, 1, 1, 2, 0)
  (1, 1, 2, 0, 1, 1, 2, 0)
  (1, 1, 2, 0, 3, 1, 0, 0)
  (1, 1, 0, 0, 5, 1, 0, 0)
  (1, 1, 0, 0, 6, 0, 0, 0)
  (2, 0, 0, 0, 6, 0, 0, 0)

Path 2587 (6 moves):
  (1, 1, 1, 1, 1, 1, 1, 1)
  (1, 1, 1, 1, 1, 1, 2, 0)
  (1, 1, 1, 1, 1, 0, 3, 0)
  (0, 2, 1, 1, 1, 0, 3, 0)
  (0, 3, 0, 1, 1, 0, 3, 0)
  (0, 0, 0, 1, 4, 0, 3, 0)
  (0, 0, 0, 0, 5, 0, 3, 0)

Path 2588 (6 moves):
  (1, 1, 1, 1, 1, 1, 1, 1)
  (1, 1, 1, 1, 1, 1, 2, 0)
  (1, 1, 1, 1, 1, 0, 3, 0)
  (0, 2, 1, 1, 1, 0, 3, 0)
  (0, 3, 0, 1, 1, 0, 3, 0)
  (0, 0, 0, 1, 4, 0, 3, 0)
  (0, 0, 0, 4, 4, 0, 0, 0)

Path 2589 (6 moves):
  (1, 1, 1, 1, 1, 1, 1, 1)
  (1, 1, 1, 1, 1, 1, 2, 0)
  (1, 1, 1, 1, 1, 0, 3, 0)
  (0, 2, 1, 1, 1, 0, 3, 0)
  (0, 3, 0, 1, 1, 0, 3, 0)
  (0, 3, 0, 0, 2, 0, 3, 0)
  (0, 0, 0, 0, 5, 0, 3, 0)

Path 2590 (6 moves):
  (1, 1, 1, 1, 1, 1, 1, 1)
  (1, 1, 1, 1, 1, 1, 2, 0)
  (1, 1, 1, 1, 1, 0, 3, 0)
  (0, 2, 1, 1, 1, 0, 3, 0)
  (0, 3, 0, 1, 1, 0, 3, 0)
  (0, 3, 0, 2, 0, 0, 3, 0)
  (0, 3, 0, 5, 0, 0, 0, 0)

Path 2591 (6 moves):
  (1, 1, 1, 1, 1, 1, 1, 1)
  (1, 1, 1, 1, 1, 1, 2, 0)
  (1, 1, 1, 1, 1, 0, 3, 0)
  (0, 2, 1, 1, 1, 0, 3, 0)
  (0, 3, 0, 1, 1, 0, 3, 0)
  (0, 3, 0, 4, 1, 0, 0, 0)
  (0, 0, 0, 4, 4, 0, 0, 0)

Path 2592 (6 moves):
  (1, 1, 1, 1, 1, 1, 1, 1)
  (1, 1, 1, 1, 1, 1, 2, 0)
  (1, 1, 1, 1, 1, 0, 3, 0)
  (0, 2, 1, 1, 1, 0, 3, 0)
  (0, 3, 0, 1, 1, 0, 3, 0)
  (0, 3, 0, 4, 1, 0, 0, 0)
  (0, 3, 0, 5, 0, 0, 0, 0)

Path 2593 (6 moves):
  (1, 1, 1, 1, 1, 1, 1, 1)
  (1, 1, 1, 1, 1, 1, 2, 0)
  (1, 1, 1, 1, 1, 0, 3, 0)
  (2, 0, 1, 1, 1, 0, 3, 0)
  (0, 0, 3, 1, 1, 0, 3, 0)
  (0, 0, 4, 0, 1, 0, 3, 0)
  (0, 0, 0, 0, 1, 0, 7, 0)

Path 2594 (6 moves):
  (1, 1, 1, 1, 1, 1, 1, 1)
  (1, 1, 1, 1, 1, 1, 2, 0)
  (1, 1, 1, 1, 1, 0, 3, 0)
  (2, 0, 1, 1, 1, 0, 3, 0)
  (0, 0, 3, 1, 1, 0, 3, 0)
  (0, 0, 3, 0, 2, 0, 3, 0)
  (0, 0, 5, 0, 0, 0, 3, 0)

Path 2595 (6 moves):
  (1, 1, 1, 1, 1, 1, 1, 1)
  (1, 1, 1, 1, 1, 1, 2, 0)
  (1, 1, 1, 1, 1, 0, 3, 0)
  (2, 0, 1, 1, 1, 0, 3, 0)
  (0, 0, 3, 1, 1, 0, 3, 0)
  (0, 0, 3, 0, 2, 0, 3, 0)
  (0, 0, 3, 0, 0, 0, 5, 0)

Path 2596 (6 moves):
  (1, 1, 1, 1, 1, 1, 1, 1)
  (1, 1, 1, 1, 1, 1, 2, 0)
  (1, 1, 1, 1, 1, 0, 3, 0)
  (2, 0, 1, 1, 1, 0, 3, 0)
  (0, 0, 3, 1, 1, 0, 3, 0)
  (0, 0, 3, 2, 0, 0, 3, 0)
  (0, 0, 3, 5, 0, 0, 0, 0)

Path 2597 (6 moves):
  (1, 1, 1, 1, 1, 1, 1, 1)
  (1, 1, 1, 1, 1, 1, 2, 0)
  (1, 1, 1, 1, 1, 0, 3, 0)
  (2, 0, 1, 1, 1, 0, 3, 0)
  (0, 0, 3, 1, 1, 0, 3, 0)
  (0, 0, 3, 4, 1, 0, 0, 0)
  (0, 0, 3, 5, 0, 0, 0, 0)

Path 2598 (6 moves):
  (1, 1, 1, 1, 1, 1, 1, 1)
  (1, 1, 1, 1, 1, 1, 2, 0)
  (1, 1, 1, 1, 1, 0, 3, 0)
  (2, 0, 1, 1, 1, 0, 3, 0)
  (2, 0, 0, 2, 1, 0, 3, 0)
  (2, 0, 0, 3, 0, 0, 3, 0)
  (5, 0, 0, 0, 0, 0, 3, 0)

Path 2599 (6 moves):
  (1, 1, 1, 1, 1, 1, 1, 1)
  (1, 1, 1, 1, 1, 1, 2, 0)
  (1, 1, 1, 1, 1, 0, 3, 0)
  (2, 0, 1, 1, 1, 0, 3, 0)
  (2, 0, 0, 2, 1, 0, 3, 0)
  (2, 0, 0, 3, 0, 0, 3, 0)
  (2, 0, 0, 6, 0, 0, 0, 0)

Path 2600 (6 moves):
  (1, 1, 1, 1, 1, 1, 1, 1)
  (1, 1, 1, 1, 1, 1, 2, 0)
  (1, 1, 1, 1, 1, 0, 3, 0)
  (2, 0, 1, 1, 1, 0, 3, 0)
  (2, 0, 0, 2, 1, 0, 3, 0)
  (2, 0, 0, 5, 1, 0, 0, 0)
  (2, 0, 0, 6, 0, 0, 0, 0)

Path 2601 (6 moves):
  (1, 1, 1, 1, 1, 1, 1, 1)
  (1, 1, 1, 1, 1, 1, 2, 0)
  (1, 1, 1, 1, 1, 0, 3, 0)
  (2, 0, 1, 1, 1, 0, 3, 0)
  (2, 0, 1, 0, 2, 0, 3, 0)
  (0, 0, 3, 0, 2, 0, 3, 0)
  (0, 0, 5, 0, 0, 0, 3, 0)

Path 2602 (6 moves):
  (1, 1, 1, 1, 1, 1, 1, 1)
  (1, 1, 1, 1, 1, 1, 2, 0)
  (1, 1, 1, 1, 1, 0, 3, 0)
  (2, 0, 1, 1, 1, 0, 3, 0)
  (2, 0, 1, 0, 2, 0, 3, 0)
  (0, 0, 3, 0, 2, 0, 3, 0)
  (0, 0, 3, 0, 0, 0, 5, 0)

Path 2603 (6 moves):
  (1, 1, 1, 1, 1, 1, 1, 1)
  (1, 1, 1, 1, 1, 1, 2, 0)
  (1, 1, 1, 1, 1, 0, 3, 0)
  (2, 0, 1, 1, 1, 0, 3, 0)
  (2, 0, 1, 0, 2, 0, 3, 0)
  (2, 0, 3, 0, 0, 0, 3, 0)
  (0, 0, 5, 0, 0, 0, 3, 0)

Path 2604 (6 moves):
  (1, 1, 1, 1, 1, 1, 1, 1)
  (1, 1, 1, 1, 1, 1, 2, 0)
  (1, 1, 1, 1, 1, 0, 3, 0)
  (2, 0, 1, 1, 1, 0, 3, 0)
  (2, 0, 1, 0, 2, 0, 3, 0)
  (2, 0, 1, 0, 0, 0, 5, 0)
  (0, 0, 3, 0, 0, 0, 5, 0)

Path 2605 (6 moves):
  (1, 1, 1, 1, 1, 1, 1, 1)
  (1, 1, 1, 1, 1, 1, 2, 0)
  (1, 1, 1, 1, 1, 0, 3, 0)
  (2, 0, 1, 1, 1, 0, 3, 0)
  (2, 0, 1, 2, 0, 0, 3, 0)
  (0, 0, 3, 2, 0, 0, 3, 0)
  (0, 0, 3, 5, 0, 0, 0, 0)

Path 2606 (6 moves):
  (1, 1, 1, 1, 1, 1, 1, 1)
  (1, 1, 1, 1, 1, 1, 2, 0)
  (1, 1, 1, 1, 1, 0, 3, 0)
  (2, 0, 1, 1, 1, 0, 3, 0)
  (2, 0, 1, 2, 0, 0, 3, 0)
  (2, 0, 0, 3, 0, 0, 3, 0)
  (5, 0, 0, 0, 0, 0, 3, 0)

Path 2607 (6 moves):
  (1, 1, 1, 1, 1, 1, 1, 1)
  (1, 1, 1, 1, 1, 1, 2, 0)
  (1, 1, 1, 1, 1, 0, 3, 0)
  (2, 0, 1, 1, 1, 0, 3, 0)
  (2, 0, 1, 2, 0, 0, 3, 0)
  (2, 0, 0, 3, 0, 0, 3, 0)
  (2, 0, 0, 6, 0, 0, 0, 0)

Path 2608 (6 moves):
  (1, 1, 1, 1, 1, 1, 1, 1)
  (1, 1, 1, 1, 1, 1, 2, 0)
  (1, 1, 1, 1, 1, 0, 3, 0)
  (2, 0, 1, 1, 1, 0, 3, 0)
  (2, 0, 1, 2, 0, 0, 3, 0)
  (2, 0, 1, 5, 0, 0, 0, 0)
  (0, 0, 3, 5, 0, 0, 0, 0)

Path 2609 (6 moves):
  (1, 1, 1, 1, 1, 1, 1, 1)
  (1, 1, 1, 1, 1, 1, 2, 0)
  (1, 1, 1, 1, 1, 0, 3, 0)
  (2, 0, 1, 1, 1, 0, 3, 0)
  (2, 0, 1, 2, 0, 0, 3, 0)
  (2, 0, 1, 5, 0, 0, 0, 0)
  (2, 0, 0, 6, 0, 0, 0, 0)

Path 2610 (6 moves):
  (1, 1, 1, 1, 1, 1, 1, 1)
  (1, 1, 1, 1, 1, 1, 2, 0)
  (1, 1, 1, 1, 1, 0, 3, 0)
  (2, 0, 1, 1, 1, 0, 3, 0)
  (2, 0, 1, 4, 1, 0, 0, 0)
  (0, 0, 3, 4, 1, 0, 0, 0)
  (0, 0, 3, 5, 0, 0, 0, 0)

Path 2611 (6 moves):
  (1, 1, 1, 1, 1, 1, 1, 1)
  (1, 1, 1, 1, 1, 1, 2, 0)
  (1, 1, 1, 1, 1, 0, 3, 0)
  (2, 0, 1, 1, 1, 0, 3, 0)
  (2, 0, 1, 4, 1, 0, 0, 0)
  (2, 0, 0, 5, 1, 0, 0, 0)
  (2, 0, 0, 6, 0, 0, 0, 0)

Path 2612 (6 moves):
  (1, 1, 1, 1, 1, 1, 1, 1)
  (1, 1, 1, 1, 1, 1, 2, 0)
  (1, 1, 1, 1, 1, 0, 3, 0)
  (2, 0, 1, 1, 1, 0, 3, 0)
  (2, 0, 1, 4, 1, 0, 0, 0)
  (2, 0, 1, 5, 0, 0, 0, 0)
  (0, 0, 3, 5, 0, 0, 0, 0)

Path 2613 (6 moves):
  (1, 1, 1, 1, 1, 1, 1, 1)
  (1, 1, 1, 1, 1, 1, 2, 0)
  (1, 1, 1, 1, 1, 0, 3, 0)
  (2, 0, 1, 1, 1, 0, 3, 0)
  (2, 0, 1, 4, 1, 0, 0, 0)
  (2, 0, 1, 5, 0, 0, 0, 0)
  (2, 0, 0, 6, 0, 0, 0, 0)

Path 2614 (4 moves):
  (1, 1, 1, 1, 1, 1, 1, 1)
  (1, 1, 1, 1, 1, 1, 2, 0)
  (1, 1, 1, 1, 1, 0, 3, 0)
  (1, 0, 2, 1, 1, 0, 3, 0)
  (1, 0, 3, 0, 1, 0, 3, 0)

Path 2615 (6 moves):
  (1, 1, 1, 1, 1, 1, 1, 1)
  (1, 1, 1, 1, 1, 1, 2, 0)
  (1, 1, 1, 1, 1, 0, 3, 0)
  (1, 0, 2, 1, 1, 0, 3, 0)
  (1, 0, 2, 0, 2, 0, 3, 0)
  (3, 0, 0, 0, 2, 0, 3, 0)
  (3, 0, 0, 0, 0, 0, 5, 0)

Path 2616 (6 moves):
  (1, 1, 1, 1, 1, 1, 1, 1)
  (1, 1, 1, 1, 1, 1, 2, 0)
  (1, 1, 1, 1, 1, 0, 3, 0)
  (1, 0, 2, 1, 1, 0, 3, 0)
  (1, 0, 2, 0, 2, 0, 3, 0)
  (1, 0, 0, 0, 4, 0, 3, 0)
  (5, 0, 0, 0, 0, 0, 3, 0)

Path 2617 (6 moves):
  (1, 1, 1, 1, 1, 1, 1, 1)
  (1, 1, 1, 1, 1, 1, 2, 0)
  (1, 1, 1, 1, 1, 0, 3, 0)
  (1, 0, 2, 1, 1, 0, 3, 0)
  (1, 0, 2, 0, 2, 0, 3, 0)
  (1, 0, 4, 0, 0, 0, 3, 0)
  (1, 0, 0, 0, 0, 0, 7, 0)

Path 2618 (6 moves):
  (1, 1, 1, 1, 1, 1, 1, 1)
  (1, 1, 1, 1, 1, 1, 2, 0)
  (1, 1, 1, 1, 1, 0, 3, 0)
  (1, 0, 2, 1, 1, 0, 3, 0)
  (1, 0, 2, 0, 2, 0, 3, 0)
  (1, 0, 2, 0, 0, 0, 5, 0)
  (3, 0, 0, 0, 0, 0, 5, 0)

Path 2619 (6 moves):
  (1, 1, 1, 1, 1, 1, 1, 1)
  (1, 1, 1, 1, 1, 1, 2, 0)
  (1, 1, 1, 1, 1, 0, 3, 0)
  (1, 2, 0, 1, 1, 0, 3, 0)
  (0, 3, 0, 1, 1, 0, 3, 0)
  (0, 0, 0, 1, 4, 0, 3, 0)
  (0, 0, 0, 0, 5, 0, 3, 0)

Path 2620 (6 moves):
  (1, 1, 1, 1, 1, 1, 1, 1)
  (1, 1, 1, 1, 1, 1, 2, 0)
  (1, 1, 1, 1, 1, 0, 3, 0)
  (1, 2, 0, 1, 1, 0, 3, 0)
  (0, 3, 0, 1, 1, 0, 3, 0)
  (0, 0, 0, 1, 4, 0, 3, 0)
  (0, 0, 0, 4, 4, 0, 0, 0)

Path 2621 (6 moves):
  (1, 1, 1, 1, 1, 1, 1, 1)
  (1, 1, 1, 1, 1, 1, 2, 0)
  (1, 1, 1, 1, 1, 0, 3, 0)
  (1, 2, 0, 1, 1, 0, 3, 0)
  (0, 3, 0, 1, 1, 0, 3, 0)
  (0, 3, 0, 0, 2, 0, 3, 0)
  (0, 0, 0, 0, 5, 0, 3, 0)

Path 2622 (6 moves):
  (1, 1, 1, 1, 1, 1, 1, 1)
  (1, 1, 1, 1, 1, 1, 2, 0)
  (1, 1, 1, 1, 1, 0, 3, 0)
  (1, 2, 0, 1, 1, 0, 3, 0)
  (0, 3, 0, 1, 1, 0, 3, 0)
  (0, 3, 0, 2, 0, 0, 3, 0)
  (0, 3, 0, 5, 0, 0, 0, 0)

Path 2623 (6 moves):
  (1, 1, 1, 1, 1, 1, 1, 1)
  (1, 1, 1, 1, 1, 1, 2, 0)
  (1, 1, 1, 1, 1, 0, 3, 0)
  (1, 2, 0, 1, 1, 0, 3, 0)
  (0, 3, 0, 1, 1, 0, 3, 0)
  (0, 3, 0, 4, 1, 0, 0, 0)
  (0, 0, 0, 4, 4, 0, 0, 0)

Path 2624 (6 moves):
  (1, 1, 1, 1, 1, 1, 1, 1)
  (1, 1, 1, 1, 1, 1, 2, 0)
  (1, 1, 1, 1, 1, 0, 3, 0)
  (1, 2, 0, 1, 1, 0, 3, 0)
  (0, 3, 0, 1, 1, 0, 3, 0)
  (0, 3, 0, 4, 1, 0, 0, 0)
  (0, 3, 0, 5, 0, 0, 0, 0)

Path 2625 (6 moves):
  (1, 1, 1, 1, 1, 1, 1, 1)
  (1, 1, 1, 1, 1, 1, 2, 0)
  (1, 1, 1, 1, 1, 0, 3, 0)
  (1, 2, 0, 1, 1, 0, 3, 0)
  (1, 0, 0, 3, 1, 0, 3, 0)
  (4, 0, 0, 0, 1, 0, 3, 0)
  (0, 0, 0, 0, 5, 0, 3, 0)

Path 2626 (6 moves):
  (1, 1, 1, 1, 1, 1, 1, 1)
  (1, 1, 1, 1, 1, 1, 2, 0)
  (1, 1, 1, 1, 1, 0, 3, 0)
  (1, 2, 0, 1, 1, 0, 3, 0)
  (1, 0, 0, 3, 1, 0, 3, 0)
  (1, 0, 0, 0, 1, 0, 6, 0)
  (7, 0, 0, 0, 1, 0, 0, 0)

Path 2627 (6 moves):
  (1, 1, 1, 1, 1, 1, 1, 1)
  (1, 1, 1, 1, 1, 1, 2, 0)
  (1, 1, 1, 1, 1, 0, 3, 0)
  (1, 2, 0, 1, 1, 0, 3, 0)
  (1, 0, 0, 3, 1, 0, 3, 0)
  (1, 0, 0, 4, 0, 0, 3, 0)
  (1, 0, 0, 7, 0, 0, 0, 0)

Path 2628 (6 moves):
  (1, 1, 1, 1, 1, 1, 1, 1)
  (1, 1, 1, 1, 1, 1, 2, 0)
  (1, 1, 1, 1, 1, 0, 3, 0)
  (1, 2, 0, 1, 1, 0, 3, 0)
  (1, 0, 0, 3, 1, 0, 3, 0)
  (1, 0, 0, 6, 1, 0, 0, 0)
  (1, 0, 0, 7, 0, 0, 0, 0)

Path 2629 (6 moves):
  (1, 1, 1, 1, 1, 1, 1, 1)
  (1, 1, 1, 1, 1, 1, 2, 0)
  (1, 1, 1, 1, 1, 0, 3, 0)
  (1, 2, 0, 1, 1, 0, 3, 0)
  (1, 2, 0, 4, 1, 0, 0, 0)
  (0, 3, 0, 4, 1, 0, 0, 0)
  (0, 0, 0, 4, 4, 0, 0, 0)

Path 2630 (6 moves):
  (1, 1, 1, 1, 1, 1, 1, 1)
  (1, 1, 1, 1, 1, 1, 2, 0)
  (1, 1, 1, 1, 1, 0, 3, 0)
  (1, 2, 0, 1, 1, 0, 3, 0)
  (1, 2, 0, 4, 1, 0, 0, 0)
  (0, 3, 0, 4, 1, 0, 0, 0)
  (0, 3, 0, 5, 0, 0, 0, 0)

Path 2631 (6 moves):
  (1, 1, 1, 1, 1, 1, 1, 1)
  (1, 1, 1, 1, 1, 1, 2, 0)
  (1, 1, 1, 1, 1, 0, 3, 0)
  (1, 2, 0, 1, 1, 0, 3, 0)
  (1, 2, 0, 4, 1, 0, 0, 0)
  (1, 0, 0, 6, 1, 0, 0, 0)
  (1, 0, 0, 7, 0, 0, 0, 0)

Path 2632 (6 moves):
  (1, 1, 1, 1, 1, 1, 1, 1)
  (1, 1, 1, 1, 1, 1, 2, 0)
  (1, 1, 1, 1, 1, 0, 3, 0)
  (1, 2, 0, 1, 1, 0, 3, 0)
  (1, 2, 0, 4, 1, 0, 0, 0)
  (1, 2, 0, 5, 0, 0, 0, 0)
  (0, 3, 0, 5, 0, 0, 0, 0)

Path 2633 (6 moves):
  (1, 1, 1, 1, 1, 1, 1, 1)
  (1, 1, 1, 1, 1, 1, 2, 0)
  (1, 1, 1, 1, 1, 0, 3, 0)
  (1, 2, 0, 1, 1, 0, 3, 0)
  (1, 2, 0, 4, 1, 0, 0, 0)
  (1, 2, 0, 5, 0, 0, 0, 0)
  (1, 0, 0, 7, 0, 0, 0, 0)

Path 2634 (6 moves):
  (1, 1, 1, 1, 1, 1, 1, 1)
  (1, 1, 1, 1, 1, 1, 2, 0)
  (1, 1, 1, 1, 1, 0, 3, 0)
  (1, 1, 0, 2, 1, 0, 3, 0)
  (2, 0, 0, 2, 1, 0, 3, 0)
  (2, 0, 0, 3, 0, 0, 3, 0)
  (5, 0, 0, 0, 0, 0, 3, 0)

Path 2635 (6 moves):
  (1, 1, 1, 1, 1, 1, 1, 1)
  (1, 1, 1, 1, 1, 1, 2, 0)
  (1, 1, 1, 1, 1, 0, 3, 0)
  (1, 1, 0, 2, 1, 0, 3, 0)
  (2, 0, 0, 2, 1, 0, 3, 0)
  (2, 0, 0, 3, 0, 0, 3, 0)
  (2, 0, 0, 6, 0, 0, 0, 0)

Path 2636 (6 moves):
  (1, 1, 1, 1, 1, 1, 1, 1)
  (1, 1, 1, 1, 1, 1, 2, 0)
  (1, 1, 1, 1, 1, 0, 3, 0)
  (1, 1, 0, 2, 1, 0, 3, 0)
  (2, 0, 0, 2, 1, 0, 3, 0)
  (2, 0, 0, 5, 1, 0, 0, 0)
  (2, 0, 0, 6, 0, 0, 0, 0)

Path 2637 (6 moves):
  (1, 1, 1, 1, 1, 1, 1, 1)
  (1, 1, 1, 1, 1, 1, 2, 0)
  (1, 1, 1, 1, 1, 0, 3, 0)
  (1, 1, 0, 2, 1, 0, 3, 0)
  (1, 1, 0, 3, 0, 0, 3, 0)
  (0, 2, 0, 3, 0, 0, 3, 0)
  (0, 2, 0, 0, 0, 0, 6, 0)

Path 2638 (6 moves):
  (1, 1, 1, 1, 1, 1, 1, 1)
  (1, 1, 1, 1, 1, 1, 2, 0)
  (1, 1, 1, 1, 1, 0, 3, 0)
  (1, 1, 0, 2, 1, 0, 3, 0)
  (1, 1, 0, 3, 0, 0, 3, 0)
  (2, 0, 0, 3, 0, 0, 3, 0)
  (5, 0, 0, 0, 0, 0, 3, 0)

Path 2639 (6 moves):
  (1, 1, 1, 1, 1, 1, 1, 1)
  (1, 1, 1, 1, 1, 1, 2, 0)
  (1, 1, 1, 1, 1, 0, 3, 0)
  (1, 1, 0, 2, 1, 0, 3, 0)
  (1, 1, 0, 3, 0, 0, 3, 0)
  (2, 0, 0, 3, 0, 0, 3, 0)
  (2, 0, 0, 6, 0, 0, 0, 0)

Path 2640 (6 moves):
  (1, 1, 1, 1, 1, 1, 1, 1)
  (1, 1, 1, 1, 1, 1, 2, 0)
  (1, 1, 1, 1, 1, 0, 3, 0)
  (1, 1, 0, 2, 1, 0, 3, 0)
  (1, 1, 0, 3, 0, 0, 3, 0)
  (4, 1, 0, 0, 0, 0, 3, 0)
  (5, 0, 0, 0, 0, 0, 3, 0)

Path 2641 (6 moves):
  (1, 1, 1, 1, 1, 1, 1, 1)
  (1, 1, 1, 1, 1, 1, 2, 0)
  (1, 1, 1, 1, 1, 0, 3, 0)
  (1, 1, 0, 2, 1, 0, 3, 0)
  (1, 1, 0, 3, 0, 0, 3, 0)
  (1, 1, 0, 0, 0, 0, 6, 0)
  (0, 2, 0, 0, 0, 0, 6, 0)

Path 2642 (6 moves):
  (1, 1, 1, 1, 1, 1, 1, 1)
  (1, 1, 1, 1, 1, 1, 2, 0)
  (1, 1, 1, 1, 1, 0, 3, 0)
  (1, 1, 0, 2, 1, 0, 3, 0)
  (1, 1, 0, 3, 0, 0, 3, 0)
  (1, 1, 0, 6, 0, 0, 0, 0)
  (2, 0, 0, 6, 0, 0, 0, 0)

Path 2643 (4 moves):
  (1, 1, 1, 1, 1, 1, 1, 1)
  (1, 1, 1, 1, 1, 1, 2, 0)
  (1, 1, 1, 1, 1, 0, 3, 0)
  (1, 1, 2, 0, 1, 0, 3, 0)
  (1, 0, 3, 0, 1, 0, 3, 0)

Path 2644 (6 moves):
  (1, 1, 1, 1, 1, 1, 1, 1)
  (1, 1, 1, 1, 1, 1, 2, 0)
  (1, 1, 1, 1, 1, 0, 3, 0)
  (1, 1, 2, 0, 1, 0, 3, 0)
  (3, 1, 0, 0, 1, 0, 3, 0)
  (4, 0, 0, 0, 1, 0, 3, 0)
  (0, 0, 0, 0, 5, 0, 3, 0)

Path 2645 (6 moves):
  (1, 1, 1, 1, 1, 1, 1, 1)
  (1, 1, 1, 1, 1, 1, 2, 0)
  (1, 1, 1, 1, 1, 0, 3, 0)
  (1, 1, 1, 0, 2, 0, 3, 0)
  (2, 0, 1, 0, 2, 0, 3, 0)
  (0, 0, 3, 0, 2, 0, 3, 0)
  (0, 0, 5, 0, 0, 0, 3, 0)

Path 2646 (6 moves):
  (1, 1, 1, 1, 1, 1, 1, 1)
  (1, 1, 1, 1, 1, 1, 2, 0)
  (1, 1, 1, 1, 1, 0, 3, 0)
  (1, 1, 1, 0, 2, 0, 3, 0)
  (2, 0, 1, 0, 2, 0, 3, 0)
  (0, 0, 3, 0, 2, 0, 3, 0)
  (0, 0, 3, 0, 0, 0, 5, 0)

Path 2647 (6 moves):
  (1, 1, 1, 1, 1, 1, 1, 1)
  (1, 1, 1, 1, 1, 1, 2, 0)
  (1, 1, 1, 1, 1, 0, 3, 0)
  (1, 1, 1, 0, 2, 0, 3, 0)
  (2, 0, 1, 0, 2, 0, 3, 0)
  (2, 0, 3, 0, 0, 0, 3, 0)
  (0, 0, 5, 0, 0, 0, 3, 0)

Path 2648 (6 moves):
  (1, 1, 1, 1, 1, 1, 1, 1)
  (1, 1, 1, 1, 1, 1, 2, 0)
  (1, 1, 1, 1, 1, 0, 3, 0)
  (1, 1, 1, 0, 2, 0, 3, 0)
  (2, 0, 1, 0, 2, 0, 3, 0)
  (2, 0, 1, 0, 0, 0, 5, 0)
  (0, 0, 3, 0, 0, 0, 5, 0)

Path 2649 (6 moves):
  (1, 1, 1, 1, 1, 1, 1, 1)
  (1, 1, 1, 1, 1, 1, 2, 0)
  (1, 1, 1, 1, 1, 0, 3, 0)
  (1, 1, 1, 0, 2, 0, 3, 0)
  (1, 0, 2, 0, 2, 0, 3, 0)
  (3, 0, 0, 0, 2, 0, 3, 0)
  (3, 0, 0, 0, 0, 0, 5, 0)

Path 2650 (6 moves):
  (1, 1, 1, 1, 1, 1, 1, 1)
  (1, 1, 1, 1, 1, 1, 2, 0)
  (1, 1, 1, 1, 1, 0, 3, 0)
  (1, 1, 1, 0, 2, 0, 3, 0)
  (1, 0, 2, 0, 2, 0, 3, 0)
  (1, 0, 0, 0, 4, 0, 3, 0)
  (5, 0, 0, 0, 0, 0, 3, 0)

Path 2651 (6 moves):
  (1, 1, 1, 1, 1, 1, 1, 1)
  (1, 1, 1, 1, 1, 1, 2, 0)
  (1, 1, 1, 1, 1, 0, 3, 0)
  (1, 1, 1, 0, 2, 0, 3, 0)
  (1, 0, 2, 0, 2, 0, 3, 0)
  (1, 0, 4, 0, 0, 0, 3, 0)
  (1, 0, 0, 0, 0, 0, 7, 0)

Path 2652 (6 moves):
  (1, 1, 1, 1, 1, 1, 1, 1)
  (1, 1, 1, 1, 1, 1, 2, 0)
  (1, 1, 1, 1, 1, 0, 3, 0)
  (1, 1, 1, 0, 2, 0, 3, 0)
  (1, 0, 2, 0, 2, 0, 3, 0)
  (1, 0, 2, 0, 0, 0, 5, 0)
  (3, 0, 0, 0, 0, 0, 5, 0)

Path 2653 (6 moves):
  (1, 1, 1, 1, 1, 1, 1, 1)
  (1, 1, 1, 1, 1, 1, 2, 0)
  (1, 1, 1, 1, 1, 0, 3, 0)
  (1, 1, 1, 2, 0, 0, 3, 0)
  (2, 0, 1, 2, 0, 0, 3, 0)
  (0, 0, 3, 2, 0, 0, 3, 0)
  (0, 0, 3, 5, 0, 0, 0, 0)

Path 2654 (6 moves):
  (1, 1, 1, 1, 1, 1, 1, 1)
  (1, 1, 1, 1, 1, 1, 2, 0)
  (1, 1, 1, 1, 1, 0, 3, 0)
  (1, 1, 1, 2, 0, 0, 3, 0)
  (2, 0, 1, 2, 0, 0, 3, 0)
  (2, 0, 0, 3, 0, 0, 3, 0)
  (5, 0, 0, 0, 0, 0, 3, 0)

Path 2655 (6 moves):
  (1, 1, 1, 1, 1, 1, 1, 1)
  (1, 1, 1, 1, 1, 1, 2, 0)
  (1, 1, 1, 1, 1, 0, 3, 0)
  (1, 1, 1, 2, 0, 0, 3, 0)
  (2, 0, 1, 2, 0, 0, 3, 0)
  (2, 0, 0, 3, 0, 0, 3, 0)
  (2, 0, 0, 6, 0, 0, 0, 0)

Path 2656 (6 moves):
  (1, 1, 1, 1, 1, 1, 1, 1)
  (1, 1, 1, 1, 1, 1, 2, 0)
  (1, 1, 1, 1, 1, 0, 3, 0)
  (1, 1, 1, 2, 0, 0, 3, 0)
  (2, 0, 1, 2, 0, 0, 3, 0)
  (2, 0, 1, 5, 0, 0, 0, 0)
  (0, 0, 3, 5, 0, 0, 0, 0)

Path 2657 (6 moves):
  (1, 1, 1, 1, 1, 1, 1, 1)
  (1, 1, 1, 1, 1, 1, 2, 0)
  (1, 1, 1, 1, 1, 0, 3, 0)
  (1, 1, 1, 2, 0, 0, 3, 0)
  (2, 0, 1, 2, 0, 0, 3, 0)
  (2, 0, 1, 5, 0, 0, 0, 0)
  (2, 0, 0, 6, 0, 0, 0, 0)

Path 2658 (6 moves):
  (1, 1, 1, 1, 1, 1, 1, 1)
  (1, 1, 1, 1, 1, 1, 2, 0)
  (1, 1, 1, 1, 1, 0, 3, 0)
  (1, 1, 1, 2, 0, 0, 3, 0)
  (1, 1, 0, 3, 0, 0, 3, 0)
  (0, 2, 0, 3, 0, 0, 3, 0)
  (0, 2, 0, 0, 0, 0, 6, 0)

Path 2659 (6 moves):
  (1, 1, 1, 1, 1, 1, 1, 1)
  (1, 1, 1, 1, 1, 1, 2, 0)
  (1, 1, 1, 1, 1, 0, 3, 0)
  (1, 1, 1, 2, 0, 0, 3, 0)
  (1, 1, 0, 3, 0, 0, 3, 0)
  (2, 0, 0, 3, 0, 0, 3, 0)
  (5, 0, 0, 0, 0, 0, 3, 0)

Path 2660 (6 moves):
  (1, 1, 1, 1, 1, 1, 1, 1)
  (1, 1, 1, 1, 1, 1, 2, 0)
  (1, 1, 1, 1, 1, 0, 3, 0)
  (1, 1, 1, 2, 0, 0, 3, 0)
  (1, 1, 0, 3, 0, 0, 3, 0)
  (2, 0, 0, 3, 0, 0, 3, 0)
  (2, 0, 0, 6, 0, 0, 0, 0)

Path 2661 (6 moves):
  (1, 1, 1, 1, 1, 1, 1, 1)
  (1, 1, 1, 1, 1, 1, 2, 0)
  (1, 1, 1, 1, 1, 0, 3, 0)
  (1, 1, 1, 2, 0, 0, 3, 0)
  (1, 1, 0, 3, 0, 0, 3, 0)
  (4, 1, 0, 0, 0, 0, 3, 0)
  (5, 0, 0, 0, 0, 0, 3, 0)

Path 2662 (6 moves):
  (1, 1, 1, 1, 1, 1, 1, 1)
  (1, 1, 1, 1, 1, 1, 2, 0)
  (1, 1, 1, 1, 1, 0, 3, 0)
  (1, 1, 1, 2, 0, 0, 3, 0)
  (1, 1, 0, 3, 0, 0, 3, 0)
  (1, 1, 0, 0, 0, 0, 6, 0)
  (0, 2, 0, 0, 0, 0, 6, 0)

Path 2663 (6 moves):
  (1, 1, 1, 1, 1, 1, 1, 1)
  (1, 1, 1, 1, 1, 1, 2, 0)
  (1, 1, 1, 1, 1, 0, 3, 0)
  (1, 1, 1, 2, 0, 0, 3, 0)
  (1, 1, 0, 3, 0, 0, 3, 0)
  (1, 1, 0, 6, 0, 0, 0, 0)
  (2, 0, 0, 6, 0, 0, 0, 0)

Path 2664 (6 moves):
  (1, 1, 1, 1, 1, 1, 1, 1)
  (1, 1, 1, 1, 1, 1, 2, 0)
  (1, 1, 1, 1, 1, 0, 3, 0)
  (1, 1, 1, 4, 1, 0, 0, 0)
  (2, 0, 1, 4, 1, 0, 0, 0)
  (0, 0, 3, 4, 1, 0, 0, 0)
  (0, 0, 3, 5, 0, 0, 0, 0)

Path 2665 (6 moves):
  (1, 1, 1, 1, 1, 1, 1, 1)
  (1, 1, 1, 1, 1, 1, 2, 0)
  (1, 1, 1, 1, 1, 0, 3, 0)
  (1, 1, 1, 4, 1, 0, 0, 0)
  (2, 0, 1, 4, 1, 0, 0, 0)
  (2, 0, 0, 5, 1, 0, 0, 0)
  (2, 0, 0, 6, 0, 0, 0, 0)

Path 2666 (6 moves):
  (1, 1, 1, 1, 1, 1, 1, 1)
  (1, 1, 1, 1, 1, 1, 2, 0)
  (1, 1, 1, 1, 1, 0, 3, 0)
  (1, 1, 1, 4, 1, 0, 0, 0)
  (2, 0, 1, 4, 1, 0, 0, 0)
  (2, 0, 1, 5, 0, 0, 0, 0)
  (0, 0, 3, 5, 0, 0, 0, 0)

Path 2667 (6 moves):
  (1, 1, 1, 1, 1, 1, 1, 1)
  (1, 1, 1, 1, 1, 1, 2, 0)
  (1, 1, 1, 1, 1, 0, 3, 0)
  (1, 1, 1, 4, 1, 0, 0, 0)
  (2, 0, 1, 4, 1, 0, 0, 0)
  (2, 0, 1, 5, 0, 0, 0, 0)
  (2, 0, 0, 6, 0, 0, 0, 0)

Path 2668 (6 moves):
  (1, 1, 1, 1, 1, 1, 1, 1)
  (1, 1, 1, 1, 1, 1, 2, 0)
  (1, 1, 1, 1, 1, 0, 3, 0)
  (1, 1, 1, 4, 1, 0, 0, 0)
  (1, 2, 0, 4, 1, 0, 0, 0)
  (0, 3, 0, 4, 1, 0, 0, 0)
  (0, 0, 0, 4, 4, 0, 0, 0)

Path 2669 (6 moves):
  (1, 1, 1, 1, 1, 1, 1, 1)
  (1, 1, 1, 1, 1, 1, 2, 0)
  (1, 1, 1, 1, 1, 0, 3, 0)
  (1, 1, 1, 4, 1, 0, 0, 0)
  (1, 2, 0, 4, 1, 0, 0, 0)
  (0, 3, 0, 4, 1, 0, 0, 0)
  (0, 3, 0, 5, 0, 0, 0, 0)

Path 2670 (6 moves):
  (1, 1, 1, 1, 1, 1, 1, 1)
  (1, 1, 1, 1, 1, 1, 2, 0)
  (1, 1, 1, 1, 1, 0, 3, 0)
  (1, 1, 1, 4, 1, 0, 0, 0)
  (1, 2, 0, 4, 1, 0, 0, 0)
  (1, 0, 0, 6, 1, 0, 0, 0)
  (1, 0, 0, 7, 0, 0, 0, 0)

Path 2671 (6 moves):
  (1, 1, 1, 1, 1, 1, 1, 1)
  (1, 1, 1, 1, 1, 1, 2, 0)
  (1, 1, 1, 1, 1, 0, 3, 0)
  (1, 1, 1, 4, 1, 0, 0, 0)
  (1, 2, 0, 4, 1, 0, 0, 0)
  (1, 2, 0, 5, 0, 0, 0, 0)
  (0, 3, 0, 5, 0, 0, 0, 0)

Path 2672 (6 moves):
  (1, 1, 1, 1, 1, 1, 1, 1)
  (1, 1, 1, 1, 1, 1, 2, 0)
  (1, 1, 1, 1, 1, 0, 3, 0)
  (1, 1, 1, 4, 1, 0, 0, 0)
  (1, 2, 0, 4, 1, 0, 0, 0)
  (1, 2, 0, 5, 0, 0, 0, 0)
  (1, 0, 0, 7, 0, 0, 0, 0)

